SoNha,TenDuong,PhuongXa,QuanHuyen,TinhThanh,ChuoiDiaChi,HeQuyChieu
394,Đường Lý Thường Kiệt,Phường Phù Khê,,Tỉnh Bắc Ninh,"394, Đường Lý Thường Kiệt, Phường Phù Khê, Tỉnh Bắc Ninh",moi
19,Đường Hai Bà Trưng,Phường Võ Cường,,Tỉnh Bắc Ninh,"19, Đường Hai Bà Trưng, Phường Võ Cường, Tỉnh Bắc Ninh",moi
314,Nguyễn Văn Linh,Phường Tân Thuận,,Thành phố Hồ Chí Minh,"314, Nguyễn Văn Linh, Phường Tân Thuận, Thành phố Hồ Chí Minh",moi
105,Phố Lê Hồng Phong,Phường Ba Đình,,Thành phố Hà Nội,"105, Phố Lê Hồng Phong, Phường Ba Đình, Thành phố Hà Nội",moi
59,Bành Văn Trân,Phường Tân Sơn Nhất,,Thành phố Hồ Chí Minh,"59, Bành Văn Trân, Phường Tân Sơn Nhất, Thành phố Hồ Chí Minh",moi
266,Phố Lương Định Của,Phường Phương Liễu,,Tỉnh Bắc Ninh,"266, Phố Lương Định Của, Phường Phương Liễu, Tỉnh Bắc Ninh",moi
65,Phố Hàng Điếu,Phường Hoàn Kiếm,,Thành phố Hà Nội,"65, Phố Hàng Điếu, Phường Hoàn Kiếm, Thành phố Hà Nội",moi
10,Đường Nội Khu 02,Phường Tân Phú,,Thành phố Hồ Chí Minh,"10, Đường Nội Khu 02, Phường Tân Phú, Thành phố Hồ Chí Minh",moi
11,Đường Hai Bà Trưng,Phường Kinh Bắc,,Tỉnh Bắc Ninh,"11, Đường Hai Bà Trưng, Phường Kinh Bắc, Tỉnh Bắc Ninh",moi
36,Nguyễn Siêu,Phường Hoàn Kiếm,,Thành phố Hà Nội,"36, Nguyễn Siêu, Phường Hoàn Kiếm, Thành phố Hà Nội",moi
2B,Hàng Gà,Phường Hoàn Kiếm,,Thành phố Hà Nội,"2B, Hàng Gà, Phường Hoàn Kiếm, Thành phố Hà Nội",moi
262,Phố Lương Định Của,Phường Phương Liễu,,Tỉnh Bắc Ninh,"262, Phố Lương Định Của, Phường Phương Liễu, Tỉnh Bắc Ninh",moi
149,Đường Ngô Gia Tự,Phường Vũ Ninh,,Tỉnh Bắc Ninh,"149, Đường Ngô Gia Tự, Phường Vũ Ninh, Tỉnh Bắc Ninh",moi
11A,Đường Lý Thái Tổ,Phường Kinh Bắc,,Tỉnh Bắc Ninh,"11A, Đường Lý Thái Tổ, Phường Kinh Bắc, Tỉnh Bắc Ninh",moi
119A,Đường Âu Cơ,Phường Kinh Bắc,,Tỉnh Bắc Ninh,"119A, Đường Âu Cơ, Phường Kinh Bắc, Tỉnh Bắc Ninh",moi
4,Phố Tô Tịch,Phường Hoàn Kiếm,,Thành phố Hà Nội,"4, Phố Tô Tịch, Phường Hoàn Kiếm, Thành phố Hà Nội",moi
32,Mã Mây,Phường Hoàn Kiếm,,Thành phố Hà Nội,"32, Mã Mây, Phường Hoàn Kiếm, Thành phố Hà Nội",moi
1,Ngõ 267 Phố Lương Định Của,Phường Phương Liễu,,Tỉnh Bắc Ninh,"1, Ngõ 267 Phố Lương Định Của, Phường Phương Liễu, Tỉnh Bắc Ninh",moi
121,Đường Cầu Tiên,Phường Võ Cường,,Tỉnh Bắc Ninh,"121, Đường Cầu Tiên, Phường Võ Cường, Tỉnh Bắc Ninh",moi
32,Phố Đức Chính,Phường Ba Đình,,Thành phố Hà Nội,"32, Phố Đức Chính, Phường Ba Đình, Thành phố Hà Nội",moi
18,Đường Hoàng Diệu,Phường Ba Đình,,Thành phố Hà Nội,"18, Đường Hoàng Diệu, Phường Ba Đình, Thành phố Hà Nội",moi
326,Đường Thiên Đức,Phường Kinh Bắc,,Tỉnh Bắc Ninh,"326, Đường Thiên Đức, Phường Kinh Bắc, Tỉnh Bắc Ninh",moi
10,Võ Nguyên Giáp,Phường Lê Chân,,Thành phố Hải Phòng,"10, Võ Nguyên Giáp, Phường Lê Chân, Thành phố Hải Phòng",moi
534,Đường Thiên Đức,Phường Kinh Bắc,,Tỉnh Bắc Ninh,"534, Đường Thiên Đức, Phường Kinh Bắc, Tỉnh Bắc Ninh",moi
107/2,Bành Văn Trân,Phường Tân Sơn Nhất,,Thành phố Hồ Chí Minh,"107/2, Bành Văn Trân, Phường Tân Sơn Nhất, Thành phố Hồ Chí Minh",moi
1348,Đường Nguyễn Trãi,Phường Hạp Lĩnh,,Tỉnh Bắc Ninh,"1348, Đường Nguyễn Trãi, Phường Hạp Lĩnh, Tỉnh Bắc Ninh",moi
40,Đường Số 19,Phường Tân Phú,,Thành phố Hồ Chí Minh,"40, Đường Số 19, Phường Tân Phú, Thành phố Hồ Chí Minh",moi
11C,Phố Phùng Hưng,Phường Hoàn Kiếm,,Thành phố Hà Nội,"11C, Phố Phùng Hưng, Phường Hoàn Kiếm, Thành phố Hà Nội",moi
53,Phố Trần Bình Trọng,Phường Phương Liễu,,Tỉnh Bắc Ninh,"53, Phố Trần Bình Trọng, Phường Phương Liễu, Tỉnh Bắc Ninh",moi
48C,Bành Văn Trân,Phường Tân Sơn Nhất,,Thành phố Hồ Chí Minh,"48C, Bành Văn Trân, Phường Tân Sơn Nhất, Thành phố Hồ Chí Minh",moi
248,Phố Lương Định Của,Phường Phương Liễu,,Tỉnh Bắc Ninh,"248, Phố Lương Định Của, Phường Phương Liễu, Tỉnh Bắc Ninh",moi
44,Đường Số 19,Phường Tân Phú,,Thành phố Hồ Chí Minh,"44, Đường Số 19, Phường Tân Phú, Thành phố Hồ Chí Minh",moi
81,Đường Hoàng Quốc Việt,Phường Nghĩa Đô,,Thành phố Hà Nội,"81, Đường Hoàng Quốc Việt, Phường Nghĩa Đô, Thành phố Hà Nội",moi
462,Đường Bùi Trọng Nghĩa,Phường Trảng Dài,,Tỉnh Đồng Nai,"462, Đường Bùi Trọng Nghĩa, Phường Trảng Dài, Tỉnh Đồng Nai",moi
2,Ngách 28/2 Ông Ích Khiêm,Phường Ba Đình,,Thành phố Hà Nội,"2, Ngách 28/2 Ông Ích Khiêm, Phường Ba Đình, Thành phố Hà Nội",moi
262,Đường Nguyễn Cao,Phường Võ Cường,,Tỉnh Bắc Ninh,"262, Đường Nguyễn Cao, Phường Võ Cường, Tỉnh Bắc Ninh",moi
10,Phố Sơn Tây,Phường Ba Đình,,Thành phố Hà Nội,"10, Phố Sơn Tây, Phường Ba Đình, Thành phố Hà Nội",moi
143,Đường Hoàng Quốc Việt,Phường Vũ Ninh,,Tỉnh Bắc Ninh,"143, Đường Hoàng Quốc Việt, Phường Vũ Ninh, Tỉnh Bắc Ninh",moi
47,Đường Điện Biên Phủ,Phường Ba Đình,,Thành phố Hà Nội,"47, Đường Điện Biên Phủ, Phường Ba Đình, Thành phố Hà Nội",moi
136,Đường Khả Lễ,Phường Võ Cường,,Tỉnh Bắc Ninh,"136, Đường Khả Lễ, Phường Võ Cường, Tỉnh Bắc Ninh",moi
13,Đường Đặng Đức Thuật,Phường Tân Hưng,,Thành phố Hồ Chí Minh,"13, Đường Đặng Đức Thuật, Phường Tân Hưng, Thành phố Hồ Chí Minh",moi
11,Đường Nội Khu 02,Phường Tân Phú,,Thành phố Hồ Chí Minh,"11, Đường Nội Khu 02, Phường Tân Phú, Thành phố Hồ Chí Minh",moi
96,Đường Lê Phụng Hiểu,Phường Kinh Bắc,,Tỉnh Bắc Ninh,"96, Đường Lê Phụng Hiểu, Phường Kinh Bắc, Tỉnh Bắc Ninh",moi
512,Đường Hàn Thuyên,Phường Kinh Bắc,,Tỉnh Bắc Ninh,"512, Đường Hàn Thuyên, Phường Kinh Bắc, Tỉnh Bắc Ninh",moi
247,Đường Thân Nhân Trung,Phường Việt Yên,,Tỉnh Bắc Ninh,"247, Đường Thân Nhân Trung, Phường Việt Yên, Tỉnh Bắc Ninh",moi
28,Ngõ 35 Đường Huyền Quang,Phường Kinh Bắc,,Tỉnh Bắc Ninh,"28, Ngõ 35 Đường Huyền Quang, Phường Kinh Bắc, Tỉnh Bắc Ninh",moi
150,Đường Nguyễn Hữu Thọ,Phường Hòa Cường,,Thành phố Đà Nẵng,"150, Đường Nguyễn Hữu Thọ, Phường Hòa Cường, Thành phố Đà Nẵng",moi
72A,Phố Yên Mẫn,Phường Kinh Bắc,,Tỉnh Bắc Ninh,"72A, Phố Yên Mẫn, Phường Kinh Bắc, Tỉnh Bắc Ninh",moi
116,Đường Dương Ổ,Phường Võ Cường,,Tỉnh Bắc Ninh,"116, Đường Dương Ổ, Phường Võ Cường, Tỉnh Bắc Ninh",moi
100,Phố Mai Công,Phường Quế Võ,,Tỉnh Bắc Ninh,"100, Phố Mai Công, Phường Quế Võ, Tỉnh Bắc Ninh",moi
48,Đường Khả Lễ,Phường Võ Cường,,Tỉnh Bắc Ninh,"48, Đường Khả Lễ, Phường Võ Cường, Tỉnh Bắc Ninh",moi
32-A1,Phố Sơn Tây,Phường Ba Đình,,Thành phố Hà Nội,"32-A1, Phố Sơn Tây, Phường Ba Đình, Thành phố Hà Nội",moi
127,Đường Ngô Gia Tự,Phường Vũ Ninh,,Tỉnh Bắc Ninh,"127, Đường Ngô Gia Tự, Phường Vũ Ninh, Tỉnh Bắc Ninh",moi
18,Ngõ 22 Phố Tôn Thất Thuyết,Phường Phương Liễu,,Tỉnh Bắc Ninh,"18, Ngõ 22 Phố Tôn Thất Thuyết, Phường Phương Liễu, Tỉnh Bắc Ninh",moi
9,Phố Hàng Cót,Phường Hoàn Kiếm,,Thành phố Hà Nội,"9, Phố Hàng Cót, Phường Hoàn Kiếm, Thành phố Hà Nội",moi
13,Phố Ngọc Hà,Phường Ba Đình,,Thành phố Hà Nội,"13, Phố Ngọc Hà, Phường Ba Đình, Thành phố Hà Nội",moi
109,Phố Lê Hồng Phong,Phường Ba Đình,,Thành phố Hà Nội,"109, Phố Lê Hồng Phong, Phường Ba Đình, Thành phố Hà Nội",moi
192,Đường Trần Đăng Tuyển,Phường Vũ Ninh,,Tỉnh Bắc Ninh,"192, Đường Trần Đăng Tuyển, Phường Vũ Ninh, Tỉnh Bắc Ninh",moi
11A,Đường Mỹ Phú 1A,Phường Tân Phú,,Thành phố Hồ Chí Minh,"11A, Đường Mỹ Phú 1A, Phường Tân Phú, Thành phố Hồ Chí Minh",moi
788,Đường Đàm Văn Tiết,Phường Nam Sơn,,Tỉnh Bắc Ninh,"788, Đường Đàm Văn Tiết, Phường Nam Sơn, Tỉnh Bắc Ninh",moi
10,Ngách 28/2 Ông Ích Khiêm,Phường Ba Đình,,Thành phố Hà Nội,"10, Ngách 28/2 Ông Ích Khiêm, Phường Ba Đình, Thành phố Hà Nội",moi
04,Đường Mỹ Phú 1C,Phường Tân Phú,,Thành phố Hồ Chí Minh,"04, Đường Mỹ Phú 1C, Phường Tân Phú, Thành phố Hồ Chí Minh",moi
1024,Đường Thiên Đức,Phường Kinh Bắc,,Tỉnh Bắc Ninh,"1024, Đường Thiên Đức, Phường Kinh Bắc, Tỉnh Bắc Ninh",moi
463,Đường Ngô Gia Tự,Phường Kinh Bắc,,Tỉnh Bắc Ninh,"463, Đường Ngô Gia Tự, Phường Kinh Bắc, Tỉnh Bắc Ninh",moi
202,Đường Lý Thường Kiệt,Phường Phù Khê,,Tỉnh Bắc Ninh,"202, Đường Lý Thường Kiệt, Phường Phù Khê, Tỉnh Bắc Ninh",moi
55,Xuân Thuỷ,Phường An Khánh,,Thành phố Hồ Chí Minh,"55, Xuân Thuỷ, Phường An Khánh, Thành phố Hồ Chí Minh",moi
Số 80,Ngõ 68 Ngụy Như Kon Tum,Phường Thanh Xuân,,Thành phố Hà Nội,"Số 80, Ngõ 68 Ngụy Như Kon Tum, Phường Thanh Xuân, Thành phố Hà Nội",moi
39,Phố Trần Quý Khoáng,Phường Phương Liễu,,Tỉnh Bắc Ninh,"39, Phố Trần Quý Khoáng, Phường Phương Liễu, Tỉnh Bắc Ninh",moi
95,Phố Lê Hồng Phong,Phường Ba Đình,,Thành phố Hà Nội,"95, Phố Lê Hồng Phong, Phường Ba Đình, Thành phố Hà Nội",moi
208/118,Hẻm 208 đường số 5,Phường Bình Hưng Hòa,,Thành phố Hồ Chí Minh,"208/118, Hẻm 208 đường số 5, Phường Bình Hưng Hòa, Thành phố Hồ Chí Minh",moi
296,Phố Lương Định Của,Phường Phương Liễu,,Tỉnh Bắc Ninh,"296, Phố Lương Định Của, Phường Phương Liễu, Tỉnh Bắc Ninh",moi
56,Đường Hoàng Quốc Việt,Phường Vũ Ninh,,Tỉnh Bắc Ninh,"56, Đường Hoàng Quốc Việt, Phường Vũ Ninh, Tỉnh Bắc Ninh",moi
15/48A,Đường Đoàn Như Hài,Phường Xóm Chiếu,,Thành phố Hồ Chí Minh,"15/48A, Đường Đoàn Như Hài, Phường Xóm Chiếu, Thành phố Hồ Chí Minh",moi
44,Phố Yên Mẫn,Phường Kinh Bắc,,Tỉnh Bắc Ninh,"44, Phố Yên Mẫn, Phường Kinh Bắc, Tỉnh Bắc Ninh",moi
8,Phố Lương Định Của,Phường Phương Liễu,,Tỉnh Bắc Ninh,"8, Phố Lương Định Của, Phường Phương Liễu, Tỉnh Bắc Ninh",moi
69,Mã Mây,Phường Hoàn Kiếm,,Thành phố Hà Nội,"69, Mã Mây, Phường Hoàn Kiếm, Thành phố Hà Nội",moi
14,Đường Lý Thái Tổ,Phường Kinh Bắc,,Tỉnh Bắc Ninh,"14, Đường Lý Thái Tổ, Phường Kinh Bắc, Tỉnh Bắc Ninh",moi
126,Đường Trần Hưng Đạo,Phường Quế Võ,,Tỉnh Bắc Ninh,"126, Đường Trần Hưng Đạo, Phường Quế Võ, Tỉnh Bắc Ninh",moi
16-18,Phố Sơn Tây,Phường Ba Đình,,Thành phố Hà Nội,"16-18, Phố Sơn Tây, Phường Ba Đình, Thành phố Hà Nội",moi
30,Ngõ 507 Đường Hoàng Quốc Việt,Phường Vũ Ninh,,Tỉnh Bắc Ninh,"30, Ngõ 507 Đường Hoàng Quốc Việt, Phường Vũ Ninh, Tỉnh Bắc Ninh",moi
55A,Đường Ngô Sĩ Liên,Phường Kinh Bắc,,Tỉnh Bắc Ninh,"55A, Đường Ngô Sĩ Liên, Phường Kinh Bắc, Tỉnh Bắc Ninh",moi
37,Đường Nguyễn Lễ,Phường Vũ Ninh,,Tỉnh Bắc Ninh,"37, Đường Nguyễn Lễ, Phường Vũ Ninh, Tỉnh Bắc Ninh",moi
9,Đường Đấu Mã,Phường Vũ Ninh,,Tỉnh Bắc Ninh,"9, Đường Đấu Mã, Phường Vũ Ninh, Tỉnh Bắc Ninh",moi
41,Phố Trần Quý Khoáng,Phường Phương Liễu,,Tỉnh Bắc Ninh,"41, Phố Trần Quý Khoáng, Phường Phương Liễu, Tỉnh Bắc Ninh",moi
90,Phố Lương Định Của,Phường Phương Liễu,,Tỉnh Bắc Ninh,"90, Phố Lương Định Của, Phường Phương Liễu, Tỉnh Bắc Ninh",moi
6A,Phố Sơn Tây,Phường Ba Đình,,Thành phố Hà Nội,"6A, Phố Sơn Tây, Phường Ba Đình, Thành phố Hà Nội",moi
3,Đường Phan Châu Trinh,Phường Quế Võ,,Tỉnh Bắc Ninh,"3, Đường Phan Châu Trinh, Phường Quế Võ, Tỉnh Bắc Ninh",moi
106,Đường Dương Ổ,Phường Võ Cường,,Tỉnh Bắc Ninh,"106, Đường Dương Ổ, Phường Võ Cường, Tỉnh Bắc Ninh",moi
41,Đường Số 19,Phường Tân Phú,,Thành phố Hồ Chí Minh,"41, Đường Số 19, Phường Tân Phú, Thành phố Hồ Chí Minh",moi
331,Đường Cô Mễ,Phường Vũ Ninh,,Tỉnh Bắc Ninh,"331, Đường Cô Mễ, Phường Vũ Ninh, Tỉnh Bắc Ninh",moi
851/1,Hẻm 851 Cách mạng tháng 8,Phường Tân Sơn Nhất,,Thành phố Hồ Chí Minh,"851/1, Hẻm 851 Cách mạng tháng 8, Phường Tân Sơn Nhất, Thành phố Hồ Chí Minh",moi
71,Đường Âu Cơ,Phường Thuận Thành,,Tỉnh Bắc Ninh,"71, Đường Âu Cơ, Phường Thuận Thành, Tỉnh Bắc Ninh",moi
120,Phố Nghĩa Tân,Phường Nghĩa Đô,,Thành phố Hà Nội,"120, Phố Nghĩa Tân, Phường Nghĩa Đô, Thành phố Hà Nội",moi
12,Chu Văn An,Phường Ba Đình,,Thành phố Hà Nội,"12, Chu Văn An, Phường Ba Đình, Thành phố Hà Nội",moi
1B,Phố Phùng Chí Kiên,Phường Nghĩa Đô,,Thành phố Hà Nội,"1B, Phố Phùng Chí Kiên, Phường Nghĩa Đô, Thành phố Hà Nội",moi
42,Phố Trần Phú,Phường Ba Đình,,Thành phố Hà Nội,"42, Phố Trần Phú, Phường Ba Đình, Thành phố Hà Nội",moi
67,Đường Hữu Chấp,Phường Kinh Bắc,,Tỉnh Bắc Ninh,"67, Đường Hữu Chấp, Phường Kinh Bắc, Tỉnh Bắc Ninh",moi
48A,Đường Trần Phú,Phường Từ Sơn,,Tỉnh Bắc Ninh,"48A, Đường Trần Phú, Phường Từ Sơn, Tỉnh Bắc Ninh",moi
19C,Phố Ngọc Hà,Phường Ba Đình,,Thành phố Hà Nội,"19C, Phố Ngọc Hà, Phường Ba Đình, Thành phố Hà Nội",moi
887,Đường Âu Cơ,Phường Thuận Thành,,Tỉnh Bắc Ninh,"887, Đường Âu Cơ, Phường Thuận Thành, Tỉnh Bắc Ninh",moi
226,Đường Như Nguyệt,Phường Vũ Ninh,,Tỉnh Bắc Ninh,"226, Đường Như Nguyệt, Phường Vũ Ninh, Tỉnh Bắc Ninh",moi
11,Ngõ 12 Đường Như Nguyệt,Phường Vũ Ninh,,Tỉnh Bắc Ninh,"11, Ngõ 12 Đường Như Nguyệt, Phường Vũ Ninh, Tỉnh Bắc Ninh",moi
14,Ngõ 77 Lê Hồng Phong,Phường Ba Đình,,Thành phố Hà Nội,"14, Ngõ 77 Lê Hồng Phong, Phường Ba Đình, Thành phố Hà Nội",moi
317,Đường Hà Huy Tập,Xã Phù Đổng,,Thành phố Hà Nội,"317, Đường Hà Huy Tập, Xã Phù Đổng, Thành phố Hà Nội",moi
5,Đường Hoàng Quốc Việt,Phường Nghĩa Đô,,Thành phố Hà Nội,"5, Đường Hoàng Quốc Việt, Phường Nghĩa Đô, Thành phố Hà Nội",moi
9,Ngõ 28 Ông Ích Khiêm,Phường Ba Đình,,Thành phố Hà Nội,"9, Ngõ 28 Ông Ích Khiêm, Phường Ba Đình, Thành phố Hà Nội",moi
118,Đường Hoàng Quốc Việt,Phường Vũ Ninh,,Tỉnh Bắc Ninh,"118, Đường Hoàng Quốc Việt, Phường Vũ Ninh, Tỉnh Bắc Ninh",moi
4,Ngách 28/2 Ông Ích Khiêm,Phường Ba Đình,,Thành phố Hà Nội,"4, Ngách 28/2 Ông Ích Khiêm, Phường Ba Đình, Thành phố Hà Nội",moi
810,Đường Đấu Mã,Phường Võ Cường,,Tỉnh Bắc Ninh,"810, Đường Đấu Mã, Phường Võ Cường, Tỉnh Bắc Ninh",moi
86,Đường Dương Ổ,Phường Võ Cường,,Tỉnh Bắc Ninh,"86, Đường Dương Ổ, Phường Võ Cường, Tỉnh Bắc Ninh",moi
1224,Đường Quang Trung,Phường Bồng Lai,,Tỉnh Bắc Ninh,"1224, Đường Quang Trung, Phường Bồng Lai, Tỉnh Bắc Ninh",moi
53,Đường Đấu Mã,Phường Vũ Ninh,,Tỉnh Bắc Ninh,"53, Đường Đấu Mã, Phường Vũ Ninh, Tỉnh Bắc Ninh",moi
58,Đường Giếng Ngọc,Phường Kinh Bắc,,Tỉnh Bắc Ninh,"58, Đường Giếng Ngọc, Phường Kinh Bắc, Tỉnh Bắc Ninh",moi
1835,Đường Quang Trung,Phường Bồng Lai,,Tỉnh Bắc Ninh,"1835, Đường Quang Trung, Phường Bồng Lai, Tỉnh Bắc Ninh",moi
498,Đường Hoàng Quốc Việt,Phường Vũ Ninh,,Tỉnh Bắc Ninh,"498, Đường Hoàng Quốc Việt, Phường Vũ Ninh, Tỉnh Bắc Ninh",moi
9,Đường Trần Đăng Tuyển,Phường Vũ Ninh,,Tỉnh Bắc Ninh,"9, Đường Trần Đăng Tuyển, Phường Vũ Ninh, Tỉnh Bắc Ninh",moi
400,Đường Lý Thường Kiệt,Phường Phù Khê,,Tỉnh Bắc Ninh,"400, Đường Lý Thường Kiệt, Phường Phù Khê, Tỉnh Bắc Ninh",moi
339,Đường Đàm Văn Tiết,Phường Nam Sơn,,Tỉnh Bắc Ninh,"339, Đường Đàm Văn Tiết, Phường Nam Sơn, Tỉnh Bắc Ninh",moi
2,Ngõ 77 Lê Hồng Phong,Phường Ba Đình,,Thành phố Hà Nội,"2, Ngõ 77 Lê Hồng Phong, Phường Ba Đình, Thành phố Hà Nội",moi
14G,Đường Lê Văn Thịnh,Phường Kinh Bắc,,Tỉnh Bắc Ninh,"14G, Đường Lê Văn Thịnh, Phường Kinh Bắc, Tỉnh Bắc Ninh",moi
14,Phố Sơn Tây,Phường Ba Đình,,Thành phố Hà Nội,"14, Phố Sơn Tây, Phường Ba Đình, Thành phố Hà Nội",moi
24,Đường Lý Thái Tổ,Phường Võ Cường,,Tỉnh Bắc Ninh,"24, Đường Lý Thái Tổ, Phường Võ Cường, Tỉnh Bắc Ninh",moi
16,Phố Lê Hồng Phong,Phường Ba Đình,,Thành phố Hà Nội,"16, Phố Lê Hồng Phong, Phường Ba Đình, Thành phố Hà Nội",moi
12,Phố Bà Huyện Thanh Quan,Phường Ba Đình,,Thành phố Hà Nội,"12, Phố Bà Huyện Thanh Quan, Phường Ba Đình, Thành phố Hà Nội",moi
106,Mã Mây,Phường Hoàn Kiếm,,Thành phố Hà Nội,"106, Mã Mây, Phường Hoàn Kiếm, Thành phố Hà Nội",moi
29 ngõ 355,Xuân Đỉnh,Phường Xuân Đỉnh,,Thành phố Hà Nội,"29 ngõ 355, Xuân Đỉnh, Phường Xuân Đỉnh, Thành phố Hà Nội",moi
208,Nguyễn Hữu Cảnh,Phường Thạnh Mỹ Tây,,Thành phố Hồ Chí Minh,"208, Nguyễn Hữu Cảnh, Phường Thạnh Mỹ Tây, Thành phố Hồ Chí Minh",moi
9,Đường Hùng Vương,Phường Ba Đình,,Thành phố Hà Nội,"9, Đường Hùng Vương, Phường Ba Đình, Thành phố Hà Nội",moi
94-96,Phố Kim Mã,Phường Ba Đình,,Thành phố Hà Nội,"94-96, Phố Kim Mã, Phường Ba Đình, Thành phố Hà Nội",moi
542,Đường An Dương Vương,Phường Bình Phú,,Thành phố Hồ Chí Minh,"542, Đường An Dương Vương, Phường Bình Phú, Thành phố Hồ Chí Minh",moi
19,Đường Hoàng Diệu,Phường Ba Đình,,Thành phố Hà Nội,"19, Đường Hoàng Diệu, Phường Ba Đình, Thành phố Hà Nội",moi
29,Phố Hàng Phèn,Phường Hoàn Kiếm,,Thành phố Hà Nội,"29, Phố Hàng Phèn, Phường Hoàn Kiếm, Thành phố Hà Nội",moi
57,Phố Trần Phú,Phường Ba Đình,,Thành phố Hà Nội,"57, Phố Trần Phú, Phường Ba Đình, Thành phố Hà Nội",moi
110/43/47,Bà Hom,Phường Phú Lâm,,Thành phố Hồ Chí Minh,"110/43/47, Bà Hom, Phường Phú Lâm, Thành phố Hồ Chí Minh",moi
2,Ngõ 28 Ông Ích Khiêm,Phường Ba Đình,,Thành phố Hà Nội,"2, Ngõ 28 Ông Ích Khiêm, Phường Ba Đình, Thành phố Hà Nội",moi
46,Phố Yên Mẫn,Phường Kinh Bắc,,Tỉnh Bắc Ninh,"46, Phố Yên Mẫn, Phường Kinh Bắc, Tỉnh Bắc Ninh",moi
66,Đường Kênh Nam,Phường Hạp Lĩnh,,Tỉnh Bắc Ninh,"66, Đường Kênh Nam, Phường Hạp Lĩnh, Tỉnh Bắc Ninh",moi
2,Phố Lê Trực,Phường Ba Đình,,Thành phố Hà Nội,"2, Phố Lê Trực, Phường Ba Đình, Thành phố Hà Nội",moi
06,Đường Số 21,Phường Tân Phú,,Thành phố Hồ Chí Minh,"06, Đường Số 21, Phường Tân Phú, Thành phố Hồ Chí Minh",moi
182,Đường Trần Lựu,Phường Vũ Ninh,,Tỉnh Bắc Ninh,"182, Đường Trần Lựu, Phường Vũ Ninh, Tỉnh Bắc Ninh",moi
30,Phố Trần Quý Khoáng,Phường Phương Liễu,,Tỉnh Bắc Ninh,"30, Phố Trần Quý Khoáng, Phường Phương Liễu, Tỉnh Bắc Ninh",moi
143,Đường Ngô Gia Tự,Phường Vũ Ninh,,Tỉnh Bắc Ninh,"143, Đường Ngô Gia Tự, Phường Vũ Ninh, Tỉnh Bắc Ninh",moi
40,Phố Trần Bình Trọng,Phường Phương Liễu,,Tỉnh Bắc Ninh,"40, Phố Trần Bình Trọng, Phường Phương Liễu, Tỉnh Bắc Ninh",moi
21,Phố Phùng Hưng,Phường Hoàn Kiếm,,Thành phố Hà Nội,"21, Phố Phùng Hưng, Phường Hoàn Kiếm, Thành phố Hà Nội",moi
10A,Đường Nguyễn Đăng Đạo,Phường Kinh Bắc,,Tỉnh Bắc Ninh,"10A, Đường Nguyễn Đăng Đạo, Phường Kinh Bắc, Tỉnh Bắc Ninh",moi
97,Đường Giếng Ngọc,Phường Kinh Bắc,,Tỉnh Bắc Ninh,"97, Đường Giếng Ngọc, Phường Kinh Bắc, Tỉnh Bắc Ninh",moi
14,Ngõ 71 Lê Hồng Phong,Phường Ba Đình,,Thành phố Hà Nội,"14, Ngõ 71 Lê Hồng Phong, Phường Ba Đình, Thành phố Hà Nội",moi
5,Ngõ 35 Đường Huyền Quang,Phường Kinh Bắc,,Tỉnh Bắc Ninh,"5, Ngõ 35 Đường Huyền Quang, Phường Kinh Bắc, Tỉnh Bắc Ninh",moi
15A,Phố Hàng Cót,Phường Hoàn Kiếm,,Thành phố Hà Nội,"15A, Phố Hàng Cót, Phường Hoàn Kiếm, Thành phố Hà Nội",moi
219,Phố Lương Định Của,Phường Phương Liễu,,Tỉnh Bắc Ninh,"219, Phố Lương Định Của, Phường Phương Liễu, Tỉnh Bắc Ninh",moi
229,Phố Lương Định Của,Phường Phương Liễu,,Tỉnh Bắc Ninh,"229, Phố Lương Định Của, Phường Phương Liễu, Tỉnh Bắc Ninh",moi
54,Đường Giếng Ngọc,Phường Kinh Bắc,,Tỉnh Bắc Ninh,"54, Đường Giếng Ngọc, Phường Kinh Bắc, Tỉnh Bắc Ninh",moi
2,Phố Ông Ích Khiêm,Phường Ba Đình,,Thành phố Hà Nội,"2, Phố Ông Ích Khiêm, Phường Ba Đình, Thành phố Hà Nội",moi
873,Đường Âu Cơ,Phường Thuận Thành,,Tỉnh Bắc Ninh,"873, Đường Âu Cơ, Phường Thuận Thành, Tỉnh Bắc Ninh",moi
70,Phố Vũ Kiệt,Phường Kinh Bắc,,Tỉnh Bắc Ninh,"70, Phố Vũ Kiệt, Phường Kinh Bắc, Tỉnh Bắc Ninh",moi
53,Phố Lê Hồng Phong,Phường Ba Đình,,Thành phố Hà Nội,"53, Phố Lê Hồng Phong, Phường Ba Đình, Thành phố Hà Nội",moi
22,Phố Hàng Giấy,Phường Hoàn Kiếm,,Thành phố Hà Nội,"22, Phố Hàng Giấy, Phường Hoàn Kiếm, Thành phố Hà Nội",moi
9,Phố Nguyễn Nhân Dư,Phường Phương Liễu,,Tỉnh Bắc Ninh,"9, Phố Nguyễn Nhân Dư, Phường Phương Liễu, Tỉnh Bắc Ninh",moi
57,Đường Nguyễn Quốc Ích,Phường Võ Cường,,Tỉnh Bắc Ninh,"57, Đường Nguyễn Quốc Ích, Phường Võ Cường, Tỉnh Bắc Ninh",moi
2,Phố Vũ Kiệt,Phường Kinh Bắc,,Tỉnh Bắc Ninh,"2, Phố Vũ Kiệt, Phường Kinh Bắc, Tỉnh Bắc Ninh",moi
119,Đường Ngô Gia Tự,Phường Vũ Ninh,,Tỉnh Bắc Ninh,"119, Đường Ngô Gia Tự, Phường Vũ Ninh, Tỉnh Bắc Ninh",moi
92,Phố Phù Lưu,Phường Từ Sơn,,Tỉnh Bắc Ninh,"92, Phố Phù Lưu, Phường Từ Sơn, Tỉnh Bắc Ninh",moi
12,Phố Trang Hạ,Phường Đồng Nguyên,,Tỉnh Bắc Ninh,"12, Phố Trang Hạ, Phường Đồng Nguyên, Tỉnh Bắc Ninh",moi
34,Phố Sơn Tây,Phường Ba Đình,,Thành phố Hà Nội,"34, Phố Sơn Tây, Phường Ba Đình, Thành phố Hà Nội",moi
52,Đường Phúc Sơn,Phường Vũ Ninh,,Tỉnh Bắc Ninh,"52, Đường Phúc Sơn, Phường Vũ Ninh, Tỉnh Bắc Ninh",moi
215,Đường Lê Phụng Hiểu,Phường Kinh Bắc,,Tỉnh Bắc Ninh,"215, Đường Lê Phụng Hiểu, Phường Kinh Bắc, Tỉnh Bắc Ninh",moi
130,Đường Khả Lễ,Phường Võ Cường,,Tỉnh Bắc Ninh,"130, Đường Khả Lễ, Phường Võ Cường, Tỉnh Bắc Ninh",moi
72,Phố Nguyễn Thái Học,Phường Ba Đình,,Thành phố Hà Nội,"72, Phố Nguyễn Thái Học, Phường Ba Đình, Thành phố Hà Nội",moi
391,Đường Nguyễn Văn Cừ,Phường Võ Cường,,Tỉnh Bắc Ninh,"391, Đường Nguyễn Văn Cừ, Phường Võ Cường, Tỉnh Bắc Ninh",moi
602,Đường Hoàng Quốc Việt,Phường Vũ Ninh,,Tỉnh Bắc Ninh,"602, Đường Hoàng Quốc Việt, Phường Vũ Ninh, Tỉnh Bắc Ninh",moi
238,Đường Cầu Rồng,Phường Võ Cường,,Tỉnh Bắc Ninh,"238, Đường Cầu Rồng, Phường Võ Cường, Tỉnh Bắc Ninh",moi
201,Phố Lương Định Của,Phường Phương Liễu,,Tỉnh Bắc Ninh,"201, Phố Lương Định Của, Phường Phương Liễu, Tỉnh Bắc Ninh",moi
104,Đường Dương Ổ,Phường Võ Cường,,Tỉnh Bắc Ninh,"104, Đường Dương Ổ, Phường Võ Cường, Tỉnh Bắc Ninh",moi
1,Ngõ 94 Phố Mai Công,Phường Quế Võ,,Tỉnh Bắc Ninh,"1, Ngõ 94 Phố Mai Công, Phường Quế Võ, Tỉnh Bắc Ninh",moi
10,Đường Mỹ Phú 1B,Phường Tân Phú,,Thành phố Hồ Chí Minh,"10, Đường Mỹ Phú 1B, Phường Tân Phú, Thành phố Hồ Chí Minh",moi
10C,Phố Khúc Hạo,Phường Ba Đình,,Thành phố Hà Nội,"10C, Phố Khúc Hạo, Phường Ba Đình, Thành phố Hà Nội",moi
424,Đường Hoàng Hoa Thám,Phường Việt Yên,,Tỉnh Bắc Ninh,"424, Đường Hoàng Hoa Thám, Phường Việt Yên, Tỉnh Bắc Ninh",moi
36,Đường Âu Cơ,Phường Kinh Bắc,,Tỉnh Bắc Ninh,"36, Đường Âu Cơ, Phường Kinh Bắc, Tỉnh Bắc Ninh",moi
38,Ngách 5/4 Hoàng Quốc Việt,Phường Nghĩa Đô,,Thành phố Hà Nội,"38, Ngách 5/4 Hoàng Quốc Việt, Phường Nghĩa Đô, Thành phố Hà Nội",moi
57,Đường Hữu Chấp,Phường Kinh Bắc,,Tỉnh Bắc Ninh,"57, Đường Hữu Chấp, Phường Kinh Bắc, Tỉnh Bắc Ninh",moi
126,Đường Nguyễn Phong Sắc,Phường Phương Liễu,,Tỉnh Bắc Ninh,"126, Đường Nguyễn Phong Sắc, Phường Phương Liễu, Tỉnh Bắc Ninh",moi
126,Đường Dương Ổ,Phường Võ Cường,,Tỉnh Bắc Ninh,"126, Đường Dương Ổ, Phường Võ Cường, Tỉnh Bắc Ninh",moi
80,Đường Khả Lễ,Phường Võ Cường,,Tỉnh Bắc Ninh,"80, Đường Khả Lễ, Phường Võ Cường, Tỉnh Bắc Ninh",moi
21,Ngõ 14 Đường Thanh Sơn,Phường Vũ Ninh,,Tỉnh Bắc Ninh,"21, Ngõ 14 Đường Thanh Sơn, Phường Vũ Ninh, Tỉnh Bắc Ninh",moi
237,Phố Lương Định Của,Phường Phương Liễu,,Tỉnh Bắc Ninh,"237, Phố Lương Định Của, Phường Phương Liễu, Tỉnh Bắc Ninh",moi
26,Phố Hàng Buồm,Phường Hoàn Kiếm,,Thành phố Hà Nội,"26, Phố Hàng Buồm, Phường Hoàn Kiếm, Thành phố Hà Nội",moi
915,Đường Nguyễn Trãi,Phường Hạp Lĩnh,,Tỉnh Bắc Ninh,"915, Đường Nguyễn Trãi, Phường Hạp Lĩnh, Tỉnh Bắc Ninh",moi
9,Phố Chùa Một Cột,Phường Ba Đình,,Thành phố Hà Nội,"9, Phố Chùa Một Cột, Phường Ba Đình, Thành phố Hà Nội",moi
51,Phố Tiểu Nam,Phường Tân Phú,,Thành phố Hồ Chí Minh,"51, Phố Tiểu Nam, Phường Tân Phú, Thành phố Hồ Chí Minh",moi
212,Đường Nguyễn Quốc Ích,Phường Võ Cường,,Tỉnh Bắc Ninh,"212, Đường Nguyễn Quốc Ích, Phường Võ Cường, Tỉnh Bắc Ninh",moi
1843,Đường Quang Trung,Phường Bồng Lai,,Tỉnh Bắc Ninh,"1843, Đường Quang Trung, Phường Bồng Lai, Tỉnh Bắc Ninh",moi
216,Phạm Thái Bường,Phường Tân Hưng,,Thành phố Hồ Chí Minh,"216, Phạm Thái Bường, Phường Tân Hưng, Thành phố Hồ Chí Minh",moi
150,Đường Như Nguyệt,Phường Vũ Ninh,,Tỉnh Bắc Ninh,"150, Đường Như Nguyệt, Phường Vũ Ninh, Tỉnh Bắc Ninh",moi
77,Phố Lương Định Của,Phường Phương Liễu,,Tỉnh Bắc Ninh,"77, Phố Lương Định Của, Phường Phương Liễu, Tỉnh Bắc Ninh",moi
33,Phố Trần Bình Trọng,Phường Phương Liễu,,Tỉnh Bắc Ninh,"33, Phố Trần Bình Trọng, Phường Phương Liễu, Tỉnh Bắc Ninh",moi
21,Phố Lửa Hồng,Phường Kinh Bắc,,Tỉnh Bắc Ninh,"21, Phố Lửa Hồng, Phường Kinh Bắc, Tỉnh Bắc Ninh",moi
387,Đường Ngô Gia Tự,Phường Kinh Bắc,,Tỉnh Bắc Ninh,"387, Đường Ngô Gia Tự, Phường Kinh Bắc, Tỉnh Bắc Ninh",moi
64,Đường Hữu Chấp,Phường Kinh Bắc,,Tỉnh Bắc Ninh,"64, Đường Hữu Chấp, Phường Kinh Bắc, Tỉnh Bắc Ninh",moi
1249/3,Đường Nguyễn Ái Quốc,Phường Tam Hiệp,,Tỉnh Đồng Nai,"1249/3, Đường Nguyễn Ái Quốc, Phường Tam Hiệp, Tỉnh Đồng Nai",moi
12,Phố Tôn Thất Thuyết,Phường Phương Liễu,,Tỉnh Bắc Ninh,"12, Phố Tôn Thất Thuyết, Phường Phương Liễu, Tỉnh Bắc Ninh",moi
124,Đường Hoàng Quốc Việt,Phường Vũ Ninh,,Tỉnh Bắc Ninh,"124, Đường Hoàng Quốc Việt, Phường Vũ Ninh, Tỉnh Bắc Ninh",moi
123,Đường Nguyễn Quốc Ích,Phường Võ Cường,,Tỉnh Bắc Ninh,"123, Đường Nguyễn Quốc Ích, Phường Võ Cường, Tỉnh Bắc Ninh",moi
235,Đường Thân Nhân Trung,Phường Việt Yên,,Tỉnh Bắc Ninh,"235, Đường Thân Nhân Trung, Phường Việt Yên, Tỉnh Bắc Ninh",moi
73,Đường Trần Hưng Đạo,Phường Võ Cường,,Tỉnh Bắc Ninh,"73, Đường Trần Hưng Đạo, Phường Võ Cường, Tỉnh Bắc Ninh",moi
140,Đường Thiên Đức,Phường Kinh Bắc,,Tỉnh Bắc Ninh,"140, Đường Thiên Đức, Phường Kinh Bắc, Tỉnh Bắc Ninh",moi
144,Đường Nguyễn Văn Cừ,Phường Võ Cường,,Tỉnh Bắc Ninh,"144, Đường Nguyễn Văn Cừ, Phường Võ Cường, Tỉnh Bắc Ninh",moi
7,Đường Lê Hồng Phong,Phường Kinh Bắc,,Tỉnh Bắc Ninh,"7, Đường Lê Hồng Phong, Phường Kinh Bắc, Tỉnh Bắc Ninh",moi
15,Đường Lý Thường Kiệt,Phường Vũ Ninh,,Tỉnh Bắc Ninh,"15, Đường Lý Thường Kiệt, Phường Vũ Ninh, Tỉnh Bắc Ninh",moi
1,Đường Ngô Sĩ Liên,Phường Kinh Bắc,,Tỉnh Bắc Ninh,"1, Đường Ngô Sĩ Liên, Phường Kinh Bắc, Tỉnh Bắc Ninh",moi
118,đường liên ấp 4-5 ấp 4,Xã Hưng Long,,Thành phố Hồ Chí Minh,"118, đường liên ấp 4-5 ấp 4, Xã Hưng Long, Thành phố Hồ Chí Minh",moi
95,Phố Đồng Kỵ 3,Phường Đồng Nguyên,,Tỉnh Bắc Ninh,"95, Phố Đồng Kỵ 3, Phường Đồng Nguyên, Tỉnh Bắc Ninh",moi
500,Đường Lý Thường Kiệt,Phường Phù Khê,,Tỉnh Bắc Ninh,"500, Đường Lý Thường Kiệt, Phường Phù Khê, Tỉnh Bắc Ninh",moi
A55,Đường Nội Khu 1,Phường Tân Phú,,Thành phố Hồ Chí Minh,"A55, Đường Nội Khu 1, Phường Tân Phú, Thành phố Hồ Chí Minh",moi
20,Ngõ 195 Đường Vũ Ninh,Phường Vũ Ninh,,Tỉnh Bắc Ninh,"20, Ngõ 195 Đường Vũ Ninh, Phường Vũ Ninh, Tỉnh Bắc Ninh",moi
5,Phố Bà Huyện Thanh Quan,Phường Ba Đình,,Thành phố Hà Nội,"5, Phố Bà Huyện Thanh Quan, Phường Ba Đình, Thành phố Hà Nội",moi
188,Đường Như Nguyệt,Phường Vũ Ninh,,Tỉnh Bắc Ninh,"188, Đường Như Nguyệt, Phường Vũ Ninh, Tỉnh Bắc Ninh",moi
60,Đường Mẹ Thứ,Phường Hòa Xuân,,Thành phố Đà Nẵng,"60, Đường Mẹ Thứ, Phường Hòa Xuân, Thành phố Đà Nẵng",moi
89,Đường Ngô Gia Tự,Phường Vũ Ninh,,Tỉnh Bắc Ninh,"89, Đường Ngô Gia Tự, Phường Vũ Ninh, Tỉnh Bắc Ninh",moi
48,Đường Dương Ổ,Phường Võ Cường,,Tỉnh Bắc Ninh,"48, Đường Dương Ổ, Phường Võ Cường, Tỉnh Bắc Ninh",moi
371D,Đường Nguyễn Cảnh Chân,Phường Cầu Ông Lãnh,,Thành phố Hồ Chí Minh,"371D, Đường Nguyễn Cảnh Chân, Phường Cầu Ông Lãnh, Thành phố Hồ Chí Minh",moi
7,Phố Khúc Hạo,Phường Ba Đình,,Thành phố Hà Nội,"7, Phố Khúc Hạo, Phường Ba Đình, Thành phố Hà Nội",moi
100,Đường Hữu Chấp,Phường Kinh Bắc,,Tỉnh Bắc Ninh,"100, Đường Hữu Chấp, Phường Kinh Bắc, Tỉnh Bắc Ninh",moi
15,Đường Nội Khu 02,Phường Tân Phú,,Thành phố Hồ Chí Minh,"15, Đường Nội Khu 02, Phường Tân Phú, Thành phố Hồ Chí Minh",moi
16,Đường Kênh Nam,Phường Hạp Lĩnh,,Tỉnh Bắc Ninh,"16, Đường Kênh Nam, Phường Hạp Lĩnh, Tỉnh Bắc Ninh",moi
290,Phố Lương Định Của,Phường Phương Liễu,,Tỉnh Bắc Ninh,"290, Phố Lương Định Của, Phường Phương Liễu, Tỉnh Bắc Ninh",moi
363,Đường Ngô Gia Tự,Phường Kinh Bắc,,Tỉnh Bắc Ninh,"363, Đường Ngô Gia Tự, Phường Kinh Bắc, Tỉnh Bắc Ninh",moi
22,Phố Tôn Thất Thuyết,Phường Phương Liễu,,Tỉnh Bắc Ninh,"22, Phố Tôn Thất Thuyết, Phường Phương Liễu, Tỉnh Bắc Ninh",moi
62B,Đường Phạm Ngọc Thạch,Phường Xuân Hòa,,Thành phố Hồ Chí Minh,"62B, Đường Phạm Ngọc Thạch, Phường Xuân Hòa, Thành phố Hồ Chí Minh",moi
212B/D68,Hẻm 212B Nguyễn Trãi,Phường Cầu Ông Lãnh,,Thành phố Hồ Chí Minh,"212B/D68, Hẻm 212B Nguyễn Trãi, Phường Cầu Ông Lãnh, Thành phố Hồ Chí Minh",moi
7,Phố Phùng Hưng,Phường Hoàn Kiếm,,Thành phố Hà Nội,"7, Phố Phùng Hưng, Phường Hoàn Kiếm, Thành phố Hà Nội",moi
18,Phố Đồng Xuân,Phường Hoàn Kiếm,,Thành phố Hà Nội,"18, Phố Đồng Xuân, Phường Hoàn Kiếm, Thành phố Hà Nội",moi
48,Đường Rạp Hát,Phường Kinh Bắc,,Tỉnh Bắc Ninh,"48, Đường Rạp Hát, Phường Kinh Bắc, Tỉnh Bắc Ninh",moi
1,Phố Gầm Cầu,Phường Hoàn Kiếm,,Thành phố Hà Nội,"1, Phố Gầm Cầu, Phường Hoàn Kiếm, Thành phố Hà Nội",moi
3,Đường Rạp Hát,Phường Kinh Bắc,,Tỉnh Bắc Ninh,"3, Đường Rạp Hát, Phường Kinh Bắc, Tỉnh Bắc Ninh",moi
437,Đường Hồng Hà,Phường Hồng Hà,,Thành phố Hà Nội,"437, Đường Hồng Hà, Phường Hồng Hà, Thành phố Hà Nội",moi
54A,Đường Hữu Chấp,Phường Kinh Bắc,,Tỉnh Bắc Ninh,"54A, Đường Hữu Chấp, Phường Kinh Bắc, Tỉnh Bắc Ninh",moi
18,Đường Nội Khu 02,Phường Tân Phú,,Thành phố Hồ Chí Minh,"18, Đường Nội Khu 02, Phường Tân Phú, Thành phố Hồ Chí Minh",moi
22a,Lương Ngọc Quyến,Phường Hoàn Kiếm,,Thành phố Hà Nội,"22a, Lương Ngọc Quyến, Phường Hoàn Kiếm, Thành phố Hà Nội",moi
6,Phố Khúc Hạo,Phường Ba Đình,,Thành phố Hà Nội,"6, Phố Khúc Hạo, Phường Ba Đình, Thành phố Hà Nội",moi
694,Đường Nguyễn Văn Cừ,Phường Võ Cường,,Tỉnh Bắc Ninh,"694, Đường Nguyễn Văn Cừ, Phường Võ Cường, Tỉnh Bắc Ninh",moi
42,Đường Hoàng Quốc Việt,Phường Vũ Ninh,,Tỉnh Bắc Ninh,"42, Đường Hoàng Quốc Việt, Phường Vũ Ninh, Tỉnh Bắc Ninh",moi
458,Đường Thiên Đức,Phường Kinh Bắc,,Tỉnh Bắc Ninh,"458, Đường Thiên Đức, Phường Kinh Bắc, Tỉnh Bắc Ninh",moi
83,Đường Hoàng Quốc Việt,Phường Nghĩa Đô,,Thành phố Hà Nội,"83, Đường Hoàng Quốc Việt, Phường Nghĩa Đô, Thành phố Hà Nội",moi
5,Ngõ 195 Đường Vũ Ninh,Phường Vũ Ninh,,Tỉnh Bắc Ninh,"5, Ngõ 195 Đường Vũ Ninh, Phường Vũ Ninh, Tỉnh Bắc Ninh",moi
61,Phố Nguyễn Văn Trỗi,Phường Từ Sơn,,Tỉnh Bắc Ninh,"61, Phố Nguyễn Văn Trỗi, Phường Từ Sơn, Tỉnh Bắc Ninh",moi
120,Đường Âu Cơ,Phường Thuận Thành,,Tỉnh Bắc Ninh,"120, Đường Âu Cơ, Phường Thuận Thành, Tỉnh Bắc Ninh",moi
125,Đường Trần Hưng Đạo,Phường Kinh Bắc,,Tỉnh Bắc Ninh,"125, Đường Trần Hưng Đạo, Phường Kinh Bắc, Tỉnh Bắc Ninh",moi
104,Đường Nguyễn Thủ Tiệp,Phường Hạp Lĩnh,,Tỉnh Bắc Ninh,"104, Đường Nguyễn Thủ Tiệp, Phường Hạp Lĩnh, Tỉnh Bắc Ninh",moi
11,Ngõ 358 Đường Nguyễn Văn Cừ,Phường Võ Cường,,Tỉnh Bắc Ninh,"11, Ngõ 358 Đường Nguyễn Văn Cừ, Phường Võ Cường, Tỉnh Bắc Ninh",moi
12,Ngõ 2 Phố Song Tháp,Phường Phù Khê,,Tỉnh Bắc Ninh,"12, Ngõ 2 Phố Song Tháp, Phường Phù Khê, Tỉnh Bắc Ninh",moi
117,Đường Cầu Tiên,Phường Võ Cường,,Tỉnh Bắc Ninh,"117, Đường Cầu Tiên, Phường Võ Cường, Tỉnh Bắc Ninh",moi
25,Phố Giang Liễu 2,Phường Phương Liễu,,Tỉnh Bắc Ninh,"25, Phố Giang Liễu 2, Phường Phương Liễu, Tỉnh Bắc Ninh",moi
37,Đường Lý Thái Tổ,Phường Võ Cường,,Tỉnh Bắc Ninh,"37, Đường Lý Thái Tổ, Phường Võ Cường, Tỉnh Bắc Ninh",moi
112,Đường Khả Lễ,Phường Võ Cường,,Tỉnh Bắc Ninh,"112, Đường Khả Lễ, Phường Võ Cường, Tỉnh Bắc Ninh",moi
193,Phố Lương Định Của,Phường Phương Liễu,,Tỉnh Bắc Ninh,"193, Phố Lương Định Của, Phường Phương Liễu, Tỉnh Bắc Ninh",moi
08,Đường Mỹ Phú 1A,Phường Tân Phú,,Thành phố Hồ Chí Minh,"08, Đường Mỹ Phú 1A, Phường Tân Phú, Thành phố Hồ Chí Minh",moi
91,Đường Hoàng Quốc Việt,Phường Nghĩa Đô,,Thành phố Hà Nội,"91, Đường Hoàng Quốc Việt, Phường Nghĩa Đô, Thành phố Hà Nội",moi
38,Đường Hoàng Quốc Việt,Phường Vũ Ninh,,Tỉnh Bắc Ninh,"38, Đường Hoàng Quốc Việt, Phường Vũ Ninh, Tỉnh Bắc Ninh",moi
236B/1b,Hẻm 236 Lê Văn Sỹ,Phường Tân Sơn Hòa,,Thành phố Hồ Chí Minh,"236B/1b, Hẻm 236 Lê Văn Sỹ, Phường Tân Sơn Hòa, Thành phố Hồ Chí Minh",moi
742,Đường Hoàng Quốc Việt,Phường Vũ Ninh,,Tỉnh Bắc Ninh,"742, Đường Hoàng Quốc Việt, Phường Vũ Ninh, Tỉnh Bắc Ninh",moi
140,Phó Đức Chính,Phường Ba Đình,,Thành phố Hà Nội,"140, Phó Đức Chính, Phường Ba Đình, Thành phố Hà Nội",moi
1432,Đường Nguyễn Trãi,Phường Hạp Lĩnh,,Tỉnh Bắc Ninh,"1432, Đường Nguyễn Trãi, Phường Hạp Lĩnh, Tỉnh Bắc Ninh",moi
64,Tô Hiến Thành,Phường Hòa Hưng,,Thành phố Hồ Chí Minh,"64, Tô Hiến Thành, Phường Hòa Hưng, Thành phố Hồ Chí Minh",moi
112,Phố Trang Liệt 3,Phường Đồng Nguyên,,Tỉnh Bắc Ninh,"112, Phố Trang Liệt 3, Phường Đồng Nguyên, Tỉnh Bắc Ninh",moi
192,Đường Nguyễn Gia Thiều,Phường Kinh Bắc,,Tỉnh Bắc Ninh,"192, Đường Nguyễn Gia Thiều, Phường Kinh Bắc, Tỉnh Bắc Ninh",moi
7,Phố Ngọc Hà,Phường Ba Đình,,Thành phố Hà Nội,"7, Phố Ngọc Hà, Phường Ba Đình, Thành phố Hà Nội",moi
18,Phố Lê Hồng Phong,Phường Ba Đình,,Thành phố Hà Nội,"18, Phố Lê Hồng Phong, Phường Ba Đình, Thành phố Hà Nội",moi
1539a,Đường Huỳnh Tấn Phát,Phường Phú Mỹ,,Thành phố Hồ Chí Minh,"1539a, Đường Huỳnh Tấn Phát, Phường Phú Mỹ, Thành phố Hồ Chí Minh",moi
117,Đường Phúc Sơn,Phường Vũ Ninh,,Tỉnh Bắc Ninh,"117, Đường Phúc Sơn, Phường Vũ Ninh, Tỉnh Bắc Ninh",moi
2,Ngõ 267 Phố Lương Định Của,Phường Phương Liễu,,Tỉnh Bắc Ninh,"2, Ngõ 267 Phố Lương Định Của, Phường Phương Liễu, Tỉnh Bắc Ninh",moi
28B,Đường Điện Biên Phủ,Phường Ba Đình,,Thành phố Hà Nội,"28B, Đường Điện Biên Phủ, Phường Ba Đình, Thành phố Hà Nội",moi
22,Phố Sơn Tây,Phường Ba Đình,,Thành phố Hà Nội,"22, Phố Sơn Tây, Phường Ba Đình, Thành phố Hà Nội",moi
49,Phố Lê Hồng Phong,Phường Ba Đình,,Thành phố Hà Nội,"49, Phố Lê Hồng Phong, Phường Ba Đình, Thành phố Hà Nội",moi
35,Đường Hoàng Quốc Việt,Phường Nghĩa Đô,,Thành phố Hà Nội,"35, Đường Hoàng Quốc Việt, Phường Nghĩa Đô, Thành phố Hà Nội",moi
10,Đường Kim Đôi,Phường Vũ Ninh,,Tỉnh Bắc Ninh,"10, Đường Kim Đôi, Phường Vũ Ninh, Tỉnh Bắc Ninh",moi
30,Phố Nguyễn Nhân Bỉ,Phường Vũ Ninh,,Tỉnh Bắc Ninh,"30, Phố Nguyễn Nhân Bỉ, Phường Vũ Ninh, Tỉnh Bắc Ninh",moi
83,Đường An Phước,Phường Vũ Ninh,,Tỉnh Bắc Ninh,"83, Đường An Phước, Phường Vũ Ninh, Tỉnh Bắc Ninh",moi
46,Đường Khả Lễ,Phường Võ Cường,,Tỉnh Bắc Ninh,"46, Đường Khả Lễ, Phường Võ Cường, Tỉnh Bắc Ninh",moi
62,Phố Trần Bình Trọng,Phường Phương Liễu,,Tỉnh Bắc Ninh,"62, Phố Trần Bình Trọng, Phường Phương Liễu, Tỉnh Bắc Ninh",moi
20,Phố Hàng Cân,Phường Hoàn Kiếm,,Thành phố Hà Nội,"20, Phố Hàng Cân, Phường Hoàn Kiếm, Thành phố Hà Nội",moi
19,Đông Du,Phường Sài Gòn,,Thành phố Hồ Chí Minh,"19, Đông Du, Phường Sài Gòn, Thành phố Hồ Chí Minh",moi
174,Đường Như Nguyệt,Phường Vũ Ninh,,Tỉnh Bắc Ninh,"174, Đường Như Nguyệt, Phường Vũ Ninh, Tỉnh Bắc Ninh",moi
1,Ngõ 77 Lê Hồng Phong,Phường Ba Đình,,Thành phố Hà Nội,"1, Ngõ 77 Lê Hồng Phong, Phường Ba Đình, Thành phố Hà Nội",moi
112,Đường Dương Ổ,Phường Võ Cường,,Tỉnh Bắc Ninh,"112, Đường Dương Ổ, Phường Võ Cường, Tỉnh Bắc Ninh",moi
56,Hang Non,Phường Hoàn Kiếm,,Thành phố Hà Nội,"56, Hang Non, Phường Hoàn Kiếm, Thành phố Hà Nội",moi
258,Đường Đấu Mã,Phường Vũ Ninh,,Tỉnh Bắc Ninh,"258, Đường Đấu Mã, Phường Vũ Ninh, Tỉnh Bắc Ninh",moi
1350,Đường Nguyễn Trãi,Phường Hạp Lĩnh,,Tỉnh Bắc Ninh,"1350, Đường Nguyễn Trãi, Phường Hạp Lĩnh, Tỉnh Bắc Ninh",moi
18,Phố Hàng Than,Phường Ba Đình,,Thành phố Hà Nội,"18, Phố Hàng Than, Phường Ba Đình, Thành phố Hà Nội",moi
110,Đường Bà Chúa Kho,Phường Vũ Ninh,,Tỉnh Bắc Ninh,"110, Đường Bà Chúa Kho, Phường Vũ Ninh, Tỉnh Bắc Ninh",moi
451,Tô Hiến Thành,Phường Diên Hồng,,Thành phố Hồ Chí Minh,"451, Tô Hiến Thành, Phường Diên Hồng, Thành phố Hồ Chí Minh",moi
187,Đường Thiên Đức,Phường Kinh Bắc,,Tỉnh Bắc Ninh,"187, Đường Thiên Đức, Phường Kinh Bắc, Tỉnh Bắc Ninh",moi
9,Phố Trần Bình Trọng,Phường Phương Liễu,,Tỉnh Bắc Ninh,"9, Phố Trần Bình Trọng, Phường Phương Liễu, Tỉnh Bắc Ninh",moi
271,Phố Lương Định Của,Phường Phương Liễu,,Tỉnh Bắc Ninh,"271, Phố Lương Định Của, Phường Phương Liễu, Tỉnh Bắc Ninh",moi
81,Đường Thanh Sơn,Phường Vũ Ninh,,Tỉnh Bắc Ninh,"81, Đường Thanh Sơn, Phường Vũ Ninh, Tỉnh Bắc Ninh",moi
13,Ngõ 12 Đường Như Nguyệt,Phường Vũ Ninh,,Tỉnh Bắc Ninh,"13, Ngõ 12 Đường Như Nguyệt, Phường Vũ Ninh, Tỉnh Bắc Ninh",moi
23,Phố Nguyễn Văn Trỗi,Phường Từ Sơn,,Tỉnh Bắc Ninh,"23, Phố Nguyễn Văn Trỗi, Phường Từ Sơn, Tỉnh Bắc Ninh",moi
26,Phố Yên Mẫn,Phường Kinh Bắc,,Tỉnh Bắc Ninh,"26, Phố Yên Mẫn, Phường Kinh Bắc, Tỉnh Bắc Ninh",moi
12,Phố Cầu Gỗ,Phường Hoàn Kiếm,,Thành phố Hà Nội,"12, Phố Cầu Gỗ, Phường Hoàn Kiếm, Thành phố Hà Nội",moi
635,Đường Nguyễn Văn Cừ,Phường Võ Cường,,Tỉnh Bắc Ninh,"635, Đường Nguyễn Văn Cừ, Phường Võ Cường, Tỉnh Bắc Ninh",moi
668,Đường Thiên Đức,Phường Kinh Bắc,,Tỉnh Bắc Ninh,"668, Đường Thiên Đức, Phường Kinh Bắc, Tỉnh Bắc Ninh",moi
62,Ngõ 195 Đường Vũ Ninh,Phường Vũ Ninh,,Tỉnh Bắc Ninh,"62, Ngõ 195 Đường Vũ Ninh, Phường Vũ Ninh, Tỉnh Bắc Ninh",moi
138,Đường Khả Lễ,Phường Võ Cường,,Tỉnh Bắc Ninh,"138, Đường Khả Lễ, Phường Võ Cường, Tỉnh Bắc Ninh",moi
04,Đường Mỹ Phú 1A,Phường Tân Phú,,Thành phố Hồ Chí Minh,"04, Đường Mỹ Phú 1A, Phường Tân Phú, Thành phố Hồ Chí Minh",moi
24,Ngõ 71 Lê Hồng Phong,Phường Ba Đình,,Thành phố Hà Nội,"24, Ngõ 71 Lê Hồng Phong, Phường Ba Đình, Thành phố Hà Nội",moi
106,Đường Đàm Văn Tiết,Phường Nam Sơn,,Tỉnh Bắc Ninh,"106, Đường Đàm Văn Tiết, Phường Nam Sơn, Tỉnh Bắc Ninh",moi
68,Mã Mây,Phường Hoàn Kiếm,,Thành phố Hà Nội,"68, Mã Mây, Phường Hoàn Kiếm, Thành phố Hà Nội",moi
3,Ngõ 77 Lê Hồng Phong,Phường Ba Đình,,Thành phố Hà Nội,"3, Ngõ 77 Lê Hồng Phong, Phường Ba Đình, Thành phố Hà Nội",moi
16,Ngách 28/2 Ông Ích Khiêm,Phường Ba Đình,,Thành phố Hà Nội,"16, Ngách 28/2 Ông Ích Khiêm, Phường Ba Đình, Thành phố Hà Nội",moi
451,Đường Khuất Duy Tiến,Phường Quế Võ,,Tỉnh Bắc Ninh,"451, Đường Khuất Duy Tiến, Phường Quế Võ, Tỉnh Bắc Ninh",moi
237,Đường Nguyễn Quốc Ích,Phường Võ Cường,,Tỉnh Bắc Ninh,"237, Đường Nguyễn Quốc Ích, Phường Võ Cường, Tỉnh Bắc Ninh",moi
13,Đường Rạp Hát,Phường Kinh Bắc,,Tỉnh Bắc Ninh,"13, Đường Rạp Hát, Phường Kinh Bắc, Tỉnh Bắc Ninh",moi
660,Đường Đàm Văn Tiết,Phường Nam Sơn,,Tỉnh Bắc Ninh,"660, Đường Đàm Văn Tiết, Phường Nam Sơn, Tỉnh Bắc Ninh",moi
139,Đường Ngô Gia Tự,Phường Vũ Ninh,,Tỉnh Bắc Ninh,"139, Đường Ngô Gia Tự, Phường Vũ Ninh, Tỉnh Bắc Ninh",moi
215,Đường Ngô Gia Tự,Phường Kinh Bắc,,Tỉnh Bắc Ninh,"215, Đường Ngô Gia Tự, Phường Kinh Bắc, Tỉnh Bắc Ninh",moi
99,Mã Mây,Phường Hoàn Kiếm,,Thành phố Hà Nội,"99, Mã Mây, Phường Hoàn Kiếm, Thành phố Hà Nội",moi
563,Đường Nguyễn Trãi,Phường Hạp Lĩnh,,Tỉnh Bắc Ninh,"563, Đường Nguyễn Trãi, Phường Hạp Lĩnh, Tỉnh Bắc Ninh",moi
10,Đường Mỹ Phú 1A,Phường Tân Phú,,Thành phố Hồ Chí Minh,"10, Đường Mỹ Phú 1A, Phường Tân Phú, Thành phố Hồ Chí Minh",moi
127,Hàng Bạc,Phường Hoàn Kiếm,,Thành phố Hà Nội,"127, Hàng Bạc, Phường Hoàn Kiếm, Thành phố Hà Nội",moi
39,Đường Lý Thái Tổ,Phường Võ Cường,,Tỉnh Bắc Ninh,"39, Đường Lý Thái Tổ, Phường Võ Cường, Tỉnh Bắc Ninh",moi
42,Đường Giếng Ngọc,Phường Kinh Bắc,,Tỉnh Bắc Ninh,"42, Đường Giếng Ngọc, Phường Kinh Bắc, Tỉnh Bắc Ninh",moi
25,Đường Rạp Hát,Phường Kinh Bắc,,Tỉnh Bắc Ninh,"25, Đường Rạp Hát, Phường Kinh Bắc, Tỉnh Bắc Ninh",moi
52,Đường Hoàng Quốc Việt,Phường Vũ Ninh,,Tỉnh Bắc Ninh,"52, Đường Hoàng Quốc Việt, Phường Vũ Ninh, Tỉnh Bắc Ninh",moi
31,Ngõ 798 Đường Đấu Mã,Phường Võ Cường,,Tỉnh Bắc Ninh,"31, Ngõ 798 Đường Đấu Mã, Phường Võ Cường, Tỉnh Bắc Ninh",moi
128,Đường Hoàng Quốc Việt,Phường Vũ Ninh,,Tỉnh Bắc Ninh,"128, Đường Hoàng Quốc Việt, Phường Vũ Ninh, Tỉnh Bắc Ninh",moi
272,Đường Nguyễn Trãi,Phường Võ Cường,,Tỉnh Bắc Ninh,"272, Đường Nguyễn Trãi, Phường Võ Cường, Tỉnh Bắc Ninh",moi
6,Ngách 28/2 Ông Ích Khiêm,Phường Ba Đình,,Thành phố Hà Nội,"6, Ngách 28/2 Ông Ích Khiêm, Phường Ba Đình, Thành phố Hà Nội",moi
117,Phố Tam Lư 1,Phường Đồng Nguyên,,Tỉnh Bắc Ninh,"117, Phố Tam Lư 1, Phường Đồng Nguyên, Tỉnh Bắc Ninh",moi
11,Ngõ 267 Phố Lương Định Của,Phường Phương Liễu,,Tỉnh Bắc Ninh,"11, Ngõ 267 Phố Lương Định Của, Phường Phương Liễu, Tỉnh Bắc Ninh",moi
14B,Đường Cô Mễ,Phường Vũ Ninh,,Tỉnh Bắc Ninh,"14B, Đường Cô Mễ, Phường Vũ Ninh, Tỉnh Bắc Ninh",moi
132,Đường Như Nguyệt,Phường Vũ Ninh,,Tỉnh Bắc Ninh,"132, Đường Như Nguyệt, Phường Vũ Ninh, Tỉnh Bắc Ninh",moi
12,Đường Hữu Chấp,Phường Kinh Bắc,,Tỉnh Bắc Ninh,"12, Đường Hữu Chấp, Phường Kinh Bắc, Tỉnh Bắc Ninh",moi
2,Đường Lý Thường Kiệt,Xã Tiên Du,,Tỉnh Bắc Ninh,"2, Đường Lý Thường Kiệt, Xã Tiên Du, Tỉnh Bắc Ninh",moi
3,Đường Bình Than,Phường Võ Cường,,Tỉnh Bắc Ninh,"3, Đường Bình Than, Phường Võ Cường, Tỉnh Bắc Ninh",moi
14E,Đường Quốc Hương,Phường An Khánh,,Thành phố Hồ Chí Minh,"14E, Đường Quốc Hương, Phường An Khánh, Thành phố Hồ Chí Minh",moi
138,Phố Hà Liễu,Phường Phương Liễu,,Tỉnh Bắc Ninh,"138, Phố Hà Liễu, Phường Phương Liễu, Tỉnh Bắc Ninh",moi
51,Đường Trần Hưng Đạo,Phường Kinh Bắc,,Tỉnh Bắc Ninh,"51, Đường Trần Hưng Đạo, Phường Kinh Bắc, Tỉnh Bắc Ninh",moi
28,Đường Cầu Rồng,Phường Võ Cường,,Tỉnh Bắc Ninh,"28, Đường Cầu Rồng, Phường Võ Cường, Tỉnh Bắc Ninh",moi
232,Phố Lương Định Của,Phường Phương Liễu,,Tỉnh Bắc Ninh,"232, Phố Lương Định Của, Phường Phương Liễu, Tỉnh Bắc Ninh",moi
108,Đường Nguyễn Phong Sắc,Phường Phương Liễu,,Tỉnh Bắc Ninh,"108, Đường Nguyễn Phong Sắc, Phường Phương Liễu, Tỉnh Bắc Ninh",moi
161,Đường Bà Chúa Kho,Phường Vũ Ninh,,Tỉnh Bắc Ninh,"161, Đường Bà Chúa Kho, Phường Vũ Ninh, Tỉnh Bắc Ninh",moi
394,Đường Trần Hưng Đạo,Phường Phương Liễu,,Tỉnh Bắc Ninh,"394, Đường Trần Hưng Đạo, Phường Phương Liễu, Tỉnh Bắc Ninh",moi
2,Phố Lương Định Của,Phường Phương Liễu,,Tỉnh Bắc Ninh,"2, Phố Lương Định Của, Phường Phương Liễu, Tỉnh Bắc Ninh",moi
377,Đường Trần Hưng Đạo,Phường Phương Liễu,,Tỉnh Bắc Ninh,"377, Đường Trần Hưng Đạo, Phường Phương Liễu, Tỉnh Bắc Ninh",moi
23,Phố Phùng Hưng,Phường Hoàn Kiếm,,Thành phố Hà Nội,"23, Phố Phùng Hưng, Phường Hoàn Kiếm, Thành phố Hà Nội",moi
3,Ngõ 31 Hoàng Cầu,Phường Ô Chợ Dừa,,Thành phố Hà Nội,"3, Ngõ 31 Hoàng Cầu, Phường Ô Chợ Dừa, Thành phố Hà Nội",moi
19,Đường Hữu Chấp,Phường Kinh Bắc,,Tỉnh Bắc Ninh,"19, Đường Hữu Chấp, Phường Kinh Bắc, Tỉnh Bắc Ninh",moi
42,Đường Quang Trung,Phường Nhân Hòa,,Tỉnh Bắc Ninh,"42, Đường Quang Trung, Phường Nhân Hòa, Tỉnh Bắc Ninh",moi
43,Đường Số 18,Phường Tân Phú,,Thành phố Hồ Chí Minh,"43, Đường Số 18, Phường Tân Phú, Thành phố Hồ Chí Minh",moi
15,Đường Phúc Sơn,Phường Vũ Ninh,,Tỉnh Bắc Ninh,"15, Đường Phúc Sơn, Phường Vũ Ninh, Tỉnh Bắc Ninh",moi
141-143,Đường Trần Hưng Đạo,Phường Quế Võ,,Tỉnh Bắc Ninh,"141-143, Đường Trần Hưng Đạo, Phường Quế Võ, Tỉnh Bắc Ninh",moi
856,Đường Đàm Văn Tiết,Phường Nam Sơn,,Tỉnh Bắc Ninh,"856, Đường Đàm Văn Tiết, Phường Nam Sơn, Tỉnh Bắc Ninh",moi
150,Đường Hoàng Quốc Việt,Phường Vũ Ninh,,Tỉnh Bắc Ninh,"150, Đường Hoàng Quốc Việt, Phường Vũ Ninh, Tỉnh Bắc Ninh",moi
21,Mã Mây,Phường Hoàn Kiếm,,Thành phố Hà Nội,"21, Mã Mây, Phường Hoàn Kiếm, Thành phố Hà Nội",moi
26,Phố Sơn Tây,Phường Ba Đình,,Thành phố Hà Nội,"26, Phố Sơn Tây, Phường Ba Đình, Thành phố Hà Nội",moi
12C,Đường Hữu Chấp,Phường Kinh Bắc,,Tỉnh Bắc Ninh,"12C, Đường Hữu Chấp, Phường Kinh Bắc, Tỉnh Bắc Ninh",moi
26,Phố Giang Liễu 2,Phường Phương Liễu,,Tỉnh Bắc Ninh,"26, Phố Giang Liễu 2, Phường Phương Liễu, Tỉnh Bắc Ninh",moi
269,Đường Bà Chúa Kho,Phường Vũ Ninh,,Tỉnh Bắc Ninh,"269, Đường Bà Chúa Kho, Phường Vũ Ninh, Tỉnh Bắc Ninh",moi
16,Lê Lợi,Phường Thuận Hóa,,Thành phố Huế,"16, Lê Lợi, Phường Thuận Hóa, Thành phố Huế",moi
28,Phố Hàng Giấy,Phường Hoàn Kiếm,,Thành phố Hà Nội,"28, Phố Hàng Giấy, Phường Hoàn Kiếm, Thành phố Hà Nội",moi
10,Phố Hàng Cót,Phường Hoàn Kiếm,,Thành phố Hà Nội,"10, Phố Hàng Cót, Phường Hoàn Kiếm, Thành phố Hà Nội",moi
3,Ngõ 1031 Đường Quang Trung,Phường Quế Võ,,Tỉnh Bắc Ninh,"3, Ngõ 1031 Đường Quang Trung, Phường Quế Võ, Tỉnh Bắc Ninh",moi
36,Phố Yên Mẫn,Phường Kinh Bắc,,Tỉnh Bắc Ninh,"36, Phố Yên Mẫn, Phường Kinh Bắc, Tỉnh Bắc Ninh",moi
247,Phố Lương Định Của,Phường Phương Liễu,,Tỉnh Bắc Ninh,"247, Phố Lương Định Của, Phường Phương Liễu, Tỉnh Bắc Ninh",moi
11,Phố Chùa Một Cột,Phường Ba Đình,,Thành phố Hà Nội,"11, Phố Chùa Một Cột, Phường Ba Đình, Thành phố Hà Nội",moi
17,Phố Khúc Hạo,Phường Ba Đình,,Thành phố Hà Nội,"17, Phố Khúc Hạo, Phường Ba Đình, Thành phố Hà Nội",moi
169,Đường Cầu Rồng,Phường Võ Cường,,Tỉnh Bắc Ninh,"169, Đường Cầu Rồng, Phường Võ Cường, Tỉnh Bắc Ninh",moi
120A,Hoàng Hoa Thám,Phường Gia Định,,Thành phố Hồ Chí Minh,"120A, Hoàng Hoa Thám, Phường Gia Định, Thành phố Hồ Chí Minh",moi
154,Phố Phù Lưu,Phường Từ Sơn,,Tỉnh Bắc Ninh,"154, Phố Phù Lưu, Phường Từ Sơn, Tỉnh Bắc Ninh",moi
31,Phố Lê Hồng Phong,Phường Ba Đình,,Thành phố Hà Nội,"31, Phố Lê Hồng Phong, Phường Ba Đình, Thành phố Hà Nội",moi
11,Phố Chu Văn An,Phường Ba Đình,,Thành phố Hà Nội,"11, Phố Chu Văn An, Phường Ba Đình, Thành phố Hà Nội",moi
52,Bành Văn Trân,Phường Tân Sơn Nhất,,Thành phố Hồ Chí Minh,"52, Bành Văn Trân, Phường Tân Sơn Nhất, Thành phố Hồ Chí Minh",moi
8,Ngõ 28 Ông Ích Khiêm,Phường Ba Đình,,Thành phố Hà Nội,"8, Ngõ 28 Ông Ích Khiêm, Phường Ba Đình, Thành phố Hà Nội",moi
10,Đường Trương Định,Phường Phương Liễu,,Tỉnh Bắc Ninh,"10, Đường Trương Định, Phường Phương Liễu, Tỉnh Bắc Ninh",moi
548,Đường Nguyễn Trãi,Phường Võ Cường,,Tỉnh Bắc Ninh,"548, Đường Nguyễn Trãi, Phường Võ Cường, Tỉnh Bắc Ninh",moi
68,Đường Lý Thường Kiệt,Phường Vũ Ninh,,Tỉnh Bắc Ninh,"68, Đường Lý Thường Kiệt, Phường Vũ Ninh, Tỉnh Bắc Ninh",moi
8,Đường Ngô Tất Tố,Phường Võ Cường,,Tỉnh Bắc Ninh,"8, Đường Ngô Tất Tố, Phường Võ Cường, Tỉnh Bắc Ninh",moi
06,Đường Nội Khu 04,Phường Tân Phú,,Thành phố Hồ Chí Minh,"06, Đường Nội Khu 04, Phường Tân Phú, Thành phố Hồ Chí Minh",moi
64,Đường Cầu Tiên,Phường Võ Cường,,Tỉnh Bắc Ninh,"64, Đường Cầu Tiên, Phường Võ Cường, Tỉnh Bắc Ninh",moi
84,Đường Khả Lễ,Phường Võ Cường,,Tỉnh Bắc Ninh,"84, Đường Khả Lễ, Phường Võ Cường, Tỉnh Bắc Ninh",moi
27,Phố Cửa Đông,Phường Hoàn Kiếm,,Thành phố Hà Nội,"27, Phố Cửa Đông, Phường Hoàn Kiếm, Thành phố Hà Nội",moi
1,Phố Tôn Thất Đàm,Phường Ba Đình,,Thành phố Hà Nội,"1, Phố Tôn Thất Đàm, Phường Ba Đình, Thành phố Hà Nội",moi
11,Đường Rạp Hát,Phường Kinh Bắc,,Tỉnh Bắc Ninh,"11, Đường Rạp Hát, Phường Kinh Bắc, Tỉnh Bắc Ninh",moi
618,Đường Thiên Đức,Phường Kinh Bắc,,Tỉnh Bắc Ninh,"618, Đường Thiên Đức, Phường Kinh Bắc, Tỉnh Bắc Ninh",moi
118,Đường Cầu Rồng,Phường Võ Cường,,Tỉnh Bắc Ninh,"118, Đường Cầu Rồng, Phường Võ Cường, Tỉnh Bắc Ninh",moi
42,Ngõ 12 Đường Như Nguyệt,Phường Vũ Ninh,,Tỉnh Bắc Ninh,"42, Ngõ 12 Đường Như Nguyệt, Phường Vũ Ninh, Tỉnh Bắc Ninh",moi
1,Ngõ 1031 Đường Quang Trung,Phường Quế Võ,,Tỉnh Bắc Ninh,"1, Ngõ 1031 Đường Quang Trung, Phường Quế Võ, Tỉnh Bắc Ninh",moi
1827,Đường Quang Trung,Phường Bồng Lai,,Tỉnh Bắc Ninh,"1827, Đường Quang Trung, Phường Bồng Lai, Tỉnh Bắc Ninh",moi
12,Đường Nguyên Phi Ỷ Lan,Phường Kinh Bắc,,Tỉnh Bắc Ninh,"12, Đường Nguyên Phi Ỷ Lan, Phường Kinh Bắc, Tỉnh Bắc Ninh",moi
236,Phố Lương Định Của,Phường Phương Liễu,,Tỉnh Bắc Ninh,"236, Phố Lương Định Của, Phường Phương Liễu, Tỉnh Bắc Ninh",moi
143,Đường Nguyễn Quốc Ích,Phường Võ Cường,,Tỉnh Bắc Ninh,"143, Đường Nguyễn Quốc Ích, Phường Võ Cường, Tỉnh Bắc Ninh",moi
120,Đường Lê Phụng Hiểu,Phường Kinh Bắc,,Tỉnh Bắc Ninh,"120, Đường Lê Phụng Hiểu, Phường Kinh Bắc, Tỉnh Bắc Ninh",moi
32,Đường Hữu Chấp,Phường Kinh Bắc,,Tỉnh Bắc Ninh,"32, Đường Hữu Chấp, Phường Kinh Bắc, Tỉnh Bắc Ninh",moi
22,Ngõ 28 Ông Ích Khiêm,Phường Ba Đình,,Thành phố Hà Nội,"22, Ngõ 28 Ông Ích Khiêm, Phường Ba Đình, Thành phố Hà Nội",moi
17,Phố Vũ Huy Dực,Phường Quế Võ,,Tỉnh Bắc Ninh,"17, Phố Vũ Huy Dực, Phường Quế Võ, Tỉnh Bắc Ninh",moi
25,Đường Dương Ổ,Phường Võ Cường,,Tỉnh Bắc Ninh,"25, Đường Dương Ổ, Phường Võ Cường, Tỉnh Bắc Ninh",moi
19,Đường Lý Thái Tổ,Phường Từ Sơn,,Tỉnh Bắc Ninh,"19, Đường Lý Thái Tổ, Phường Từ Sơn, Tỉnh Bắc Ninh",moi
603,Đường Nguyễn Văn Cừ,Phường Võ Cường,,Tỉnh Bắc Ninh,"603, Đường Nguyễn Văn Cừ, Phường Võ Cường, Tỉnh Bắc Ninh",moi
117,Đường Nguyễn Dữ,Phường Cẩm Lệ,,Thành phố Đà Nẵng,"117, Đường Nguyễn Dữ, Phường Cẩm Lệ, Thành phố Đà Nẵng",moi
5A,Đường Đấu Mã,Phường Vũ Ninh,,Tỉnh Bắc Ninh,"5A, Đường Đấu Mã, Phường Vũ Ninh, Tỉnh Bắc Ninh",moi
205,Đường Bà Chúa Kho,Phường Vũ Ninh,,Tỉnh Bắc Ninh,"205, Đường Bà Chúa Kho, Phường Vũ Ninh, Tỉnh Bắc Ninh",moi
15,Ngõ 12 Đường Như Nguyệt,Phường Vũ Ninh,,Tỉnh Bắc Ninh,"15, Ngõ 12 Đường Như Nguyệt, Phường Vũ Ninh, Tỉnh Bắc Ninh",moi
20,Phố Cao Bá Quát,Phường Ba Đình,,Thành phố Hà Nội,"20, Phố Cao Bá Quát, Phường Ba Đình, Thành phố Hà Nội",moi
33,Đường Số 18,Phường Tân Phú,,Thành phố Hồ Chí Minh,"33, Đường Số 18, Phường Tân Phú, Thành phố Hồ Chí Minh",moi
68,Đường Quang Trung,Phường Nhân Hòa,,Tỉnh Bắc Ninh,"68, Đường Quang Trung, Phường Nhân Hòa, Tỉnh Bắc Ninh",moi
155,Phố Dương Văn Bé,Phường Vĩnh Tuy,,Thành phố Hà Nội,"155, Phố Dương Văn Bé, Phường Vĩnh Tuy, Thành phố Hà Nội",moi
6,Đường Phan Châu Trinh,Phường Quế Võ,,Tỉnh Bắc Ninh,"6, Đường Phan Châu Trinh, Phường Quế Võ, Tỉnh Bắc Ninh",moi
19,Phố Chu Văn An,Phường Ba Đình,,Thành phố Hà Nội,"19, Phố Chu Văn An, Phường Ba Đình, Thành phố Hà Nội",moi
90,Đường Dương Ổ,Phường Võ Cường,,Tỉnh Bắc Ninh,"90, Đường Dương Ổ, Phường Võ Cường, Tỉnh Bắc Ninh",moi
C36,Hà Kế Tấn,Phường Phương Liệt,,Thành phố Hà Nội,"C36, Hà Kế Tấn, Phường Phương Liệt, Thành phố Hà Nội",moi
3A,Đường Đấu Mã,Phường Vũ Ninh,,Tỉnh Bắc Ninh,"3A, Đường Đấu Mã, Phường Vũ Ninh, Tỉnh Bắc Ninh",moi
59,Phố Lương Định Của,Phường Phương Liễu,,Tỉnh Bắc Ninh,"59, Phố Lương Định Của, Phường Phương Liễu, Tỉnh Bắc Ninh",moi
98,Phố Nghĩa Tân,Phường Nghĩa Đô,,Thành phố Hà Nội,"98, Phố Nghĩa Tân, Phường Nghĩa Đô, Thành phố Hà Nội",moi
47,Đường Lê Phụng Hiểu,Phường Kinh Bắc,,Tỉnh Bắc Ninh,"47, Đường Lê Phụng Hiểu, Phường Kinh Bắc, Tỉnh Bắc Ninh",moi
269,Phố Lương Định Của,Phường Phương Liễu,,Tỉnh Bắc Ninh,"269, Phố Lương Định Của, Phường Phương Liễu, Tỉnh Bắc Ninh",moi
117,Đường Ngô Gia Tự,Phường Vũ Ninh,,Tỉnh Bắc Ninh,"117, Đường Ngô Gia Tự, Phường Vũ Ninh, Tỉnh Bắc Ninh",moi
8,Đường Hoàng Quốc Việt,Phường Vũ Ninh,,Tỉnh Bắc Ninh,"8, Đường Hoàng Quốc Việt, Phường Vũ Ninh, Tỉnh Bắc Ninh",moi
19A,Phố Ngọc Hà,Phường Ba Đình,,Thành phố Hà Nội,"19A, Phố Ngọc Hà, Phường Ba Đình, Thành phố Hà Nội",moi
14A,Ngõ 265 Đường Cô Mễ,Phường Vũ Ninh,,Tỉnh Bắc Ninh,"14A, Ngõ 265 Đường Cô Mễ, Phường Vũ Ninh, Tỉnh Bắc Ninh",moi
259,Phố Lương Định Của,Phường Phương Liễu,,Tỉnh Bắc Ninh,"259, Phố Lương Định Của, Phường Phương Liễu, Tỉnh Bắc Ninh",moi
7,Đường Trần Lựu,Phường Vũ Ninh,,Tỉnh Bắc Ninh,"7, Đường Trần Lựu, Phường Vũ Ninh, Tỉnh Bắc Ninh",moi
250,Phố Lương Định Của,Phường Phương Liễu,,Tỉnh Bắc Ninh,"250, Phố Lương Định Của, Phường Phương Liễu, Tỉnh Bắc Ninh",moi
148,Đường Lê Phụng Hiểu,Phường Kinh Bắc,,Tỉnh Bắc Ninh,"148, Đường Lê Phụng Hiểu, Phường Kinh Bắc, Tỉnh Bắc Ninh",moi
286,Phố Lương Định Của,Phường Phương Liễu,,Tỉnh Bắc Ninh,"286, Phố Lương Định Của, Phường Phương Liễu, Tỉnh Bắc Ninh",moi
282,Đường Nguyễn Gia Thiều,Phường Kinh Bắc,,Tỉnh Bắc Ninh,"282, Đường Nguyễn Gia Thiều, Phường Kinh Bắc, Tỉnh Bắc Ninh",moi
37/11,Đường Đặng Thùy Trâm,Phường Bình Lợi Trung,,Thành phố Hồ Chí Minh,"37/11, Đường Đặng Thùy Trâm, Phường Bình Lợi Trung, Thành phố Hồ Chí Minh",moi
1,Đường Hoàng Hoa Thám,Phường Võ Cường,,Tỉnh Bắc Ninh,"1, Đường Hoàng Hoa Thám, Phường Võ Cường, Tỉnh Bắc Ninh",moi
189,Đường Ngô Gia Tự,Phường Vũ Ninh,,Tỉnh Bắc Ninh,"189, Đường Ngô Gia Tự, Phường Vũ Ninh, Tỉnh Bắc Ninh",moi
42,Phố Yên Mẫn,Phường Kinh Bắc,,Tỉnh Bắc Ninh,"42, Phố Yên Mẫn, Phường Kinh Bắc, Tỉnh Bắc Ninh",moi
24,Ngõ 237 Đường Thiên Đức,Phường Kinh Bắc,,Tỉnh Bắc Ninh,"24, Ngõ 237 Đường Thiên Đức, Phường Kinh Bắc, Tỉnh Bắc Ninh",moi
3,Phố Vũ Huy Dực,Phường Quế Võ,,Tỉnh Bắc Ninh,"3, Phố Vũ Huy Dực, Phường Quế Võ, Tỉnh Bắc Ninh",moi
31,Đường Hữu Chấp,Phường Kinh Bắc,,Tỉnh Bắc Ninh,"31, Đường Hữu Chấp, Phường Kinh Bắc, Tỉnh Bắc Ninh",moi
17A,Phạm Hùng,Phường Chánh Hưng,,Thành phố Hồ Chí Minh,"17A, Phạm Hùng, Phường Chánh Hưng, Thành phố Hồ Chí Minh",moi
108,Đường Khả Lễ,Phường Võ Cường,,Tỉnh Bắc Ninh,"108, Đường Khả Lễ, Phường Võ Cường, Tỉnh Bắc Ninh",moi
53,Đường Nguyễn Phong Sắc,Phường Quế Võ,,Tỉnh Bắc Ninh,"53, Đường Nguyễn Phong Sắc, Phường Quế Võ, Tỉnh Bắc Ninh",moi
26,Phố Ông Ích Khiêm,Phường Ba Đình,,Thành phố Hà Nội,"26, Phố Ông Ích Khiêm, Phường Ba Đình, Thành phố Hà Nội",moi
93,Phố Lê Hồng Phong,Phường Ba Đình,,Thành phố Hà Nội,"93, Phố Lê Hồng Phong, Phường Ba Đình, Thành phố Hà Nội",moi
02,Đường Số 21,Phường Tân Phú,,Thành phố Hồ Chí Minh,"02, Đường Số 21, Phường Tân Phú, Thành phố Hồ Chí Minh",moi
218,Đường Ngô Gia Tự,Phường Kinh Bắc,,Tỉnh Bắc Ninh,"218, Đường Ngô Gia Tự, Phường Kinh Bắc, Tỉnh Bắc Ninh",moi
1,Đường Lý Thái Tổ,Phường Kinh Bắc,,Tỉnh Bắc Ninh,"1, Đường Lý Thái Tổ, Phường Kinh Bắc, Tỉnh Bắc Ninh",moi
số 23,Tùng Dinh,Đặc khu Cát Hải,,Thành phố Hải Phòng,"số 23, Tùng Dinh, Đặc khu Cát Hải, Thành phố Hải Phòng",moi
20,Phố Hàng Giấy,Phường Hoàn Kiếm,,Thành phố Hà Nội,"20, Phố Hàng Giấy, Phường Hoàn Kiếm, Thành phố Hà Nội",moi
36,Phố Trần Phú,Phường Ba Đình,,Thành phố Hà Nội,"36, Phố Trần Phú, Phường Ba Đình, Thành phố Hà Nội",moi
5,Đường Rạp Hát,Phường Kinh Bắc,,Tỉnh Bắc Ninh,"5, Đường Rạp Hát, Phường Kinh Bắc, Tỉnh Bắc Ninh",moi
4,Đường Hoàng Quốc Việt,Phường Vũ Ninh,,Tỉnh Bắc Ninh,"4, Đường Hoàng Quốc Việt, Phường Vũ Ninh, Tỉnh Bắc Ninh",moi
36,Đường Giếng Ngọc,Phường Kinh Bắc,,Tỉnh Bắc Ninh,"36, Đường Giếng Ngọc, Phường Kinh Bắc, Tỉnh Bắc Ninh",moi
23,Ngõ 28 Ông Ích Khiêm,Phường Ba Đình,,Thành phố Hà Nội,"23, Ngõ 28 Ông Ích Khiêm, Phường Ba Đình, Thành phố Hà Nội",moi
34,Ngách 5/4 Hoàng Quốc Việt,Phường Nghĩa Đô,,Thành phố Hà Nội,"34, Ngách 5/4 Hoàng Quốc Việt, Phường Nghĩa Đô, Thành phố Hà Nội",moi
30,Đường Khả Lễ,Phường Võ Cường,,Tỉnh Bắc Ninh,"30, Đường Khả Lễ, Phường Võ Cường, Tỉnh Bắc Ninh",moi
290,Đường Minh Khai,Phường Từ Sơn,,Tỉnh Bắc Ninh,"290, Đường Minh Khai, Phường Từ Sơn, Tỉnh Bắc Ninh",moi
61,Đường Trần Hưng Đạo,Phường Quế Võ,,Tỉnh Bắc Ninh,"61, Đường Trần Hưng Đạo, Phường Quế Võ, Tỉnh Bắc Ninh",moi
59,Đường Hoàng Quốc Việt,Phường Nghĩa Đô,,Thành phố Hà Nội,"59, Đường Hoàng Quốc Việt, Phường Nghĩa Đô, Thành phố Hà Nội",moi
399,Đường Quang Trung,Phường Nhân Hòa,,Tỉnh Bắc Ninh,"399, Đường Quang Trung, Phường Nhân Hòa, Tỉnh Bắc Ninh",moi
78A,Bành Văn Trân,Phường Tân Sơn Nhất,,Thành phố Hồ Chí Minh,"78A, Bành Văn Trân, Phường Tân Sơn Nhất, Thành phố Hồ Chí Minh",moi
Lô 12-12A,Đường số 22,Phường Trung Mỹ Tây,,Thành phố Hồ Chí Minh,"Lô 12-12A, Đường số 22, Phường Trung Mỹ Tây, Thành phố Hồ Chí Minh",moi
46,Đường Giếng Ngọc,Phường Kinh Bắc,,Tỉnh Bắc Ninh,"46, Đường Giếng Ngọc, Phường Kinh Bắc, Tỉnh Bắc Ninh",moi
22,Đường Lý Thái Tổ,Phường Võ Cường,,Tỉnh Bắc Ninh,"22, Đường Lý Thái Tổ, Phường Võ Cường, Tỉnh Bắc Ninh",moi
156,Đường Trần Hưng Đạo,Phường Kinh Bắc,,Tỉnh Bắc Ninh,"156, Đường Trần Hưng Đạo, Phường Kinh Bắc, Tỉnh Bắc Ninh",moi
11,Đường Nội Khu 04,Phường Tân Phú,,Thành phố Hồ Chí Minh,"11, Đường Nội Khu 04, Phường Tân Phú, Thành phố Hồ Chí Minh",moi
57,Đường Trần Hưng Đạo,Phường Kinh Bắc,,Tỉnh Bắc Ninh,"57, Đường Trần Hưng Đạo, Phường Kinh Bắc, Tỉnh Bắc Ninh",moi
13,Ngõ 19 Đặng Dung,Phường Ba Đình,,Thành phố Hà Nội,"13, Ngõ 19 Đặng Dung, Phường Ba Đình, Thành phố Hà Nội",moi
47,Đường Vũ Ninh,Phường Vũ Ninh,,Tỉnh Bắc Ninh,"47, Đường Vũ Ninh, Phường Vũ Ninh, Tỉnh Bắc Ninh",moi
A58,Đường Nội Khu 1,Phường Tân Phú,,Thành phố Hồ Chí Minh,"A58, Đường Nội Khu 1, Phường Tân Phú, Thành phố Hồ Chí Minh",moi
10A,Phố Khúc Hạo,Phường Ba Đình,,Thành phố Hà Nội,"10A, Phố Khúc Hạo, Phường Ba Đình, Thành phố Hà Nội",moi
16,Phố Song Tháp,Phường Phù Khê,,Tỉnh Bắc Ninh,"16, Phố Song Tháp, Phường Phù Khê, Tỉnh Bắc Ninh",moi
2,Ngõ 41 Đường Trần Hưng Đạo,Phường Kinh Bắc,,Tỉnh Bắc Ninh,"2, Ngõ 41 Đường Trần Hưng Đạo, Phường Kinh Bắc, Tỉnh Bắc Ninh",moi
7,Phố Chu Văn An,Phường Ba Đình,,Thành phố Hà Nội,"7, Phố Chu Văn An, Phường Ba Đình, Thành phố Hà Nội",moi
2,Đường Phúc Sơn,Phường Vũ Ninh,,Tỉnh Bắc Ninh,"2, Đường Phúc Sơn, Phường Vũ Ninh, Tỉnh Bắc Ninh",moi
41,Phố Trần Phú,Phường Ba Đình,,Thành phố Hà Nội,"41, Phố Trần Phú, Phường Ba Đình, Thành phố Hà Nội",moi
2,Đường Ngô Ðức Kế,Phường Sài Gòn,,Thành phố Hồ Chí Minh,"2, Đường Ngô Ðức Kế, Phường Sài Gòn, Thành phố Hồ Chí Minh",moi
307/21,Hẻm 307 Nguyễn Văn Trỗi,Phường Tân Sơn Hòa,,Thành phố Hồ Chí Minh,"307/21, Hẻm 307 Nguyễn Văn Trỗi, Phường Tân Sơn Hòa, Thành phố Hồ Chí Minh",moi
4a,Thanh Thuỳ,Phường Hoàn Kiếm,,Thành phố Hà Nội,"4a, Thanh Thuỳ, Phường Hoàn Kiếm, Thành phố Hà Nội",moi
15,Phố Phan Đình Phùng,Phường Ba Đình,,Thành phố Hà Nội,"15, Phố Phan Đình Phùng, Phường Ba Đình, Thành phố Hà Nội",moi
98,Đường Hữu Chấp,Phường Kinh Bắc,,Tỉnh Bắc Ninh,"98, Đường Hữu Chấp, Phường Kinh Bắc, Tỉnh Bắc Ninh",moi
26,Phố Trần Bình Trọng,Phường Phương Liễu,,Tỉnh Bắc Ninh,"26, Phố Trần Bình Trọng, Phường Phương Liễu, Tỉnh Bắc Ninh",moi
79,Đường Hữu Chấp,Phường Kinh Bắc,,Tỉnh Bắc Ninh,"79, Đường Hữu Chấp, Phường Kinh Bắc, Tỉnh Bắc Ninh",moi
2,Phố Mai Anh Tuấn,Phường Ô Chợ Dừa,,Thành phố Hà Nội,"2, Phố Mai Anh Tuấn, Phường Ô Chợ Dừa, Thành phố Hà Nội",moi
8,Phố Tân Hưng,Phường Từ Sơn,,Tỉnh Bắc Ninh,"8, Phố Tân Hưng, Phường Từ Sơn, Tỉnh Bắc Ninh",moi
13,Ngõ 267 Phố Lương Định Của,Phường Phương Liễu,,Tỉnh Bắc Ninh,"13, Ngõ 267 Phố Lương Định Của, Phường Phương Liễu, Tỉnh Bắc Ninh",moi
234,Đường Ngô Gia Tự,Phường Kinh Bắc,,Tỉnh Bắc Ninh,"234, Đường Ngô Gia Tự, Phường Kinh Bắc, Tỉnh Bắc Ninh",moi
58,Hàng Bè,Phường Hoàn Kiếm,,Thành phố Hà Nội,"58, Hàng Bè, Phường Hoàn Kiếm, Thành phố Hà Nội",moi
23B,Phố Lê Hồng Phong,Phường Ba Đình,,Thành phố Hà Nội,"23B, Phố Lê Hồng Phong, Phường Ba Đình, Thành phố Hà Nội",moi
296,Đường Lý Thường Kiệt,Phường Phù Khê,,Tỉnh Bắc Ninh,"296, Đường Lý Thường Kiệt, Phường Phù Khê, Tỉnh Bắc Ninh",moi
22,Phố Trần Bình Trọng,Phường Phương Liễu,,Tỉnh Bắc Ninh,"22, Phố Trần Bình Trọng, Phường Phương Liễu, Tỉnh Bắc Ninh",moi
17,Phố Đa Vạn,Phường Phù Khê,,Tỉnh Bắc Ninh,"17, Phố Đa Vạn, Phường Phù Khê, Tỉnh Bắc Ninh",moi
109,Mã Mây,Phường Hoàn Kiếm,,Thành phố Hà Nội,"109, Mã Mây, Phường Hoàn Kiếm, Thành phố Hà Nội",moi
6,Phố Tôn Thất Thuyết,Phường Phương Liễu,,Tỉnh Bắc Ninh,"6, Phố Tôn Thất Thuyết, Phường Phương Liễu, Tỉnh Bắc Ninh",moi
8,Đường Lê Quang Đạo,Phường Từ Sơn,,Tỉnh Bắc Ninh,"8, Đường Lê Quang Đạo, Phường Từ Sơn, Tỉnh Bắc Ninh",moi
110,Đường Dương Ổ,Phường Võ Cường,,Tỉnh Bắc Ninh,"110, Đường Dương Ổ, Phường Võ Cường, Tỉnh Bắc Ninh",moi
210,Đường Hoàng Quốc Việt,Phường Vũ Ninh,,Tỉnh Bắc Ninh,"210, Đường Hoàng Quốc Việt, Phường Vũ Ninh, Tỉnh Bắc Ninh",moi
1841,Đường Quang Trung,Phường Bồng Lai,,Tỉnh Bắc Ninh,"1841, Đường Quang Trung, Phường Bồng Lai, Tỉnh Bắc Ninh",moi
92,Phố Nghĩa Tân,Phường Nghĩa Đô,,Thành phố Hà Nội,"92, Phố Nghĩa Tân, Phường Nghĩa Đô, Thành phố Hà Nội",moi
60,Đường Hữu Chấp,Phường Kinh Bắc,,Tỉnh Bắc Ninh,"60, Đường Hữu Chấp, Phường Kinh Bắc, Tỉnh Bắc Ninh",moi
48A,Đường Hữu Chấp,Phường Kinh Bắc,,Tỉnh Bắc Ninh,"48A, Đường Hữu Chấp, Phường Kinh Bắc, Tỉnh Bắc Ninh",moi
69,Đường Kênh Nam,Phường Hạp Lĩnh,,Tỉnh Bắc Ninh,"69, Đường Kênh Nam, Phường Hạp Lĩnh, Tỉnh Bắc Ninh",moi
310,Đường Ngô Gia Tự,Phường Kinh Bắc,,Tỉnh Bắc Ninh,"310, Đường Ngô Gia Tự, Phường Kinh Bắc, Tỉnh Bắc Ninh",moi
24,Đường Thành Cổ,Phường Kinh Bắc,,Tỉnh Bắc Ninh,"24, Đường Thành Cổ, Phường Kinh Bắc, Tỉnh Bắc Ninh",moi
35,Phố Giang Liễu,Phường Phương Liễu,,Tỉnh Bắc Ninh,"35, Phố Giang Liễu, Phường Phương Liễu, Tỉnh Bắc Ninh",moi
77-79,Đường Hoàng Quốc Việt,Phường Nghĩa Đô,,Thành phố Hà Nội,"77-79, Đường Hoàng Quốc Việt, Phường Nghĩa Đô, Thành phố Hà Nội",moi
64,Đường Khả Lễ,Phường Võ Cường,,Tỉnh Bắc Ninh,"64, Đường Khả Lễ, Phường Võ Cường, Tỉnh Bắc Ninh",moi
12,Phố Tô Tịch,Phường Hoàn Kiếm,,Thành phố Hà Nội,"12, Phố Tô Tịch, Phường Hoàn Kiếm, Thành phố Hà Nội",moi
131,Đường Nguyễn Gia Thiều,Phường Kinh Bắc,,Tỉnh Bắc Ninh,"131, Đường Nguyễn Gia Thiều, Phường Kinh Bắc, Tỉnh Bắc Ninh",moi
215B,Nguyễn Trãi,Phường Cầu Ông Lãnh,,Thành phố Hồ Chí Minh,"215B, Nguyễn Trãi, Phường Cầu Ông Lãnh, Thành phố Hồ Chí Minh",moi
73,Phố Lê Hồng Phong,Phường Ba Đình,,Thành phố Hà Nội,"73, Phố Lê Hồng Phong, Phường Ba Đình, Thành phố Hà Nội",moi
37,Đường Hữu Chấp,Phường Kinh Bắc,,Tỉnh Bắc Ninh,"37, Đường Hữu Chấp, Phường Kinh Bắc, Tỉnh Bắc Ninh",moi
46,Ngõ 810 Đường Đấu Mã,Phường Võ Cường,,Tỉnh Bắc Ninh,"46, Ngõ 810 Đường Đấu Mã, Phường Võ Cường, Tỉnh Bắc Ninh",moi
7,Ngõ 350 Đường Lý Thường Kiệt,Phường Phù Khê,,Tỉnh Bắc Ninh,"7, Ngõ 350 Đường Lý Thường Kiệt, Phường Phù Khê, Tỉnh Bắc Ninh",moi
43,Đường Vũ Ninh,Phường Vũ Ninh,,Tỉnh Bắc Ninh,"43, Đường Vũ Ninh, Phường Vũ Ninh, Tỉnh Bắc Ninh",moi
235,Đường Nguyễn Gia Thiều,Phường Kinh Bắc,,Tỉnh Bắc Ninh,"235, Đường Nguyễn Gia Thiều, Phường Kinh Bắc, Tỉnh Bắc Ninh",moi
1272,Đường Nguyễn Trãi,Phường Hạp Lĩnh,,Tỉnh Bắc Ninh,"1272, Đường Nguyễn Trãi, Phường Hạp Lĩnh, Tỉnh Bắc Ninh",moi
16,Lương Văn Can,Phường Hoàn Kiếm,,Thành phố Hà Nội,"16, Lương Văn Can, Phường Hoàn Kiếm, Thành phố Hà Nội",moi
104B,Đường Hoàng Quốc Việt,Phường Vũ Ninh,,Tỉnh Bắc Ninh,"104B, Đường Hoàng Quốc Việt, Phường Vũ Ninh, Tỉnh Bắc Ninh",moi
35,Đường Số 18,Phường Tân Phú,,Thành phố Hồ Chí Minh,"35, Đường Số 18, Phường Tân Phú, Thành phố Hồ Chí Minh",moi
187,Đường Bà Chúa Kho,Phường Vũ Ninh,,Tỉnh Bắc Ninh,"187, Đường Bà Chúa Kho, Phường Vũ Ninh, Tỉnh Bắc Ninh",moi
2F,Đường Phù Đổng Thiên Vương,Phường Kinh Bắc,,Tỉnh Bắc Ninh,"2F, Đường Phù Đổng Thiên Vương, Phường Kinh Bắc, Tỉnh Bắc Ninh",moi
850,Đường Đàm Văn Tiết,Phường Nam Sơn,,Tỉnh Bắc Ninh,"850, Đường Đàm Văn Tiết, Phường Nam Sơn, Tỉnh Bắc Ninh",moi
22,Đường Nội Khu 02,Phường Tân Phú,,Thành phố Hồ Chí Minh,"22, Đường Nội Khu 02, Phường Tân Phú, Thành phố Hồ Chí Minh",moi
45,Phố Bát Sứ,Phường Hoàn Kiếm,,Thành phố Hà Nội,"45, Phố Bát Sứ, Phường Hoàn Kiếm, Thành phố Hà Nội",moi
50,Đường Trần Lựu,Phường Vũ Ninh,,Tỉnh Bắc Ninh,"50, Đường Trần Lựu, Phường Vũ Ninh, Tỉnh Bắc Ninh",moi
16,Đường Thanh Sơn,Phường Vũ Ninh,,Tỉnh Bắc Ninh,"16, Đường Thanh Sơn, Phường Vũ Ninh, Tỉnh Bắc Ninh",moi
238,Đường Hoàng Quốc Việt,Phường Vũ Ninh,,Tỉnh Bắc Ninh,"238, Đường Hoàng Quốc Việt, Phường Vũ Ninh, Tỉnh Bắc Ninh",moi
1,Ngõ 41 Đường Trần Hưng Đạo,Phường Kinh Bắc,,Tỉnh Bắc Ninh,"1, Ngõ 41 Đường Trần Hưng Đạo, Phường Kinh Bắc, Tỉnh Bắc Ninh",moi
21,Ngõ 28 Ông Ích Khiêm,Phường Ba Đình,,Thành phố Hà Nội,"21, Ngõ 28 Ông Ích Khiêm, Phường Ba Đình, Thành phố Hà Nội",moi
16,Hàng Buồm,Phường Hoàn Kiếm,,Thành phố Hà Nội,"16, Hàng Buồm, Phường Hoàn Kiếm, Thành phố Hà Nội",moi
12,Phố Lý Khánh Văn,Phường Từ Sơn,,Tỉnh Bắc Ninh,"12, Phố Lý Khánh Văn, Phường Từ Sơn, Tỉnh Bắc Ninh",moi
10B,Phố Khúc Hạo,Phường Ba Đình,,Thành phố Hà Nội,"10B, Phố Khúc Hạo, Phường Ba Đình, Thành phố Hà Nội",moi
177,Đường Lý Thái Tông,Phường Kinh Bắc,,Tỉnh Bắc Ninh,"177, Đường Lý Thái Tông, Phường Kinh Bắc, Tỉnh Bắc Ninh",moi
126,Đường Khả Lễ,Phường Võ Cường,,Tỉnh Bắc Ninh,"126, Đường Khả Lễ, Phường Võ Cường, Tỉnh Bắc Ninh",moi
20,Ngõ 28 Ông Ích Khiêm,Phường Ba Đình,,Thành phố Hà Nội,"20, Ngõ 28 Ông Ích Khiêm, Phường Ba Đình, Thành phố Hà Nội",moi
43-45,Đường Điện Biên Phủ,Phường Ba Đình,,Thành phố Hà Nội,"43-45, Đường Điện Biên Phủ, Phường Ba Đình, Thành phố Hà Nội",moi
69,Đường Hoàng Quốc Việt,Phường Nghĩa Đô,,Thành phố Hà Nội,"69, Đường Hoàng Quốc Việt, Phường Nghĩa Đô, Thành phố Hà Nội",moi
466,Đường Ngô Gia Tự,Phường Kinh Bắc,,Tỉnh Bắc Ninh,"466, Đường Ngô Gia Tự, Phường Kinh Bắc, Tỉnh Bắc Ninh",moi
27-29,Phố Trần Phú,Phường Ba Đình,,Thành phố Hà Nội,"27-29, Phố Trần Phú, Phường Ba Đình, Thành phố Hà Nội",moi
62,Đường Khả Lễ,Phường Võ Cường,,Tỉnh Bắc Ninh,"62, Đường Khả Lễ, Phường Võ Cường, Tỉnh Bắc Ninh",moi
16,Đường Nguyễn Quốc Ích,Phường Võ Cường,,Tỉnh Bắc Ninh,"16, Đường Nguyễn Quốc Ích, Phường Võ Cường, Tỉnh Bắc Ninh",moi
131,Đường Cầu Rồng,Phường Võ Cường,,Tỉnh Bắc Ninh,"131, Đường Cầu Rồng, Phường Võ Cường, Tỉnh Bắc Ninh",moi
47B,Phố Nguyễn Hữu Huân,Phường Hoàn Kiếm,,Thành phố Hà Nội,"47B, Phố Nguyễn Hữu Huân, Phường Hoàn Kiếm, Thành phố Hà Nội",moi
16,Ngõ 237 Đường Thiên Đức,Phường Kinh Bắc,,Tỉnh Bắc Ninh,"16, Ngõ 237 Đường Thiên Đức, Phường Kinh Bắc, Tỉnh Bắc Ninh",moi
04,Đường Số 21,Phường Tân Phú,,Thành phố Hồ Chí Minh,"04, Đường Số 21, Phường Tân Phú, Thành phố Hồ Chí Minh",moi
50,Hàng Chiếu,Phường Hoàn Kiếm,,Thành phố Hà Nội,"50, Hàng Chiếu, Phường Hoàn Kiếm, Thành phố Hà Nội",moi
104,Đường Hoàng Quốc Việt,Phường Vũ Ninh,,Tỉnh Bắc Ninh,"104, Đường Hoàng Quốc Việt, Phường Vũ Ninh, Tỉnh Bắc Ninh",moi
666,Đường Thiên Đức,Phường Kinh Bắc,,Tỉnh Bắc Ninh,"666, Đường Thiên Đức, Phường Kinh Bắc, Tỉnh Bắc Ninh",moi
03,Đường Mỹ Phú 1B,Phường Tân Phú,,Thành phố Hồ Chí Minh,"03, Đường Mỹ Phú 1B, Phường Tân Phú, Thành phố Hồ Chí Minh",moi
155,Đường Như Nguyệt,Phường Vũ Ninh,,Tỉnh Bắc Ninh,"155, Đường Như Nguyệt, Phường Vũ Ninh, Tỉnh Bắc Ninh",moi
1A,Ngõ 77 Lê Hồng Phong,Phường Ba Đình,,Thành phố Hà Nội,"1A, Ngõ 77 Lê Hồng Phong, Phường Ba Đình, Thành phố Hà Nội",moi
14,Phố Phương Vỹ,Phường Vũ Ninh,,Tỉnh Bắc Ninh,"14, Phố Phương Vỹ, Phường Vũ Ninh, Tỉnh Bắc Ninh",moi
249,Đường Hai Bà Trưng,Xã Tiên Du,,Tỉnh Bắc Ninh,"249, Đường Hai Bà Trưng, Xã Tiên Du, Tỉnh Bắc Ninh",moi
163,Trần Huy Liệu,Phường Phú Nhuận,,Thành phố Hồ Chí Minh,"163, Trần Huy Liệu, Phường Phú Nhuận, Thành phố Hồ Chí Minh",moi
195,Phố Lương Định Của,Phường Phương Liễu,,Tỉnh Bắc Ninh,"195, Phố Lương Định Của, Phường Phương Liễu, Tỉnh Bắc Ninh",moi
602,Đường Đàm Văn Tiết,Phường Nam Sơn,,Tỉnh Bắc Ninh,"602, Đường Đàm Văn Tiết, Phường Nam Sơn, Tỉnh Bắc Ninh",moi
14,Ngõ 133 Nguyễn Phong Sắc,Phường Nghĩa Đô,,Thành phố Hà Nội,"14, Ngõ 133 Nguyễn Phong Sắc, Phường Nghĩa Đô, Thành phố Hà Nội",moi
8,Phố Chu Văn An,Phường Ba Đình,,Thành phố Hà Nội,"8, Phố Chu Văn An, Phường Ba Đình, Thành phố Hà Nội",moi
1,Đường Nguyễn Gia Thiều,Phường Kinh Bắc,,Tỉnh Bắc Ninh,"1, Đường Nguyễn Gia Thiều, Phường Kinh Bắc, Tỉnh Bắc Ninh",moi
1,Ngách 133/22 Nguyễn Phong Sắc,Phường Nghĩa Đô,,Thành phố Hà Nội,"1, Ngách 133/22 Nguyễn Phong Sắc, Phường Nghĩa Đô, Thành phố Hà Nội",moi
01,Đường Mỹ Phú 1C,Phường Tân Phú,,Thành phố Hồ Chí Minh,"01, Đường Mỹ Phú 1C, Phường Tân Phú, Thành phố Hồ Chí Minh",moi
652,Đường Đàm Văn Tiết,Phường Nam Sơn,,Tỉnh Bắc Ninh,"652, Đường Đàm Văn Tiết, Phường Nam Sơn, Tỉnh Bắc Ninh",moi
51,Đường Nguyễn Phong Sắc,Phường Quế Võ,,Tỉnh Bắc Ninh,"51, Đường Nguyễn Phong Sắc, Phường Quế Võ, Tỉnh Bắc Ninh",moi
32,Phố Trần Quý Khoáng,Phường Phương Liễu,,Tỉnh Bắc Ninh,"32, Phố Trần Quý Khoáng, Phường Phương Liễu, Tỉnh Bắc Ninh",moi
339,Đường Hoàng Quốc Việt,Phường Vũ Ninh,,Tỉnh Bắc Ninh,"339, Đường Hoàng Quốc Việt, Phường Vũ Ninh, Tỉnh Bắc Ninh",moi
187,Đường Lê Phụng Hiểu,Phường Kinh Bắc,,Tỉnh Bắc Ninh,"187, Đường Lê Phụng Hiểu, Phường Kinh Bắc, Tỉnh Bắc Ninh",moi
239,Phố Lương Định Của,Phường Phương Liễu,,Tỉnh Bắc Ninh,"239, Phố Lương Định Của, Phường Phương Liễu, Tỉnh Bắc Ninh",moi
59,Đường Hữu Chấp,Phường Kinh Bắc,,Tỉnh Bắc Ninh,"59, Đường Hữu Chấp, Phường Kinh Bắc, Tỉnh Bắc Ninh",moi
17,Nguyễn Văn Tố,Phường Hoàn Kiếm,,Thành phố Hà Nội,"17, Nguyễn Văn Tố, Phường Hoàn Kiếm, Thành phố Hà Nội",moi
7,Phố Bà Huyện Thanh Quan,Phường Ba Đình,,Thành phố Hà Nội,"7, Phố Bà Huyện Thanh Quan, Phường Ba Đình, Thành phố Hà Nội",moi
238,Phố Lương Định Của,Phường Phương Liễu,,Tỉnh Bắc Ninh,"238, Phố Lương Định Của, Phường Phương Liễu, Tỉnh Bắc Ninh",moi
1,Phố Tạ Hiện,Phường Hoàn Kiếm,,Thành phố Hà Nội,"1, Phố Tạ Hiện, Phường Hoàn Kiếm, Thành phố Hà Nội",moi
22,Ngõ 71 Lê Hồng Phong,Phường Ba Đình,,Thành phố Hà Nội,"22, Ngõ 71 Lê Hồng Phong, Phường Ba Đình, Thành phố Hà Nội",moi
61,Nam Kỳ Khởi Nghĩa,Phường Bến Thành,,Thành phố Hồ Chí Minh,"61, Nam Kỳ Khởi Nghĩa, Phường Bến Thành, Thành phố Hồ Chí Minh",moi
1362,Đường Nguyễn Trãi,Phường Hạp Lĩnh,,Tỉnh Bắc Ninh,"1362, Đường Nguyễn Trãi, Phường Hạp Lĩnh, Tỉnh Bắc Ninh",moi
128,Phố Bồ Sơn,Phường Võ Cường,,Tỉnh Bắc Ninh,"128, Phố Bồ Sơn, Phường Võ Cường, Tỉnh Bắc Ninh",moi
3,Phố Trần Bình Trọng,Phường Phương Liễu,,Tỉnh Bắc Ninh,"3, Phố Trần Bình Trọng, Phường Phương Liễu, Tỉnh Bắc Ninh",moi
264,Phố Lương Định Của,Phường Phương Liễu,,Tỉnh Bắc Ninh,"264, Phố Lương Định Của, Phường Phương Liễu, Tỉnh Bắc Ninh",moi
77,Phố Nguyễn Văn Trỗi,Phường Từ Sơn,,Tỉnh Bắc Ninh,"77, Phố Nguyễn Văn Trỗi, Phường Từ Sơn, Tỉnh Bắc Ninh",moi
594,Đường Hoàng Quốc Việt,Phường Vũ Ninh,,Tỉnh Bắc Ninh,"594, Đường Hoàng Quốc Việt, Phường Vũ Ninh, Tỉnh Bắc Ninh",moi
35,Phố Trang Liệt 1,Phường Đồng Nguyên,,Tỉnh Bắc Ninh,"35, Phố Trang Liệt 1, Phường Đồng Nguyên, Tỉnh Bắc Ninh",moi
73FX+CQG,Đường Thân Nhân Trung,Phường Việt Yên,,Tỉnh Bắc Ninh,"73FX+CQG, Đường Thân Nhân Trung, Phường Việt Yên, Tỉnh Bắc Ninh",moi
09,Đường Nội Khu 04,Phường Tân Phú,,Thành phố Hồ Chí Minh,"09, Đường Nội Khu 04, Phường Tân Phú, Thành phố Hồ Chí Minh",moi
4X25+PXQ,Đường Lý Thái Tổ,Phường Từ Sơn,,Tỉnh Bắc Ninh,"4X25+PXQ, Đường Lý Thái Tổ, Phường Từ Sơn, Tỉnh Bắc Ninh",moi
304,Đường Nguyễn Gia Thiều,Phường Kinh Bắc,,Tỉnh Bắc Ninh,"304, Đường Nguyễn Gia Thiều, Phường Kinh Bắc, Tỉnh Bắc Ninh",moi
24,Phố Sơn Tây,Phường Ba Đình,,Thành phố Hà Nội,"24, Phố Sơn Tây, Phường Ba Đình, Thành phố Hà Nội",moi
412,Nguyễn Thị Minh Khai,Phường Bàn Cờ,,Thành phố Hồ Chí Minh,"412, Nguyễn Thị Minh Khai, Phường Bàn Cờ, Thành phố Hồ Chí Minh",moi
17,Đường Lý Thường Kiệt,Phường Vũ Ninh,,Tỉnh Bắc Ninh,"17, Đường Lý Thường Kiệt, Phường Vũ Ninh, Tỉnh Bắc Ninh",moi
5,Phố Lê Hồng Phong,Phường Ba Đình,,Thành phố Hà Nội,"5, Phố Lê Hồng Phong, Phường Ba Đình, Thành phố Hà Nội",moi
406,Đường Lý Thường Kiệt,Phường Phù Khê,,Tỉnh Bắc Ninh,"406, Đường Lý Thường Kiệt, Phường Phù Khê, Tỉnh Bắc Ninh",moi
147,Đường Ngô Gia Tự,Phường Vũ Ninh,,Tỉnh Bắc Ninh,"147, Đường Ngô Gia Tự, Phường Vũ Ninh, Tỉnh Bắc Ninh",moi
16,Phố Ông Ích Khiêm,Phường Ba Đình,,Thành phố Hà Nội,"16, Phố Ông Ích Khiêm, Phường Ba Đình, Thành phố Hà Nội",moi
56,Đường Nguyễn Đăng Đạo,Phường Võ Cường,,Tỉnh Bắc Ninh,"56, Đường Nguyễn Đăng Đạo, Phường Võ Cường, Tỉnh Bắc Ninh",moi
5,Ngõ 28 Ông Ích Khiêm,Phường Ba Đình,,Thành phố Hà Nội,"5, Ngõ 28 Ông Ích Khiêm, Phường Ba Đình, Thành phố Hà Nội",moi
53,Phố Trần Phú,Phường Ba Đình,,Thành phố Hà Nội,"53, Phố Trần Phú, Phường Ba Đình, Thành phố Hà Nội",moi
15,Đường Giếng Ngọc,Phường Kinh Bắc,,Tỉnh Bắc Ninh,"15, Đường Giếng Ngọc, Phường Kinh Bắc, Tỉnh Bắc Ninh",moi
21,Phố Đa Vạn,Phường Phù Khê,,Tỉnh Bắc Ninh,"21, Phố Đa Vạn, Phường Phù Khê, Tỉnh Bắc Ninh",moi
42/22,Đường Nguyễn Thượng Hiền,Phường Bàn Cờ,,Thành phố Hồ Chí Minh,"42/22, Đường Nguyễn Thượng Hiền, Phường Bàn Cờ, Thành phố Hồ Chí Minh",moi
10,Đường Trần Nhật Duật,Phường Hoàn Kiếm,,Thành phố Hà Nội,"10, Đường Trần Nhật Duật, Phường Hoàn Kiếm, Thành phố Hà Nội",moi
254A,Phố Lương Định Của,Phường Phương Liễu,,Tỉnh Bắc Ninh,"254A, Phố Lương Định Của, Phường Phương Liễu, Tỉnh Bắc Ninh",moi
507,Đường Hoàng Quốc Việt,Phường Vũ Ninh,,Tỉnh Bắc Ninh,"507, Đường Hoàng Quốc Việt, Phường Vũ Ninh, Tỉnh Bắc Ninh",moi
292,Đường Ngô Gia Tự,Phường Kinh Bắc,,Tỉnh Bắc Ninh,"292, Đường Ngô Gia Tự, Phường Kinh Bắc, Tỉnh Bắc Ninh",moi
223,Đường Trần Hưng Đạo,Phường Kinh Bắc,,Tỉnh Bắc Ninh,"223, Đường Trần Hưng Đạo, Phường Kinh Bắc, Tỉnh Bắc Ninh",moi
547,Đường Rừng Sác,Xã Bình Khánh,,Thành phố Hồ Chí Minh,"547, Đường Rừng Sác, Xã Bình Khánh, Thành phố Hồ Chí Minh",moi
14,Ngách 133/24 Nguyễn Phong Sắc,Phường Nghĩa Đô,,Thành phố Hà Nội,"14, Ngách 133/24 Nguyễn Phong Sắc, Phường Nghĩa Đô, Thành phố Hà Nội",moi
6,Phố Lê Hồng Phong,Phường Ba Đình,,Thành phố Hà Nội,"6, Phố Lê Hồng Phong, Phường Ba Đình, Thành phố Hà Nội",moi
38,Đường Lê Thái Tổ,Phường Võ Cường,,Tỉnh Bắc Ninh,"38, Đường Lê Thái Tổ, Phường Võ Cường, Tỉnh Bắc Ninh",moi
16,Ngõ 265 Đường Cô Mễ,Phường Vũ Ninh,,Tỉnh Bắc Ninh,"16, Ngõ 265 Đường Cô Mễ, Phường Vũ Ninh, Tỉnh Bắc Ninh",moi
"115, P Phùng Hưng",Phố Phùng Hưng,Phường Hoàn Kiếm,,Thành phố Hà Nội,"115, P Phùng Hưng, Phố Phùng Hưng, Phường Hoàn Kiếm, Thành phố Hà Nội",moi
24,Phố Vạn Hạnh,Phường Từ Sơn,,Tỉnh Bắc Ninh,"24, Phố Vạn Hạnh, Phường Từ Sơn, Tỉnh Bắc Ninh",moi
72,Đường Lý Thường Kiệt,Phường Vũ Ninh,,Tỉnh Bắc Ninh,"72, Đường Lý Thường Kiệt, Phường Vũ Ninh, Tỉnh Bắc Ninh",moi
40,Phố Yên Mẫn,Phường Kinh Bắc,,Tỉnh Bắc Ninh,"40, Phố Yên Mẫn, Phường Kinh Bắc, Tỉnh Bắc Ninh",moi
57,Phố Lê Hồng Phong,Phường Ba Đình,,Thành phố Hà Nội,"57, Phố Lê Hồng Phong, Phường Ba Đình, Thành phố Hà Nội",moi
4,Ngõ 267 Phố Lương Định Của,Phường Phương Liễu,,Tỉnh Bắc Ninh,"4, Ngõ 267 Phố Lương Định Của, Phường Phương Liễu, Tỉnh Bắc Ninh",moi
141,Đường Hoàng Quốc Việt,Phường Vũ Ninh,,Tỉnh Bắc Ninh,"141, Đường Hoàng Quốc Việt, Phường Vũ Ninh, Tỉnh Bắc Ninh",moi
18,Đường số 11,Phường Từ Sơn,,Tỉnh Bắc Ninh,"18, Đường số 11, Phường Từ Sơn, Tỉnh Bắc Ninh",moi
59,Phố Trần Phú,Phường Ba Đình,,Thành phố Hà Nội,"59, Phố Trần Phú, Phường Ba Đình, Thành phố Hà Nội",moi
149,Đường Nguyễn Gia Thiều,Phường Kinh Bắc,,Tỉnh Bắc Ninh,"149, Đường Nguyễn Gia Thiều, Phường Kinh Bắc, Tỉnh Bắc Ninh",moi
329,Đường Cô Mễ,Phường Vũ Ninh,,Tỉnh Bắc Ninh,"329, Đường Cô Mễ, Phường Vũ Ninh, Tỉnh Bắc Ninh",moi
1,Phố Trúc Bạch,Phường Ba Đình,,Thành phố Hà Nội,"1, Phố Trúc Bạch, Phường Ba Đình, Thành phố Hà Nội",moi
118,Phố Nghĩa Tân,Phường Nghĩa Đô,,Thành phố Hà Nội,"118, Phố Nghĩa Tân, Phường Nghĩa Đô, Thành phố Hà Nội",moi
5B,Nguyễn Siêu,Phường Sài Gòn,,Thành phố Hồ Chí Minh,"5B, Nguyễn Siêu, Phường Sài Gòn, Thành phố Hồ Chí Minh",moi
32A,Phố Sơn Tây,Phường Ba Đình,,Thành phố Hà Nội,"32A, Phố Sơn Tây, Phường Ba Đình, Thành phố Hà Nội",moi
251,Phố Lương Định Của,Phường Phương Liễu,,Tỉnh Bắc Ninh,"251, Phố Lương Định Của, Phường Phương Liễu, Tỉnh Bắc Ninh",moi
768,Đường Nguyễn Trãi,Phường Hạp Lĩnh,,Tỉnh Bắc Ninh,"768, Đường Nguyễn Trãi, Phường Hạp Lĩnh, Tỉnh Bắc Ninh",moi
79,Đường An Phước,Phường Vũ Ninh,,Tỉnh Bắc Ninh,"79, Đường An Phước, Phường Vũ Ninh, Tỉnh Bắc Ninh",moi
99,Đường Lê Quang Đạo,Phường Từ Sơn,,Tỉnh Bắc Ninh,"99, Đường Lê Quang Đạo, Phường Từ Sơn, Tỉnh Bắc Ninh",moi
34,Phố Yên Mẫn,Phường Kinh Bắc,,Tỉnh Bắc Ninh,"34, Phố Yên Mẫn, Phường Kinh Bắc, Tỉnh Bắc Ninh",moi
17B,Phố Phùng Hưng,Phường Hoàn Kiếm,,Thành phố Hà Nội,"17B, Phố Phùng Hưng, Phường Hoàn Kiếm, Thành phố Hà Nội",moi
16,Ngõ 71 Lê Hồng Phong,Phường Ba Đình,,Thành phố Hà Nội,"16, Ngõ 71 Lê Hồng Phong, Phường Ba Đình, Thành phố Hà Nội",moi
586,Đường Hoàng Quốc Việt,Phường Vũ Ninh,,Tỉnh Bắc Ninh,"586, Đường Hoàng Quốc Việt, Phường Vũ Ninh, Tỉnh Bắc Ninh",moi
254,Phố Lương Định Của,Phường Phương Liễu,,Tỉnh Bắc Ninh,"254, Phố Lương Định Của, Phường Phương Liễu, Tỉnh Bắc Ninh",moi
400,Đường Minh Khai,Phường Đồng Nguyên,,Tỉnh Bắc Ninh,"400, Đường Minh Khai, Phường Đồng Nguyên, Tỉnh Bắc Ninh",moi
419,Đường Quang Trung,Phường Nhân Hòa,,Tỉnh Bắc Ninh,"419, Đường Quang Trung, Phường Nhân Hòa, Tỉnh Bắc Ninh",moi
33,Phố Trần Phú,Phường Ba Đình,,Thành phố Hà Nội,"33, Phố Trần Phú, Phường Ba Đình, Thành phố Hà Nội",moi
96,Phố Phương Vỹ,Phường Vũ Ninh,,Tỉnh Bắc Ninh,"96, Phố Phương Vỹ, Phường Vũ Ninh, Tỉnh Bắc Ninh",moi
11,Phố Ngọc Hà,Phường Ba Đình,,Thành phố Hà Nội,"11, Phố Ngọc Hà, Phường Ba Đình, Thành phố Hà Nội",moi
199,Phố Lương Định Của,Phường Phương Liễu,,Tỉnh Bắc Ninh,"199, Phố Lương Định Của, Phường Phương Liễu, Tỉnh Bắc Ninh",moi
28,Đường Giếng Ngọc,Phường Kinh Bắc,,Tỉnh Bắc Ninh,"28, Đường Giếng Ngọc, Phường Kinh Bắc, Tỉnh Bắc Ninh",moi
72,Phố Lương Định Của,Phường Phương Liễu,,Tỉnh Bắc Ninh,"72, Phố Lương Định Của, Phường Phương Liễu, Tỉnh Bắc Ninh",moi
8/21,Đường 49B,Phường An Khánh,,Thành phố Hồ Chí Minh,"8/21, Đường 49B, Phường An Khánh, Thành phố Hồ Chí Minh",moi
34,Đường Hoàng Quốc Việt,Phường Vũ Ninh,,Tỉnh Bắc Ninh,"34, Đường Hoàng Quốc Việt, Phường Vũ Ninh, Tỉnh Bắc Ninh",moi
18,Đường Kênh Nam,Phường Hạp Lĩnh,,Tỉnh Bắc Ninh,"18, Đường Kênh Nam, Phường Hạp Lĩnh, Tỉnh Bắc Ninh",moi
7,Đường Đấu Mã,Phường Vũ Ninh,,Tỉnh Bắc Ninh,"7, Đường Đấu Mã, Phường Vũ Ninh, Tỉnh Bắc Ninh",moi
18,Phố Cao Bá Quát,Phường Ba Đình,,Thành phố Hà Nội,"18, Phố Cao Bá Quát, Phường Ba Đình, Thành phố Hà Nội",moi
525,Đường Thiên Đức,Phường Kinh Bắc,,Tỉnh Bắc Ninh,"525, Đường Thiên Đức, Phường Kinh Bắc, Tỉnh Bắc Ninh",moi
27,Ngõ 12 Đường Như Nguyệt,Phường Vũ Ninh,,Tỉnh Bắc Ninh,"27, Ngõ 12 Đường Như Nguyệt, Phường Vũ Ninh, Tỉnh Bắc Ninh",moi
208,Đường Như Nguyệt,Phường Vũ Ninh,,Tỉnh Bắc Ninh,"208, Đường Như Nguyệt, Phường Vũ Ninh, Tỉnh Bắc Ninh",moi
32C,Phố Sơn Tây,Phường Ba Đình,,Thành phố Hà Nội,"32C, Phố Sơn Tây, Phường Ba Đình, Thành phố Hà Nội",moi
12,Đường Mỹ Phú 1C,Phường Tân Phú,,Thành phố Hồ Chí Minh,"12, Đường Mỹ Phú 1C, Phường Tân Phú, Thành phố Hồ Chí Minh",moi
8/13A,Đường 49B,Phường An Khánh,,Thành phố Hồ Chí Minh,"8/13A, Đường 49B, Phường An Khánh, Thành phố Hồ Chí Minh",moi
69,Đường Cầu Rồng,Phường Võ Cường,,Tỉnh Bắc Ninh,"69, Đường Cầu Rồng, Phường Võ Cường, Tỉnh Bắc Ninh",moi
24,Phố Trần Bình Trọng,Phường Phương Liễu,,Tỉnh Bắc Ninh,"24, Phố Trần Bình Trọng, Phường Phương Liễu, Tỉnh Bắc Ninh",moi
A50,Đường Nội Khu 2,Phường Tân Phú,,Thành phố Hồ Chí Minh,"A50, Đường Nội Khu 2, Phường Tân Phú, Thành phố Hồ Chí Minh",moi
2,Phố Hàng Giấy,Phường Hoàn Kiếm,,Thành phố Hà Nội,"2, Phố Hàng Giấy, Phường Hoàn Kiếm, Thành phố Hà Nội",moi
243-245,Đường Nguyễn Gia Thiều,Phường Kinh Bắc,,Tỉnh Bắc Ninh,"243-245, Đường Nguyễn Gia Thiều, Phường Kinh Bắc, Tỉnh Bắc Ninh",moi
522-524-526,Đường Nguyễn Chí Thanh,Phường Diên Hồng,,Thành phố Hồ Chí Minh,"522-524-526, Đường Nguyễn Chí Thanh, Phường Diên Hồng, Thành phố Hồ Chí Minh",moi
65,Đường Bà Chúa Kho,Phường Vũ Ninh,,Tỉnh Bắc Ninh,"65, Đường Bà Chúa Kho, Phường Vũ Ninh, Tỉnh Bắc Ninh",moi
109,Đường Nguyễn Thủ Tiệp,Phường Hạp Lĩnh,,Tỉnh Bắc Ninh,"109, Đường Nguyễn Thủ Tiệp, Phường Hạp Lĩnh, Tỉnh Bắc Ninh",moi
1A,Phố Tạ Hiện,Phường Hoàn Kiếm,,Thành phố Hà Nội,"1A, Phố Tạ Hiện, Phường Hoàn Kiếm, Thành phố Hà Nội",moi
6,Đường Vũ Ninh,Phường Vũ Ninh,,Tỉnh Bắc Ninh,"6, Đường Vũ Ninh, Phường Vũ Ninh, Tỉnh Bắc Ninh",moi
107,Phố Lê Hồng Phong,Phường Ba Đình,,Thành phố Hà Nội,"107, Phố Lê Hồng Phong, Phường Ba Đình, Thành phố Hà Nội",moi
72,Phố Yên Mẫn,Phường Kinh Bắc,,Tỉnh Bắc Ninh,"72, Phố Yên Mẫn, Phường Kinh Bắc, Tỉnh Bắc Ninh",moi
80,Đường Lê Văn Thịnh,Phường Kinh Bắc,,Tỉnh Bắc Ninh,"80, Đường Lê Văn Thịnh, Phường Kinh Bắc, Tỉnh Bắc Ninh",moi
28,Phố Bát Sứ,Phường Hoàn Kiếm,,Thành phố Hà Nội,"28, Phố Bát Sứ, Phường Hoàn Kiếm, Thành phố Hà Nội",moi
294,Phố Lương Định Của,Phường Phương Liễu,,Tỉnh Bắc Ninh,"294, Phố Lương Định Của, Phường Phương Liễu, Tỉnh Bắc Ninh",moi
5,Ngõ 267 Phố Lương Định Của,Phường Phương Liễu,,Tỉnh Bắc Ninh,"5, Ngõ 267 Phố Lương Định Của, Phường Phương Liễu, Tỉnh Bắc Ninh",moi
49,Lương Ngọc Quyến,Phường Hoàn Kiếm,,Thành phố Hà Nội,"49, Lương Ngọc Quyến, Phường Hoàn Kiếm, Thành phố Hà Nội",moi
2,Phố Phan Huy Ích,Phường Ba Đình,,Thành phố Hà Nội,"2, Phố Phan Huy Ích, Phường Ba Đình, Thành phố Hà Nội",moi
274,Phố Lương Định Của,Phường Phương Liễu,,Tỉnh Bắc Ninh,"274, Phố Lương Định Của, Phường Phương Liễu, Tỉnh Bắc Ninh",moi
44,Đường Giếng Ngọc,Phường Kinh Bắc,,Tỉnh Bắc Ninh,"44, Đường Giếng Ngọc, Phường Kinh Bắc, Tỉnh Bắc Ninh",moi
272,Đường Hoàng Quốc Việt,Phường Vũ Ninh,,Tỉnh Bắc Ninh,"272, Đường Hoàng Quốc Việt, Phường Vũ Ninh, Tỉnh Bắc Ninh",moi
1,Đường Vũ Ninh,Phường Vũ Ninh,,Tỉnh Bắc Ninh,"1, Đường Vũ Ninh, Phường Vũ Ninh, Tỉnh Bắc Ninh",moi
39,Phố Hàng Bạc,Phường Hoàn Kiếm,,Thành phố Hà Nội,"39, Phố Hàng Bạc, Phường Hoàn Kiếm, Thành phố Hà Nội",moi
63,Phố Lê Hồng Phong,Phường Ba Đình,,Thành phố Hà Nội,"63, Phố Lê Hồng Phong, Phường Ba Đình, Thành phố Hà Nội",moi
12,Phố Hàng Cót,Phường Hoàn Kiếm,,Thành phố Hà Nội,"12, Phố Hàng Cót, Phường Hoàn Kiếm, Thành phố Hà Nội",moi
87,Mã Mây,Phường Hoàn Kiếm,,Thành phố Hà Nội,"87, Mã Mây, Phường Hoàn Kiếm, Thành phố Hà Nội",moi
32,Đường Lý Thường Kiệt,Xã Tiên Du,,Tỉnh Bắc Ninh,"32, Đường Lý Thường Kiệt, Xã Tiên Du, Tỉnh Bắc Ninh",moi
66,Phố Nguyễn Thái Học,Phường Ba Đình,,Thành phố Hà Nội,"66, Phố Nguyễn Thái Học, Phường Ba Đình, Thành phố Hà Nội",moi
19,Ngõ 28 Ông Ích Khiêm,Phường Ba Đình,,Thành phố Hà Nội,"19, Ngõ 28 Ông Ích Khiêm, Phường Ba Đình, Thành phố Hà Nội",moi
3,Ngõ 459 Đường Hoàng Quốc Việt,Phường Vũ Ninh,,Tỉnh Bắc Ninh,"3, Ngõ 459 Đường Hoàng Quốc Việt, Phường Vũ Ninh, Tỉnh Bắc Ninh",moi
52,Đường Giếng Ngọc,Phường Kinh Bắc,,Tỉnh Bắc Ninh,"52, Đường Giếng Ngọc, Phường Kinh Bắc, Tỉnh Bắc Ninh",moi
8,Phố Tô Tịch,Phường Hoàn Kiếm,,Thành phố Hà Nội,"8, Phố Tô Tịch, Phường Hoàn Kiếm, Thành phố Hà Nội",moi
17,Phố Chả Cá,Phường Hoàn Kiếm,,Thành phố Hà Nội,"17, Phố Chả Cá, Phường Hoàn Kiếm, Thành phố Hà Nội",moi
26,Đường Bà Chúa Kho,Phường Vũ Ninh,,Tỉnh Bắc Ninh,"26, Đường Bà Chúa Kho, Phường Vũ Ninh, Tỉnh Bắc Ninh",moi
1213,Đường Quang Trung,Phường Quế Võ,,Tỉnh Bắc Ninh,"1213, Đường Quang Trung, Phường Quế Võ, Tỉnh Bắc Ninh",moi
11,Đường Nguyễn Đăng Đạo,Phường Võ Cường,,Tỉnh Bắc Ninh,"11, Đường Nguyễn Đăng Đạo, Phường Võ Cường, Tỉnh Bắc Ninh",moi
37,Đường Điện Biên Phủ,Phường Ba Đình,,Thành phố Hà Nội,"37, Đường Điện Biên Phủ, Phường Ba Đình, Thành phố Hà Nội",moi
74,Phố Trang Liệt 1,Phường Đồng Nguyên,,Tỉnh Bắc Ninh,"74, Phố Trang Liệt 1, Phường Đồng Nguyên, Tỉnh Bắc Ninh",moi
12,Đường Cô Mễ,Phường Vũ Ninh,,Tỉnh Bắc Ninh,"12, Đường Cô Mễ, Phường Vũ Ninh, Tỉnh Bắc Ninh",moi
38,Đường Dương Ổ,Phường Võ Cường,,Tỉnh Bắc Ninh,"38, Đường Dương Ổ, Phường Võ Cường, Tỉnh Bắc Ninh",moi
338,Đường Thiên Đức,Phường Kinh Bắc,,Tỉnh Bắc Ninh,"338, Đường Thiên Đức, Phường Kinh Bắc, Tỉnh Bắc Ninh",moi
188,Phố Phó Đức Chính,Phường Ba Đình,,Thành phố Hà Nội,"188, Phố Phó Đức Chính, Phường Ba Đình, Thành phố Hà Nội",moi
274-276,Đường Ngô Gia Tự,Phường Kinh Bắc,,Tỉnh Bắc Ninh,"274-276, Đường Ngô Gia Tự, Phường Kinh Bắc, Tỉnh Bắc Ninh",moi
327,Đường Cô Mễ,Phường Vũ Ninh,,Tỉnh Bắc Ninh,"327, Đường Cô Mễ, Phường Vũ Ninh, Tỉnh Bắc Ninh",moi
429,Đường Lý Thường Kiệt,Phường Phù Khê,,Tỉnh Bắc Ninh,"429, Đường Lý Thường Kiệt, Phường Phù Khê, Tỉnh Bắc Ninh",moi
11A,Phố Ngọc Hà,Phường Ba Đình,,Thành phố Hà Nội,"11A, Phố Ngọc Hà, Phường Ba Đình, Thành phố Hà Nội",moi
209,Đường Nguyễn Quốc Ích,Phường Võ Cường,,Tỉnh Bắc Ninh,"209, Đường Nguyễn Quốc Ích, Phường Võ Cường, Tỉnh Bắc Ninh",moi
588,Đường Hoàng Quốc Việt,Phường Vũ Ninh,,Tỉnh Bắc Ninh,"588, Đường Hoàng Quốc Việt, Phường Vũ Ninh, Tỉnh Bắc Ninh",moi
14E1,Đường Số 38,Phường An Khánh,,Thành phố Hồ Chí Minh,"14E1, Đường Số 38, Phường An Khánh, Thành phố Hồ Chí Minh",moi
221A,Nguyễn Trọng Tuyển,Phường Phú Nhuận,,Thành phố Hồ Chí Minh,"221A, Nguyễn Trọng Tuyển, Phường Phú Nhuận, Thành phố Hồ Chí Minh",moi
51,Phố Trần Bình Trọng,Phường Phương Liễu,,Tỉnh Bắc Ninh,"51, Phố Trần Bình Trọng, Phường Phương Liễu, Tỉnh Bắc Ninh",moi
2,Ngõ 1031 Đường Quang Trung,Phường Quế Võ,,Tỉnh Bắc Ninh,"2, Ngõ 1031 Đường Quang Trung, Phường Quế Võ, Tỉnh Bắc Ninh",moi
42,Phố Sơn Tây,Phường Ba Đình,,Thành phố Hà Nội,"42, Phố Sơn Tây, Phường Ba Đình, Thành phố Hà Nội",moi
139,Đường Lê Văn Thịnh,Xã Gia Bình,,Tỉnh Bắc Ninh,"139, Đường Lê Văn Thịnh, Xã Gia Bình, Tỉnh Bắc Ninh",moi
161,Đường Hoàng Quốc Việt,Phường Vũ Ninh,,Tỉnh Bắc Ninh,"161, Đường Hoàng Quốc Việt, Phường Vũ Ninh, Tỉnh Bắc Ninh",moi
31,Phố Hoàng Cầu,Phường Ô Chợ Dừa,,Thành phố Hà Nội,"31, Phố Hoàng Cầu, Phường Ô Chợ Dừa, Thành phố Hà Nội",moi
115,Đường Quang Trung,Phường Nhân Hòa,,Tỉnh Bắc Ninh,"115, Đường Quang Trung, Phường Nhân Hòa, Tỉnh Bắc Ninh",moi
45,Đường Hoàng Quốc Việt,Phường Nghĩa Đô,,Thành phố Hà Nội,"45, Đường Hoàng Quốc Việt, Phường Nghĩa Đô, Thành phố Hà Nội",moi
46,Đường Số 19,Phường Tân Phú,,Thành phố Hồ Chí Minh,"46, Đường Số 19, Phường Tân Phú, Thành phố Hồ Chí Minh",moi
55,Phố Tiểu Nam,Phường Tân Phú,,Thành phố Hồ Chí Minh,"55, Phố Tiểu Nam, Phường Tân Phú, Thành phố Hồ Chí Minh",moi
55,Đường Thành,Phường Hoàn Kiếm,,Thành phố Hà Nội,"55, Đường Thành, Phường Hoàn Kiếm, Thành phố Hà Nội",moi
13,Phố Hàng Cót,Phường Hoàn Kiếm,,Thành phố Hà Nội,"13, Phố Hàng Cót, Phường Hoàn Kiếm, Thành phố Hà Nội",moi
10,Phố Khúc Hạo,Phường Ba Đình,,Thành phố Hà Nội,"10, Phố Khúc Hạo, Phường Ba Đình, Thành phố Hà Nội",moi
25,Ngách 459/3 Đường Hoàng Quốc Việt,Phường Vũ Ninh,,Tỉnh Bắc Ninh,"25, Ngách 459/3 Đường Hoàng Quốc Việt, Phường Vũ Ninh, Tỉnh Bắc Ninh",moi
27,Đường Rạp Hát,Phường Kinh Bắc,,Tỉnh Bắc Ninh,"27, Đường Rạp Hát, Phường Kinh Bắc, Tỉnh Bắc Ninh",moi
110,Phố Bồ Sơn,Phường Võ Cường,,Tỉnh Bắc Ninh,"110, Phố Bồ Sơn, Phường Võ Cường, Tỉnh Bắc Ninh",moi
4,Đường Hoàng Diệu,Phường Ba Đình,,Thành phố Hà Nội,"4, Đường Hoàng Diệu, Phường Ba Đình, Thành phố Hà Nội",moi
9,Mã Mây,Phường Hoàn Kiếm,,Thành phố Hà Nội,"9, Mã Mây, Phường Hoàn Kiếm, Thành phố Hà Nội",moi
9,Phố Khúc Hạo,Phường Ba Đình,,Thành phố Hà Nội,"9, Phố Khúc Hạo, Phường Ba Đình, Thành phố Hà Nội",moi
1,Đường Trần Quốc Toản,Phường Kinh Bắc,,Tỉnh Bắc Ninh,"1, Đường Trần Quốc Toản, Phường Kinh Bắc, Tỉnh Bắc Ninh",moi
34,Đường Trần Nhật Duật,Phường Hoàn Kiếm,,Thành phố Hà Nội,"34, Đường Trần Nhật Duật, Phường Hoàn Kiếm, Thành phố Hà Nội",moi
29,Phố Trần Phú,Phường Ba Đình,,Thành phố Hà Nội,"29, Phố Trần Phú, Phường Ba Đình, Thành phố Hà Nội",moi
5,Phố Giang Liễu 2,Phường Phương Liễu,,Tỉnh Bắc Ninh,"5, Phố Giang Liễu 2, Phường Phương Liễu, Tỉnh Bắc Ninh",moi
528,Đường An Dương Vương,Phường Bình Phú,,Thành phố Hồ Chí Minh,"528, Đường An Dương Vương, Phường Bình Phú, Thành phố Hồ Chí Minh",moi
3,Ngõ 267 Phố Lương Định Của,Phường Phương Liễu,,Tỉnh Bắc Ninh,"3, Ngõ 267 Phố Lương Định Của, Phường Phương Liễu, Tỉnh Bắc Ninh",moi
123,Đường Ngô Gia Tự,Phường Vũ Ninh,,Tỉnh Bắc Ninh,"123, Đường Ngô Gia Tự, Phường Vũ Ninh, Tỉnh Bắc Ninh",moi
28,Ngõ 507 Đường Hoàng Quốc Việt,Phường Vũ Ninh,,Tỉnh Bắc Ninh,"28, Ngõ 507 Đường Hoàng Quốc Việt, Phường Vũ Ninh, Tỉnh Bắc Ninh",moi
21,Đường Hoàng Quốc Việt,Phường Nghĩa Đô,,Thành phố Hà Nội,"21, Đường Hoàng Quốc Việt, Phường Nghĩa Đô, Thành phố Hà Nội",moi
3,Đường số 4,Xã Tân Nhựt,,Thành phố Hồ Chí Minh,"3, Đường số 4, Xã Tân Nhựt, Thành phố Hồ Chí Minh",moi
794,Đường Đàm Văn Tiết,Phường Nam Sơn,,Tỉnh Bắc Ninh,"794, Đường Đàm Văn Tiết, Phường Nam Sơn, Tỉnh Bắc Ninh",moi
16,Đường Phù Đổng Thiên Vương,Phường Kinh Bắc,,Tỉnh Bắc Ninh,"16, Đường Phù Đổng Thiên Vương, Phường Kinh Bắc, Tỉnh Bắc Ninh",moi
285,Đường Nguyễn Quốc Ích,Phường Võ Cường,,Tỉnh Bắc Ninh,"285, Đường Nguyễn Quốc Ích, Phường Võ Cường, Tỉnh Bắc Ninh",moi
768,Đường Đàm Văn Tiết,Phường Nam Sơn,,Tỉnh Bắc Ninh,"768, Đường Đàm Văn Tiết, Phường Nam Sơn, Tỉnh Bắc Ninh",moi
65,Ngô Gia Tự,Xã Gia Bình,,Tỉnh Bắc Ninh,"65, Ngô Gia Tự, Xã Gia Bình, Tỉnh Bắc Ninh",moi
67,Phố Nguyễn Hữu Nghiêm,Phường Kinh Bắc,,Tỉnh Bắc Ninh,"67, Phố Nguyễn Hữu Nghiêm, Phường Kinh Bắc, Tỉnh Bắc Ninh",moi
38,Phố Yên Mẫn,Phường Kinh Bắc,,Tỉnh Bắc Ninh,"38, Phố Yên Mẫn, Phường Kinh Bắc, Tỉnh Bắc Ninh",moi
18,Phố Hàng Cót,Phường Hoàn Kiếm,,Thành phố Hà Nội,"18, Phố Hàng Cót, Phường Hoàn Kiếm, Thành phố Hà Nội",moi
188,Đường Lê Hồng Phong,Phường Chợ Quán,,Thành phố Hồ Chí Minh,"188, Đường Lê Hồng Phong, Phường Chợ Quán, Thành phố Hồ Chí Minh",moi
37,Đường Số 18,Phường Tân Phú,,Thành phố Hồ Chí Minh,"37, Đường Số 18, Phường Tân Phú, Thành phố Hồ Chí Minh",moi
2,Đường Rạp Hát,Phường Kinh Bắc,,Tỉnh Bắc Ninh,"2, Đường Rạp Hát, Phường Kinh Bắc, Tỉnh Bắc Ninh",moi
40,Đường Hoàng Quốc Việt,Phường Vũ Ninh,,Tỉnh Bắc Ninh,"40, Đường Hoàng Quốc Việt, Phường Vũ Ninh, Tỉnh Bắc Ninh",moi
167,Đường Hồ Ngọc Lân,Phường Kinh Bắc,,Tỉnh Bắc Ninh,"167, Đường Hồ Ngọc Lân, Phường Kinh Bắc, Tỉnh Bắc Ninh",moi
22,Đường Kinh Bắc 44,Phường Kinh Bắc,,Tỉnh Bắc Ninh,"22, Đường Kinh Bắc 44, Phường Kinh Bắc, Tỉnh Bắc Ninh",moi
A51,Đường Nội Khu 1,Phường Tân Phú,,Thành phố Hồ Chí Minh,"A51, Đường Nội Khu 1, Phường Tân Phú, Thành phố Hồ Chí Minh",moi
23,Phố Nguyễn Xuân Chính,Phường Kinh Bắc,,Tỉnh Bắc Ninh,"23, Phố Nguyễn Xuân Chính, Phường Kinh Bắc, Tỉnh Bắc Ninh",moi
287,Đường Nguyễn Quốc Ích,Phường Võ Cường,,Tỉnh Bắc Ninh,"287, Đường Nguyễn Quốc Ích, Phường Võ Cường, Tỉnh Bắc Ninh",moi
432,Đường Thân Nhân Trung,Phường Việt Yên,,Tỉnh Bắc Ninh,"432, Đường Thân Nhân Trung, Phường Việt Yên, Tỉnh Bắc Ninh",moi
171,Đường Cầu Rồng,Phường Võ Cường,,Tỉnh Bắc Ninh,"171, Đường Cầu Rồng, Phường Võ Cường, Tỉnh Bắc Ninh",moi
828,Đường Đàm Văn Tiết,Phường Nam Sơn,,Tỉnh Bắc Ninh,"828, Đường Đàm Văn Tiết, Phường Nam Sơn, Tỉnh Bắc Ninh",moi
128,Đường Dương Ổ,Phường Võ Cường,,Tỉnh Bắc Ninh,"128, Đường Dương Ổ, Phường Võ Cường, Tỉnh Bắc Ninh",moi
1A,Phố Phùng Chí Kiên,Phường Nghĩa Đô,,Thành phố Hà Nội,"1A, Phố Phùng Chí Kiên, Phường Nghĩa Đô, Thành phố Hà Nội",moi
56,Phố Nguyễn Thái Học,Phường Ba Đình,,Thành phố Hà Nội,"56, Phố Nguyễn Thái Học, Phường Ba Đình, Thành phố Hà Nội",moi
04,Đường Mỹ Phú 1B,Phường Tân Phú,,Thành phố Hồ Chí Minh,"04, Đường Mỹ Phú 1B, Phường Tân Phú, Thành phố Hồ Chí Minh",moi
530,Đường Thiên Đức,Phường Kinh Bắc,,Tỉnh Bắc Ninh,"530, Đường Thiên Đức, Phường Kinh Bắc, Tỉnh Bắc Ninh",moi
98,Đường Vũ Ninh,Phường Vũ Ninh,,Tỉnh Bắc Ninh,"98, Đường Vũ Ninh, Phường Vũ Ninh, Tỉnh Bắc Ninh",moi
485,Đường Lý Thường Kiệt,Phường Phù Khê,,Tỉnh Bắc Ninh,"485, Đường Lý Thường Kiệt, Phường Phù Khê, Tỉnh Bắc Ninh",moi
10,Phố Tân Hưng,Phường Từ Sơn,,Tỉnh Bắc Ninh,"10, Phố Tân Hưng, Phường Từ Sơn, Tỉnh Bắc Ninh",moi
270,Đường Trần Hưng Đạo,Phường Phương Liễu,,Tỉnh Bắc Ninh,"270, Đường Trần Hưng Đạo, Phường Phương Liễu, Tỉnh Bắc Ninh",moi
273,Phố Lương Định Của,Phường Phương Liễu,,Tỉnh Bắc Ninh,"273, Phố Lương Định Của, Phường Phương Liễu, Tỉnh Bắc Ninh",moi
118,Đường Nguyễn Đoan Trung,Phường Hạp Lĩnh,,Tỉnh Bắc Ninh,"118, Đường Nguyễn Đoan Trung, Phường Hạp Lĩnh, Tỉnh Bắc Ninh",moi
111,Phố Lê Hồng Phong,Phường Ba Đình,,Thành phố Hà Nội,"111, Phố Lê Hồng Phong, Phường Ba Đình, Thành phố Hà Nội",moi
40,Nguyễn Siêu,Phường Hoàn Kiếm,,Thành phố Hà Nội,"40, Nguyễn Siêu, Phường Hoàn Kiếm, Thành phố Hà Nội",moi
51,Phố Lê Hồng Phong,Phường Ba Đình,,Thành phố Hà Nội,"51, Phố Lê Hồng Phong, Phường Ba Đình, Thành phố Hà Nội",moi
409,Đường Quang Trung,Phường Nhân Hòa,,Tỉnh Bắc Ninh,"409, Đường Quang Trung, Phường Nhân Hòa, Tỉnh Bắc Ninh",moi
130,Đường Hoàng Quốc Việt,Phường Vũ Ninh,,Tỉnh Bắc Ninh,"130, Đường Hoàng Quốc Việt, Phường Vũ Ninh, Tỉnh Bắc Ninh",moi
12,Đường Lý Thái Tổ,Phường Kinh Bắc,,Tỉnh Bắc Ninh,"12, Đường Lý Thái Tổ, Phường Kinh Bắc, Tỉnh Bắc Ninh",moi
79,Phố Nguyễn Văn Trỗi,Phường Từ Sơn,,Tỉnh Bắc Ninh,"79, Phố Nguyễn Văn Trỗi, Phường Từ Sơn, Tỉnh Bắc Ninh",moi
16,Phố Trấn Vũ,Phường Ba Đình,,Thành phố Hà Nội,"16, Phố Trấn Vũ, Phường Ba Đình, Thành phố Hà Nội",moi
1877,Đường Quang Trung,Phường Bồng Lai,,Tỉnh Bắc Ninh,"1877, Đường Quang Trung, Phường Bồng Lai, Tỉnh Bắc Ninh",moi
88,Đường Dương Ổ,Phường Võ Cường,,Tỉnh Bắc Ninh,"88, Đường Dương Ổ, Phường Võ Cường, Tỉnh Bắc Ninh",moi
108,Đường Dương Ổ,Phường Võ Cường,,Tỉnh Bắc Ninh,"108, Đường Dương Ổ, Phường Võ Cường, Tỉnh Bắc Ninh",moi
47A,Đường Hữu Chấp,Phường Kinh Bắc,,Tỉnh Bắc Ninh,"47A, Đường Hữu Chấp, Phường Kinh Bắc, Tỉnh Bắc Ninh",moi
201,Đường Nguyễn Gia Thiều,Phường Kinh Bắc,,Tỉnh Bắc Ninh,"201, Đường Nguyễn Gia Thiều, Phường Kinh Bắc, Tỉnh Bắc Ninh",moi
43,Phố Trần Bình Trọng,Phường Phương Liễu,,Tỉnh Bắc Ninh,"43, Phố Trần Bình Trọng, Phường Phương Liễu, Tỉnh Bắc Ninh",moi
9A,Phố Phạm Hồng Thái,Phường Ba Đình,,Thành phố Hà Nội,"9A, Phố Phạm Hồng Thái, Phường Ba Đình, Thành phố Hà Nội",moi
90,Đường Nguyễn Gia Thiều,Phường Kinh Bắc,,Tỉnh Bắc Ninh,"90, Đường Nguyễn Gia Thiều, Phường Kinh Bắc, Tỉnh Bắc Ninh",moi
1280,Đường Nguyễn Trãi,Phường Hạp Lĩnh,,Tỉnh Bắc Ninh,"1280, Đường Nguyễn Trãi, Phường Hạp Lĩnh, Tỉnh Bắc Ninh",moi
12,Phố Hàng Lược,Phường Hoàn Kiếm,,Thành phố Hà Nội,"12, Phố Hàng Lược, Phường Hoàn Kiếm, Thành phố Hà Nội",moi
47,Phố Trần Phú,Phường Ba Đình,,Thành phố Hà Nội,"47, Phố Trần Phú, Phường Ba Đình, Thành phố Hà Nội",moi
32,Phố Nguyễn Thị Lựu,Phường Kinh Bắc,,Tỉnh Bắc Ninh,"32, Phố Nguyễn Thị Lựu, Phường Kinh Bắc, Tỉnh Bắc Ninh",moi
11,Đường Mỹ Phú 1B,Phường Tân Phú,,Thành phố Hồ Chí Minh,"11, Đường Mỹ Phú 1B, Phường Tân Phú, Thành phố Hồ Chí Minh",moi
19,Đường Nội Khu 04,Phường Tân Phú,,Thành phố Hồ Chí Minh,"19, Đường Nội Khu 04, Phường Tân Phú, Thành phố Hồ Chí Minh",moi
116,Đường Cầu Rồng,Phường Võ Cường,,Tỉnh Bắc Ninh,"116, Đường Cầu Rồng, Phường Võ Cường, Tỉnh Bắc Ninh",moi
101,Phố Quán Thánh,Phường Ba Đình,,Thành phố Hà Nội,"101, Phố Quán Thánh, Phường Ba Đình, Thành phố Hà Nội",moi
898,Đường Quang Trung,Phường Phương Liễu,,Tỉnh Bắc Ninh,"898, Đường Quang Trung, Phường Phương Liễu, Tỉnh Bắc Ninh",moi
11,Ngõ 27 Đường Tây Mỗ,Phường Tây Mỗ,,Thành phố Hà Nội,"11, Ngõ 27 Đường Tây Mỗ, Phường Tây Mỗ, Thành phố Hà Nội",moi
11,Đường Hữu Chấp,Phường Kinh Bắc,,Tỉnh Bắc Ninh,"11, Đường Hữu Chấp, Phường Kinh Bắc, Tỉnh Bắc Ninh",moi
37,Phố Nguyễn Văn Trỗi,Phường Từ Sơn,,Tỉnh Bắc Ninh,"37, Phố Nguyễn Văn Trỗi, Phường Từ Sơn, Tỉnh Bắc Ninh",moi
56,Đường Hoàng Diệu,Phường Ba Đình,,Thành phố Hà Nội,"56, Đường Hoàng Diệu, Phường Ba Đình, Thành phố Hà Nội",moi
44,Đường Hoàng Quốc Việt,Phường Vũ Ninh,,Tỉnh Bắc Ninh,"44, Đường Hoàng Quốc Việt, Phường Vũ Ninh, Tỉnh Bắc Ninh",moi
14,Đoàn Như Hài,Phường Xóm Chiếu,,Thành phố Hồ Chí Minh,"14, Đoàn Như Hài, Phường Xóm Chiếu, Thành phố Hồ Chí Minh",moi
86,Đường Rạp Hát,Phường Kinh Bắc,,Tỉnh Bắc Ninh,"86, Đường Rạp Hát, Phường Kinh Bắc, Tỉnh Bắc Ninh",moi
5,Phố Bạch Thái Bưởi,Phường Quế Võ,,Tỉnh Bắc Ninh,"5, Phố Bạch Thái Bưởi, Phường Quế Võ, Tỉnh Bắc Ninh",moi
148,Đường Trần Hưng Đạo,Phường Kinh Bắc,,Tỉnh Bắc Ninh,"148, Đường Trần Hưng Đạo, Phường Kinh Bắc, Tỉnh Bắc Ninh",moi
42,Phố Tô Vĩnh Diện,Phường Kinh Bắc,,Tỉnh Bắc Ninh,"42, Phố Tô Vĩnh Diện, Phường Kinh Bắc, Tỉnh Bắc Ninh",moi
536,Đường An Dương Vương,Phường Bình Phú,,Thành phố Hồ Chí Minh,"536, Đường An Dương Vương, Phường Bình Phú, Thành phố Hồ Chí Minh",moi
1849,Đường Quang Trung,Phường Bồng Lai,,Tỉnh Bắc Ninh,"1849, Đường Quang Trung, Phường Bồng Lai, Tỉnh Bắc Ninh",moi
27,Phố Nguyễn Hữu Huân,Phường Hoàn Kiếm,,Thành phố Hà Nội,"27, Phố Nguyễn Hữu Huân, Phường Hoàn Kiếm, Thành phố Hà Nội",moi
134,Đường Như Nguyệt,Phường Vũ Ninh,,Tỉnh Bắc Ninh,"134, Đường Như Nguyệt, Phường Vũ Ninh, Tỉnh Bắc Ninh",moi
25,Ngõ 12 Đường Như Nguyệt,Phường Vũ Ninh,,Tỉnh Bắc Ninh,"25, Ngõ 12 Đường Như Nguyệt, Phường Vũ Ninh, Tỉnh Bắc Ninh",moi
36D,Phố Đội Cấn,Phường Ba Đình,,Thành phố Hà Nội,"36D, Phố Đội Cấn, Phường Ba Đình, Thành phố Hà Nội",moi
269,Đường Nguyễn Công Hãng,Phường Kinh Bắc,,Tỉnh Bắc Ninh,"269, Đường Nguyễn Công Hãng, Phường Kinh Bắc, Tỉnh Bắc Ninh",moi
173,Đường Cầu Rồng,Phường Võ Cường,,Tỉnh Bắc Ninh,"173, Đường Cầu Rồng, Phường Võ Cường, Tỉnh Bắc Ninh",moi
82,Đường Hai Bà Trưng,Xã Tiên Du,,Tỉnh Bắc Ninh,"82, Đường Hai Bà Trưng, Xã Tiên Du, Tỉnh Bắc Ninh",moi
04,Đường Nội Khu 02,Phường Tân Phú,,Thành phố Hồ Chí Minh,"04, Đường Nội Khu 02, Phường Tân Phú, Thành phố Hồ Chí Minh",moi
301,Đường Nguyễn Văn Cừ,Phường Võ Cường,,Tỉnh Bắc Ninh,"301, Đường Nguyễn Văn Cừ, Phường Võ Cường, Tỉnh Bắc Ninh",moi
74,Hàng Bạc,Phường Hoàn Kiếm,,Thành phố Hà Nội,"74, Hàng Bạc, Phường Hoàn Kiếm, Thành phố Hà Nội",moi
34,Phố Hàng Bún,Phường Ba Đình,,Thành phố Hà Nội,"34, Phố Hàng Bún, Phường Ba Đình, Thành phố Hà Nội",moi
02,Đường Mỹ Phú 1C,Phường Tân Phú,,Thành phố Hồ Chí Minh,"02, Đường Mỹ Phú 1C, Phường Tân Phú, Thành phố Hồ Chí Minh",moi
64,Đường Hoàng Quốc Việt,Phường Vũ Ninh,,Tỉnh Bắc Ninh,"64, Đường Hoàng Quốc Việt, Phường Vũ Ninh, Tỉnh Bắc Ninh",moi
12,Đường 800A,Phường Nghĩa Đô,,Thành phố Hà Nội,"12, Đường 800A, Phường Nghĩa Đô, Thành phố Hà Nội",moi
114,Đường Trần Hưng Đạo,Phường Kinh Bắc,,Tỉnh Bắc Ninh,"114, Đường Trần Hưng Đạo, Phường Kinh Bắc, Tỉnh Bắc Ninh",moi
76,Đường Bà Chúa Kho,Phường Vũ Ninh,,Tỉnh Bắc Ninh,"76, Đường Bà Chúa Kho, Phường Vũ Ninh, Tỉnh Bắc Ninh",moi
50,Đường Thành Cổ,Phường Kinh Bắc,,Tỉnh Bắc Ninh,"50, Đường Thành Cổ, Phường Kinh Bắc, Tỉnh Bắc Ninh",moi
392,Đường Đấu Mã,Phường Võ Cường,,Tỉnh Bắc Ninh,"392, Đường Đấu Mã, Phường Võ Cường, Tỉnh Bắc Ninh",moi
59,Phố Trúc Bạch,Phường Ba Đình,,Thành phố Hà Nội,"59, Phố Trúc Bạch, Phường Ba Đình, Thành phố Hà Nội",moi
97,Đường Dương Ổ,Phường Võ Cường,,Tỉnh Bắc Ninh,"97, Đường Dương Ổ, Phường Võ Cường, Tỉnh Bắc Ninh",moi
2,Đường Nguyễn Đoan Trung,Phường Hạp Lĩnh,,Tỉnh Bắc Ninh,"2, Đường Nguyễn Đoan Trung, Phường Hạp Lĩnh, Tỉnh Bắc Ninh",moi
54,Bành Văn Trân,Phường Tân Sơn Nhất,,Thành phố Hồ Chí Minh,"54, Bành Văn Trân, Phường Tân Sơn Nhất, Thành phố Hồ Chí Minh",moi
19,Đường Giếng Ngọc,Phường Kinh Bắc,,Tỉnh Bắc Ninh,"19, Đường Giếng Ngọc, Phường Kinh Bắc, Tỉnh Bắc Ninh",moi
40,Đường Rạp Hát,Phường Kinh Bắc,,Tỉnh Bắc Ninh,"40, Đường Rạp Hát, Phường Kinh Bắc, Tỉnh Bắc Ninh",moi
33,Phố Trang Liệt 1,Phường Đồng Nguyên,,Tỉnh Bắc Ninh,"33, Phố Trang Liệt 1, Phường Đồng Nguyên, Tỉnh Bắc Ninh",moi
88,Phố Lương Định Của,Phường Phương Liễu,,Tỉnh Bắc Ninh,"88, Phố Lương Định Của, Phường Phương Liễu, Tỉnh Bắc Ninh",moi
397,Đường Quang Trung,Phường Nhân Hòa,,Tỉnh Bắc Ninh,"397, Đường Quang Trung, Phường Nhân Hòa, Tỉnh Bắc Ninh",moi
409,Đường Lê Đại Hành,Phường Phú Thọ,,Thành phố Hồ Chí Minh,"409, Đường Lê Đại Hành, Phường Phú Thọ, Thành phố Hồ Chí Minh",moi
801/7,Hẻm 801 Xô viết Nghệ Tĩnh,Phường Bình Thạnh,,Thành phố Hồ Chí Minh,"801/7, Hẻm 801 Xô viết Nghệ Tĩnh, Phường Bình Thạnh, Thành phố Hồ Chí Minh",moi
2,Đường Nguyễn Quốc Ích,Phường Võ Cường,,Tỉnh Bắc Ninh,"2, Đường Nguyễn Quốc Ích, Phường Võ Cường, Tỉnh Bắc Ninh",moi
156,Đường Khả Lễ,Phường Võ Cường,,Tỉnh Bắc Ninh,"156, Đường Khả Lễ, Phường Võ Cường, Tỉnh Bắc Ninh",moi
3,Đường Vũ Ninh,Phường Vũ Ninh,,Tỉnh Bắc Ninh,"3, Đường Vũ Ninh, Phường Vũ Ninh, Tỉnh Bắc Ninh",moi
160,Đường Khả Lễ,Phường Võ Cường,,Tỉnh Bắc Ninh,"160, Đường Khả Lễ, Phường Võ Cường, Tỉnh Bắc Ninh",moi
80,Đường Trần Hưng Đạo,Phường Quế Võ,,Tỉnh Bắc Ninh,"80, Đường Trần Hưng Đạo, Phường Quế Võ, Tỉnh Bắc Ninh",moi
69,Phố Lê Hồng Phong,Phường Ba Đình,,Thành phố Hà Nội,"69, Phố Lê Hồng Phong, Phường Ba Đình, Thành phố Hà Nội",moi
822,Đường Nguyễn Trãi,Phường Hạp Lĩnh,,Tỉnh Bắc Ninh,"822, Đường Nguyễn Trãi, Phường Hạp Lĩnh, Tỉnh Bắc Ninh",moi
32,Phố Hàng Bè,Phường Hoàn Kiếm,,Thành phố Hà Nội,"32, Phố Hàng Bè, Phường Hoàn Kiếm, Thành phố Hà Nội",moi
122,Đường Trần Lựu,Phường Vũ Ninh,,Tỉnh Bắc Ninh,"122, Đường Trần Lựu, Phường Vũ Ninh, Tỉnh Bắc Ninh",moi
1,Phố Tôn Thất Thuyết,Phường Phương Liễu,,Tỉnh Bắc Ninh,"1, Phố Tôn Thất Thuyết, Phường Phương Liễu, Tỉnh Bắc Ninh",moi
336,Nguyễn Thị Lưu,Phường Bắc Giang,,Tỉnh Bắc Ninh,"336, Nguyễn Thị Lưu, Phường Bắc Giang, Tỉnh Bắc Ninh",moi
37,Phố Lê Hồng Phong,Phường Ba Đình,,Thành phố Hà Nội,"37, Phố Lê Hồng Phong, Phường Ba Đình, Thành phố Hà Nội",moi
97,Phố Lê Hồng Phong,Phường Ba Đình,,Thành phố Hà Nội,"97, Phố Lê Hồng Phong, Phường Ba Đình, Thành phố Hà Nội",moi
36,Đường Hoàng Diệu,Phường Ba Đình,,Thành phố Hà Nội,"36, Đường Hoàng Diệu, Phường Ba Đình, Thành phố Hà Nội",moi
89,Phố Lý Khánh Văn,Phường Từ Sơn,,Tỉnh Bắc Ninh,"89, Phố Lý Khánh Văn, Phường Từ Sơn, Tỉnh Bắc Ninh",moi
48,Đường Huyền Quang,Phường Kinh Bắc,,Tỉnh Bắc Ninh,"48, Đường Huyền Quang, Phường Kinh Bắc, Tỉnh Bắc Ninh",moi
25,Phố Cao Bá Quát,Phường Ba Đình,,Thành phố Hà Nội,"25, Phố Cao Bá Quát, Phường Ba Đình, Thành phố Hà Nội",moi
9,Ngõ Như Nguyệt,Phường Vũ Ninh,,Tỉnh Bắc Ninh,"9, Ngõ Như Nguyệt, Phường Vũ Ninh, Tỉnh Bắc Ninh",moi
854,Đường Đàm Văn Tiết,Phường Nam Sơn,,Tỉnh Bắc Ninh,"854, Đường Đàm Văn Tiết, Phường Nam Sơn, Tỉnh Bắc Ninh",moi
71B,Lê Quang Định,Phường Bình Thạnh,,Thành phố Hồ Chí Minh,"71B, Lê Quang Định, Phường Bình Thạnh, Thành phố Hồ Chí Minh",moi
35,Phố Bát Sứ,Phường Hoàn Kiếm,,Thành phố Hà Nội,"35, Phố Bát Sứ, Phường Hoàn Kiếm, Thành phố Hà Nội",moi
64,Ngõ 2 Đường Trần Quốc Toản,Phường Kinh Bắc,,Tỉnh Bắc Ninh,"64, Ngõ 2 Đường Trần Quốc Toản, Phường Kinh Bắc, Tỉnh Bắc Ninh",moi
20,Phố Lương Định Của,Phường Võ Cường,,Tỉnh Bắc Ninh,"20, Phố Lương Định Của, Phường Võ Cường, Tỉnh Bắc Ninh",moi
90,Phố Nguyễn Hữu Huân,Phường Hoàn Kiếm,,Thành phố Hà Nội,"90, Phố Nguyễn Hữu Huân, Phường Hoàn Kiếm, Thành phố Hà Nội",moi
75,Đường Trần Hưng Đạo,Phường Võ Cường,,Tỉnh Bắc Ninh,"75, Đường Trần Hưng Đạo, Phường Võ Cường, Tỉnh Bắc Ninh",moi
18,Ngõ 237 Đường Thiên Đức,Phường Kinh Bắc,,Tỉnh Bắc Ninh,"18, Ngõ 237 Đường Thiên Đức, Phường Kinh Bắc, Tỉnh Bắc Ninh",moi
10,Đường Hùng Vương,Phường Ba Đình,,Thành phố Hà Nội,"10, Đường Hùng Vương, Phường Ba Đình, Thành phố Hà Nội",moi
31,Phố Trần Bình Trọng,Phường Phương Liễu,,Tỉnh Bắc Ninh,"31, Phố Trần Bình Trọng, Phường Phương Liễu, Tỉnh Bắc Ninh",moi
51,Đường Giếng Ngọc,Phường Kinh Bắc,,Tỉnh Bắc Ninh,"51, Đường Giếng Ngọc, Phường Kinh Bắc, Tỉnh Bắc Ninh",moi
17,Đường Nội Khu 04,Phường Tân Phú,,Thành phố Hồ Chí Minh,"17, Đường Nội Khu 04, Phường Tân Phú, Thành phố Hồ Chí Minh",moi
335,Đường Cô Mễ,Phường Vũ Ninh,,Tỉnh Bắc Ninh,"335, Đường Cô Mễ, Phường Vũ Ninh, Tỉnh Bắc Ninh",moi
118,Đường Dương Ổ,Phường Võ Cường,,Tỉnh Bắc Ninh,"118, Đường Dương Ổ, Phường Võ Cường, Tỉnh Bắc Ninh",moi
17,Đường Nguyễn Văn Bảng,Phường Nam Sơn,,Tỉnh Bắc Ninh,"17, Đường Nguyễn Văn Bảng, Phường Nam Sơn, Tỉnh Bắc Ninh",moi
354,Đường Nguyễn Văn Cừ,Phường Võ Cường,,Tỉnh Bắc Ninh,"354, Đường Nguyễn Văn Cừ, Phường Võ Cường, Tỉnh Bắc Ninh",moi
386,Đường Đàm Văn Tiết,Phường Nam Sơn,,Tỉnh Bắc Ninh,"386, Đường Đàm Văn Tiết, Phường Nam Sơn, Tỉnh Bắc Ninh",moi
215,Phố Lương Định Của,Phường Phương Liễu,,Tỉnh Bắc Ninh,"215, Phố Lương Định Của, Phường Phương Liễu, Tỉnh Bắc Ninh",moi
38,Đường Khả Lễ,Phường Võ Cường,,Tỉnh Bắc Ninh,"38, Đường Khả Lễ, Phường Võ Cường, Tỉnh Bắc Ninh",moi
1346,Đường Nguyễn Trãi,Phường Hạp Lĩnh,,Tỉnh Bắc Ninh,"1346, Đường Nguyễn Trãi, Phường Hạp Lĩnh, Tỉnh Bắc Ninh",moi
679,Đường Nguyễn Văn Cừ,Phường Võ Cường,,Tỉnh Bắc Ninh,"679, Đường Nguyễn Văn Cừ, Phường Võ Cường, Tỉnh Bắc Ninh",moi
37,Đường Thành,Phường Hoàn Kiếm,,Thành phố Hà Nội,"37, Đường Thành, Phường Hoàn Kiếm, Thành phố Hà Nội",moi
153,Đường Nguyễn Gia Thiều,Phường Kinh Bắc,,Tỉnh Bắc Ninh,"153, Đường Nguyễn Gia Thiều, Phường Kinh Bắc, Tỉnh Bắc Ninh",moi
24,Phố Giang Liễu 2,Phường Phương Liễu,,Tỉnh Bắc Ninh,"24, Phố Giang Liễu 2, Phường Phương Liễu, Tỉnh Bắc Ninh",moi
39,Đường Nguyễn Đăng Đạo,Phường Kinh Bắc,,Tỉnh Bắc Ninh,"39, Đường Nguyễn Đăng Đạo, Phường Kinh Bắc, Tỉnh Bắc Ninh",moi
39,Phố Trần Phú,Phường Ba Đình,,Thành phố Hà Nội,"39, Phố Trần Phú, Phường Ba Đình, Thành phố Hà Nội",moi
Lô G1,Khu công nghiệp Quế Võ,Phường Phương Liễu,,Tỉnh Bắc Ninh,"Lô G1, Khu công nghiệp Quế Võ, Phường Phương Liễu, Tỉnh Bắc Ninh",moi
252,Phố Lương Định Của,Phường Phương Liễu,,Tỉnh Bắc Ninh,"252, Phố Lương Định Của, Phường Phương Liễu, Tỉnh Bắc Ninh",moi
68,Đường Trần Quốc Toản,Phường Kinh Bắc,,Tỉnh Bắc Ninh,"68, Đường Trần Quốc Toản, Phường Kinh Bắc, Tỉnh Bắc Ninh",moi
45,Đường Hữu Chấp,Phường Kinh Bắc,,Tỉnh Bắc Ninh,"45, Đường Hữu Chấp, Phường Kinh Bắc, Tỉnh Bắc Ninh",moi
134,Đường Trần Hưng Đạo,Phường Kinh Bắc,,Tỉnh Bắc Ninh,"134, Đường Trần Hưng Đạo, Phường Kinh Bắc, Tỉnh Bắc Ninh",moi
25,Phố Lương Định Của,Phường Phương Liễu,,Tỉnh Bắc Ninh,"25, Phố Lương Định Của, Phường Phương Liễu, Tỉnh Bắc Ninh",moi
1,Đường Phan Châu Trinh,Phường Quế Võ,,Tỉnh Bắc Ninh,"1, Đường Phan Châu Trinh, Phường Quế Võ, Tỉnh Bắc Ninh",moi
11,Ngõ 28 Ông Ích Khiêm,Phường Ba Đình,,Thành phố Hà Nội,"11, Ngõ 28 Ông Ích Khiêm, Phường Ba Đình, Thành phố Hà Nội",moi
345,Đường Nguyễn Quốc Ích,Phường Võ Cường,,Tỉnh Bắc Ninh,"345, Đường Nguyễn Quốc Ích, Phường Võ Cường, Tỉnh Bắc Ninh",moi
5,Đường Trần Hưng Đạo,Phường Quế Võ,,Tỉnh Bắc Ninh,"5, Đường Trần Hưng Đạo, Phường Quế Võ, Tỉnh Bắc Ninh",moi
46,Phố Lãn Ông,Phường Hoàn Kiếm,,Thành phố Hà Nội,"46, Phố Lãn Ông, Phường Hoàn Kiếm, Thành phố Hà Nội",moi
51,Phố Trần Phú,Phường Ba Đình,,Thành phố Hà Nội,"51, Phố Trần Phú, Phường Ba Đình, Thành phố Hà Nội",moi
32-34,Phố Nguyễn Hữu Huân,Phường Hoàn Kiếm,,Thành phố Hà Nội,"32-34, Phố Nguyễn Hữu Huân, Phường Hoàn Kiếm, Thành phố Hà Nội",moi
15,Đường Bất Chi Ly,Phường Vũ Ninh,,Tỉnh Bắc Ninh,"15, Đường Bất Chi Ly, Phường Vũ Ninh, Tỉnh Bắc Ninh",moi
385,Đường Ngô Gia Tự,Phường Kinh Bắc,,Tỉnh Bắc Ninh,"385, Đường Ngô Gia Tự, Phường Kinh Bắc, Tỉnh Bắc Ninh",moi
18,Ngõ 77 Lê Hồng Phong,Phường Ba Đình,,Thành phố Hà Nội,"18, Ngõ 77 Lê Hồng Phong, Phường Ba Đình, Thành phố Hà Nội",moi
1258,Đường Nguyễn Trãi,Phường Hạp Lĩnh,,Tỉnh Bắc Ninh,"1258, Đường Nguyễn Trãi, Phường Hạp Lĩnh, Tỉnh Bắc Ninh",moi
6B,Đường Thành,Phường Hoàn Kiếm,,Thành phố Hà Nội,"6B, Đường Thành, Phường Hoàn Kiếm, Thành phố Hà Nội",moi
252,Đường Trần Hưng Đạo,Phường Võ Cường,,Tỉnh Bắc Ninh,"252, Đường Trần Hưng Đạo, Phường Võ Cường, Tỉnh Bắc Ninh",moi
69,Đường Hữu Chấp,Phường Kinh Bắc,,Tỉnh Bắc Ninh,"69, Đường Hữu Chấp, Phường Kinh Bắc, Tỉnh Bắc Ninh",moi
52,Phố Nguyễn Thái Học,Phường Ba Đình,,Thành phố Hà Nội,"52, Phố Nguyễn Thái Học, Phường Ba Đình, Thành phố Hà Nội",moi
9,Phố Chu Văn An,Phường Ba Đình,,Thành phố Hà Nội,"9, Phố Chu Văn An, Phường Ba Đình, Thành phố Hà Nội",moi
26,Đường Hoàng Quốc Việt,Phường Vũ Ninh,,Tỉnh Bắc Ninh,"26, Đường Hoàng Quốc Việt, Phường Vũ Ninh, Tỉnh Bắc Ninh",moi
94,Đường Trần Hưng Đạo,Phường Quế Võ,,Tỉnh Bắc Ninh,"94, Đường Trần Hưng Đạo, Phường Quế Võ, Tỉnh Bắc Ninh",moi
104,Đường Nguyễn Quốc Ích,Phường Võ Cường,,Tỉnh Bắc Ninh,"104, Đường Nguyễn Quốc Ích, Phường Võ Cường, Tỉnh Bắc Ninh",moi
168,Đường Như Nguyệt,Phường Vũ Ninh,,Tỉnh Bắc Ninh,"168, Đường Như Nguyệt, Phường Vũ Ninh, Tỉnh Bắc Ninh",moi
24,Đường Bà Chúa Kho,Phường Vũ Ninh,,Tỉnh Bắc Ninh,"24, Đường Bà Chúa Kho, Phường Vũ Ninh, Tỉnh Bắc Ninh",moi
130,Đường Như Nguyệt,Phường Vũ Ninh,,Tỉnh Bắc Ninh,"130, Đường Như Nguyệt, Phường Vũ Ninh, Tỉnh Bắc Ninh",moi
53,Đường Hoàng Quốc Việt,Phường Nghĩa Đô,,Thành phố Hà Nội,"53, Đường Hoàng Quốc Việt, Phường Nghĩa Đô, Thành phố Hà Nội",moi
89,Bành Văn Trân,Phường Tân Sơn Nhất,,Thành phố Hồ Chí Minh,"89, Bành Văn Trân, Phường Tân Sơn Nhất, Thành phố Hồ Chí Minh",moi
19,Phố Lửa Hồng,Phường Kinh Bắc,,Tỉnh Bắc Ninh,"19, Phố Lửa Hồng, Phường Kinh Bắc, Tỉnh Bắc Ninh",moi
199,Phố Hà Liễu,Phường Phương Liễu,,Tỉnh Bắc Ninh,"199, Phố Hà Liễu, Phường Phương Liễu, Tỉnh Bắc Ninh",moi
152,Đường Nguyễn Quốc Ích,Phường Võ Cường,,Tỉnh Bắc Ninh,"152, Đường Nguyễn Quốc Ích, Phường Võ Cường, Tỉnh Bắc Ninh",moi
42,Bành Văn Trân,Phường Tân Sơn Nhất,,Thành phố Hồ Chí Minh,"42, Bành Văn Trân, Phường Tân Sơn Nhất, Thành phố Hồ Chí Minh",moi
1368,Đường Nguyễn Trãi,Phường Hạp Lĩnh,,Tỉnh Bắc Ninh,"1368, Đường Nguyễn Trãi, Phường Hạp Lĩnh, Tỉnh Bắc Ninh",moi
40,Phố Lãn Ông,Phường Hoàn Kiếm,,Thành phố Hà Nội,"40, Phố Lãn Ông, Phường Hoàn Kiếm, Thành phố Hà Nội",moi
28,Đường Bà Chúa Kho,Phường Vũ Ninh,,Tỉnh Bắc Ninh,"28, Đường Bà Chúa Kho, Phường Vũ Ninh, Tỉnh Bắc Ninh",moi
192,Đường Như Nguyệt,Phường Vũ Ninh,,Tỉnh Bắc Ninh,"192, Đường Như Nguyệt, Phường Vũ Ninh, Tỉnh Bắc Ninh",moi
40,Bành Văn Trân,Phường Tân Sơn Nhất,,Thành phố Hồ Chí Minh,"40, Bành Văn Trân, Phường Tân Sơn Nhất, Thành phố Hồ Chí Minh",moi
114,Phố Đồng Kỵ 3,Phường Đồng Nguyên,,Tỉnh Bắc Ninh,"114, Phố Đồng Kỵ 3, Phường Đồng Nguyên, Tỉnh Bắc Ninh",moi
12G,Phố Hàng Cót,Phường Hoàn Kiếm,,Thành phố Hà Nội,"12G, Phố Hàng Cót, Phường Hoàn Kiếm, Thành phố Hà Nội",moi
68,Phố Yên Mẫn,Phường Kinh Bắc,,Tỉnh Bắc Ninh,"68, Phố Yên Mẫn, Phường Kinh Bắc, Tỉnh Bắc Ninh",moi
21a,Bát Đàn,Phường Hoàn Kiếm,,Thành phố Hà Nội,"21a, Bát Đàn, Phường Hoàn Kiếm, Thành phố Hà Nội",moi
39,Đường Hùng Vương,Phường Ba Đình,,Thành phố Hà Nội,"39, Đường Hùng Vương, Phường Ba Đình, Thành phố Hà Nội",moi
14,Đường Lê Văn Thịnh,Phường Kinh Bắc,,Tỉnh Bắc Ninh,"14, Đường Lê Văn Thịnh, Phường Kinh Bắc, Tỉnh Bắc Ninh",moi
1364,Đường Nguyễn Trãi,Phường Hạp Lĩnh,,Tỉnh Bắc Ninh,"1364, Đường Nguyễn Trãi, Phường Hạp Lĩnh, Tỉnh Bắc Ninh",moi
204,Đường Tam Giang,Phường Nam Sơn,,Tỉnh Bắc Ninh,"204, Đường Tam Giang, Phường Nam Sơn, Tỉnh Bắc Ninh",moi
37,Ngõ 195 Đường Vũ Ninh,Phường Vũ Ninh,,Tỉnh Bắc Ninh,"37, Ngõ 195 Đường Vũ Ninh, Phường Vũ Ninh, Tỉnh Bắc Ninh",moi
64,Đường Giếng Ngọc,Phường Kinh Bắc,,Tỉnh Bắc Ninh,"64, Đường Giếng Ngọc, Phường Kinh Bắc, Tỉnh Bắc Ninh",moi
41-43,Nguyễn Thị Diệu,Phường Xuân Hòa,,Thành phố Hồ Chí Minh,"41-43, Nguyễn Thị Diệu, Phường Xuân Hòa, Thành phố Hồ Chí Minh",moi
16,Đường Âu Cơ,Phường Kinh Bắc,,Tỉnh Bắc Ninh,"16, Đường Âu Cơ, Phường Kinh Bắc, Tỉnh Bắc Ninh",moi
96,Phố Nghĩa Tân,Phường Nghĩa Đô,,Thành phố Hà Nội,"96, Phố Nghĩa Tân, Phường Nghĩa Đô, Thành phố Hà Nội",moi
60,Phố Yên Mẫn,Phường Kinh Bắc,,Tỉnh Bắc Ninh,"60, Phố Yên Mẫn, Phường Kinh Bắc, Tỉnh Bắc Ninh",moi
23,Đường Nội Khu 04,Phường Tân Phú,,Thành phố Hồ Chí Minh,"23, Đường Nội Khu 04, Phường Tân Phú, Thành phố Hồ Chí Minh",moi
169,Đường Nguyễn Duy Trinh,Phường Phương Liễu,,Tỉnh Bắc Ninh,"169, Đường Nguyễn Duy Trinh, Phường Phương Liễu, Tỉnh Bắc Ninh",moi
22,Ngõ 359 Đường Nguyễn Văn Cừ,Phường Võ Cường,,Tỉnh Bắc Ninh,"22, Ngõ 359 Đường Nguyễn Văn Cừ, Phường Võ Cường, Tỉnh Bắc Ninh",moi
162,Đường Khả Lễ,Phường Võ Cường,,Tỉnh Bắc Ninh,"162, Đường Khả Lễ, Phường Võ Cường, Tỉnh Bắc Ninh",moi
20,Ngõ 71 Lê Hồng Phong,Phường Ba Đình,,Thành phố Hà Nội,"20, Ngõ 71 Lê Hồng Phong, Phường Ba Đình, Thành phố Hà Nội",moi
9,Phố Bạch Thái Bưởi,Phường Quế Võ,,Tỉnh Bắc Ninh,"9, Phố Bạch Thái Bưởi, Phường Quế Võ, Tỉnh Bắc Ninh",moi
33,Phố Giang Liễu,Phường Phương Liễu,,Tỉnh Bắc Ninh,"33, Phố Giang Liễu, Phường Phương Liễu, Tỉnh Bắc Ninh",moi
09,Đường Mỹ Phú 1C,Phường Tân Phú,,Thành phố Hồ Chí Minh,"09, Đường Mỹ Phú 1C, Phường Tân Phú, Thành phố Hồ Chí Minh",moi
108,Phố Bồ Sơn,Phường Võ Cường,,Tỉnh Bắc Ninh,"108, Phố Bồ Sơn, Phường Võ Cường, Tỉnh Bắc Ninh",moi
180,Đường Nguyễn Văn Cừ,Phường Võ Cường,,Tỉnh Bắc Ninh,"180, Đường Nguyễn Văn Cừ, Phường Võ Cường, Tỉnh Bắc Ninh",moi
35,Đường Hữu Chấp,Phường Kinh Bắc,,Tỉnh Bắc Ninh,"35, Đường Hữu Chấp, Phường Kinh Bắc, Tỉnh Bắc Ninh",moi
18,Ngách 28/2 Ông Ích Khiêm,Phường Ba Đình,,Thành phố Hà Nội,"18, Ngách 28/2 Ông Ích Khiêm, Phường Ba Đình, Thành phố Hà Nội",moi
912,Đường Hùng Vương,Xã Chư Sê,,Tỉnh Gia Lai,"912, Đường Hùng Vương, Xã Chư Sê, Tỉnh Gia Lai",moi
98,Đường Cầu Tiên,Phường Võ Cường,,Tỉnh Bắc Ninh,"98, Đường Cầu Tiên, Phường Võ Cường, Tỉnh Bắc Ninh",moi
68,Đường Hoàng Quốc Việt,Phường Vũ Ninh,,Tỉnh Bắc Ninh,"68, Đường Hoàng Quốc Việt, Phường Vũ Ninh, Tỉnh Bắc Ninh",moi
126,Phố Đồng Kỵ 3,Phường Đồng Nguyên,,Tỉnh Bắc Ninh,"126, Phố Đồng Kỵ 3, Phường Đồng Nguyên, Tỉnh Bắc Ninh",moi
811,Đường Thiên Đức,Phường Kinh Bắc,,Tỉnh Bắc Ninh,"811, Đường Thiên Đức, Phường Kinh Bắc, Tỉnh Bắc Ninh",moi
12A,Đường Bình Than,Phường Võ Cường,,Tỉnh Bắc Ninh,"12A, Đường Bình Than, Phường Võ Cường, Tỉnh Bắc Ninh",moi
13A,Đường Nội Khu 02,Phường Tân Phú,,Thành phố Hồ Chí Minh,"13A, Đường Nội Khu 02, Phường Tân Phú, Thành phố Hồ Chí Minh",moi
82,Đường Hữu Chấp,Phường Kinh Bắc,,Tỉnh Bắc Ninh,"82, Đường Hữu Chấp, Phường Kinh Bắc, Tỉnh Bắc Ninh",moi
97,Đường Lê Văn Thịnh,Xã Gia Bình,,Tỉnh Bắc Ninh,"97, Đường Lê Văn Thịnh, Xã Gia Bình, Tỉnh Bắc Ninh",moi
152,Đường Hai Bà Trưng,Phường Kinh Bắc,,Tỉnh Bắc Ninh,"152, Đường Hai Bà Trưng, Phường Kinh Bắc, Tỉnh Bắc Ninh",moi
92,Phố Lương Định Của,Phường Phương Liễu,,Tỉnh Bắc Ninh,"92, Phố Lương Định Của, Phường Phương Liễu, Tỉnh Bắc Ninh",moi
420,Đường Thiên Đức,Phường Kinh Bắc,,Tỉnh Bắc Ninh,"420, Đường Thiên Đức, Phường Kinh Bắc, Tỉnh Bắc Ninh",moi
542,Đường Nguyễn Trãi,Phường Võ Cường,,Tỉnh Bắc Ninh,"542, Đường Nguyễn Trãi, Phường Võ Cường, Tỉnh Bắc Ninh",moi
239,Đường Lê Phụng Hiểu,Phường Kinh Bắc,,Tỉnh Bắc Ninh,"239, Đường Lê Phụng Hiểu, Phường Kinh Bắc, Tỉnh Bắc Ninh",moi
32,Ngõ 12 Đường Như Nguyệt,Phường Vũ Ninh,,Tỉnh Bắc Ninh,"32, Ngõ 12 Đường Như Nguyệt, Phường Vũ Ninh, Tỉnh Bắc Ninh",moi
33,Hàng Quạt,Phường Hoàn Kiếm,,Thành phố Hà Nội,"33, Hàng Quạt, Phường Hoàn Kiếm, Thành phố Hà Nội",moi
05,Đường Mỹ Phú 1B,Phường Tân Phú,,Thành phố Hồ Chí Minh,"05, Đường Mỹ Phú 1B, Phường Tân Phú, Thành phố Hồ Chí Minh",moi
1,Phố Khúc Hạo,Phường Ba Đình,,Thành phố Hà Nội,"1, Phố Khúc Hạo, Phường Ba Đình, Thành phố Hà Nội",moi
94,Đường Khả Lễ,Phường Võ Cường,,Tỉnh Bắc Ninh,"94, Đường Khả Lễ, Phường Võ Cường, Tỉnh Bắc Ninh",moi
07,Đường Mỹ Phú 1B,Phường Tân Phú,,Thành phố Hồ Chí Minh,"07, Đường Mỹ Phú 1B, Phường Tân Phú, Thành phố Hồ Chí Minh",moi
34,Đường Kênh Nam,Phường Hạp Lĩnh,,Tỉnh Bắc Ninh,"34, Đường Kênh Nam, Phường Hạp Lĩnh, Tỉnh Bắc Ninh",moi
158,Đường Khả Lễ,Phường Võ Cường,,Tỉnh Bắc Ninh,"158, Đường Khả Lễ, Phường Võ Cường, Tỉnh Bắc Ninh",moi
91,Đường Trần Hưng Đạo,Phường Kinh Bắc,,Tỉnh Bắc Ninh,"91, Đường Trần Hưng Đạo, Phường Kinh Bắc, Tỉnh Bắc Ninh",moi
169,Đường Ngô Gia Tự,Phường Vũ Ninh,,Tỉnh Bắc Ninh,"169, Đường Ngô Gia Tự, Phường Vũ Ninh, Tỉnh Bắc Ninh",moi
227,Đường Hoàng Quốc Việt,Phường Vũ Ninh,,Tỉnh Bắc Ninh,"227, Đường Hoàng Quốc Việt, Phường Vũ Ninh, Tỉnh Bắc Ninh",moi
8,Phố Song Tháp,Phường Phù Khê,,Tỉnh Bắc Ninh,"8, Phố Song Tháp, Phường Phù Khê, Tỉnh Bắc Ninh",moi
144,Đường Hai Bà Trưng,Phường Kinh Bắc,,Tỉnh Bắc Ninh,"144, Đường Hai Bà Trưng, Phường Kinh Bắc, Tỉnh Bắc Ninh",moi
58,Đường Hữu Chấp,Phường Kinh Bắc,,Tỉnh Bắc Ninh,"58, Đường Hữu Chấp, Phường Kinh Bắc, Tỉnh Bắc Ninh",moi
81,Đường An Phước,Phường Vũ Ninh,,Tỉnh Bắc Ninh,"81, Đường An Phước, Phường Vũ Ninh, Tỉnh Bắc Ninh",moi
10,Phố Lê Hồng Phong,Phường Ba Đình,,Thành phố Hà Nội,"10, Phố Lê Hồng Phong, Phường Ba Đình, Thành phố Hà Nội",moi
5,Phố Phùng Hưng,Phường Hoàn Kiếm,,Thành phố Hà Nội,"5, Phố Phùng Hưng, Phường Hoàn Kiếm, Thành phố Hà Nội",moi
295,Đường Trần Hưng Đạo,Phường Võ Cường,,Tỉnh Bắc Ninh,"295, Đường Trần Hưng Đạo, Phường Võ Cường, Tỉnh Bắc Ninh",moi
133,Đường Ngô Gia Tự,Phường Vũ Ninh,,Tỉnh Bắc Ninh,"133, Đường Ngô Gia Tự, Phường Vũ Ninh, Tỉnh Bắc Ninh",moi
62C,Đường Hoàng Quốc Việt,Phường Vũ Ninh,,Tỉnh Bắc Ninh,"62C, Đường Hoàng Quốc Việt, Phường Vũ Ninh, Tỉnh Bắc Ninh",moi
434,Đường Âu Cơ,Phường Thuận Thành,,Tỉnh Bắc Ninh,"434, Đường Âu Cơ, Phường Thuận Thành, Tỉnh Bắc Ninh",moi
24,Đường Phúc Sơn,Phường Vũ Ninh,,Tỉnh Bắc Ninh,"24, Đường Phúc Sơn, Phường Vũ Ninh, Tỉnh Bắc Ninh",moi
20,Phố Tôn Thất Thuyết,Phường Phương Liễu,,Tỉnh Bắc Ninh,"20, Phố Tôn Thất Thuyết, Phường Phương Liễu, Tỉnh Bắc Ninh",moi
163,Đường Ngô Gia Tự,Phường Vũ Ninh,,Tỉnh Bắc Ninh,"163, Đường Ngô Gia Tự, Phường Vũ Ninh, Tỉnh Bắc Ninh",moi
3,Phố Phương Vỹ,Phường Vũ Ninh,,Tỉnh Bắc Ninh,"3, Phố Phương Vỹ, Phường Vũ Ninh, Tỉnh Bắc Ninh",moi
15A,Phố Trúc Bạch,Phường Ba Đình,,Thành phố Hà Nội,"15A, Phố Trúc Bạch, Phường Ba Đình, Thành phố Hà Nội",moi
4,Đường Lý Thái Tổ,Phường Kinh Bắc,,Tỉnh Bắc Ninh,"4, Đường Lý Thái Tổ, Phường Kinh Bắc, Tỉnh Bắc Ninh",moi
1328,Đường Nguyễn Trãi,Phường Hạp Lĩnh,,Tỉnh Bắc Ninh,"1328, Đường Nguyễn Trãi, Phường Hạp Lĩnh, Tỉnh Bắc Ninh",moi
23,Đường Rạp Hát,Phường Kinh Bắc,,Tỉnh Bắc Ninh,"23, Đường Rạp Hát, Phường Kinh Bắc, Tỉnh Bắc Ninh",moi
169,Đường Nguyễn Gia Thiều,Phường Kinh Bắc,,Tỉnh Bắc Ninh,"169, Đường Nguyễn Gia Thiều, Phường Kinh Bắc, Tỉnh Bắc Ninh",moi
270,Đường Nguyễn Gia Thiều,Phường Kinh Bắc,,Tỉnh Bắc Ninh,"270, Đường Nguyễn Gia Thiều, Phường Kinh Bắc, Tỉnh Bắc Ninh",moi
1096,Đường Phạm Văn Thuận,Phường Tam Hiệp,,Tỉnh Đồng Nai,"1096, Đường Phạm Văn Thuận, Phường Tam Hiệp, Tỉnh Đồng Nai",moi
42,Phố Bạch Thái Bưởi,Phường Quế Võ,,Tỉnh Bắc Ninh,"42, Phố Bạch Thái Bưởi, Phường Quế Võ, Tỉnh Bắc Ninh",moi
255,Đường Nguyễn Gia Thiều,Phường Kinh Bắc,,Tỉnh Bắc Ninh,"255, Đường Nguyễn Gia Thiều, Phường Kinh Bắc, Tỉnh Bắc Ninh",moi
203-207,Đường Nguyễn Văn Cừ,Phường Võ Cường,,Tỉnh Bắc Ninh,"203-207, Đường Nguyễn Văn Cừ, Phường Võ Cường, Tỉnh Bắc Ninh",moi
155,Đường Ngô Gia Tự,Phường Vũ Ninh,,Tỉnh Bắc Ninh,"155, Đường Ngô Gia Tự, Phường Vũ Ninh, Tỉnh Bắc Ninh",moi
75,Đường Nguyễn Duy Trinh,Phường Phương Liễu,,Tỉnh Bắc Ninh,"75, Đường Nguyễn Duy Trinh, Phường Phương Liễu, Tỉnh Bắc Ninh",moi
6,Đường Lê Quang Đạo,Phường Từ Sơn,,Tỉnh Bắc Ninh,"6, Đường Lê Quang Đạo, Phường Từ Sơn, Tỉnh Bắc Ninh",moi
119,Phố Lê Quý Đôn,Phường Kinh Bắc,,Tỉnh Bắc Ninh,"119, Phố Lê Quý Đôn, Phường Kinh Bắc, Tỉnh Bắc Ninh",moi
20,Ngách 28/2 Ông Ích Khiêm,Phường Ba Đình,,Thành phố Hà Nội,"20, Ngách 28/2 Ông Ích Khiêm, Phường Ba Đình, Thành phố Hà Nội",moi
197,Đường Nguyễn Quốc Ích,Phường Võ Cường,,Tỉnh Bắc Ninh,"197, Đường Nguyễn Quốc Ích, Phường Võ Cường, Tỉnh Bắc Ninh",moi
48,Đường Lý Anh Tông,Phường Võ Cường,,Tỉnh Bắc Ninh,"48, Đường Lý Anh Tông, Phường Võ Cường, Tỉnh Bắc Ninh",moi
46B,Phố Sơn Tây,Phường Ba Đình,,Thành phố Hà Nội,"46B, Phố Sơn Tây, Phường Ba Đình, Thành phố Hà Nội",moi
49,Đường Trần Hưng Đạo,Phường Kinh Bắc,,Tỉnh Bắc Ninh,"49, Đường Trần Hưng Đạo, Phường Kinh Bắc, Tỉnh Bắc Ninh",moi
24,Ngõ 507 Đường Hoàng Quốc Việt,Phường Vũ Ninh,,Tỉnh Bắc Ninh,"24, Ngõ 507 Đường Hoàng Quốc Việt, Phường Vũ Ninh, Tỉnh Bắc Ninh",moi
60,Đường Ngọc Hân Công Chúa,Phường Kinh Bắc,,Tỉnh Bắc Ninh,"60, Đường Ngọc Hân Công Chúa, Phường Kinh Bắc, Tỉnh Bắc Ninh",moi
241,Phố Lương Định Của,Phường Phương Liễu,,Tỉnh Bắc Ninh,"241, Phố Lương Định Của, Phường Phương Liễu, Tỉnh Bắc Ninh",moi
1036,Đường Thiên Đức,Phường Kinh Bắc,,Tỉnh Bắc Ninh,"1036, Đường Thiên Đức, Phường Kinh Bắc, Tỉnh Bắc Ninh",moi
3,Đường Phúc Sơn,Phường Vũ Ninh,,Tỉnh Bắc Ninh,"3, Đường Phúc Sơn, Phường Vũ Ninh, Tỉnh Bắc Ninh",moi
23,Phố Giang Liễu 2,Phường Phương Liễu,,Tỉnh Bắc Ninh,"23, Phố Giang Liễu 2, Phường Phương Liễu, Tỉnh Bắc Ninh",moi
53,Đường Cô Mễ,Phường Vũ Ninh,,Tỉnh Bắc Ninh,"53, Đường Cô Mễ, Phường Vũ Ninh, Tỉnh Bắc Ninh",moi
19,Cao Bá Nhạ,Phường Cầu Ông Lãnh,,Thành phố Hồ Chí Minh,"19, Cao Bá Nhạ, Phường Cầu Ông Lãnh, Thành phố Hồ Chí Minh",moi
59,Đường Thanh Sơn,Phường Vũ Ninh,,Tỉnh Bắc Ninh,"59, Đường Thanh Sơn, Phường Vũ Ninh, Tỉnh Bắc Ninh",moi
02,Đường Mỹ Phú 1A,Phường Tân Phú,,Thành phố Hồ Chí Minh,"02, Đường Mỹ Phú 1A, Phường Tân Phú, Thành phố Hồ Chí Minh",moi
08,Đường Mỹ Phú 1B,Phường Tân Phú,,Thành phố Hồ Chí Minh,"08, Đường Mỹ Phú 1B, Phường Tân Phú, Thành phố Hồ Chí Minh",moi
104,Đường Cầu Tiên,Phường Võ Cường,,Tỉnh Bắc Ninh,"104, Đường Cầu Tiên, Phường Võ Cường, Tỉnh Bắc Ninh",moi
1,Hàng Đồng,Phường Hoàn Kiếm,,Thành phố Hà Nội,"1, Hàng Đồng, Phường Hoàn Kiếm, Thành phố Hà Nội",moi
