ID,ChuoiDiaChi,ChuoiDiaChiGoc,SoNha,TenDuong,PhuongXa,QuanHuyen,TinhThanh,GT_SoNha,GT_TenDuong,GT_PhuongXa,GT_QuanHuyen,GT_TinhThanh,HeQuyChieu,MucDoNhieu,LoaiNhieu,SoPhepBienDoi,Seed,Nguon
N00001,213; Phố Lương Định Của; P.Phương Liễu; Tinh Bac Ninh,"213, Phố Lương Định Của, Phường Phương Liễu, Tỉnh Bắc Ninh",213,Phố Lương Định Của,P.Phương Liễu,,Tinh Bac Ninh,213,Phố Lương Định Của,Phường Phương Liễu,,Tỉnh Bắc Ninh,moi,vua,viet_tat|bo_dau|dinh_dang_phan_cach,3,42,synthetic_from_verified_osm
N00002,"37/11,Đường Đặng Thùy Trâm,P. Bình Lợi Trung,TP. HCM","37/11, Đường Đặng Thùy Trâm, Phường Bình Lợi Trung, Thành phố Hồ Chí Minh",37/11,Đường Đặng Thùy Trâm,P. Bình Lợi Trung,,TP. HCM,37/11,Đường Đặng Thùy Trâm,Phường Bình Lợi Trung,,Thành phố Hồ Chí Minh,moi,nhe,viet_tat|dinh_dang_phan_cach,2,42,synthetic_from_verified_osm
N00003,18 - Phố Ô Chợ Dừa - Ha Noi - Chợ Dừa - Đống Đa,"18, Phố Ô Chợ Dừa, Chợ Dừa, Đống Đa, Hà Nội",18,Phố Ô Chợ Dừa,Chợ Dừa,Đống Đa,Ha Noi,18,Phố Ô Chợ Dừa,Chợ Dừa,Đống Đa,Hà Nội,cu,nang,bo_dau|dao_thu_tu_hanh_chinh|dinh_dang_phan_cach,3,42,synthetic_from_verified_osm
N00004,75; Ông Ích Khiêm; Thanh Bình; Hải Châu; Đà Nẵng,"75, Ông Ích Khiêm, Thanh Bình, Hải Châu, Đà Nẵng",75,Ông Ích Khiêm,Thanh Bình,Hải Châu,Đà Nẵng,75,Ông Ích Khiêm,Thanh Bình,Hải Châu,Đà Nẵng,cu,nhe,dinh_dang_phan_cach,1,42,synthetic_from_verified_osm
N00005,114; Phố Bùi Thị Xuân; Nguyễn Du; Hai Bà Trưng; Hà Nội,"114, Phố Bùi Thị Xuân, Nguyễn Du, Hai Bà Trưng, Hà Nội",114,Phố Bùi Thị Xuân,Nguyễn Du,Hai Bà Trưng,Hà Nội,114,Phố Bùi Thị Xuân,Nguyễn Du,Hai Bà Trưng,Hà Nội,cu,nhe,dinh_dang_phan_cach,1,42,synthetic_from_verified_osm
N00006,"Phố S0ng Tháp,P.Phu Khe,T.Bắc Ninh","8, Phố Song Tháp, Phường Phù Khê, Tỉnh Bắc Ninh",,Phố S0ng Tháp,P.Phu Khe,,T.Bắc Ninh,8,Phố Song Tháp,Phường Phù Khê,,Tỉnh Bắc Ninh,moi,nang,viet_tat|bo_dau|thieu_SoNha|loi_ocr_ky_tu|dao_thu_tu_hanh_chinh|dinh_dang_phan_cach,6,42,synthetic_from_verified_osm
N00007,"11,Đường Thành Thái,P 14,Quan 10,HCM","11, Đường Thành Thái, Phường 14, Quận 10, Thành phố Hồ Chí Minh",11,Đường Thành Thái,P 14,Quan 10,HCM,11,Đường Thành Thái,Phường 14,Quận 10,Thành phố Hồ Chí Minh,cu,vua,viet_tat|bo_dau|dinh_dang_phan_cach,3,42,synthetic_from_verified_osm
N00008,"62,Đường Võ Chí Công,Cầu Giấy,Ha Noi,Nghĩa Đô","62, Đường Võ Chí Công, Nghĩa Đô, Cầu Giấy, Hà Nội",62,Đường Võ Chí Công,Nghĩa Đô,Cầu Giấy,Ha Noi,62,Đường Võ Chí Công,Nghĩa Đô,Cầu Giấy,Hà Nội,cu,nang,bo_dau|dao_thu_tu_hanh_chinh|dinh_dang_phan_cach,3,42,synthetic_from_verified_osm
N00009,SH12-22; San Hô 12; Đa Tốn; Gia Lâm; Hà Nội,"SH12-22, San Hô 12, Đa Tốn, Gia Lâm, Hà Nội",SH12-22,San Hô 12,Đa Tốn,Gia Lâm,Hà Nội,SH12-22,San Hô 12,Đa Tốn,Gia Lâm,Hà Nội,cu,nhe,dinh_dang_phan_cach,1,42,synthetic_from_verified_osm
N00010,119; Duong Ngo Gia Tu; P. Vũ Ninh; TP.Bắc Ninh; Bắc Ninh,"119, Đường Ngô Gia Tự, Phường Vũ Ninh, Thành phố Bắc Ninh, Bắc Ninh",119,Duong Ngo Gia Tu,P. Vũ Ninh,TP.Bắc Ninh,Bắc Ninh,119,Đường Ngô Gia Tự,Phường Vũ Ninh,Thành phố Bắc Ninh,Bắc Ninh,cu,vua,viet_tat|bo_dau|dinh_dang_phan_cach,3,42,synthetic_from_verified_osm
N00011,"63,Ngõ 55 Hoàng Hoa Thám,P Ngọc Hà,Thành phố Hà Nội","63, Ngõ 55 Hoàng Hoa Thám, Phường Ngọc Hà, Thành phố Hà Nội",63,Ngõ 55 Hoàng Hoa Thám,P Ngọc Hà,,Thành phố Hà Nội,63,Ngõ 55 Hoàng Hoa Thám,Phường Ngọc Hà,,Thành phố Hà Nội,moi,nhe,viet_tat|dinh_dang_phan_cach,2,42,synthetic_from_verified_osm
N00012,"148,Phố Phan Kế Bính,Cống Vị,Ba Đình,TP.HN","148, Phố Phan Kế Bính, Cống Vị, Ba Đình, Hà Nội",148,Phố Phan Kế Bính,Cống Vị,Ba Đình,TP.HN,148,Phố Phan Kế Bính,Cống Vị,Ba Đình,Hà Nội,cu,nhe,viet_tat|dinh_dang_phan_cach,2,42,synthetic_from_verified_osm
N00013,"618,Đường Thiên Đức,P. Kinh Bac,T.Bắc Ninh","618, Đường Thiên Đức, Phường Kinh Bắc, Tỉnh Bắc Ninh",618,Đường Thiên Đức,P. Kinh Bac,,T.Bắc Ninh,618,Đường Thiên Đức,Phường Kinh Bắc,,Tỉnh Bắc Ninh,moi,vua,viet_tat|bo_dau|dinh_dang_phan_cach,3,42,synthetic_from_verified_osm
N00014,78 - Dịch Vọng Hậu - Dịch Vọng Hậu - Cầu Giấy - Hà Nội,"78, Dịch Vọng Hậu, Dịch Vọng Hậu, Cầu Giấy, Hà Nội",78,Dịch Vọng Hậu,Dịch Vọng Hậu,Cầu Giấy,Hà Nội,78,Dịch Vọng Hậu,Dịch Vọng Hậu,Cầu Giấy,Hà Nội,cu,vua,dinh_dang_phan_cach,1,42,synthetic_from_verified_osm
N00015,"4/25/23,Tân Thới Nhất 1,Tân Thới Nhất,Q 12,Hồ Chí Minh","4/25/23, Tân Thới Nhất 1, Tân Thới Nhất, Quận 12, Hồ Chí Minh",4/25/23,Tân Thới Nhất 1,Tân Thới Nhất,Q 12,Hồ Chí Minh,4/25/23,Tân Thới Nhất 1,Tân Thới Nhất,Quận 12,Hồ Chí Minh,cu,vua,viet_tat|dinh_dang_phan_cach,2,42,synthetic_from_verified_osm
N00016,72 - Đường Rạp Hát - P Kinh Bac - Bắc Ninh,"72, Đường Rạp Hát, Phường Kinh Bắc, Tỉnh Bắc Ninh",72,Đường Rạp Hát,P Kinh Bac,,Bắc Ninh,72,Đường Rạp Hát,Phường Kinh Bắc,,Tỉnh Bắc Ninh,moi,vua,viet_tat|bo_dau|dinh_dang_phan_cach,3,42,synthetic_from_verified_osm
N00017,2 - Ngõ 71 Lê Hồng Phong - Thành phố Hà Nội,"2, Ngõ 71 Lê Hồng Phong, Phường Ba Đình, Thành phố Hà Nội",2,Ngõ 71 Lê Hồng Phong,,,Thành phố Hà Nội,2,Ngõ 71 Lê Hồng Phong,Phường Ba Đình,,Thành phố Hà Nội,moi,nang,viet_tat|thieu_PhuongXa|dao_thu_tu_hanh_chinh|dinh_dang_phan_cach,4,42,synthetic_from_verified_osm
N00018,"460,Đường Thiên Đức,P. Kinh Bắc,Tỉnh Bắc Ninh","460, Đường Thiên Đức, Phường Kinh Bắc, Tỉnh Bắc Ninh",460,Đường Thiên Đức,P. Kinh Bắc,,Tỉnh Bắc Ninh,460,Đường Thiên Đức,Phường Kinh Bắc,,Tỉnh Bắc Ninh,moi,vua,viet_tat|dinh_dang_phan_cach,2,42,synthetic_from_verified_osm
N00019,"430/6,Duong Hung Vuong,Vĩnh Trung,Thanh Khê,Đà Nẵng","430/6, Đường Hùng Vương, Vĩnh Trung, Thanh Khê, Đà Nẵng",430/6,Duong Hung Vuong,Vĩnh Trung,Thanh Khê,Đà Nẵng,430/6,Đường Hùng Vương,Vĩnh Trung,Thanh Khê,Đà Nẵng,cu,vua,bo_dau|dinh_dang_phan_cach,2,42,synthetic_from_verified_osm
N00020,14; Ngõ 77 Lê Hồng Phong; P Ba Đình; TP. Hà Nội,"14, Ngõ 77 Lê Hồng Phong, Phường Ba Đình, Thành phố Hà Nội",14,Ngõ 77 Lê Hồng Phong,P Ba Đình,,TP. Hà Nội,14,Ngõ 77 Lê Hồng Phong,Phường Ba Đình,,Thành phố Hà Nội,moi,nhe,viet_tat|dinh_dang_phan_cach,2,42,synthetic_from_verified_osm
N00021,"SH02-07,San Ho 2,Đa Tốn,Gia Lâm,Hà Nội","SH02-07, San Hô 2, Đa Tốn, Gia Lâm, Hà Nội",SH02-07,San Ho 2,Đa Tốn,Gia Lâm,Hà Nội,SH02-07,San Hô 2,Đa Tốn,Gia Lâm,Hà Nội,cu,vua,bo_dau|dinh_dang_phan_cach,2,42,synthetic_from_verified_osm
N00022,"2,Ngõ 77 Lê Hồng Phong,P.Ba Đình,Thành phố Hà Nội","2, Ngõ 77 Lê Hồng Phong, Phường Ba Đình, Thành phố Hà Nội",2,Ngõ 77 Lê Hồng Phong,P.Ba Đình,,Thành phố Hà Nội,2,Ngõ 77 Lê Hồng Phong,Phường Ba Đình,,Thành phố Hà Nội,moi,nhe,viet_tat|dinh_dang_phan_cach,2,42,synthetic_from_verified_osm
N00023,2 - Đường Nguyễn Đoan Trung - Phường Hạp Lĩnh - Bac Ninh,"2, Đường Nguyễn Đoan Trung, Phường Hạp Lĩnh, Tỉnh Bắc Ninh",2,Đường Nguyễn Đoan Trung,Phường Hạp Lĩnh,,Bac Ninh,2,Đường Nguyễn Đoan Trung,Phường Hạp Lĩnh,,Tỉnh Bắc Ninh,moi,vua,viet_tat|bo_dau|dinh_dang_phan_cach,3,42,synthetic_from_verified_osm
N00024,Duong Ng0 Tat To - P. Võ Cường - Tỉnh Bắc Ninh,"8, Đường Ngô Tất Tố, Phường Võ Cường, Tỉnh Bắc Ninh",,Duong Ng0 Tat To,P. Võ Cường,,Tỉnh Bắc Ninh,8,Đường Ngô Tất Tố,Phường Võ Cường,,Tỉnh Bắc Ninh,moi,nang,viet_tat|bo_dau|thieu_SoNha|loi_ocr_ky_tu|dao_thu_tu_hanh_chinh|dinh_dang_phan_cach,6,42,synthetic_from_verified_osm
N00025,122 - Phan Đình Phùng - Tân An - Ninh Kiều - Can Tho,"122, Phan Đình Phùng, Tân An, Ninh Kiều, Cần Thơ",122,Phan Đình Phùng,Tân An,Ninh Kiều,Can Tho,122,Phan Đình Phùng,Tân An,Ninh Kiều,Cần Thơ,cu,vua,bo_dau|dinh_dang_phan_cach,2,42,synthetic_from_verified_osm
N00026,1 - Ngõ 40 Đặng Thùy Trâm - P Dich Vong Hau - Quận Cầu Giấy - HN,"1, Ngõ 40 Đặng Thùy Trâm, Phường Dịch Vọng Hậu, Quận Cầu Giấy, Hà Nội",1,Ngõ 40 Đặng Thùy Trâm,P Dich Vong Hau,Quận Cầu Giấy,HN,1,Ngõ 40 Đặng Thùy Trâm,Phường Dịch Vọng Hậu,Quận Cầu Giấy,Hà Nội,cu,vua,viet_tat|bo_dau|dinh_dang_phan_cach,3,42,synthetic_from_verified_osm
N00027,"Pho Nguyen Xuan Chinh,P.Tiền Ninh Vệ,Thành phố Bắc Ninh,Bắc N1nh","12, Phố Nguyễn Xuân Chính, Phường Tiền Ninh Vệ, Thành phố Bắc Ninh, Bắc Ninh",,Pho Nguyen Xuan Chinh,P.Tiền Ninh Vệ,Thành phố Bắc Ninh,Bắc N1nh,12,Phố Nguyễn Xuân Chính,Phường Tiền Ninh Vệ,Thành phố Bắc Ninh,Bắc Ninh,cu,nang,viet_tat|bo_dau|thieu_SoNha|loi_ocr_ky_tu|dinh_dang_phan_cach,5,42,synthetic_from_verified_osm
N00028,"29,Phố Tôn Thất Thuyết,P. Phương Liễu,Tỉnh Bắc Ninh","29, Phố Tôn Thất Thuyết, Phường Phương Liễu, Tỉnh Bắc Ninh",29,Phố Tôn Thất Thuyết,P. Phương Liễu,,Tỉnh Bắc Ninh,29,Phố Tôn Thất Thuyết,Phường Phương Liễu,,Tỉnh Bắc Ninh,moi,nhe,viet_tat|dinh_dang_phan_cach,2,42,synthetic_from_verified_osm
N00029,90 - Phố Nghĩa Tân - P.Nghĩa Đô - HN,"90, Phố Nghĩa Tân, Phường Nghĩa Đô, Thành phố Hà Nội",90,Phố Nghĩa Tân,P.Nghĩa Đô,,HN,90,Phố Nghĩa Tân,Phường Nghĩa Đô,,Thành phố Hà Nội,moi,nhe,viet_tat|dinh_dang_phan_cach,2,42,synthetic_from_verified_osm
N00030,Ngõ 71 Lê Hồng Ph0ng; Phường Ba Đình; Thanh pho Ha Noi,"10, Ngõ 71 Lê Hồng Phong, Phường Ba Đình, Thành phố Hà Nội",,Ngõ 71 Lê Hồng Ph0ng,Phường Ba Đình,,Thanh pho Ha Noi,10,Ngõ 71 Lê Hồng Phong,Phường Ba Đình,,Thành phố Hà Nội,moi,nang,bo_dau|thieu_SoNha|loi_ocr_ky_tu|dao_thu_tu_hanh_chinh|dinh_dang_phan_cach,5,42,synthetic_from_verified_osm
N00031,Phố Hàng Mành - Hoàn Kiếm - Thành phố Hà Nội,"24, Phố Hàng Mành, Phường Hoàn Kiếm, Thành phố Hà Nội",,Phố Hàng Mành,Hoàn Kiếm,,Thành phố Hà Nội,24,Phố Hàng Mành,Phường Hoàn Kiếm,,Thành phố Hà Nội,moi,nang,viet_tat|thieu_SoNha|dao_thu_tu_hanh_chinh|dinh_dang_phan_cach,4,42,synthetic_from_verified_osm
N00032,592 - Duong Dam Van Tiet - Bắc Ninh,"592, Đường Đàm Văn Tiết, Phường Nam Sơn, Tỉnh Bắc Ninh",592,Duong Dam Van Tiet,,,Bắc Ninh,592,Đường Đàm Văn Tiết,Phường Nam Sơn,,Tỉnh Bắc Ninh,moi,nang,viet_tat|bo_dau|thieu_PhuongXa|dinh_dang_phan_cach,4,42,synthetic_from_verified_osm
N00033,10; Ngách 5/87 Hoàng Quốc Việt; Phường Nghĩa Đô; HN,"10, Ngách 5/87 Hoàng Quốc Việt, Phường Nghĩa Đô, Thành phố Hà Nội",10,Ngách 5/87 Hoàng Quốc Việt,Phường Nghĩa Đô,,HN,10,Ngách 5/87 Hoàng Quốc Việt,Phường Nghĩa Đô,,Thành phố Hà Nội,moi,nhe,viet_tat|dinh_dang_phan_cach,2,42,synthetic_from_verified_osm
N00034,"26A,Ngõ 77 Lê Hồng Phong,Phường Điện Biên,Quận Ba Đình,Hà Nội","26A, Ngõ 77 Lê Hồng Phong, Phường Điện Biên, Quận Ba Đình, Hà Nội",26A,Ngõ 77 Lê Hồng Phong,Phường Điện Biên,Quận Ba Đình,Hà Nội,26A,Ngõ 77 Lê Hồng Phong,Phường Điện Biên,Quận Ba Đình,Hà Nội,cu,nhe,dinh_dang_phan_cach,1,42,synthetic_from_verified_osm
N00035,C36 - Hà Kế Tấn - P Phương Liệt - Hà Nội,"C36, Hà Kế Tấn, Phường Phương Liệt, Thành phố Hà Nội",C36,Hà Kế Tấn,P Phương Liệt,,Hà Nội,C36,Hà Kế Tấn,Phường Phương Liệt,,Thành phố Hà Nội,moi,nhe,viet_tat|dinh_dang_phan_cach,2,42,synthetic_from_verified_osm
N00036,1; Phố Nguyễn Chiêu Huấn; Phường Tiền Ninh Vệ; TP. Bắc Ninh; Bắc Ninh,"1, Phố Nguyễn Chiêu Huấn, Phường Tiền Ninh Vệ, Thành phố Bắc Ninh, Bắc Ninh",1,Phố Nguyễn Chiêu Huấn,Phường Tiền Ninh Vệ,TP. Bắc Ninh,Bắc Ninh,1,Phố Nguyễn Chiêu Huấn,Phường Tiền Ninh Vệ,Thành phố Bắc Ninh,Bắc Ninh,cu,vua,viet_tat|dinh_dang_phan_cach,2,42,synthetic_from_verified_osm
N00037,"46A,Phố Sơn Tây,P. Ba Đình,Thanh pho Ha Noi","46A, Phố Sơn Tây, Phường Ba Đình, Thành phố Hà Nội",46A,Phố Sơn Tây,P. Ba Đình,,Thanh pho Ha Noi,46A,Phố Sơn Tây,Phường Ba Đình,,Thành phố Hà Nội,moi,vua,viet_tat|bo_dau|dinh_dang_phan_cach,3,42,synthetic_from_verified_osm
N00038,"2,Phố Chợ Gạo,P Hoan Kiem,Thành phố Hà Nội","2, Phố Chợ Gạo, Phường Hoàn Kiếm, Thành phố Hà Nội",2,Phố Chợ Gạo,P Hoan Kiem,,Thành phố Hà Nội,2,Phố Chợ Gạo,Phường Hoàn Kiếm,,Thành phố Hà Nội,moi,vua,viet_tat|bo_dau|dinh_dang_phan_cach,3,42,synthetic_from_verified_osm
N00039,8; Phố Hàng Giấy; Phường Hoàn Kiếm; Thanh pho Ha Noi,"8, Phố Hàng Giấy, Phường Hoàn Kiếm, Thành phố Hà Nội",8,Phố Hàng Giấy,Phường Hoàn Kiếm,,Thanh pho Ha Noi,8,Phố Hàng Giấy,Phường Hoàn Kiếm,,Thành phố Hà Nội,moi,vua,bo_dau|dinh_dang_phan_cach,2,42,synthetic_from_verified_osm
N00040,126; Đường Khả Lễ; P Võ Cường; Bắc Ninh,"126, Đường Khả Lễ, Phường Võ Cường, Thành phố Bắc Ninh, Bắc Ninh",126,Đường Khả Lễ,P Võ Cường,,Bắc Ninh,126,Đường Khả Lễ,Phường Võ Cường,Thành phố Bắc Ninh,Bắc Ninh,cu,nang,viet_tat|bo_dau|thieu_QuanHuyen|dinh_dang_phan_cach,4,42,synthetic_from_verified_osm
N00041,12 - Ngõ 77 Lê Hồng Phong - P Điện Biên - Quận Ba Đình - TP. Hà Nội,"12, Ngõ 77 Lê Hồng Phong, Phường Điện Biên, Quận Ba Đình, Hà Nội",12,Ngõ 77 Lê Hồng Phong,P Điện Biên,Quận Ba Đình,TP. Hà Nội,12,Ngõ 77 Lê Hồng Phong,Phường Điện Biên,Quận Ba Đình,Hà Nội,cu,vua,viet_tat|dinh_dang_phan_cach,2,42,synthetic_from_verified_osm
N00042,73FX+CQG; Đường Thân Nhân Trung; Việt Yên; Tỉnh Bắc Ninh,"73FX+CQG, Đường Thân Nhân Trung, Phường Việt Yên, Tỉnh Bắc Ninh",73FX+CQG,Đường Thân Nhân Trung,Việt Yên,,Tỉnh Bắc Ninh,73FX+CQG,Đường Thân Nhân Trung,Phường Việt Yên,,Tỉnh Bắc Ninh,moi,nhe,viet_tat|dinh_dang_phan_cach,2,42,synthetic_from_verified_osm
N00043,Ngách 238/2 Hoàng Quốc Việt; P.Cổ Nhuế 1; Quận Bắc Từ Liêm; TP.HN,"19, Ngách 238/2 Hoàng Quốc Việt, Phường Cổ Nhuế 1, Quận Bắc Từ Liêm, Hà Nội",,Ngách 238/2 Hoàng Quốc Việt,P.Cổ Nhuế 1,Quận Bắc Từ Liêm,TP.HN,19,Ngách 238/2 Hoàng Quốc Việt,Phường Cổ Nhuế 1,Quận Bắc Từ Liêm,Hà Nội,cu,nang,viet_tat|thieu_SoNha|dao_thu_tu_hanh_chinh|dinh_dang_phan_cach,4,42,synthetic_from_verified_osm
N00044,"5,Phố Khúc Hạo,Phường Ba Đình,Thanh pho Ha Noi","5, Phố Khúc Hạo, Phường Ba Đình, Thành phố Hà Nội",5,Phố Khúc Hạo,Phường Ba Đình,,Thanh pho Ha Noi,5,Phố Khúc Hạo,Phường Ba Đình,,Thành phố Hà Nội,moi,vua,bo_dau|dinh_dang_phan_cach,2,42,synthetic_from_verified_osm
N00045,17 - Phố Nguyễn Thiện Thuật - Phường Hoàn Kiếm - TP.HN,"17, Phố Nguyễn Thiện Thuật, Phường Hoàn Kiếm, Thành phố Hà Nội",17,Phố Nguyễn Thiện Thuật,Phường Hoàn Kiếm,,TP.HN,17,Phố Nguyễn Thiện Thuật,Phường Hoàn Kiếm,,Thành phố Hà Nội,moi,nhe,viet_tat|dinh_dang_phan_cach,2,42,synthetic_from_verified_osm
N00046,28A - Xóm Hà Hồi - Trần Hưng Đạo - Hoàn Kiếm - Hà Nội,"28A, Xóm Hà Hồi, Trần Hưng Đạo, Hoàn Kiếm, Hà Nội",28A,Xóm Hà Hồi,Trần Hưng Đạo,Hoàn Kiếm,Hà Nội,28A,Xóm Hà Hồi,Trần Hưng Đạo,Hoàn Kiếm,Hà Nội,cu,nhe,dinh_dang_phan_cach,1,42,synthetic_from_verified_osm
N00047,19 - Phố Chu Văn An - P.Ba Đình - TP. Hà Nội,"19, Phố Chu Văn An, Phường Ba Đình, Thành phố Hà Nội",19,Phố Chu Văn An,P.Ba Đình,,TP. Hà Nội,19,Phố Chu Văn An,Phường Ba Đình,,Thành phố Hà Nội,moi,vua,viet_tat|dinh_dang_phan_cach,2,42,synthetic_from_verified_osm
N00048,184 - Duong Truong Chinh - Khương Thượng - Đống Đa - Hà Nội,"184, Đường Trường Chinh, Khương Thượng, Đống Đa, Hà Nội",184,Duong Truong Chinh,Khương Thượng,Đống Đa,Hà Nội,184,Đường Trường Chinh,Khương Thượng,Đống Đa,Hà Nội,cu,nang,bo_dau|dinh_dang_phan_cach,2,42,synthetic_from_verified_osm
N00049,Tổ 19; Ấp 3; T Dong Nai,"Tổ 19, Ấp 3, Xã Tân Phú, Tỉnh Đồng Nai",Tổ 19,Ấp 3,,,T Dong Nai,Tổ 19,Ấp 3,Xã Tân Phú,,Tỉnh Đồng Nai,moi,nang,viet_tat|bo_dau|thieu_PhuongXa|dao_thu_tu_hanh_chinh|dinh_dang_phan_cach,5,42,synthetic_from_verified_osm
N00050,NT19-11 - Ngọc Trai 19 - Đa Tốn - Gia Lâm - HN,"NT19-11, Ngọc Trai 19, Đa Tốn, Gia Lâm, Hà Nội",NT19-11,Ngọc Trai 19,Đa Tốn,Gia Lâm,HN,NT19-11,Ngọc Trai 19,Đa Tốn,Gia Lâm,Hà Nội,cu,nhe,viet_tat|dinh_dang_phan_cach,2,42,synthetic_from_verified_osm
N00051,46 - Ngõ 85 Sài Đồng - Long Biên - Hà Nội,"46, Ngõ 85 Sài Đồng, Sài Đồng, Long Biên, Hà Nội",46,Ngõ 85 Sài Đồng,,Long Biên,Hà Nội,46,Ngõ 85 Sài Đồng,Sài Đồng,Long Biên,Hà Nội,cu,nang,thieu_PhuongXa|dinh_dang_phan_cach,2,42,synthetic_from_verified_osm
N00052,"91,Duong Tran Hung Dao,Phường Kinh Bắc,Tỉnh Bắc Ninh","91, Đường Trần Hưng Đạo, Phường Kinh Bắc, Tỉnh Bắc Ninh",91,Duong Tran Hung Dao,Phường Kinh Bắc,,Tỉnh Bắc Ninh,91,Đường Trần Hưng Đạo,Phường Kinh Bắc,,Tỉnh Bắc Ninh,moi,vua,bo_dau|dinh_dang_phan_cach,2,42,synthetic_from_verified_osm
N00053,"18,Le Thuc Hoach,Phú Thọ Hòa,Tân Phú,TPHCM","18, Lê Thúc Hoạch, Phú Thọ Hòa, Tân Phú, Hồ Chí Minh",18,Le Thuc Hoach,Phú Thọ Hòa,Tân Phú,TPHCM,18,Lê Thúc Hoạch,Phú Thọ Hòa,Tân Phú,Hồ Chí Minh,cu,vua,viet_tat|bo_dau|dinh_dang_phan_cach,3,42,synthetic_from_verified_osm
N00054,"161,Đường Ngô Gia Tự,Vũ Ninh,Thành phố Bắc Ninh,Bắc Ninh","161, Đường Ngô Gia Tự, Phường Vũ Ninh, Thành phố Bắc Ninh, Bắc Ninh",161,Đường Ngô Gia Tự,Vũ Ninh,Thành phố Bắc Ninh,Bắc Ninh,161,Đường Ngô Gia Tự,Phường Vũ Ninh,Thành phố Bắc Ninh,Bắc Ninh,cu,vua,viet_tat|dinh_dang_phan_cach,2,42,synthetic_from_verified_osm
N00055,"44,Đường Số 19,Tan Phu,TP. HCM","44, Đường Số 19, Phường Tân Phú, Thành phố Hồ Chí Minh",44,Đường Số 19,Tan Phu,,TP. HCM,44,Đường Số 19,Phường Tân Phú,,Thành phố Hồ Chí Minh,moi,vua,viet_tat|bo_dau|dinh_dang_phan_cach,3,42,synthetic_from_verified_osm
N00056,"15,Phố Hàng Cót,P Hàng Mã,Quận Hoàn Kiếm,TP.HN","15, Phố Hàng Cót, Phường Hàng Mã, Quận Hoàn Kiếm, Hà Nội",15,Phố Hàng Cót,P Hàng Mã,Quận Hoàn Kiếm,TP.HN,15,Phố Hàng Cót,Phường Hàng Mã,Quận Hoàn Kiếm,Hà Nội,cu,vua,viet_tat|dinh_dang_phan_cach,2,42,synthetic_from_verified_osm
N00057,266 - Đường Như Nguyệt - Phường Vũ Ninh - Tỉnh Bắc Ninh,"266, Đường Như Nguyệt, Phường Vũ Ninh, Tỉnh Bắc Ninh",266,Đường Như Nguyệt,Phường Vũ Ninh,,Tỉnh Bắc Ninh,266,Đường Như Nguyệt,Phường Vũ Ninh,,Tỉnh Bắc Ninh,moi,nhe,dinh_dang_phan_cach,1,42,synthetic_from_verified_osm
N00058,Phố Lương Định Của - Phuong Phuong Lieu - Tỉnh Bắc Ninh,"261, Phố Lương Định Của, Phường Phương Liễu, Tỉnh Bắc Ninh",,Phố Lương Định Của,Phuong Phuong Lieu,,Tỉnh Bắc Ninh,261,Phố Lương Định Của,Phường Phương Liễu,,Tỉnh Bắc Ninh,moi,nang,bo_dau|thieu_SoNha|dinh_dang_phan_cach,3,42,synthetic_from_verified_osm
N00059,"27,Phố Nguyễn Hữu Huân,Hoàn Kiếm,Thành phố Hà Nội","27, Phố Nguyễn Hữu Huân, Phường Hoàn Kiếm, Thành phố Hà Nội",27,Phố Nguyễn Hữu Huân,Hoàn Kiếm,,Thành phố Hà Nội,27,Phố Nguyễn Hữu Huân,Phường Hoàn Kiếm,,Thành phố Hà Nội,moi,nhe,viet_tat|dinh_dang_phan_cach,2,42,synthetic_from_verified_osm
N00060,3; Đường Nguyễn Đăng Đạo; P.Võ Cường; Tỉnh Bắc Ninh,"3, Đường Nguyễn Đăng Đạo, Phường Võ Cường, Tỉnh Bắc Ninh",3,Đường Nguyễn Đăng Đạo,P.Võ Cường,,Tỉnh Bắc Ninh,3,Đường Nguyễn Đăng Đạo,Phường Võ Cường,,Tỉnh Bắc Ninh,moi,vua,viet_tat|dinh_dang_phan_cach,2,42,synthetic_from_verified_osm
N00061,"20,Hoa Lâm,Đức Giang,Long Biên,Hà Nội","20, Hoa Lâm, Đức Giang, Long Biên, Hà Nội",20,Hoa Lâm,Đức Giang,Long Biên,Hà Nội,20,Hoa Lâm,Đức Giang,Long Biên,Hà Nội,cu,nhe,dinh_dang_phan_cach,1,42,synthetic_from_verified_osm
N00062,"Phố Trần Bình Trọng,P. Phương Liễu,TX. Quế Võ,Bắc Ninh","4, Phố Trần Bình Trọng, Phường Phương Liễu, Thị xã Quế Võ, Bắc Ninh",,Phố Trần Bình Trọng,P. Phương Liễu,TX. Quế Võ,Bắc Ninh,4,Phố Trần Bình Trọng,Phường Phương Liễu,Thị xã Quế Võ,Bắc Ninh,cu,nang,viet_tat|thieu_SoNha|dinh_dang_phan_cach,3,42,synthetic_from_verified_osm
N00063,507 - Duong Hoang Quoc Viet - Vũ Ninh - Bắc Ninh,"507, Đường Hoàng Quốc Việt, Phường Vũ Ninh, Tỉnh Bắc Ninh",507,Duong Hoang Quoc Viet,Vũ Ninh,,Bắc Ninh,507,Đường Hoàng Quốc Việt,Phường Vũ Ninh,,Tỉnh Bắc Ninh,moi,vua,viet_tat|bo_dau|dinh_dang_phan_cach,3,42,synthetic_from_verified_osm
N00064,18 - Đường Nội Khu Nam Khang - Tan Phu - Quận 7 - Thành phố Hồ Chí Minh,"18, Đường Nội Khu Nam Khang, Tân Phú, Quận 7, Thành phố Hồ Chí Minh",18,Đường Nội Khu Nam Khang,Tan Phu,Quận 7,Thành phố Hồ Chí Minh,18,Đường Nội Khu Nam Khang,Tân Phú,Quận 7,Thành phố Hồ Chí Minh,cu,vua,bo_dau|dinh_dang_phan_cach,2,42,synthetic_from_verified_osm
N00065,285; Quốc Lộ 80; TT.Vĩnh Thạnh; Vĩnh Thạnh; Thành phố Cần Thơ,"285, Quốc Lộ 80, Thị trấn Vĩnh Thạnh, Vĩnh Thạnh, Thành phố Cần Thơ",285,Quốc Lộ 80,TT.Vĩnh Thạnh,Vĩnh Thạnh,Thành phố Cần Thơ,285,Quốc Lộ 80,Thị trấn Vĩnh Thạnh,Vĩnh Thạnh,Thành phố Cần Thơ,cu,nhe,viet_tat|dinh_dang_phan_cach,2,42,synthetic_from_verified_osm
N00066,2; Phố Mai Anh Tuấn; Phường Ô Chợ Dừa; Thành phố Hà Nội,"2, Phố Mai Anh Tuấn, Phường Ô Chợ Dừa, Thành phố Hà Nội",2,Phố Mai Anh Tuấn,Phường Ô Chợ Dừa,,Thành phố Hà Nội,2,Phố Mai Anh Tuấn,Phường Ô Chợ Dừa,,Thành phố Hà Nội,moi,nhe,dinh_dang_phan_cach,1,42,synthetic_from_verified_osm
N00067,"Đường Thành Cổ,P. Kinh Bắc,Tinh Bac Ninh","9, Đường Thành Cổ, Phường Kinh Bắc, Tỉnh Bắc Ninh",,Đường Thành Cổ,P. Kinh Bắc,,Tinh Bac Ninh,9,Đường Thành Cổ,Phường Kinh Bắc,,Tỉnh Bắc Ninh,moi,nang,viet_tat|bo_dau|thieu_SoNha|dao_thu_tu_hanh_chinh|dinh_dang_phan_cach,5,42,synthetic_from_verified_osm
N00068,2 - Phố Lê Văn Thiêm - Nhân Chính - Thanh Xuân - HN,"2, Phố Lê Văn Thiêm, Nhân Chính, Thanh Xuân, Hà Nội",2,Phố Lê Văn Thiêm,Nhân Chính,Thanh Xuân,HN,2,Phố Lê Văn Thiêm,Nhân Chính,Thanh Xuân,Hà Nội,cu,nhe,viet_tat|dinh_dang_phan_cach,2,42,synthetic_from_verified_osm
N00069,"177,Phố Bà Triệu,Lê Đại Hành,Hai Bà Trưng,Hà Nội","177, Phố Bà Triệu, Lê Đại Hành, Hai Bà Trưng, Hà Nội",177,Phố Bà Triệu,Lê Đại Hành,Hai Bà Trưng,Hà Nội,177,Phố Bà Triệu,Lê Đại Hành,Hai Bà Trưng,Hà Nội,cu,nhe,dinh_dang_phan_cach,1,42,synthetic_from_verified_osm
N00070,01; Đường Nội Khu Mỹ Phú 3A; Tân Phú; Quận 7; Thành phố Hồ Chí Minh,"01, Đường Nội Khu Mỹ Phú 3A, Tân Phú, Quận 7, Thành phố Hồ Chí Minh",01,Đường Nội Khu Mỹ Phú 3A,Tân Phú,Quận 7,Thành phố Hồ Chí Minh,01,Đường Nội Khu Mỹ Phú 3A,Tân Phú,Quận 7,Thành phố Hồ Chí Minh,cu,vua,dinh_dang_phan_cach,1,42,synthetic_from_verified_osm
N00071,47; Đường Vũ Trọng Phụng; Thanh Xuân Trung; Thanh Xuan; Hà Nội,"47, Đường Vũ Trọng Phụng, Thanh Xuân Trung, Thanh Xuân, Hà Nội",47,Đường Vũ Trọng Phụng,Thanh Xuân Trung,Thanh Xuan,Hà Nội,47,Đường Vũ Trọng Phụng,Thanh Xuân Trung,Thanh Xuân,Hà Nội,cu,vua,bo_dau|dinh_dang_phan_cach,2,42,synthetic_from_verified_osm
N00072,41; Ph0 Dang Thuy Tram; Hà Nội; Quận Bắc Từ Liêm,"41, Phố Đặng Thùy Trâm, Phường Cổ Nhuế 1, Quận Bắc Từ Liêm, Hà Nội",41,Ph0 Dang Thuy Tram,,Quận Bắc Từ Liêm,Hà Nội,41,Phố Đặng Thùy Trâm,Phường Cổ Nhuế 1,Quận Bắc Từ Liêm,Hà Nội,cu,nang,viet_tat|bo_dau|thieu_PhuongXa|loi_ocr_ky_tu|dao_thu_tu_hanh_chinh|dinh_dang_phan_cach,6,42,synthetic_from_verified_osm
N00073,38; Phố Yên Mẫn; P. Kinh Bắc; Tỉnh Bắc Ninh,"38, Phố Yên Mẫn, Phường Kinh Bắc, Tỉnh Bắc Ninh",38,Phố Yên Mẫn,P. Kinh Bắc,,Tỉnh Bắc Ninh,38,Phố Yên Mẫn,Phường Kinh Bắc,,Tỉnh Bắc Ninh,moi,vua,viet_tat|dinh_dang_phan_cach,2,42,synthetic_from_verified_osm
N00074,NT07-02; Ngọc Trai 7; Da Ton; Gia Lâm; Hà Nội,"NT07-02, Ngọc Trai 7, Đa Tốn, Gia Lâm, Hà Nội",NT07-02,Ngọc Trai 7,Da Ton,Gia Lâm,Hà Nội,NT07-02,Ngọc Trai 7,Đa Tốn,Gia Lâm,Hà Nội,cu,vua,bo_dau|dinh_dang_phan_cach,2,42,synthetic_from_verified_osm
N00075,1079 - Phạm Thế Hiển - Chánh Hưng - Thành phố Hồ Chí Minh,"1079, Phạm Thế Hiển, Phường Chánh Hưng, Thành phố Hồ Chí Minh",1079,Phạm Thế Hiển,Chánh Hưng,,Thành phố Hồ Chí Minh,1079,Phạm Thế Hiển,Phường Chánh Hưng,,Thành phố Hồ Chí Minh,moi,nhe,viet_tat|dinh_dang_phan_cach,2,42,synthetic_from_verified_osm
N00076,1 - Đường số 7B - An Lac A - Bình Tân - Hồ Chí Minh,"1, Đường số 7B, An Lạc A, Bình Tân, Hồ Chí Minh",1,Đường số 7B,An Lac A,Bình Tân,Hồ Chí Minh,1,Đường số 7B,An Lạc A,Bình Tân,Hồ Chí Minh,cu,vua,bo_dau|dinh_dang_phan_cach,2,42,synthetic_from_verified_osm
N00077,02 - Đường Mỹ Phú 1A - P Tân Phú - Thanh pho Ho Chi Minh,"02, Đường Mỹ Phú 1A, Phường Tân Phú, Thành phố Hồ Chí Minh",02,Đường Mỹ Phú 1A,P Tân Phú,,Thanh pho Ho Chi Minh,02,Đường Mỹ Phú 1A,Phường Tân Phú,,Thành phố Hồ Chí Minh,moi,vua,viet_tat|bo_dau|dinh_dang_phan_cach,3,42,synthetic_from_verified_osm
N00078,"30,Phố Nguyễn Nhân Bỉ,Thành phố Bắc Ninh,Bắc N1nh","30, Phố Nguyễn Nhân Bỉ, Phường Thị Cầu, Thành phố Bắc Ninh, Bắc Ninh",30,Phố Nguyễn Nhân Bỉ,,Thành phố Bắc Ninh,Bắc N1nh,30,Phố Nguyễn Nhân Bỉ,Phường Thị Cầu,Thành phố Bắc Ninh,Bắc Ninh,cu,nang,viet_tat|bo_dau|thieu_PhuongXa|loi_ocr_ky_tu|dinh_dang_phan_cach,5,42,synthetic_from_verified_osm
N00079,"82C,Hẻm 76 Đường Tây Hòa,Thanh pho Thu Duc,Thành phố Hồ Chí M1nh","82C, Hẻm 76 Đường Tây Hòa, Phước Long A, Thành phố Thủ Đức, Thành phố Hồ Chí Minh",82C,Hẻm 76 Đường Tây Hòa,,Thanh pho Thu Duc,Thành phố Hồ Chí M1nh,82C,Hẻm 76 Đường Tây Hòa,Phước Long A,Thành phố Thủ Đức,Thành phố Hồ Chí Minh,cu,nang,bo_dau|thieu_PhuongXa|loi_ocr_ky_tu|dinh_dang_phan_cach,4,42,synthetic_from_verified_osm
N00080,220; Duong Hoang Quoc Viet; P. Vũ Ninh; Tỉnh Bắc Ninh,"220, Đường Hoàng Quốc Việt, Phường Vũ Ninh, Tỉnh Bắc Ninh",220,Duong Hoang Quoc Viet,P. Vũ Ninh,,Tỉnh Bắc Ninh,220,Đường Hoàng Quốc Việt,Phường Vũ Ninh,,Tỉnh Bắc Ninh,moi,vua,viet_tat|bo_dau|dinh_dang_phan_cach,3,42,synthetic_from_verified_osm
N00081,7 - Đường Trần Lựu - Phường Vũ Ninh - Tinh Bac Ninh,"7, Đường Trần Lựu, Phường Vũ Ninh, Tỉnh Bắc Ninh",7,Đường Trần Lựu,Phường Vũ Ninh,,Tinh Bac Ninh,7,Đường Trần Lựu,Phường Vũ Ninh,,Tỉnh Bắc Ninh,moi,vua,bo_dau|dinh_dang_phan_cach,2,42,synthetic_from_verified_osm
N00082,"83,83 Ma May Street,Phường Hoàn Kiếm,Thành phố Hà Nội","83, 83 Ma May Street, Phường Hoàn Kiếm, Thành phố Hà Nội",83,83 Ma May Street,Phường Hoàn Kiếm,,Thành phố Hà Nội,83,83 Ma May Street,Phường Hoàn Kiếm,,Thành phố Hà Nội,moi,nhe,dinh_dang_phan_cach,1,42,synthetic_from_verified_osm
N00083,"Mạc Thiên Tích,Xuan Khanh,Ninh Kiều,Cần Thơ","2/95, Mạc Thiên Tích, Xuân Khánh, Ninh Kiều, Cần Thơ",,Mạc Thiên Tích,Xuan Khanh,Ninh Kiều,Cần Thơ,2/95,Mạc Thiên Tích,Xuân Khánh,Ninh Kiều,Cần Thơ,cu,nang,bo_dau|thieu_SoNha|dinh_dang_phan_cach,3,42,synthetic_from_verified_osm
N00084,269 - Phố Lương Định Của - Phường Phương Liễu - Tỉnh Bắc Ninh,"269, Phố Lương Định Của, Phường Phương Liễu, Tỉnh Bắc Ninh",269,Phố Lương Định Của,Phường Phương Liễu,,Tỉnh Bắc Ninh,269,Phố Lương Định Của,Phường Phương Liễu,,Tỉnh Bắc Ninh,moi,nhe,dinh_dang_phan_cach,1,42,synthetic_from_verified_osm
N00085,1014/88/9; Hẻm 1014/88 Tân Kỳ Tân Quý; Bình Hưng Hòa; Bình Tân; HCM,"1014/88/9, Hẻm 1014/88 Tân Kỳ Tân Quý, Bình Hưng Hòa, Bình Tân, Hồ Chí Minh",1014/88/9,Hẻm 1014/88 Tân Kỳ Tân Quý,Bình Hưng Hòa,Bình Tân,HCM,1014/88/9,Hẻm 1014/88 Tân Kỳ Tân Quý,Bình Hưng Hòa,Bình Tân,Hồ Chí Minh,cu,nhe,viet_tat|dinh_dang_phan_cach,2,42,synthetic_from_verified_osm
N00086,"3,Hẻm 4 Ngách 111 Xã Đàn 2,Nam Đồng,Đống Đa,Hà Nội","3, Hẻm 4 Ngách 111 Xã Đàn 2, Nam Đồng, Đống Đa, Hà Nội",3,Hẻm 4 Ngách 111 Xã Đàn 2,Nam Đồng,Đống Đa,Hà Nội,3,Hẻm 4 Ngách 111 Xã Đàn 2,Nam Đồng,Đống Đa,Hà Nội,cu,nhe,dinh_dang_phan_cach,1,42,synthetic_from_verified_osm
N00087,7 - Phố Bạch Thái Bưởi - Que Vo - Tỉnh Bắc Ninh,"7, Phố Bạch Thái Bưởi, Phường Quế Võ, Tỉnh Bắc Ninh",7,Phố Bạch Thái Bưởi,Que Vo,,Tỉnh Bắc Ninh,7,Phố Bạch Thái Bưởi,Phường Quế Võ,,Tỉnh Bắc Ninh,moi,vua,viet_tat|bo_dau|dinh_dang_phan_cach,3,42,synthetic_from_verified_osm
N00088,128; Duong Duong O; Tỉnh Bắc Ninh,"128, Đường Dương Ổ, Phường Võ Cường, Tỉnh Bắc Ninh",128,Duong Duong O,,,Tỉnh Bắc Ninh,128,Đường Dương Ổ,Phường Võ Cường,,Tỉnh Bắc Ninh,moi,nang,viet_tat|bo_dau|thieu_PhuongXa|dinh_dang_phan_cach,4,42,synthetic_from_verified_osm
N00089,"18,Ngách 1/88 Phạm Tuấn Tà1,Quận Cầu Giấy,Ha Noi","18, Ngách 1/88 Phạm Tuấn Tài, Phường Dịch Vọng Hậu, Quận Cầu Giấy, Hà Nội",18,Ngách 1/88 Phạm Tuấn Tà1,,Quận Cầu Giấy,Ha Noi,18,Ngách 1/88 Phạm Tuấn Tài,Phường Dịch Vọng Hậu,Quận Cầu Giấy,Hà Nội,cu,nang,viet_tat|bo_dau|thieu_PhuongXa|loi_ocr_ky_tu|dinh_dang_phan_cach,5,42,synthetic_from_verified_osm
N00090,151; Duong Le Quang Dao; Phường Từ Sơn; Tỉnh Bắc N1nh,"151, Đường Lê Quang Đạo, Phường Từ Sơn, Tỉnh Bắc Ninh",151,Duong Le Quang Dao,Phường Từ Sơn,,Tỉnh Bắc N1nh,151,Đường Lê Quang Đạo,Phường Từ Sơn,,Tỉnh Bắc Ninh,moi,nang,bo_dau|loi_ocr_ky_tu|dao_thu_tu_hanh_chinh|dinh_dang_phan_cach,4,42,synthetic_from_verified_osm
N00091,39 - Đường Hữu Chấp - Phường Kinh Bắc - Bac Ninh,"39, Đường Hữu Chấp, Phường Kinh Bắc, Tỉnh Bắc Ninh",39,Đường Hữu Chấp,Phường Kinh Bắc,,Bac Ninh,39,Đường Hữu Chấp,Phường Kinh Bắc,,Tỉnh Bắc Ninh,moi,vua,viet_tat|bo_dau|dinh_dang_phan_cach,3,42,synthetic_from_verified_osm
N00092,"21,Ngõ 28 Ông Ích Khiêm,P. Ba Dinh,HN","21, Ngõ 28 Ông Ích Khiêm, Phường Ba Đình, Thành phố Hà Nội",21,Ngõ 28 Ông Ích Khiêm,P. Ba Dinh,,HN,21,Ngõ 28 Ông Ích Khiêm,Phường Ba Đình,,Thành phố Hà Nội,moi,vua,viet_tat|bo_dau|dinh_dang_phan_cach,3,42,synthetic_from_verified_osm
N00093,361/1A - Nguyễn Đình Chiểu - P 5 - Quận 3 - Thành phố Hồ Chí Minh,"361/1A, Nguyễn Đình Chiểu, Phường 5, Quận 3, Thành phố Hồ Chí Minh",361/1A,Nguyễn Đình Chiểu,P 5,Quận 3,Thành phố Hồ Chí Minh,361/1A,Nguyễn Đình Chiểu,Phường 5,Quận 3,Thành phố Hồ Chí Minh,cu,nhe,viet_tat|dinh_dang_phan_cach,2,42,synthetic_from_verified_osm
N00094,SH05-06 - San Hô 5 - Đa Tốn - Gia Lâm - Hà Nội,"SH05-06, San Hô 5, Đa Tốn, Gia Lâm, Hà Nội",SH05-06,San Hô 5,Đa Tốn,Gia Lâm,Hà Nội,SH05-06,San Hô 5,Đa Tốn,Gia Lâm,Hà Nội,cu,vua,dinh_dang_phan_cach,1,42,synthetic_from_verified_osm
N00095,76 - Phố Ma1 Hắc Đế - Nguyen Du - Hai Bà Trưng - Hà Nội,"76, Phố Mai Hắc Đế, Nguyễn Du, Hai Bà Trưng, Hà Nội",76,Phố Ma1 Hắc Đế,Nguyen Du,Hai Bà Trưng,Hà Nội,76,Phố Mai Hắc Đế,Nguyễn Du,Hai Bà Trưng,Hà Nội,cu,nang,bo_dau|loi_ocr_ky_tu|dinh_dang_phan_cach,3,42,synthetic_from_verified_osm
N00096,634; Đường Đàm Văn Tiết; P Nam Sơn; Tỉnh Bắc Ninh,"634, Đường Đàm Văn Tiết, Phường Nam Sơn, Tỉnh Bắc Ninh",634,Đường Đàm Văn Tiết,P Nam Sơn,,Tỉnh Bắc Ninh,634,Đường Đàm Văn Tiết,Phường Nam Sơn,,Tỉnh Bắc Ninh,moi,nhe,viet_tat|dinh_dang_phan_cach,2,42,synthetic_from_verified_osm
N00097,"47,Phố Trần Phú,P. Ba Đình,Ha Noi","47, Phố Trần Phú, Phường Ba Đình, Thành phố Hà Nội",47,Phố Trần Phú,P. Ba Đình,,Ha Noi,47,Phố Trần Phú,Phường Ba Đình,,Thành phố Hà Nội,moi,vua,viet_tat|bo_dau|dinh_dang_phan_cach,3,42,synthetic_from_verified_osm
N00098,102; Đường Lý Thường Kiệt; Xã Tiên Du; Tỉnh Bắc Ninh,"102, Đường Lý Thường Kiệt, Xã Tiên Du, Tỉnh Bắc Ninh",102,Đường Lý Thường Kiệt,Xã Tiên Du,,Tỉnh Bắc Ninh,102,Đường Lý Thường Kiệt,Xã Tiên Du,,Tỉnh Bắc Ninh,moi,nhe,dinh_dang_phan_cach,1,42,synthetic_from_verified_osm
N00099,426; Phố Xã Đàn; Nam Đồng; Đống Đa; Hà Nội,"426, Phố Xã Đàn, Nam Đồng, Đống Đa, Hà Nội",426,Phố Xã Đàn,Nam Đồng,Đống Đa,Hà Nội,426,Phố Xã Đàn,Nam Đồng,Đống Đa,Hà Nội,cu,nhe,dinh_dang_phan_cach,1,42,synthetic_from_verified_osm
N00100,116 - Phố Triệu Việt Vương - Nguyễn Du - Hai Bà Trưng - TP. Hà Nội,"116, Phố Triệu Việt Vương, Nguyễn Du, Hai Bà Trưng, Hà Nội",116,Phố Triệu Việt Vương,Nguyễn Du,Hai Bà Trưng,TP. Hà Nội,116,Phố Triệu Việt Vương,Nguyễn Du,Hai Bà Trưng,Hà Nội,cu,nhe,viet_tat|dinh_dang_phan_cach,2,42,synthetic_from_verified_osm
N00101,"Ngo 26 Dang Thuy Tram,Phường Cổ Nhuế 1,Quận Bắc Từ Liêm,TP. Hà Nội","1, Ngõ 26 Đặng Thùy Trâm, Phường Cổ Nhuế 1, Quận Bắc Từ Liêm, Hà Nội",,Ngo 26 Dang Thuy Tram,Phường Cổ Nhuế 1,Quận Bắc Từ Liêm,TP. Hà Nội,1,Ngõ 26 Đặng Thùy Trâm,Phường Cổ Nhuế 1,Quận Bắc Từ Liêm,Hà Nội,cu,nang,viet_tat|bo_dau|thieu_SoNha|dinh_dang_phan_cach,4,42,synthetic_from_verified_osm
N00102,155 - Lạc Long Quân - Hòa Khánh Bắc - Liên Chiểu - Đà Nẵng,"155, Lạc Long Quân, Hòa Khánh Bắc, Liên Chiểu, Đà Nẵng",155,Lạc Long Quân,Hòa Khánh Bắc,Liên Chiểu,Đà Nẵng,155,Lạc Long Quân,Hòa Khánh Bắc,Liên Chiểu,Đà Nẵng,cu,vua,dinh_dang_phan_cach,1,42,synthetic_from_verified_osm
N00103,305; Duong Hoang Quoc Viet; Vũ Ninh; T.Bắc Ninh,"305, Đường Hoàng Quốc Việt, Phường Vũ Ninh, Tỉnh Bắc Ninh",305,Duong Hoang Quoc Viet,Vũ Ninh,,T.Bắc Ninh,305,Đường Hoàng Quốc Việt,Phường Vũ Ninh,,Tỉnh Bắc Ninh,moi,vua,viet_tat|bo_dau|dinh_dang_phan_cach,3,42,synthetic_from_verified_osm
N00104,Lô G1 - Khu công nghiệp Quế Võ - P.Phuong Lieu - Tỉnh Bắc Ninh,"Lô G1, Khu công nghiệp Quế Võ, Phường Phương Liễu, Tỉnh Bắc Ninh",Lô G1,Khu công nghiệp Quế Võ,P.Phuong Lieu,,Tỉnh Bắc Ninh,Lô G1,Khu công nghiệp Quế Võ,Phường Phương Liễu,,Tỉnh Bắc Ninh,moi,vua,viet_tat|bo_dau|dinh_dang_phan_cach,3,42,synthetic_from_verified_osm
N00105,302; Phố Lương Định Của; Phuong Lieu; Tỉnh Bắc Ninh,"302, Phố Lương Định Của, Phường Phương Liễu, Tỉnh Bắc Ninh",302,Phố Lương Định Của,Phuong Lieu,,Tỉnh Bắc Ninh,302,Phố Lương Định Của,Phường Phương Liễu,,Tỉnh Bắc Ninh,moi,vua,viet_tat|bo_dau|dinh_dang_phan_cach,3,42,synthetic_from_verified_osm
N00106,"263; Tổ 10, ấp 1; Hòn Tre; Kiên Hải; Kiên Giang","263, Tổ 10, ấp 1, Hòn Tre, Kiên Hải, Kiên Giang",263,"Tổ 10, ấp 1",Hòn Tre,Kiên Hải,Kiên Giang,263,"Tổ 10, ấp 1",Hòn Tre,Kiên Hải,Kiên Giang,cu,nhe,dinh_dang_phan_cach,1,42,synthetic_from_verified_osm
N00107,60 - Đường Trần Hưng Đạo - P.Võ Cường - Tỉnh Bắc Ninh,"60, Đường Trần Hưng Đạo, Phường Võ Cường, Tỉnh Bắc Ninh",60,Đường Trần Hưng Đạo,P.Võ Cường,,Tỉnh Bắc Ninh,60,Đường Trần Hưng Đạo,Phường Võ Cường,,Tỉnh Bắc Ninh,moi,nhe,viet_tat|dinh_dang_phan_cach,2,42,synthetic_from_verified_osm
N00108,22 - Ngõ 28 Ông Ích Khiêm - P. Ba Đình - TP. Hà Nội,"22, Ngõ 28 Ông Ích Khiêm, Phường Ba Đình, Thành phố Hà Nội",22,Ngõ 28 Ông Ích Khiêm,P. Ba Đình,,TP. Hà Nội,22,Ngõ 28 Ông Ích Khiêm,Phường Ba Đình,,Thành phố Hà Nội,moi,nhe,viet_tat|dinh_dang_phan_cach,2,42,synthetic_from_verified_osm
N00109,66; Pho Tran Binh Trong; Phường Phương Liễu; Tỉnh Bắc Ninh,"66, Phố Trần Bình Trọng, Phường Phương Liễu, Tỉnh Bắc Ninh",66,Pho Tran Binh Trong,Phường Phương Liễu,,Tỉnh Bắc Ninh,66,Phố Trần Bình Trọng,Phường Phương Liễu,,Tỉnh Bắc Ninh,moi,vua,bo_dau|dinh_dang_phan_cach,2,42,synthetic_from_verified_osm
N00110,"298,Phố Lương Định Của,Phương Liễu,Tinh Bac Ninh","298, Phố Lương Định Của, Phường Phương Liễu, Tỉnh Bắc Ninh",298,Phố Lương Định Của,Phương Liễu,,Tinh Bac Ninh,298,Phố Lương Định Của,Phường Phương Liễu,,Tỉnh Bắc Ninh,moi,vua,viet_tat|bo_dau|dinh_dang_phan_cach,3,42,synthetic_from_verified_osm
N00111,33; Phố Trần Phú; P Ba Đình; Thành phố Hà Nội,"33, Phố Trần Phú, Phường Ba Đình, Thành phố Hà Nội",33,Phố Trần Phú,P Ba Đình,,Thành phố Hà Nội,33,Phố Trần Phú,Phường Ba Đình,,Thành phố Hà Nội,moi,vua,viet_tat|dinh_dang_phan_cach,2,42,synthetic_from_verified_osm
N00112,9 - Ngõ 267 Phố Lương Định Của - P. Phương Liễu - Tỉnh Bắc Ninh,"9, Ngõ 267 Phố Lương Định Của, Phường Phương Liễu, Tỉnh Bắc Ninh",9,Ngõ 267 Phố Lương Định Của,P. Phương Liễu,,Tỉnh Bắc Ninh,9,Ngõ 267 Phố Lương Định Của,Phường Phương Liễu,,Tỉnh Bắc Ninh,moi,vua,viet_tat|dinh_dang_phan_cach,2,42,synthetic_from_verified_osm
N00113,34; Đường Kênh Nam; Tỉnh Bắc Ninh,"34, Đường Kênh Nam, Phường Hạp Lĩnh, Tỉnh Bắc Ninh",34,Đường Kênh Nam,,,Tỉnh Bắc Ninh,34,Đường Kênh Nam,Phường Hạp Lĩnh,,Tỉnh Bắc Ninh,moi,nang,viet_tat|bo_dau|thieu_PhuongXa|dao_thu_tu_hanh_chinh|dinh_dang_phan_cach,5,42,synthetic_from_verified_osm
N00114,83; Đường Nguyễn Thủ Tiệp; Bac Ninh,"83, Đường Nguyễn Thủ Tiệp, Phường Hạp Lĩnh, Tỉnh Bắc Ninh",83,Đường Nguyễn Thủ Tiệp,,,Bac Ninh,83,Đường Nguyễn Thủ Tiệp,Phường Hạp Lĩnh,,Tỉnh Bắc Ninh,moi,nang,viet_tat|bo_dau|thieu_PhuongXa|dinh_dang_phan_cach,4,42,synthetic_from_verified_osm
N00115,70 - Lý Từ Tấn - Thọ Quang - Quận Sơn Trà - Đà Nẵng,"70, Lý Từ Tấn, Thọ Quang, Quận Sơn Trà, Đà Nẵng",70,Lý Từ Tấn,Thọ Quang,Quận Sơn Trà,Đà Nẵng,70,Lý Từ Tấn,Thọ Quang,Quận Sơn Trà,Đà Nẵng,cu,nhe,dinh_dang_phan_cach,1,42,synthetic_from_verified_osm
N00116,296; Duong Nhu Nguyet; Vũ Ninh; Tỉnh Bắc Ninh,"296, Đường Như Nguyệt, Phường Vũ Ninh, Tỉnh Bắc Ninh",296,Duong Nhu Nguyet,Vũ Ninh,,Tỉnh Bắc Ninh,296,Đường Như Nguyệt,Phường Vũ Ninh,,Tỉnh Bắc Ninh,moi,vua,viet_tat|bo_dau|dinh_dang_phan_cach,3,42,synthetic_from_verified_osm
N00117,"85c,Tran Bach Dang,Bắc Mỹ Phú,Ngũ Hành Sơn,Đà Nẵng","85c, Tran Bach Dang, Bắc Mỹ Phú, Ngũ Hành Sơn, Đà Nẵng",85c,Tran Bach Dang,Bắc Mỹ Phú,Ngũ Hành Sơn,Đà Nẵng,85c,Tran Bach Dang,Bắc Mỹ Phú,Ngũ Hành Sơn,Đà Nẵng,cu,nhe,dinh_dang_phan_cach,1,42,synthetic_from_verified_osm
N00118,"578,Đường Xương Giang,P. Bắc Giang,Tỉnh Bắc Ninh","578, Đường Xương Giang, Phường Bắc Giang, Tỉnh Bắc Ninh",578,Đường Xương Giang,P. Bắc Giang,,Tỉnh Bắc Ninh,578,Đường Xương Giang,Phường Bắc Giang,,Tỉnh Bắc Ninh,moi,nhe,viet_tat|dinh_dang_phan_cach,2,42,synthetic_from_verified_osm
N00119,28; Đường Trần Hưng Đạo; Phường Quế Võ; Bắc Ninh,"28, Đường Trần Hưng Đạo, Phường Quế Võ, Tỉnh Bắc Ninh",28,Đường Trần Hưng Đạo,Phường Quế Võ,,Bắc Ninh,28,Đường Trần Hưng Đạo,Phường Quế Võ,,Tỉnh Bắc Ninh,moi,nhe,viet_tat|dinh_dang_phan_cach,2,42,synthetic_from_verified_osm
N00120,34 - Duong Hoang Quoc Viet - Vũ Ninh - Tỉnh Bắc Ninh,"34, Đường Hoàng Quốc Việt, Phường Vũ Ninh, Tỉnh Bắc Ninh",34,Duong Hoang Quoc Viet,Vũ Ninh,,Tỉnh Bắc Ninh,34,Đường Hoàng Quốc Việt,Phường Vũ Ninh,,Tỉnh Bắc Ninh,moi,vua,viet_tat|bo_dau|dinh_dang_phan_cach,3,42,synthetic_from_verified_osm
N00121,1434; Duong Nguyen Trai; Phường Hạp Lĩnh; Tỉnh Bắc Ninh,"1434, Đường Nguyễn Trãi, Phường Hạp Lĩnh, Tỉnh Bắc Ninh",1434,Duong Nguyen Trai,Phường Hạp Lĩnh,,Tỉnh Bắc Ninh,1434,Đường Nguyễn Trãi,Phường Hạp Lĩnh,,Tỉnh Bắc Ninh,moi,vua,bo_dau|dinh_dang_phan_cach,2,42,synthetic_from_verified_osm
N00122,18; Đường Nội Khu 02; Phường Tân Phú; Thành phố Hồ Chí Minh,"18, Đường Nội Khu 02, Phường Tân Phú, Thành phố Hồ Chí Minh",18,Đường Nội Khu 02,Phường Tân Phú,,Thành phố Hồ Chí Minh,18,Đường Nội Khu 02,Phường Tân Phú,,Thành phố Hồ Chí Minh,moi,nhe,dinh_dang_phan_cach,1,42,synthetic_from_verified_osm
N00123,Đường 3/2 - 8 - 10 - Thanh pho Ho Chi Minh,"593, Đường 3/2, Phường 8, 10, Thành phố Hồ Chí Minh",,Đường 3/2,8,10,Thanh pho Ho Chi Minh,593,Đường 3/2,Phường 8,10,Thành phố Hồ Chí Minh,cu,nang,viet_tat|bo_dau|thieu_SoNha|dinh_dang_phan_cach,4,42,synthetic_from_verified_osm
N00124,"156,Đường Hà Huy Tập,Hòa Khê,Quận Thanh Khê,Đà Nẵng","156, Đường Hà Huy Tập, Phường Hòa Khê, Quận Thanh Khê, Đà Nẵng",156,Đường Hà Huy Tập,Hòa Khê,Quận Thanh Khê,Đà Nẵng,156,Đường Hà Huy Tập,Phường Hòa Khê,Quận Thanh Khê,Đà Nẵng,cu,nhe,viet_tat|dinh_dang_phan_cach,2,42,synthetic_from_verified_osm
N00125,"12B,Đường Hữu Chấp,Kinh Bac,Tỉnh Bắc Ninh","12B, Đường Hữu Chấp, Phường Kinh Bắc, Tỉnh Bắc Ninh",12B,Đường Hữu Chấp,Kinh Bac,,Tỉnh Bắc Ninh,12B,Đường Hữu Chấp,Phường Kinh Bắc,,Tỉnh Bắc Ninh,moi,vua,viet_tat|bo_dau|dinh_dang_phan_cach,3,42,synthetic_from_verified_osm
N00126,14; Đường Nội Khu 02; P. Tân Phú; TP. HCM,"14, Đường Nội Khu 02, Phường Tân Phú, Thành phố Hồ Chí Minh",14,Đường Nội Khu 02,P. Tân Phú,,TP. HCM,14,Đường Nội Khu 02,Phường Tân Phú,,Thành phố Hồ Chí Minh,moi,nang,viet_tat|dao_thu_tu_hanh_chinh|dinh_dang_phan_cach,3,42,synthetic_from_verified_osm
N00127,67; Phố Nguyễn Văn Trỗi; Tỉnh Bắc Ninh,"67, Phố Nguyễn Văn Trỗi, Phường Từ Sơn, Tỉnh Bắc Ninh",67,Phố Nguyễn Văn Trỗi,,,Tỉnh Bắc Ninh,67,Phố Nguyễn Văn Trỗi,Phường Từ Sơn,,Tỉnh Bắc Ninh,moi,nang,viet_tat|bo_dau|thieu_PhuongXa|dinh_dang_phan_cach,4,42,synthetic_from_verified_osm
N00128,36; Pho Hoang Cau; P Ô Chợ Dừa; Thành phố Hà Nội,"36, Phố Hoàng Cầu, Phường Ô Chợ Dừa, Thành phố Hà Nội",36,Pho Hoang Cau,P Ô Chợ Dừa,,Thành phố Hà Nội,36,Phố Hoàng Cầu,Phường Ô Chợ Dừa,,Thành phố Hà Nội,moi,vua,viet_tat|bo_dau|dinh_dang_phan_cach,3,42,synthetic_from_verified_osm
N00129,161; Đường Trần Phú; Mộ Lao; Hà Đông; Hà Nội,"161, Đường Trần Phú, Mộ Lao, Hà Đông, Hà Nội",161,Đường Trần Phú,Mộ Lao,Hà Đông,Hà Nội,161,Đường Trần Phú,Mộ Lao,Hà Đông,Hà Nội,cu,nhe,dinh_dang_phan_cach,1,42,synthetic_from_verified_osm
N00130,"2/7,Tô Ký,P. Tân Chánh Hiệp,Quận 12,Thành phố Hồ Chí M1nh","2/7, Tô Ký, Phường Tân Chánh Hiệp, Quận 12, Thành phố Hồ Chí Minh",2/7,Tô Ký,P. Tân Chánh Hiệp,Quận 12,Thành phố Hồ Chí M1nh,2/7,Tô Ký,Phường Tân Chánh Hiệp,Quận 12,Thành phố Hồ Chí Minh,cu,nang,viet_tat|loi_ocr_ky_tu|dinh_dang_phan_cach,3,42,synthetic_from_verified_osm
N00131,"47B,Phố Nguyễn Hữu Huân,P. Hoàn Kiếm,Thành phố Hà Nội","47B, Phố Nguyễn Hữu Huân, Phường Hoàn Kiếm, Thành phố Hà Nội",47B,Phố Nguyễn Hữu Huân,P. Hoàn Kiếm,,Thành phố Hà Nội,47B,Phố Nguyễn Hữu Huân,Phường Hoàn Kiếm,,Thành phố Hà Nội,moi,nhe,viet_tat|dinh_dang_phan_cach,2,42,synthetic_from_verified_osm
N00132,"25,Phố Phùng Hưng,Phường Hoàn Kiếm,HN","25, Phố Phùng Hưng, Phường Hoàn Kiếm, Thành phố Hà Nội",25,Phố Phùng Hưng,Phường Hoàn Kiếm,,HN,25,Phố Phùng Hưng,Phường Hoàn Kiếm,,Thành phố Hà Nội,moi,nhe,viet_tat|dinh_dang_phan_cach,2,42,synthetic_from_verified_osm
N00133,"1,Đường Vũ Ninh,Phuong Vu Ninh,T.Bắc Ninh","1, Đường Vũ Ninh, Phường Vũ Ninh, Tỉnh Bắc Ninh",1,Đường Vũ Ninh,Phuong Vu Ninh,,T.Bắc Ninh,1,Đường Vũ Ninh,Phường Vũ Ninh,,Tỉnh Bắc Ninh,moi,vua,viet_tat|bo_dau|dinh_dang_phan_cach,3,42,synthetic_from_verified_osm
N00134,Nguyen Trong Tuyen - Phường Phú Nhuận - TP. HCM,"227/37, Nguyễn Trọng Tuyển, Phường Phú Nhuận, Thành phố Hồ Chí Minh",,Nguyen Trong Tuyen,Phường Phú Nhuận,,TP. HCM,227/37,Nguyễn Trọng Tuyển,Phường Phú Nhuận,,Thành phố Hồ Chí Minh,moi,nang,viet_tat|bo_dau|thieu_SoNha|dinh_dang_phan_cach,4,42,synthetic_from_verified_osm
N00135,10 - Phố Sơn Tây - Ba Đình - Thành phố Hà Nội,"10, Phố Sơn Tây, Phường Ba Đình, Thành phố Hà Nội",10,Phố Sơn Tây,Ba Đình,,Thành phố Hà Nội,10,Phố Sơn Tây,Phường Ba Đình,,Thành phố Hà Nội,moi,vua,viet_tat|dinh_dang_phan_cach,2,42,synthetic_from_verified_osm
N00136,188 - Hậu Giang - Phường 6 - Quận 6 - Phường 6,"188, Hậu Giang, Phường 6, Quận 6, Phường 6",188,Hậu Giang,Phường 6,Quận 6,Phường 6,188,Hậu Giang,Phường 6,Quận 6,Phường 6,cu,nhe,dinh_dang_phan_cach,1,42,synthetic_from_verified_osm
N00137,"19,Đường Đặng Thùy Trâm,Cổ Nhuế 1,Quận Bắc Từ Liêm,HN","19, Đường Đặng Thùy Trâm, Phường Cổ Nhuế 1, Quận Bắc Từ Liêm, Hà Nội",19,Đường Đặng Thùy Trâm,Cổ Nhuế 1,Quận Bắc Từ Liêm,HN,19,Đường Đặng Thùy Trâm,Phường Cổ Nhuế 1,Quận Bắc Từ Liêm,Hà Nội,cu,vua,viet_tat|dinh_dang_phan_cach,2,42,synthetic_from_verified_osm
N00138,"10,Đường Nguyễn Đăng Đạo,Kinh Bắc,Tỉnh Bắc Ninh","10, Đường Nguyễn Đăng Đạo, Phường Kinh Bắc, Tỉnh Bắc Ninh",10,Đường Nguyễn Đăng Đạo,Kinh Bắc,,Tỉnh Bắc Ninh,10,Đường Nguyễn Đăng Đạo,Phường Kinh Bắc,,Tỉnh Bắc Ninh,moi,nhe,viet_tat|dinh_dang_phan_cach,2,42,synthetic_from_verified_osm
N00139,54 - Phố Trần Bình Trọng - Phuong Phuong Lieu - Bắc Ninh,"54, Phố Trần Bình Trọng, Phường Phương Liễu, Tỉnh Bắc Ninh",54,Phố Trần Bình Trọng,Phuong Phuong Lieu,,Bắc Ninh,54,Phố Trần Bình Trọng,Phường Phương Liễu,,Tỉnh Bắc Ninh,moi,vua,viet_tat|bo_dau|dinh_dang_phan_cach,3,42,synthetic_from_verified_osm
N00140,"584,QL37,P.Việt Yên,Tỉnh Bắc Ninh","584, QL37, Phường Việt Yên, Tỉnh Bắc Ninh",584,QL37,P.Việt Yên,,Tỉnh Bắc Ninh,584,QL37,Phường Việt Yên,,Tỉnh Bắc Ninh,moi,vua,viet_tat|dinh_dang_phan_cach,2,42,synthetic_from_verified_osm
N00141,11 - Ngõ 260 Đường Nguyễn Cao - P. Vo Cuong - Tỉnh Bắc Ninh,"11, Ngõ 260 Đường Nguyễn Cao, Phường Võ Cường, Tỉnh Bắc Ninh",11,Ngõ 260 Đường Nguyễn Cao,P. Vo Cuong,,Tỉnh Bắc Ninh,11,Ngõ 260 Đường Nguyễn Cao,Phường Võ Cường,,Tỉnh Bắc Ninh,moi,vua,viet_tat|bo_dau|dinh_dang_phan_cach,3,42,synthetic_from_verified_osm
N00142,"24,Đường Tam Giang,P Nam Son,T. Bắc Ninh","24, Đường Tam Giang, Phường Nam Sơn, Tỉnh Bắc Ninh",24,Đường Tam Giang,P Nam Son,,T. Bắc Ninh,24,Đường Tam Giang,Phường Nam Sơn,,Tỉnh Bắc Ninh,moi,vua,viet_tat|bo_dau|dinh_dang_phan_cach,3,42,synthetic_from_verified_osm
N00143,98 - Phố Dương Quảng Hàm - P Quan Hoa - Quận Cầu Giấy - TP. Hà Nội,"98, Phố Dương Quảng Hàm, Phường Quan Hoa, Quận Cầu Giấy, Hà Nội",98,Phố Dương Quảng Hàm,P Quan Hoa,Quận Cầu Giấy,TP. Hà Nội,98,Phố Dương Quảng Hàm,Phường Quan Hoa,Quận Cầu Giấy,Hà Nội,cu,vua,viet_tat|dinh_dang_phan_cach,2,42,synthetic_from_verified_osm
N00144,"2,Pho Ton That Thuyet,P Phương Liễu,Bắc Ninh","2, Phố Tôn Thất Thuyết, Phường Phương Liễu, Tỉnh Bắc Ninh",2,Pho Ton That Thuyet,P Phương Liễu,,Bắc Ninh,2,Phố Tôn Thất Thuyết,Phường Phương Liễu,,Tỉnh Bắc Ninh,moi,vua,viet_tat|bo_dau|dinh_dang_phan_cach,3,42,synthetic_from_verified_osm
N00145,"27,hẻm 53/103/25,Đức giang,Long biên,Ha Noi","27, hẻm 53/103/25, Đức giang, Long biên, Hà Nội",27,hẻm 53/103/25,Đức giang,Long biên,Ha Noi,27,hẻm 53/103/25,Đức giang,Long biên,Hà Nội,cu,vua,bo_dau|dinh_dang_phan_cach,2,42,synthetic_from_verified_osm
N00146,"35,Phố Lê Hồng Phong,P Ba Đình,Thành phố Hà Nội","35, Phố Lê Hồng Phong, Phường Ba Đình, Thành phố Hà Nội",35,Phố Lê Hồng Phong,P Ba Đình,,Thành phố Hà Nội,35,Phố Lê Hồng Phong,Phường Ba Đình,,Thành phố Hà Nội,moi,nhe,viet_tat|dinh_dang_phan_cach,2,42,synthetic_from_verified_osm
N00147,"18,Ngõ 22 Phố Tôn Thất Thuyết,Tỉnh Bắc Ninh","18, Ngõ 22 Phố Tôn Thất Thuyết, Phường Phương Liễu, Tỉnh Bắc Ninh",18,Ngõ 22 Phố Tôn Thất Thuyết,,,Tỉnh Bắc Ninh,18,Ngõ 22 Phố Tôn Thất Thuyết,Phường Phương Liễu,,Tỉnh Bắc Ninh,moi,nang,viet_tat|thieu_PhuongXa|dao_thu_tu_hanh_chinh|dinh_dang_phan_cach,4,42,synthetic_from_verified_osm
N00148,185; Đường Trần Hưng Đạo; P.Tiền Ninh Vệ; Thành phố Bắc Ninh; Bắc Ninh,"185, Đường Trần Hưng Đạo, Phường Tiền Ninh Vệ, Thành phố Bắc Ninh, Bắc Ninh",185,Đường Trần Hưng Đạo,P.Tiền Ninh Vệ,Thành phố Bắc Ninh,Bắc Ninh,185,Đường Trần Hưng Đạo,Phường Tiền Ninh Vệ,Thành phố Bắc Ninh,Bắc Ninh,cu,nhe,viet_tat|dinh_dang_phan_cach,2,42,synthetic_from_verified_osm
N00149,61 - Phố Nguyễn Văn Trỗi - Phuong Tu Son - Tỉnh Bắc Ninh,"61, Phố Nguyễn Văn Trỗi, Phường Từ Sơn, Tỉnh Bắc Ninh",61,Phố Nguyễn Văn Trỗi,Phuong Tu Son,,Tỉnh Bắc Ninh,61,Phố Nguyễn Văn Trỗi,Phường Từ Sơn,,Tỉnh Bắc Ninh,moi,vua,bo_dau|dinh_dang_phan_cach,2,42,synthetic_from_verified_osm
N00150,Ngọc Trai 7 - Đa Tốn - G1a Lâm - HN,"NT07-08, Ngọc Trai 7, Đa Tốn, Gia Lâm, Hà Nội",,Ngọc Trai 7,Đa Tốn,G1a Lâm,HN,NT07-08,Ngọc Trai 7,Đa Tốn,Gia Lâm,Hà Nội,cu,nang,viet_tat|thieu_SoNha|loi_ocr_ky_tu|dao_thu_tu_hanh_chinh|dinh_dang_phan_cach,5,42,synthetic_from_verified_osm
N00151,13; Do Doc Loc; Tân Quý; Tân Phú; HCM,"13, Đô Đốc Lộc, Tân Quý, Tân Phú, Hồ Chí Minh",13,Do Doc Loc,Tân Quý,Tân Phú,HCM,13,Đô Đốc Lộc,Tân Quý,Tân Phú,Hồ Chí Minh,cu,vua,viet_tat|bo_dau|dinh_dang_phan_cach,3,42,synthetic_from_verified_osm
N00152,65; Phố Hàng Điếu; Phường Hoàn Kiếm; Thành phố Hà Nội,"65, Phố Hàng Điếu, Phường Hoàn Kiếm, Thành phố Hà Nội",65,Phố Hàng Điếu,Phường Hoàn Kiếm,,Thành phố Hà Nội,65,Phố Hàng Điếu,Phường Hoàn Kiếm,,Thành phố Hà Nội,moi,vua,dinh_dang_phan_cach,1,42,synthetic_from_verified_osm
N00153,449 - Lê Văn Quới - Bình Trị Đông A - Bình Tân - TP. HCM,"449, Lê Văn Quới, Bình Trị Đông A, Bình Tân, Hồ Chí Minh",449,Lê Văn Quới,Bình Trị Đông A,Bình Tân,TP. HCM,449,Lê Văn Quới,Bình Trị Đông A,Bình Tân,Hồ Chí Minh,cu,nhe,viet_tat|dinh_dang_phan_cach,2,42,synthetic_from_verified_osm
N00154,28; Đường Hoàng Quốc Việt; Thi Cau; Thành phố Bắc Ninh; Bắc Ninh,"28, Đường Hoàng Quốc Việt, Phường Thị Cầu, Thành phố Bắc Ninh, Bắc Ninh",28,Đường Hoàng Quốc Việt,Thi Cau,Thành phố Bắc Ninh,Bắc Ninh,28,Đường Hoàng Quốc Việt,Phường Thị Cầu,Thành phố Bắc Ninh,Bắc Ninh,cu,vua,viet_tat|bo_dau|dinh_dang_phan_cach,3,42,synthetic_from_verified_osm
N00155,5B - Đường Đấu Mã - Phường Vũ Ninh - Tinh Bac Ninh,"5B, Đường Đấu Mã, Phường Vũ Ninh, Tỉnh Bắc Ninh",5B,Đường Đấu Mã,Phường Vũ Ninh,,Tinh Bac Ninh,5B,Đường Đấu Mã,Phường Vũ Ninh,,Tỉnh Bắc Ninh,moi,vua,bo_dau|dinh_dang_phan_cach,2,42,synthetic_from_verified_osm
N00156,25; Phố Phùng Hưng; Phường Hoàn Kiếm; Thành phố Hà Nội,"25, Phố Phùng Hưng, Phường Hoàn Kiếm, Thành phố Hà Nội",25,Phố Phùng Hưng,Phường Hoàn Kiếm,,Thành phố Hà Nội,25,Phố Phùng Hưng,Phường Hoàn Kiếm,,Thành phố Hà Nội,moi,nhe,dinh_dang_phan_cach,1,42,synthetic_from_verified_osm
N00157,"10,Đường Hùng Vương,P. Ba Đình,Thành phố Hà Nội","10, Đường Hùng Vương, Phường Ba Đình, Thành phố Hà Nội",10,Đường Hùng Vương,P. Ba Đình,,Thành phố Hà Nội,10,Đường Hùng Vương,Phường Ba Đình,,Thành phố Hà Nội,moi,nhe,viet_tat|dinh_dang_phan_cach,2,42,synthetic_from_verified_osm
N00158,Km8 - Đường Võ Văn Kiệt - H. Me L1nh - Thành phố Hà Nội,"Km8, Đường Võ Văn Kiệt, Thị trấn Quang Minh, Huyện Mê Linh, Thành phố Hà Nội",Km8,Đường Võ Văn Kiệt,,H. Me L1nh,Thành phố Hà Nội,Km8,Đường Võ Văn Kiệt,Thị trấn Quang Minh,Huyện Mê Linh,Thành phố Hà Nội,cu,nang,viet_tat|bo_dau|thieu_PhuongXa|loi_ocr_ky_tu|dinh_dang_phan_cach,5,42,synthetic_from_verified_osm
N00159,"SH08-12,San Hô 8,Đa Tốn,Gia Lâm,Hà Nội","SH08-12, San Hô 8, Đa Tốn, Gia Lâm, Hà Nội",SH08-12,San Hô 8,Đa Tốn,Gia Lâm,Hà Nội,SH08-12,San Hô 8,Đa Tốn,Gia Lâm,Hà Nội,cu,nhe,dinh_dang_phan_cach,1,42,synthetic_from_verified_osm
N00160,"12,Phố Trang Liệt 1,Dong Nguyen,Tỉnh Bắc Ninh","12, Phố Trang Liệt 1, Phường Đồng Nguyên, Tỉnh Bắc Ninh",12,Phố Trang Liệt 1,Dong Nguyen,,Tỉnh Bắc Ninh,12,Phố Trang Liệt 1,Phường Đồng Nguyên,,Tỉnh Bắc Ninh,moi,vua,viet_tat|bo_dau|dinh_dang_phan_cach,3,42,synthetic_from_verified_osm
N00161,210 - Phố Lương Định Của - Phường Phương Liễu - Thị xã Quế Võ - Bắc Ninh,"210, Phố Lương Định Của, Phường Phương Liễu, Thị xã Quế Võ, Bắc Ninh",210,Phố Lương Định Của,Phường Phương Liễu,Thị xã Quế Võ,Bắc Ninh,210,Phố Lương Định Của,Phường Phương Liễu,Thị xã Quế Võ,Bắc Ninh,cu,nhe,dinh_dang_phan_cach,1,42,synthetic_from_verified_osm
N00162,"NT16-10,Ngọc Trai 16,Đa Tốn,Gia Lâm,Hà Nội","NT16-10, Ngọc Trai 16, Đa Tốn, Gia Lâm, Hà Nội",NT16-10,Ngọc Trai 16,Đa Tốn,Gia Lâm,Hà Nội,NT16-10,Ngọc Trai 16,Đa Tốn,Gia Lâm,Hà Nội,cu,nhe,dinh_dang_phan_cach,1,42,synthetic_from_verified_osm
N00163,394 - Đường Trần Hưng Đạo - Phường Phương Liễu - Bắc Ninh,"394, Đường Trần Hưng Đạo, Phường Phương Liễu, Tỉnh Bắc Ninh",394,Đường Trần Hưng Đạo,Phường Phương Liễu,,Bắc Ninh,394,Đường Trần Hưng Đạo,Phường Phương Liễu,,Tỉnh Bắc Ninh,moi,nhe,viet_tat|dinh_dang_phan_cach,2,42,synthetic_from_verified_osm
N00164,51 - Khu dân cư số 9 - Xuân Khánh - Ninh Kiều - Cần Thơ,"51, Khu dân cư số 9, Xuân Khánh, Ninh Kiều, Cần Thơ",51,Khu dân cư số 9,Xuân Khánh,Ninh Kiều,Cần Thơ,51,Khu dân cư số 9,Xuân Khánh,Ninh Kiều,Cần Thơ,cu,vua,dinh_dang_phan_cach,1,42,synthetic_from_verified_osm
N00165,"80,Đường Số 23,Thanh pho Ho Chi Minh,Tân Phú","80, Đường Số 23, Tân Phú, Quận 7, Thành phố Hồ Chí Minh",80,Đường Số 23,Tân Phú,,Thanh pho Ho Chi Minh,80,Đường Số 23,Tân Phú,Quận 7,Thành phố Hồ Chí Minh,cu,nang,bo_dau|thieu_QuanHuyen|dao_thu_tu_hanh_chinh|dinh_dang_phan_cach,4,42,synthetic_from_verified_osm
N00166,249 - Đường Hai Bà Trưng - X. Tiên Du - Bắc Ninh,"249, Đường Hai Bà Trưng, Xã Tiên Du, Tỉnh Bắc Ninh",249,Đường Hai Bà Trưng,X. Tiên Du,,Bắc Ninh,249,Đường Hai Bà Trưng,Xã Tiên Du,,Tỉnh Bắc Ninh,moi,vua,viet_tat|dinh_dang_phan_cach,2,42,synthetic_from_verified_osm
N00167,49 - Đường Lê Duẩn - Cửa Nam - Hoan Kiem - Hà Nội,"49, Đường Lê Duẩn, Cửa Nam, Hoàn Kiếm, Hà Nội",49,Đường Lê Duẩn,Cửa Nam,Hoan Kiem,Hà Nội,49,Đường Lê Duẩn,Cửa Nam,Hoàn Kiếm,Hà Nội,cu,vua,bo_dau|dinh_dang_phan_cach,2,42,synthetic_from_verified_osm
N00168,248; Phố Lương Định Của; Phuong Lieu; Tỉnh Bắc Ninh,"248, Phố Lương Định Của, Phường Phương Liễu, Tỉnh Bắc Ninh",248,Phố Lương Định Của,Phuong Lieu,,Tỉnh Bắc Ninh,248,Phố Lương Định Của,Phường Phương Liễu,,Tỉnh Bắc Ninh,moi,vua,viet_tat|bo_dau|dinh_dang_phan_cach,3,42,synthetic_from_verified_osm
N00169,91 - Đường Hoàng Hoa Thám - Võ Cường - Tỉnh Bắc Ninh,"91, Đường Hoàng Hoa Thám, Phường Võ Cường, Tỉnh Bắc Ninh",91,Đường Hoàng Hoa Thám,Võ Cường,,Tỉnh Bắc Ninh,91,Đường Hoàng Hoa Thám,Phường Võ Cường,,Tỉnh Bắc Ninh,moi,nhe,viet_tat|dinh_dang_phan_cach,2,42,synthetic_from_verified_osm
N00170,"11B,Phố Phùng Hưng,Phu0ng Hang Ma,Quận Hoàn Kiếm,Hà Nội","11B, Phố Phùng Hưng, Phường Hàng Mã, Quận Hoàn Kiếm, Hà Nội",11B,Phố Phùng Hưng,Phu0ng Hang Ma,Quận Hoàn Kiếm,Hà Nội,11B,Phố Phùng Hưng,Phường Hàng Mã,Quận Hoàn Kiếm,Hà Nội,cu,nang,bo_dau|loi_ocr_ky_tu|dinh_dang_phan_cach,3,42,synthetic_from_verified_osm
N00171,142 - Ngo Gia Tu - Đức Giang - Long Biên - Hà Nội,"142, Ngô Gia Tự, Đức Giang, Long Biên, Hà Nội",142,Ngo Gia Tu,Đức Giang,Long Biên,Hà Nội,142,Ngô Gia Tự,Đức Giang,Long Biên,Hà Nội,cu,vua,bo_dau|dinh_dang_phan_cach,2,42,synthetic_from_verified_osm
N00172,"sn 12B, tổ 13; Ngách 640/21/10 Nguyễn Văn Cừ; Gia Thụy; Long Biên; Hà Nội","sn 12B, tổ 13, Ngách 640/21/10 Nguyễn Văn Cừ, Gia Thụy, Long Biên, Hà Nội","sn 12B, tổ 13",Ngách 640/21/10 Nguyễn Văn Cừ,Gia Thụy,Long Biên,Hà Nội,"sn 12B, tổ 13",Ngách 640/21/10 Nguyễn Văn Cừ,Gia Thụy,Long Biên,Hà Nội,cu,nhe,dinh_dang_phan_cach,1,42,synthetic_from_verified_osm
N00173,187 - Đường Bà Chúa Kho - P.Vũ Ninh - Bắc Ninh,"187, Đường Bà Chúa Kho, Phường Vũ Ninh, Tỉnh Bắc Ninh",187,Đường Bà Chúa Kho,P.Vũ Ninh,,Bắc Ninh,187,Đường Bà Chúa Kho,Phường Vũ Ninh,,Tỉnh Bắc Ninh,moi,nhe,viet_tat|dinh_dang_phan_cach,2,42,synthetic_from_verified_osm
N00174,74 - Phố Lương Định Của - Phường Phương Liễu - Tỉnh Bắc Ninh,"74, Phố Lương Định Của, Phường Phương Liễu, Tỉnh Bắc Ninh",74,Phố Lương Định Của,Phường Phương Liễu,,Tỉnh Bắc Ninh,74,Phố Lương Định Của,Phường Phương Liễu,,Tỉnh Bắc Ninh,moi,nhe,dinh_dang_phan_cach,1,42,synthetic_from_verified_osm
N00175,33; Đường Nguyễn Đăng Đạo; Tỉnh Bắc Ninh,"33, Đường Nguyễn Đăng Đạo, Phường Kinh Bắc, Tỉnh Bắc Ninh",33,Đường Nguyễn Đăng Đạo,,,Tỉnh Bắc Ninh,33,Đường Nguyễn Đăng Đạo,Phường Kinh Bắc,,Tỉnh Bắc Ninh,moi,nang,viet_tat|bo_dau|thieu_PhuongXa|dao_thu_tu_hanh_chinh|dinh_dang_phan_cach,5,42,synthetic_from_verified_osm
N00176,256; Phố Lương Định Của; P.Phương Liễu; T Bắc Ninh,"256, Phố Lương Định Của, Phường Phương Liễu, Tỉnh Bắc Ninh",256,Phố Lương Định Của,P.Phương Liễu,,T Bắc Ninh,256,Phố Lương Định Của,Phường Phương Liễu,,Tỉnh Bắc Ninh,moi,nhe,viet_tat|dinh_dang_phan_cach,2,42,synthetic_from_verified_osm
N00177,434; Nguyễn Thái Sơn; P An Nhơn; TP.HCM,"434, Nguyễn Thái Sơn, Phường An Nhơn, Thành phố Hồ Chí Minh",434,Nguyễn Thái Sơn,P An Nhơn,,TP.HCM,434,Nguyễn Thái Sơn,Phường An Nhơn,,Thành phố Hồ Chí Minh,moi,nhe,viet_tat|dinh_dang_phan_cach,2,42,synthetic_from_verified_osm
N00178,"08,Đường Mỹ Phú 1C,Phường Tân Phú,TP. HCM","08, Đường Mỹ Phú 1C, Phường Tân Phú, Thành phố Hồ Chí Minh",08,Đường Mỹ Phú 1C,Phường Tân Phú,,TP. HCM,08,Đường Mỹ Phú 1C,Phường Tân Phú,,Thành phố Hồ Chí Minh,moi,nhe,viet_tat|dinh_dang_phan_cach,2,42,synthetic_from_verified_osm
N00179,86/36/2B; Lý Tự Trọng; An Cu; Ninh Kiều; Cần Thơ,"86/36/2B, Lý Tự Trọng, An Cư, Ninh Kiều, Cần Thơ",86/36/2B,Lý Tự Trọng,An Cu,Ninh Kiều,Cần Thơ,86/36/2B,Lý Tự Trọng,An Cư,Ninh Kiều,Cần Thơ,cu,vua,bo_dau|dinh_dang_phan_cach,2,42,synthetic_from_verified_osm
N00180,48; Pho Yen Man; Phường Kinh Bắc; Tỉnh Bắc Ninh,"48, Phố Yên Mẫn, Phường Kinh Bắc, Tỉnh Bắc Ninh",48,Pho Yen Man,Phường Kinh Bắc,,Tỉnh Bắc Ninh,48,Phố Yên Mẫn,Phường Kinh Bắc,,Tỉnh Bắc Ninh,moi,vua,bo_dau|dinh_dang_phan_cach,2,42,synthetic_from_verified_osm
N00181,22a; Lương Ngọc Quyến; Phường Hoàn Kiếm; Hà Nội,"22a, Lương Ngọc Quyến, Phường Hoàn Kiếm, Thành phố Hà Nội",22a,Lương Ngọc Quyến,Phường Hoàn Kiếm,,Hà Nội,22a,Lương Ngọc Quyến,Phường Hoàn Kiếm,,Thành phố Hà Nội,moi,nang,viet_tat|dinh_dang_phan_cach,2,42,synthetic_from_verified_osm
N00182,43; Duong Vu Ninh; P Vũ Ninh; Tỉnh Bắc Ninh,"43, Đường Vũ Ninh, Phường Vũ Ninh, Tỉnh Bắc Ninh",43,Duong Vu Ninh,P Vũ Ninh,,Tỉnh Bắc Ninh,43,Đường Vũ Ninh,Phường Vũ Ninh,,Tỉnh Bắc Ninh,moi,vua,viet_tat|bo_dau|dinh_dang_phan_cach,3,42,synthetic_from_verified_osm
N00183,62 - Hai Bà Trưng - Tân An - Ninh Kiều - Cần Thơ,"62, Hai Bà Trưng, Tân An, Ninh Kiều, Cần Thơ",62,Hai Bà Trưng,Tân An,Ninh Kiều,Cần Thơ,62,Hai Bà Trưng,Tân An,Ninh Kiều,Cần Thơ,cu,vua,dinh_dang_phan_cach,1,42,synthetic_from_verified_osm
N00184,1 - Ngõ 224 Phố Lương Định Của - Phường Phương Liễu - Tỉnh Bắc Ninh,"1, Ngõ 224 Phố Lương Định Của, Phường Phương Liễu, Tỉnh Bắc Ninh",1,Ngõ 224 Phố Lương Định Của,Phường Phương Liễu,,Tỉnh Bắc Ninh,1,Ngõ 224 Phố Lương Định Của,Phường Phương Liễu,,Tỉnh Bắc Ninh,moi,nhe,dinh_dang_phan_cach,1,42,synthetic_from_verified_osm
N00185,811; Đường Thiên Đức; Phường Kinh Bắc; Tinh Bac Ninh,"811, Đường Thiên Đức, Phường Kinh Bắc, Tỉnh Bắc Ninh",811,Đường Thiên Đức,Phường Kinh Bắc,,Tinh Bac Ninh,811,Đường Thiên Đức,Phường Kinh Bắc,,Tỉnh Bắc Ninh,moi,vua,bo_dau|dinh_dang_phan_cach,2,42,synthetic_from_verified_osm
N00186,"25B,Lý Thường Kiệt,Tân An,Ninh Kiều,Cần Thơ","25B, Lý Thường Kiệt, Tân An, Ninh Kiều, Cần Thơ",25B,Lý Thường Kiệt,Tân An,Ninh Kiều,Cần Thơ,25B,Lý Thường Kiệt,Tân An,Ninh Kiều,Cần Thơ,cu,nhe,dinh_dang_phan_cach,1,42,synthetic_from_verified_osm
N00187,49; ngõ 279 Đội Cấn; P.Ngọc Hà; Ba Đình; Hà Nội,"49, ngõ 279 Đội Cấn, P.Ngọc Hà, Ba Đình, Hà Nội",49,ngõ 279 Đội Cấn,P.Ngọc Hà,Ba Đình,Hà Nội,49,ngõ 279 Đội Cấn,P.Ngọc Hà,Ba Đình,Hà Nội,cu,nhe,dinh_dang_phan_cach,1,42,synthetic_from_verified_osm
N00188,557; Đường Nguyễn Văn Linh; Sài Đồng; Long Biên; TP.HN,"557, Đường Nguyễn Văn Linh, Sài Đồng, Long Biên, Hà Nội",557,Đường Nguyễn Văn Linh,Sài Đồng,Long Biên,TP.HN,557,Đường Nguyễn Văn Linh,Sài Đồng,Long Biên,Hà Nội,cu,nhe,viet_tat|dinh_dang_phan_cach,2,42,synthetic_from_verified_osm
N00189,"SN 21,Phố Nguyễn Sơn,Bồ Đề,Long Biên,Hà Nội","SN 21, Phố Nguyễn Sơn, Bồ Đề, Long Biên, Hà Nội",SN 21,Phố Nguyễn Sơn,Bồ Đề,Long Biên,Hà Nội,SN 21,Phố Nguyễn Sơn,Bồ Đề,Long Biên,Hà Nội,cu,nhe,dinh_dang_phan_cach,1,42,synthetic_from_verified_osm
N00190,12A - Pho Hang Cot - Hoàn Kiếm - Thành phố Hà Nội,"12A, Phố Hàng Cót, Phường Hoàn Kiếm, Thành phố Hà Nội",12A,Pho Hang Cot,Hoàn Kiếm,,Thành phố Hà Nội,12A,Phố Hàng Cót,Phường Hoàn Kiếm,,Thành phố Hà Nội,moi,vua,viet_tat|bo_dau|dinh_dang_phan_cach,3,42,synthetic_from_verified_osm
N00191,135 - Đường Ngô Gia Tự - Phường Vũ Ninh - Tỉnh Bắc Ninh,"135, Đường Ngô Gia Tự, Phường Vũ Ninh, Tỉnh Bắc Ninh",135,Đường Ngô Gia Tự,Phường Vũ Ninh,,Tỉnh Bắc Ninh,135,Đường Ngô Gia Tự,Phường Vũ Ninh,,Tỉnh Bắc Ninh,moi,nhe,dinh_dang_phan_cach,1,42,synthetic_from_verified_osm
N00192,"156,Đường Hoàng Quốc Việt,P Vũ Ninh,Bắc Ninh","156, Đường Hoàng Quốc Việt, Phường Vũ Ninh, Tỉnh Bắc Ninh",156,Đường Hoàng Quốc Việt,P Vũ Ninh,,Bắc Ninh,156,Đường Hoàng Quốc Việt,Phường Vũ Ninh,,Tỉnh Bắc Ninh,moi,nhe,viet_tat|dinh_dang_phan_cach,2,42,synthetic_from_verified_osm
N00193,481; Đường Hoàng Quốc Việt; P Cổ Nhuế 1; Quận Bắc Từ Liêm; Hà Nội,"481, Đường Hoàng Quốc Việt, Phường Cổ Nhuế 1, Quận Bắc Từ Liêm, Hà Nội",481,Đường Hoàng Quốc Việt,P Cổ Nhuế 1,Quận Bắc Từ Liêm,Hà Nội,481,Đường Hoàng Quốc Việt,Phường Cổ Nhuế 1,Quận Bắc Từ Liêm,Hà Nội,cu,nhe,viet_tat|dinh_dang_phan_cach,2,42,synthetic_from_verified_osm
N00194,"381,Duong Hoang Tang Bi,Thụy Phương,Từ Liêm,Hà Nội","381, Đường Hoàng Tăng Bí, Thụy Phương, Từ Liêm, Hà Nội",381,Duong Hoang Tang Bi,Thụy Phương,Từ Liêm,Hà Nội,381,Đường Hoàng Tăng Bí,Thụy Phương,Từ Liêm,Hà Nội,cu,vua,bo_dau|dinh_dang_phan_cach,2,42,synthetic_from_verified_osm
N00195,123; Đường Trương Định; P Phương Liễu; T Bac Ninh,"123, Đường Trương Định, Phường Phương Liễu, Tỉnh Bắc Ninh",123,Đường Trương Định,P Phương Liễu,,T Bac Ninh,123,Đường Trương Định,Phường Phương Liễu,,Tỉnh Bắc Ninh,moi,vua,viet_tat|bo_dau|dinh_dang_phan_cach,3,42,synthetic_from_verified_osm
N00196,"87,Phố Nguyễn Thái Học,Văn Miếu,Đống Đa,Ha Noi","87, Phố Nguyễn Thái Học, Văn Miếu, Đống Đa, Hà Nội",87,Phố Nguyễn Thái Học,Văn Miếu,Đống Đa,Ha Noi,87,Phố Nguyễn Thái Học,Văn Miếu,Đống Đa,Hà Nội,cu,vua,bo_dau|dinh_dang_phan_cach,2,42,synthetic_from_verified_osm
N00197,51 - Đường Xuân Thủy - P. Dịch Vọng Hậu - Quận Cầu Giấy - Ha Noi,"51, Đường Xuân Thủy, Phường Dịch Vọng Hậu, Quận Cầu Giấy, Hà Nội",51,Đường Xuân Thủy,P. Dịch Vọng Hậu,Quận Cầu Giấy,Ha Noi,51,Đường Xuân Thủy,Phường Dịch Vọng Hậu,Quận Cầu Giấy,Hà Nội,cu,nang,viet_tat|bo_dau|dinh_dang_phan_cach,3,42,synthetic_from_verified_osm
N00198,171; Duong Cau Rong; P Võ Cường; T. Bắc Ninh,"171, Đường Cầu Rồng, Phường Võ Cường, Tỉnh Bắc Ninh",171,Duong Cau Rong,P Võ Cường,,T. Bắc Ninh,171,Đường Cầu Rồng,Phường Võ Cường,,Tỉnh Bắc Ninh,moi,nang,viet_tat|bo_dau|dinh_dang_phan_cach,3,42,synthetic_from_verified_osm
N00199,12 - Phố Nguyễn Xuân Chính - P. Kinh Bac - Tỉnh Bắc Ninh,"12, Phố Nguyễn Xuân Chính, Phường Kinh Bắc, Tỉnh Bắc Ninh",12,Phố Nguyễn Xuân Chính,P. Kinh Bac,,Tỉnh Bắc Ninh,12,Phố Nguyễn Xuân Chính,Phường Kinh Bắc,,Tỉnh Bắc Ninh,moi,vua,viet_tat|bo_dau|dinh_dang_phan_cach,3,42,synthetic_from_verified_osm
N00200,66 - Phố Trần Bình Trọng - P.Phương Liễu - Tỉnh Bắc Ninh,"66, Phố Trần Bình Trọng, Phường Phương Liễu, Tỉnh Bắc Ninh",66,Phố Trần Bình Trọng,P.Phương Liễu,,Tỉnh Bắc Ninh,66,Phố Trần Bình Trọng,Phường Phương Liễu,,Tỉnh Bắc Ninh,moi,vua,viet_tat|dinh_dang_phan_cach,2,42,synthetic_from_verified_osm
N00201,422 - Đường Thân Nhân Trung - Viet Yen - bắc g1ang,"422, Đường Thân Nhân Trung, Bích Động, Việt Yên, bắc giang",422,Đường Thân Nhân Trung,,Viet Yen,bắc g1ang,422,Đường Thân Nhân Trung,Bích Động,Việt Yên,bắc giang,cu,nang,bo_dau|thieu_PhuongXa|loi_ocr_ky_tu|dinh_dang_phan_cach,4,42,synthetic_from_verified_osm
N00202,210; Ngõ Xã Đàn 2; Nam Đồng; Đống Đa; Hà Nội,"210, Ngõ Xã Đàn 2, Nam Đồng, Đống Đa, Hà Nội",210,Ngõ Xã Đàn 2,Nam Đồng,Đống Đa,Hà Nội,210,Ngõ Xã Đàn 2,Nam Đồng,Đống Đa,Hà Nội,cu,nhe,dinh_dang_phan_cach,1,42,synthetic_from_verified_osm
N00203,128 - Phố Bồ Sơn - Phuong Vo Cuong - Tỉnh Bắc Ninh,"128, Phố Bồ Sơn, Phường Võ Cường, Tỉnh Bắc Ninh",128,Phố Bồ Sơn,Phuong Vo Cuong,,Tỉnh Bắc Ninh,128,Phố Bồ Sơn,Phường Võ Cường,,Tỉnh Bắc Ninh,moi,vua,bo_dau|dinh_dang_phan_cach,2,42,synthetic_from_verified_osm
N00204,"29,Phố Tố Hữu,Trung Văn,Nam Từ Liêm,Hà Nội","29, Phố Tố Hữu, Trung Văn, Nam Từ Liêm, Hà Nội",29,Phố Tố Hữu,Trung Văn,Nam Từ Liêm,Hà Nội,29,Phố Tố Hữu,Trung Văn,Nam Từ Liêm,Hà Nội,cu,nhe,dinh_dang_phan_cach,1,42,synthetic_from_verified_osm
N00205,"Tổ 10, thông Thanh Ly 1; Quốc lộ 1; Bình Nguyên; Thăng Bình; Quảng Nam","Tổ 10, thông Thanh Ly 1, Quốc lộ 1, Bình Nguyên, Thăng Bình, Quảng Nam","Tổ 10, thông Thanh Ly 1",Quốc lộ 1,Bình Nguyên,Thăng Bình,Quảng Nam,"Tổ 10, thông Thanh Ly 1",Quốc lộ 1,Bình Nguyên,Thăng Bình,Quảng Nam,cu,nhe,dinh_dang_phan_cach,1,42,synthetic_from_verified_osm
N00206,"216,Phạm Thái Bường,P.Tân Hưng,HCM","216, Phạm Thái Bường, Phường Tân Hưng, Thành phố Hồ Chí Minh",216,Phạm Thái Bường,P.Tân Hưng,,HCM,216,Phạm Thái Bường,Phường Tân Hưng,,Thành phố Hồ Chí Minh,moi,nhe,viet_tat|dinh_dang_phan_cach,2,42,synthetic_from_verified_osm
N00207,"450,Trường Chinh,P. Tân Bình,TPHCM","450, Trường Chinh, Phường Tân Bình, Thành phố Hồ Chí Minh",450,Trường Chinh,P. Tân Bình,,TPHCM,450,Trường Chinh,Phường Tân Bình,,Thành phố Hồ Chí Minh,moi,nhe,viet_tat|dinh_dang_phan_cach,2,42,synthetic_from_verified_osm
N00208,1298; Đường Quang Trung; Phường Bồng Lai; Bac Ninh,"1298, Đường Quang Trung, Phường Bồng Lai, Tỉnh Bắc Ninh",1298,Đường Quang Trung,Phường Bồng Lai,,Bac Ninh,1298,Đường Quang Trung,Phường Bồng Lai,,Tỉnh Bắc Ninh,moi,vua,viet_tat|bo_dau|dinh_dang_phan_cach,3,42,synthetic_from_verified_osm
N00209,"56,Duong Ba Chua Kho,Vũ Ninh,Tỉnh Bắc Ninh","56, Đường Bà Chúa Kho, Phường Vũ Ninh, Tỉnh Bắc Ninh",56,Duong Ba Chua Kho,Vũ Ninh,,Tỉnh Bắc Ninh,56,Đường Bà Chúa Kho,Phường Vũ Ninh,,Tỉnh Bắc Ninh,moi,vua,viet_tat|bo_dau|dinh_dang_phan_cach,3,42,synthetic_from_verified_osm
N00210,6; Ngách 2/21 Đặng Thùy Trâm; Phường Cổ Nhuế 1; Q Bắc Từ Liêm; HN,"6, Ngách 2/21 Đặng Thùy Trâm, Phường Cổ Nhuế 1, Quận Bắc Từ Liêm, Hà Nội",6,Ngách 2/21 Đặng Thùy Trâm,Phường Cổ Nhuế 1,Q Bắc Từ Liêm,HN,6,Ngách 2/21 Đặng Thùy Trâm,Phường Cổ Nhuế 1,Quận Bắc Từ Liêm,Hà Nội,cu,nhe,viet_tat|dinh_dang_phan_cach,2,42,synthetic_from_verified_osm
N00211,140; Hùng Vương; An Hội; Vĩnh Long,"140, Hùng Vương, Phường An Hội, Tỉnh Vĩnh Long",140,Hùng Vương,An Hội,,Vĩnh Long,140,Hùng Vương,Phường An Hội,,Tỉnh Vĩnh Long,moi,nhe,viet_tat|dinh_dang_phan_cach,2,42,synthetic_from_verified_osm
N00212,"c51d,Hẻm 214 Nguyễn Trãi,P. Cầu Ông Lãnh,Thành phố Hồ Chí Minh","c51d, Hẻm 214 Nguyễn Trãi, Phường Cầu Ông Lãnh, Thành phố Hồ Chí Minh",c51d,Hẻm 214 Nguyễn Trãi,P. Cầu Ông Lãnh,,Thành phố Hồ Chí Minh,c51d,Hẻm 214 Nguyễn Trãi,Phường Cầu Ông Lãnh,,Thành phố Hồ Chí Minh,moi,nhe,viet_tat|dinh_dang_phan_cach,2,42,synthetic_from_verified_osm
N00213,29 - Đường Bùi Tư Toàn - An Lạc - Binh Tan - Hồ Chí Minh,"29, Đường Bùi Tư Toàn, An Lạc, Bình Tân, Hồ Chí Minh",29,Đường Bùi Tư Toàn,An Lạc,Binh Tan,Hồ Chí Minh,29,Đường Bùi Tư Toàn,An Lạc,Bình Tân,Hồ Chí Minh,cu,vua,bo_dau|dinh_dang_phan_cach,2,42,synthetic_from_verified_osm
N00214,132; Đường Như Nguyệt; Phuong Vu Ninh; Tỉnh Bắc Ninh,"132, Đường Như Nguyệt, Phường Vũ Ninh, Tỉnh Bắc Ninh",132,Đường Như Nguyệt,Phuong Vu Ninh,,Tỉnh Bắc Ninh,132,Đường Như Nguyệt,Phường Vũ Ninh,,Tỉnh Bắc Ninh,moi,vua,bo_dau|dinh_dang_phan_cach,2,42,synthetic_from_verified_osm
N00215,"53,Đường Lý Thường Kiệt,Phường Vũ Ninh,Tỉnh Bắc Ninh","53, Đường Lý Thường Kiệt, Phường Vũ Ninh, Tỉnh Bắc Ninh",53,Đường Lý Thường Kiệt,Phường Vũ Ninh,,Tỉnh Bắc Ninh,53,Đường Lý Thường Kiệt,Phường Vũ Ninh,,Tỉnh Bắc Ninh,moi,nhe,dinh_dang_phan_cach,1,42,synthetic_from_verified_osm
N00216,45; Trần Lựu; An Phú; Thành phố Thủ Đức; Thành phố Hồ Chí Minh,"45, Trần Lựu, An Phú, Thành phố Thủ Đức, Thành phố Hồ Chí Minh",45,Trần Lựu,An Phú,Thành phố Thủ Đức,Thành phố Hồ Chí Minh,45,Trần Lựu,An Phú,Thành phố Thủ Đức,Thành phố Hồ Chí Minh,cu,nhe,dinh_dang_phan_cach,1,42,synthetic_from_verified_osm
N00217,"766,Đường Nguyễn Trãi,Phường Hạp Lĩnh,Bắc Ninh","766, Đường Nguyễn Trãi, Phường Hạp Lĩnh, Tỉnh Bắc Ninh",766,Đường Nguyễn Trãi,Phường Hạp Lĩnh,,Bắc Ninh,766,Đường Nguyễn Trãi,Phường Hạp Lĩnh,,Tỉnh Bắc Ninh,moi,nang,viet_tat|dinh_dang_phan_cach,2,42,synthetic_from_verified_osm
N00218,123 - Đường Ngô Gia Tự - Vũ Ninh - TP.Bắc Ninh - Bắc Ninh,"123, Đường Ngô Gia Tự, Phường Vũ Ninh, Thành phố Bắc Ninh, Bắc Ninh",123,Đường Ngô Gia Tự,Vũ Ninh,TP.Bắc Ninh,Bắc Ninh,123,Đường Ngô Gia Tự,Phường Vũ Ninh,Thành phố Bắc Ninh,Bắc Ninh,cu,nhe,viet_tat|dinh_dang_phan_cach,2,42,synthetic_from_verified_osm
N00219,135; Du0ng Ngo Gia Tu; Phường Vũ Ninh; Bắc Ninh,"135, Đường Ngô Gia Tự, Phường Vũ Ninh, Tỉnh Bắc Ninh",135,Du0ng Ngo Gia Tu,Phường Vũ Ninh,,Bắc Ninh,135,Đường Ngô Gia Tự,Phường Vũ Ninh,,Tỉnh Bắc Ninh,moi,nang,viet_tat|bo_dau|loi_ocr_ky_tu|dinh_dang_phan_cach,4,42,synthetic_from_verified_osm
N00220,30 - Đường Khả Lễ - P.Võ Cường - Tỉnh Bắc Ninh,"30, Đường Khả Lễ, Phường Võ Cường, Tỉnh Bắc Ninh",30,Đường Khả Lễ,P.Võ Cường,,Tỉnh Bắc Ninh,30,Đường Khả Lễ,Phường Võ Cường,,Tỉnh Bắc Ninh,moi,nhe,viet_tat|dinh_dang_phan_cach,2,42,synthetic_from_verified_osm
N00221,"Đường Lý Tự Trọng,P. Bến Nghé,Quan 1,Thành phố Hồ Chí M1nh","22, Đường Lý Tự Trọng, Phường Bến Nghé, Quận 1, Thành phố Hồ Chí Minh",,Đường Lý Tự Trọng,P. Bến Nghé,Quan 1,Thành phố Hồ Chí M1nh,22,Đường Lý Tự Trọng,Phường Bến Nghé,Quận 1,Thành phố Hồ Chí Minh,cu,nang,viet_tat|bo_dau|thieu_SoNha|loi_ocr_ky_tu|dao_thu_tu_hanh_chinh|dinh_dang_phan_cach,6,42,synthetic_from_verified_osm
N00222,Ngõ 12 Đường Như Nguyệt; Phường Vũ Ninh; T.Bac N1nh,"25, Ngõ 12 Đường Như Nguyệt, Phường Vũ Ninh, Tỉnh Bắc Ninh",,Ngõ 12 Đường Như Nguyệt,Phường Vũ Ninh,,T.Bac N1nh,25,Ngõ 12 Đường Như Nguyệt,Phường Vũ Ninh,,Tỉnh Bắc Ninh,moi,nang,viet_tat|bo_dau|thieu_SoNha|loi_ocr_ky_tu|dinh_dang_phan_cach,5,42,synthetic_from_verified_osm
N00223,38 - Đường Hoàng Quốc Việt - Thành phố Bắc Ninh - Bắc N1nh,"38, Đường Hoàng Quốc Việt, Phường Thị Cầu, Thành phố Bắc Ninh, Bắc Ninh",38,Đường Hoàng Quốc Việt,,Thành phố Bắc Ninh,Bắc N1nh,38,Đường Hoàng Quốc Việt,Phường Thị Cầu,Thành phố Bắc Ninh,Bắc Ninh,cu,nang,viet_tat|bo_dau|thieu_PhuongXa|loi_ocr_ky_tu|dinh_dang_phan_cach,5,42,synthetic_from_verified_osm
N00224,5; Ngõ 2 Phạm Tuấn Tài; Phường Dịch Vọng Hậu; Quận Cầu Giấy; Hà Nội,"5, Ngõ 2 Phạm Tuấn Tài, Phường Dịch Vọng Hậu, Quận Cầu Giấy, Hà Nội",5,Ngõ 2 Phạm Tuấn Tài,Phường Dịch Vọng Hậu,Quận Cầu Giấy,Hà Nội,5,Ngõ 2 Phạm Tuấn Tài,Phường Dịch Vọng Hậu,Quận Cầu Giấy,Hà Nội,cu,nhe,dinh_dang_phan_cach,1,42,synthetic_from_verified_osm
N00225,"5,Phố Hoàng Tích Trí,Kim Liên,Đống Đa,Ha Noi","5, Phố Hoàng Tích Trí, Kim Liên, Đống Đa, Hà Nội",5,Phố Hoàng Tích Trí,Kim Liên,Đống Đa,Ha Noi,5,Phố Hoàng Tích Trí,Kim Liên,Đống Đa,Hà Nội,cu,vua,bo_dau|dinh_dang_phan_cach,2,42,synthetic_from_verified_osm
N00226,Đường Nội Khu Mỹ Thái 3; Tân Phú; Quan 7; Thành phố Hồ Chí M1nh,"07, Đường Nội Khu Mỹ Thái 3, Tân Phú, Quận 7, Thành phố Hồ Chí Minh",,Đường Nội Khu Mỹ Thái 3,Tân Phú,Quan 7,Thành phố Hồ Chí M1nh,07,Đường Nội Khu Mỹ Thái 3,Tân Phú,Quận 7,Thành phố Hồ Chí Minh,cu,nang,bo_dau|thieu_SoNha|loi_ocr_ky_tu|dinh_dang_phan_cach,4,42,synthetic_from_verified_osm
N00227,Phố Lương Định Của; P Phương L1ễu; Tỉnh Bắc Ninh,"37, Phố Lương Định Của, Phường Phương Liễu, Tỉnh Bắc Ninh",,Phố Lương Định Của,P Phương L1ễu,,Tỉnh Bắc Ninh,37,Phố Lương Định Của,Phường Phương Liễu,,Tỉnh Bắc Ninh,moi,nang,viet_tat|thieu_SoNha|loi_ocr_ky_tu|dao_thu_tu_hanh_chinh|dinh_dang_phan_cach,5,42,synthetic_from_verified_osm
N00228,8; Ngo 187 Duong Th1en Duc; P.Kinh Bắc; Tỉnh Bắc Ninh,"8, Ngõ 187 Đường Thiên Đức, Phường Kinh Bắc, Tỉnh Bắc Ninh",8,Ngo 187 Duong Th1en Duc,P.Kinh Bắc,,Tỉnh Bắc Ninh,8,Ngõ 187 Đường Thiên Đức,Phường Kinh Bắc,,Tỉnh Bắc Ninh,moi,nang,viet_tat|bo_dau|loi_ocr_ky_tu|dinh_dang_phan_cach,4,42,synthetic_from_verified_osm
N00229,16; Đường Hàm Nghi; Thạc Gián; Thanh Khê; Đà Nẵng,"16, Đường Hàm Nghi, Thạc Gián, Thanh Khê, Đà Nẵng",16,Đường Hàm Nghi,Thạc Gián,Thanh Khê,Đà Nẵng,16,Đường Hàm Nghi,Thạc Gián,Thanh Khê,Đà Nẵng,cu,nhe,dinh_dang_phan_cach,1,42,synthetic_from_verified_osm
N00230,Hẻm 212B/D69 Nguyễn Trãi - P.Cầu Ông Lãnh - HCM,"212B/D69/7, Hẻm 212B/D69 Nguyễn Trãi, Phường Cầu Ông Lãnh, Thành phố Hồ Chí Minh",,Hẻm 212B/D69 Nguyễn Trãi,P.Cầu Ông Lãnh,,HCM,212B/D69/7,Hẻm 212B/D69 Nguyễn Trãi,Phường Cầu Ông Lãnh,,Thành phố Hồ Chí Minh,moi,nang,viet_tat|thieu_SoNha|dinh_dang_phan_cach,3,42,synthetic_from_verified_osm
N00231,"364,Đường Trần Lựu,Vũ Ninh,Tinh Bac Ninh","364, Đường Trần Lựu, Phường Vũ Ninh, Tỉnh Bắc Ninh",364,Đường Trần Lựu,Vũ Ninh,,Tinh Bac Ninh,364,Đường Trần Lựu,Phường Vũ Ninh,,Tỉnh Bắc Ninh,moi,vua,viet_tat|bo_dau|dinh_dang_phan_cach,3,42,synthetic_from_verified_osm
N00232,90 - Phố Nghĩa Tân - Phường Nghĩa Đô - HN,"90, Phố Nghĩa Tân, Phường Nghĩa Đô, Thành phố Hà Nội",90,Phố Nghĩa Tân,Phường Nghĩa Đô,,HN,90,Phố Nghĩa Tân,Phường Nghĩa Đô,,Thành phố Hà Nội,moi,vua,viet_tat|dinh_dang_phan_cach,2,42,synthetic_from_verified_osm
N00233,"Đồng Khởi,Phú Khương,Bến Tre,Ben Tre","14C3, Đồng Khởi, Phú Khương, Bến Tre, Bến Tre",,Đồng Khởi,Phú Khương,Bến Tre,Ben Tre,14C3,Đồng Khởi,Phú Khương,Bến Tre,Bến Tre,cu,nang,bo_dau|thieu_SoNha|dao_thu_tu_hanh_chinh|dinh_dang_phan_cach,4,42,synthetic_from_verified_osm
N00234,205 - Đường Lý Thá1 Tông - Tỉnh Bắc Ninh,"205, Đường Lý Thái Tông, Phường Kinh Bắc, Tỉnh Bắc Ninh",205,Đường Lý Thá1 Tông,,,Tỉnh Bắc Ninh,205,Đường Lý Thái Tông,Phường Kinh Bắc,,Tỉnh Bắc Ninh,moi,nang,viet_tat|bo_dau|thieu_PhuongXa|loi_ocr_ky_tu|dinh_dang_phan_cach,5,42,synthetic_from_verified_osm
N00235,"593,Đường 3/2,10,Thanh pho Ho Chi Minh,P.8","593, Đường 3/2, Phường 8, 10, Thành phố Hồ Chí Minh",593,Đường 3/2,P.8,10,Thanh pho Ho Chi Minh,593,Đường 3/2,Phường 8,10,Thành phố Hồ Chí Minh,cu,nang,viet_tat|bo_dau|dao_thu_tu_hanh_chinh|dinh_dang_phan_cach,4,42,synthetic_from_verified_osm
N00236,"11A,Đường Hữu Chấp,Phường Kinh Bắc,T. Bac Ninh","11A, Đường Hữu Chấp, Phường Kinh Bắc, Tỉnh Bắc Ninh",11A,Đường Hữu Chấp,Phường Kinh Bắc,,T. Bac Ninh,11A,Đường Hữu Chấp,Phường Kinh Bắc,,Tỉnh Bắc Ninh,moi,vua,viet_tat|bo_dau|dinh_dang_phan_cach,3,42,synthetic_from_verified_osm
N00237,"07,Đường Mỹ Phú 1A,TP. HCM,P Tân Phú","07, Đường Mỹ Phú 1A, Phường Tân Phú, Quận 7, Thành phố Hồ Chí Minh",07,Đường Mỹ Phú 1A,P Tân Phú,,TP. HCM,07,Đường Mỹ Phú 1A,Phường Tân Phú,Quận 7,Thành phố Hồ Chí Minh,cu,nang,viet_tat|thieu_QuanHuyen|dao_thu_tu_hanh_chinh|dinh_dang_phan_cach,4,42,synthetic_from_verified_osm
N00238,"14,Hẻm 61/33/2 Phạm Tuấn Tài,Phường Cổ Nhuế 1,Quận Bắc Từ Liêm,Hà Nội","14, Hẻm 61/33/2 Phạm Tuấn Tài, Phường Cổ Nhuế 1, Quận Bắc Từ Liêm, Hà Nội",14,Hẻm 61/33/2 Phạm Tuấn Tài,Phường Cổ Nhuế 1,Quận Bắc Từ Liêm,Hà Nội,14,Hẻm 61/33/2 Phạm Tuấn Tài,Phường Cổ Nhuế 1,Quận Bắc Từ Liêm,Hà Nội,cu,nhe,dinh_dang_phan_cach,1,42,synthetic_from_verified_osm
N00239,278A - Đường Nghi Tàm - Yên Phụ - Tây Hồ - Hà Nội,"278A, Đường Nghi Tàm, Yên Phụ, Tây Hồ, Hà Nội",278A,Đường Nghi Tàm,Yên Phụ,Tây Hồ,Hà Nội,278A,Đường Nghi Tàm,Yên Phụ,Tây Hồ,Hà Nội,cu,nhe,dinh_dang_phan_cach,1,42,synthetic_from_verified_osm
N00240,"15,Ngách 3/1 Phạm Tuấn Tài,Phường Dịch Vọng Hậu,Q Cầu Giấy,Hà Nội","15, Ngách 3/1 Phạm Tuấn Tài, Phường Dịch Vọng Hậu, Quận Cầu Giấy, Hà Nội",15,Ngách 3/1 Phạm Tuấn Tài,Phường Dịch Vọng Hậu,Q Cầu Giấy,Hà Nội,15,Ngách 3/1 Phạm Tuấn Tài,Phường Dịch Vọng Hậu,Quận Cầu Giấy,Hà Nội,cu,nang,viet_tat|dinh_dang_phan_cach,2,42,synthetic_from_verified_osm
N00241,18; Đường Số 2; phường Thạnh Mỹ Lợi; TP. Thủ Đức; TP.HCM,"18, Đường Số 2, phường Thạnh Mỹ Lợi, TP. Thủ Đức, TP. Hồ Chí Minh",18,Đường Số 2,phường Thạnh Mỹ Lợi,TP. Thủ Đức,TP.HCM,18,Đường Số 2,phường Thạnh Mỹ Lợi,TP. Thủ Đức,TP. Hồ Chí Minh,cu,nhe,viet_tat|dinh_dang_phan_cach,2,42,synthetic_from_verified_osm
N00242,"1,Lê Đức Thọ,Mai Dịch,Nam Từ Liêm,TP.HN","1, Lê Đức Thọ, Mai Dịch, Nam Từ Liêm, Hà Nội",1,Lê Đức Thọ,Mai Dịch,Nam Từ Liêm,TP.HN,1,Lê Đức Thọ,Mai Dịch,Nam Từ Liêm,Hà Nội,cu,nhe,viet_tat|dinh_dang_phan_cach,2,42,synthetic_from_verified_osm
N00243,"7,Ngô Gia Tự,đức giang,Long biên,Hà Nội","7, Ngô Gia Tự, đức giang, Long biên, Hà Nội",7,Ngô Gia Tự,đức giang,Long biên,Hà Nội,7,Ngô Gia Tự,đức giang,Long biên,Hà Nội,cu,nhe,dinh_dang_phan_cach,1,42,synthetic_from_verified_osm
N00244,04 - Đường Nội Khu Mỹ Phú 3C - Tan Phu - Quận 7 - Thành phố Hồ Chí Minh,"04, Đường Nội Khu Mỹ Phú 3C, Tân Phú, Quận 7, Thành phố Hồ Chí Minh",04,Đường Nội Khu Mỹ Phú 3C,Tan Phu,Quận 7,Thành phố Hồ Chí Minh,04,Đường Nội Khu Mỹ Phú 3C,Tân Phú,Quận 7,Thành phố Hồ Chí Minh,cu,vua,bo_dau|dinh_dang_phan_cach,2,42,synthetic_from_verified_osm
N00245,59; Bành Văn Trân; TP.HCM; Q. Tân Bình,"59, Bành Văn Trân, Phường 7, Quận Tân Bình, Thành phố Hồ Chí Minh",59,Bành Văn Trân,,Q. Tân Bình,TP.HCM,59,Bành Văn Trân,Phường 7,Quận Tân Bình,Thành phố Hồ Chí Minh,cu,nang,viet_tat|thieu_PhuongXa|dao_thu_tu_hanh_chinh|dinh_dang_phan_cach,4,42,synthetic_from_verified_osm
N00246,"695,Đường Thiên Đức,P.Kinh Bắc,Tỉnh Bắc Ninh","695, Đường Thiên Đức, Phường Kinh Bắc, Tỉnh Bắc Ninh",695,Đường Thiên Đức,P.Kinh Bắc,,Tỉnh Bắc Ninh,695,Đường Thiên Đức,Phường Kinh Bắc,,Tỉnh Bắc Ninh,moi,nhe,viet_tat|dinh_dang_phan_cach,2,42,synthetic_from_verified_osm
N00247,17 - Phố Lý Khánh Văn - P. Từ Sơn - Bắc Ninh,"17, Phố Lý Khánh Văn, Phường Từ Sơn, Tỉnh Bắc Ninh",17,Phố Lý Khánh Văn,P. Từ Sơn,,Bắc Ninh,17,Phố Lý Khánh Văn,Phường Từ Sơn,,Tỉnh Bắc Ninh,moi,vua,viet_tat|dinh_dang_phan_cach,2,42,synthetic_from_verified_osm
N00248,278 - Phố Lương Định Của - P. Phương Liễu - Tỉnh Bắc Ninh,"278, Phố Lương Định Của, Phường Phương Liễu, Tỉnh Bắc Ninh",278,Phố Lương Định Của,P. Phương Liễu,,Tỉnh Bắc Ninh,278,Phố Lương Định Của,Phường Phương Liễu,,Tỉnh Bắc Ninh,moi,nhe,viet_tat|dinh_dang_phan_cach,2,42,synthetic_from_verified_osm
N00249,76; Hàng Buồm; P.Hoan Kiem; Thành phố Hà Nội,"76, Hàng Buồm, Phường Hoàn Kiếm, Thành phố Hà Nội",76,Hàng Buồm,P.Hoan Kiem,,Thành phố Hà Nội,76,Hàng Buồm,Phường Hoàn Kiếm,,Thành phố Hà Nội,moi,vua,viet_tat|bo_dau|dinh_dang_phan_cach,3,42,synthetic_from_verified_osm
N00250,"6,Đường Thanh Sơn,P. Vũ Ninh,Bắc Ninh","6, Đường Thanh Sơn, Phường Vũ Ninh, Tỉnh Bắc Ninh",6,Đường Thanh Sơn,P. Vũ Ninh,,Bắc Ninh,6,Đường Thanh Sơn,Phường Vũ Ninh,,Tỉnh Bắc Ninh,moi,nhe,viet_tat|dinh_dang_phan_cach,2,42,synthetic_from_verified_osm
N00251,290 - D. Bá Trạc - Chánh Hưng - HCM,"290, D. Bá Trạc, Phường Chánh Hưng, Thành phố Hồ Chí Minh",290,D. Bá Trạc,Chánh Hưng,,HCM,290,D. Bá Trạc,Phường Chánh Hưng,,Thành phố Hồ Chí Minh,moi,nhe,viet_tat|dinh_dang_phan_cach,2,42,synthetic_from_verified_osm
N00252,Đường Khả Lễ - P.Võ Cường - Tinh Bac Ninh,"36, Đường Khả Lễ, Phường Võ Cường, Tỉnh Bắc Ninh",,Đường Khả Lễ,P.Võ Cường,,Tinh Bac Ninh,36,Đường Khả Lễ,Phường Võ Cường,,Tỉnh Bắc Ninh,moi,nang,viet_tat|bo_dau|thieu_SoNha|dao_thu_tu_hanh_chinh|dinh_dang_phan_cach,5,42,synthetic_from_verified_osm
N00253,04 - Đường Mỹ Phú 1B - Tân Phú - HCM,"04, Đường Mỹ Phú 1B, Phường Tân Phú, Thành phố Hồ Chí Minh",04,Đường Mỹ Phú 1B,Tân Phú,,HCM,04,Đường Mỹ Phú 1B,Phường Tân Phú,,Thành phố Hồ Chí Minh,moi,nhe,viet_tat|dinh_dang_phan_cach,2,42,synthetic_from_verified_osm
N00254,"40,Ngõ 643 Phạm Văn Đồng,Cổ Nhuế 1,Q. Bắc Từ Liêm,TP.HN","40, Ngõ 643 Phạm Văn Đồng, Phường Cổ Nhuế 1, Quận Bắc Từ Liêm, Hà Nội",40,Ngõ 643 Phạm Văn Đồng,Cổ Nhuế 1,Q. Bắc Từ Liêm,TP.HN,40,Ngõ 643 Phạm Văn Đồng,Phường Cổ Nhuế 1,Quận Bắc Từ Liêm,Hà Nội,cu,vua,viet_tat|dinh_dang_phan_cach,2,42,synthetic_from_verified_osm
N00255,NT18-17 - Ngọc Trai 18 - Đa Tốn - Gia Lam - Hà Nội,"NT18-17, Ngọc Trai 18, Đa Tốn, Gia Lâm, Hà Nội",NT18-17,Ngọc Trai 18,Đa Tốn,Gia Lam,Hà Nội,NT18-17,Ngọc Trai 18,Đa Tốn,Gia Lâm,Hà Nội,cu,vua,bo_dau|dinh_dang_phan_cach,2,42,synthetic_from_verified_osm
N00256,2; Phố Doãn Kế Thiện; Mai Dịch; Cầu Giấy; Hà Nội,"2, Phố Doãn Kế Thiện, Mai Dịch, Cầu Giấy, Hà Nội",2,Phố Doãn Kế Thiện,Mai Dịch,Cầu Giấy,Hà Nội,2,Phố Doãn Kế Thiện,Mai Dịch,Cầu Giấy,Hà Nội,cu,nhe,dinh_dang_phan_cach,1,42,synthetic_from_verified_osm
N00257,"Vòng xoay Mỹ An,My Thanh An,Bến Tre,Bến Tre","417D, Vòng xoay Mỹ An, Mỹ Thạnh An, Bến Tre, Bến Tre",,Vòng xoay Mỹ An,My Thanh An,Bến Tre,Bến Tre,417D,Vòng xoay Mỹ An,Mỹ Thạnh An,Bến Tre,Bến Tre,cu,nang,bo_dau|thieu_SoNha|dinh_dang_phan_cach,3,42,synthetic_from_verified_osm
N00258,472A; Duong Thien Duc; P Kinh Bắc; Tỉnh Bắc Ninh,"472A, Đường Thiên Đức, Phường Kinh Bắc, Tỉnh Bắc Ninh",472A,Duong Thien Duc,P Kinh Bắc,,Tỉnh Bắc Ninh,472A,Đường Thiên Đức,Phường Kinh Bắc,,Tỉnh Bắc Ninh,moi,vua,viet_tat|bo_dau|dinh_dang_phan_cach,3,42,synthetic_from_verified_osm
N00259,11A; Đường Mỹ Phú 1B; Phường Tân Phú; Thành phố Hồ Chí Minh,"11A, Đường Mỹ Phú 1B, Phường Tân Phú, Thành phố Hồ Chí Minh",11A,Đường Mỹ Phú 1B,Phường Tân Phú,,Thành phố Hồ Chí Minh,11A,Đường Mỹ Phú 1B,Phường Tân Phú,,Thành phố Hồ Chí Minh,moi,nhe,dinh_dang_phan_cach,1,42,synthetic_from_verified_osm
N00260,7; Ngõ 224 Phố Lương Định Của; P Phương Liễu; Thị xã Quế Võ; Bắc Ninh,"7, Ngõ 224 Phố Lương Định Của, Phường Phương Liễu, Thị xã Quế Võ, Bắc Ninh",7,Ngõ 224 Phố Lương Định Của,P Phương Liễu,Thị xã Quế Võ,Bắc Ninh,7,Ngõ 224 Phố Lương Định Của,Phường Phương Liễu,Thị xã Quế Võ,Bắc Ninh,cu,nhe,viet_tat|dinh_dang_phan_cach,2,42,synthetic_from_verified_osm
N00261,25; Phố Thái Phiên; Lê Đại Hành; Hai Bà Trưng; Hà Nội,"25, Phố Thái Phiên, Lê Đại Hành, Hai Bà Trưng, Hà Nội",25,Phố Thái Phiên,Lê Đại Hành,Hai Bà Trưng,Hà Nội,25,Phố Thái Phiên,Lê Đại Hành,Hai Bà Trưng,Hà Nội,cu,vua,dinh_dang_phan_cach,1,42,synthetic_from_verified_osm
N00262,"194,Đường Giải Phóng,P.Bách Khoa,Hai Ba Trung,TP. Hà Nội","194, Đường Giải Phóng, Phường Bách Khoa, Hai Bà Trưng, Hà Nội",194,Đường Giải Phóng,P.Bách Khoa,Hai Ba Trung,TP. Hà Nội,194,Đường Giải Phóng,Phường Bách Khoa,Hai Bà Trưng,Hà Nội,cu,vua,viet_tat|bo_dau|dinh_dang_phan_cach,3,42,synthetic_from_verified_osm
N00263,81; Khu dân cư số 9; Ninh Kieu; Xuân Khánh; Cần Thơ,"81, Khu dân cư số 9, Xuân Khánh, Ninh Kiều, Cần Thơ",81,Khu dân cư số 9,Xuân Khánh,Ninh Kieu,Cần Thơ,81,Khu dân cư số 9,Xuân Khánh,Ninh Kiều,Cần Thơ,cu,nang,bo_dau|dao_thu_tu_hanh_chinh|dinh_dang_phan_cach,3,42,synthetic_from_verified_osm
N00264,"21,Hàng Đậu,P.Hoàn Kiếm,Thanh pho Ha Noi","21, Hàng Đậu, Phường Hoàn Kiếm, Thành phố Hà Nội",21,Hàng Đậu,P.Hoàn Kiếm,,Thanh pho Ha Noi,21,Hàng Đậu,Phường Hoàn Kiếm,,Thành phố Hà Nội,moi,vua,viet_tat|bo_dau|dinh_dang_phan_cach,3,42,synthetic_from_verified_osm
N00265,115; Pho Bui Thi Xuan; Nguyễn Du; Hai Bà Trưng; Hà Nội,"115, Phố Bùi Thị Xuân, Nguyễn Du, Hai Bà Trưng, Hà Nội",115,Pho Bui Thi Xuan,Nguyễn Du,Hai Bà Trưng,Hà Nội,115,Phố Bùi Thị Xuân,Nguyễn Du,Hai Bà Trưng,Hà Nội,cu,vua,bo_dau|dinh_dang_phan_cach,2,42,synthetic_from_verified_osm
N00266,6 - Ngách 234/1 Hoàng Quốc Việt - P Cổ Nhuế 1 - Quận Bắc Từ Liêm - TP. Hà Nội,"6, Ngách 234/1 Hoàng Quốc Việt, Phường Cổ Nhuế 1, Quận Bắc Từ Liêm, Hà Nội",6,Ngách 234/1 Hoàng Quốc Việt,P Cổ Nhuế 1,Quận Bắc Từ Liêm,TP. Hà Nội,6,Ngách 234/1 Hoàng Quốc Việt,Phường Cổ Nhuế 1,Quận Bắc Từ Liêm,Hà Nội,cu,nhe,viet_tat|dinh_dang_phan_cach,2,42,synthetic_from_verified_osm
N00267,136; Phố Huế; Nguyễn Du; Hai Bà Trưng; Hà Nội,"136, Phố Huế, Nguyễn Du, Hai Bà Trưng, Hà Nội",136,Phố Huế,Nguyễn Du,Hai Bà Trưng,Hà Nội,136,Phố Huế,Nguyễn Du,Hai Bà Trưng,Hà Nội,cu,nhe,dinh_dang_phan_cach,1,42,synthetic_from_verified_osm
N00268,8; Ngách 41/6 Trần Quốc Hoàn; Phường Dịch Vọng Hậu; Quan Cau Giay; Hà Nội,"8, Ngách 41/6 Trần Quốc Hoàn, Phường Dịch Vọng Hậu, Quận Cầu Giấy, Hà Nội",8,Ngách 41/6 Trần Quốc Hoàn,Phường Dịch Vọng Hậu,Quan Cau Giay,Hà Nội,8,Ngách 41/6 Trần Quốc Hoàn,Phường Dịch Vọng Hậu,Quận Cầu Giấy,Hà Nội,cu,vua,bo_dau|dinh_dang_phan_cach,2,42,synthetic_from_verified_osm
N00269,SH11-15; 5an Hô 11; TP.HN; Đa Tốn,"SH11-15, San Hô 11, Đa Tốn, Gia Lâm, Hà Nội",SH11-15,5an Hô 11,Đa Tốn,,TP.HN,SH11-15,San Hô 11,Đa Tốn,Gia Lâm,Hà Nội,cu,nang,viet_tat|thieu_QuanHuyen|loi_ocr_ky_tu|dao_thu_tu_hanh_chinh|dinh_dang_phan_cach,5,42,synthetic_from_verified_osm
N00270,80; Nguyễn Văn Trỗi; Phường 8; Phú Nhuận; Hồ Chí Minh,"80, Nguyễn Văn Trỗi, Phường 8, Phú Nhuận, Hồ Chí Minh",80,Nguyễn Văn Trỗi,Phường 8,Phú Nhuận,Hồ Chí Minh,80,Nguyễn Văn Trỗi,Phường 8,Phú Nhuận,Hồ Chí Minh,cu,vua,dinh_dang_phan_cach,1,42,synthetic_from_verified_osm
N00271,2 - Phố Trang Liệt 3 - P Dong Nguyen - Tỉnh Bắc Ninh,"2, Phố Trang Liệt 3, Phường Đồng Nguyên, Tỉnh Bắc Ninh",2,Phố Trang Liệt 3,P Dong Nguyen,,Tỉnh Bắc Ninh,2,Phố Trang Liệt 3,Phường Đồng Nguyên,,Tỉnh Bắc Ninh,moi,vua,viet_tat|bo_dau|dinh_dang_phan_cach,3,42,synthetic_from_verified_osm
N00272,25; Đường Hoàng Quốc Việt; Thanh pho Ha Noi,"25, Đường Hoàng Quốc Việt, Phường Nghĩa Đô, Thành phố Hà Nội",25,Đường Hoàng Quốc Việt,,,Thanh pho Ha Noi,25,Đường Hoàng Quốc Việt,Phường Nghĩa Đô,,Thành phố Hà Nội,moi,nang,viet_tat|bo_dau|thieu_PhuongXa|dinh_dang_phan_cach,4,42,synthetic_from_verified_osm
N00273,"462,Đường Thân Nhân Trung,Tỉnh Bắc N1nh","462, Đường Thân Nhân Trung, Phường Việt Yên, Tỉnh Bắc Ninh",462,Đường Thân Nhân Trung,,,Tỉnh Bắc N1nh,462,Đường Thân Nhân Trung,Phường Việt Yên,,Tỉnh Bắc Ninh,moi,nang,viet_tat|thieu_PhuongXa|loi_ocr_ky_tu|dinh_dang_phan_cach,4,42,synthetic_from_verified_osm
N00274,64 - Ung Văn Khiêm - My An - Ngũ Hành Sơn District - Đà Nẵng,"64, Ung Văn Khiêm, Mỹ An, Ngũ Hành Sơn District, Đà Nẵng",64,Ung Văn Khiêm,My An,Ngũ Hành Sơn District,Đà Nẵng,64,Ung Văn Khiêm,Mỹ An,Ngũ Hành Sơn District,Đà Nẵng,cu,vua,bo_dau|dinh_dang_phan_cach,2,42,synthetic_from_verified_osm
N00275,57; Phố Lê Quý Đôn; Phạm Đình Hổ; Hai Bà Trưng; Hà Nội,"57, Phố Lê Quý Đôn, Phạm Đình Hổ, Hai Bà Trưng, Hà Nội",57,Phố Lê Quý Đôn,Phạm Đình Hổ,Hai Bà Trưng,Hà Nội,57,Phố Lê Quý Đôn,Phạm Đình Hổ,Hai Bà Trưng,Hà Nội,cu,vua,dinh_dang_phan_cach,1,42,synthetic_from_verified_osm
N00276,"152D,Phố Triệu Việt Vương,Nguyen Du,Hai Bà Trưng,Hà Nội","152D, Phố Triệu Việt Vương, Nguyễn Du, Hai Bà Trưng, Hà Nội",152D,Phố Triệu Việt Vương,Nguyen Du,Hai Bà Trưng,Hà Nội,152D,Phố Triệu Việt Vương,Nguyễn Du,Hai Bà Trưng,Hà Nội,cu,vua,bo_dau|dinh_dang_phan_cach,2,42,synthetic_from_verified_osm
N00277,70; Đường Dương Ổ; T.Bắc Ninh,"70, Đường Dương Ổ, Phường Võ Cường, Tỉnh Bắc Ninh",70,Đường Dương Ổ,,,T.Bắc Ninh,70,Đường Dương Ổ,Phường Võ Cường,,Tỉnh Bắc Ninh,moi,nang,viet_tat|bo_dau|thieu_PhuongXa|dao_thu_tu_hanh_chinh|dinh_dang_phan_cach,5,42,synthetic_from_verified_osm
N00278,"182,Phố Hà Liễu,P. Phương Liễu,Tỉnh Bắc Ninh","182, Phố Hà Liễu, Phường Phương Liễu, Tỉnh Bắc Ninh",182,Phố Hà Liễu,P. Phương Liễu,,Tỉnh Bắc Ninh,182,Phố Hà Liễu,Phường Phương Liễu,,Tỉnh Bắc Ninh,moi,nhe,viet_tat|dinh_dang_phan_cach,2,42,synthetic_from_verified_osm
N00279,3 - Đường Hoàng Quốc Việt - P Nghĩa Đô - Thanh pho Ha Noi,"3, Đường Hoàng Quốc Việt, Phường Nghĩa Đô, Thành phố Hà Nội",3,Đường Hoàng Quốc Việt,P Nghĩa Đô,,Thanh pho Ha Noi,3,Đường Hoàng Quốc Việt,Phường Nghĩa Đô,,Thành phố Hà Nội,moi,vua,viet_tat|bo_dau|dinh_dang_phan_cach,3,42,synthetic_from_verified_osm
N00280,2; Phố Nguyễn Nhân Kính; Phường Kinh Bắc; Tỉnh Bắc Ninh,"2, Phố Nguyễn Nhân Kính, Phường Kinh Bắc, Tỉnh Bắc Ninh",2,Phố Nguyễn Nhân Kính,Phường Kinh Bắc,,Tỉnh Bắc Ninh,2,Phố Nguyễn Nhân Kính,Phường Kinh Bắc,,Tỉnh Bắc Ninh,moi,nhe,dinh_dang_phan_cach,1,42,synthetic_from_verified_osm
N00281,Phố Hàng Cót; Hoan Kiem; Thành phố Hà Nội,"12A, Phố Hàng Cót, Phường Hoàn Kiếm, Thành phố Hà Nội",,Phố Hàng Cót,Hoan Kiem,,Thành phố Hà Nội,12A,Phố Hàng Cót,Phường Hoàn Kiếm,,Thành phố Hà Nội,moi,nang,viet_tat|bo_dau|thieu_SoNha|dinh_dang_phan_cach,4,42,synthetic_from_verified_osm
N00282,"1,Ngách 129 Ngõ Xã Đàn 2,Nam Đồng,Đống Đa,HN","1, Ngách 129 Ngõ Xã Đàn 2, Nam Đồng, Đống Đa, Hà Nội",1,Ngách 129 Ngõ Xã Đàn 2,Nam Đồng,Đống Đa,HN,1,Ngách 129 Ngõ Xã Đàn 2,Nam Đồng,Đống Đa,Hà Nội,cu,nhe,viet_tat|dinh_dang_phan_cach,2,42,synthetic_from_verified_osm
N00283,1; Pho Ta Hien; P. Hoàn Kiếm; TP. Hà Nội,"1, Phố Tạ Hiện, Phường Hoàn Kiếm, Thành phố Hà Nội",1,Pho Ta Hien,P. Hoàn Kiếm,,TP. Hà Nội,1,Phố Tạ Hiện,Phường Hoàn Kiếm,,Thành phố Hà Nội,moi,vua,viet_tat|bo_dau|dinh_dang_phan_cach,3,42,synthetic_from_verified_osm
N00284,"46,Phố Mai Hắc Đế,Nguyễn Du,Hai Ba Trung,Hà Nội","46, Phố Mai Hắc Đế, Nguyễn Du, Hai Bà Trưng, Hà Nội",46,Phố Mai Hắc Đế,Nguyễn Du,Hai Ba Trung,Hà Nội,46,Phố Mai Hắc Đế,Nguyễn Du,Hai Bà Trưng,Hà Nội,cu,vua,bo_dau|dinh_dang_phan_cach,2,42,synthetic_from_verified_osm
N00285,195; Đường Trần Hưng Đạo; P Pho Moi; Thị xã Quế Võ; Bắc Ninh,"195, Đường Trần Hưng Đạo, Phường Phố Mới, Thị xã Quế Võ, Bắc Ninh",195,Đường Trần Hưng Đạo,P Pho Moi,Thị xã Quế Võ,Bắc Ninh,195,Đường Trần Hưng Đạo,Phường Phố Mới,Thị xã Quế Võ,Bắc Ninh,cu,vua,viet_tat|bo_dau|dinh_dang_phan_cach,3,42,synthetic_from_verified_osm
N00286,4 - Pho Khuc Hao - Phường Ba Đình - Thành phố Hà Nội,"4, Phố Khúc Hạo, Phường Ba Đình, Thành phố Hà Nội",4,Pho Khuc Hao,Phường Ba Đình,,Thành phố Hà Nội,4,Phố Khúc Hạo,Phường Ba Đình,,Thành phố Hà Nội,moi,vua,bo_dau|dinh_dang_phan_cach,2,42,synthetic_from_verified_osm
N00287,21B - Nguyễn Thị Huỳnh - Phường 4 - Quận 5 - Thành Phố Hồ Chí Minh,"21B, Nguyễn Thị Huỳnh, Phường 4, Quận 5, Thành Phố Hồ Chí Minh",21B,Nguyễn Thị Huỳnh,Phường 4,Quận 5,Thành Phố Hồ Chí Minh,21B,Nguyễn Thị Huỳnh,Phường 4,Quận 5,Thành Phố Hồ Chí Minh,cu,vua,dinh_dang_phan_cach,1,42,synthetic_from_verified_osm
N00288,"43,Phố Lê Hồng Phong,Phường Điện Biên,Quan Ba Dinh,Hà Nội","43, Phố Lê Hồng Phong, Phường Điện Biên, Quận Ba Đình, Hà Nội",43,Phố Lê Hồng Phong,Phường Điện Biên,Quan Ba Dinh,Hà Nội,43,Phố Lê Hồng Phong,Phường Điện Biên,Quận Ba Đình,Hà Nội,cu,vua,bo_dau|dinh_dang_phan_cach,2,42,synthetic_from_verified_osm
N00289,15; Phố Đoàn Trần Nghiệp; Lê Đại Hành; Hai Bà Trưng; Hà Nội,"15, Phố Đoàn Trần Nghiệp, Lê Đại Hành, Hai Bà Trưng, Hà Nội",15,Phố Đoàn Trần Nghiệp,Lê Đại Hành,Hai Bà Trưng,Hà Nội,15,Phố Đoàn Trần Nghiệp,Lê Đại Hành,Hai Bà Trưng,Hà Nội,cu,nhe,dinh_dang_phan_cach,1,42,synthetic_from_verified_osm
N00290,4 - Phố Quảng An - Quảng An - Tây Hồ - TP. Hà Nội,"4, Phố Quảng An, Quảng An, Tây Hồ, Hà Nội",4,Phố Quảng An,Quảng An,Tây Hồ,TP. Hà Nội,4,Phố Quảng An,Quảng An,Tây Hồ,Hà Nội,cu,nhe,viet_tat|dinh_dang_phan_cach,2,42,synthetic_from_verified_osm
N00291,SH02-15 - San Hô 2 - Da Ton - Hà Nộ1,"SH02-15, San Hô 2, Đa Tốn, Gia Lâm, Hà Nội",SH02-15,San Hô 2,Da Ton,,Hà Nộ1,SH02-15,San Hô 2,Đa Tốn,Gia Lâm,Hà Nội,cu,nang,bo_dau|thieu_QuanHuyen|loi_ocr_ky_tu|dinh_dang_phan_cach,4,42,synthetic_from_verified_osm
N00292,133 - Đường Ngô Gia Tự - P.Vũ Ninh - Thành phố Bắc Ninh - Bắc Ninh,"133, Đường Ngô Gia Tự, Phường Vũ Ninh, Thành phố Bắc Ninh, Bắc Ninh",133,Đường Ngô Gia Tự,P.Vũ Ninh,Thành phố Bắc Ninh,Bắc Ninh,133,Đường Ngô Gia Tự,Phường Vũ Ninh,Thành phố Bắc Ninh,Bắc Ninh,cu,nhe,viet_tat|dinh_dang_phan_cach,2,42,synthetic_from_verified_osm
N00293,"48,Tân Quý,Tân Quý,Tan Phu,Hồ Chí Minh","48, Tân Quý, Tân Quý, Tân Phú, Hồ Chí Minh",48,Tân Quý,Tân Quý,Tan Phu,Hồ Chí Minh,48,Tân Quý,Tân Quý,Tân Phú,Hồ Chí Minh,cu,vua,bo_dau|dinh_dang_phan_cach,2,42,synthetic_from_verified_osm
N00294,694; Sư Vạn Hạnh; P. Vuon Lai; TPHCM,"694, Sư Vạn Hạnh, Phường Vườn Lài, Thành phố Hồ Chí Minh",694,Sư Vạn Hạnh,P. Vuon Lai,,TPHCM,694,Sư Vạn Hạnh,Phường Vườn Lài,,Thành phố Hồ Chí Minh,moi,vua,viet_tat|bo_dau|dinh_dang_phan_cach,3,42,synthetic_from_verified_osm
N00295,85; Đường Lê Văn Thịnh; P. Suối Hoa; Thành phố Bắc Ninh; Bắc Ninh,"85, Đường Lê Văn Thịnh, Phường Suối Hoa, Thành phố Bắc Ninh, Bắc Ninh",85,Đường Lê Văn Thịnh,P. Suối Hoa,Thành phố Bắc Ninh,Bắc Ninh,85,Đường Lê Văn Thịnh,Phường Suối Hoa,Thành phố Bắc Ninh,Bắc Ninh,cu,nhe,viet_tat|dinh_dang_phan_cach,2,42,synthetic_from_verified_osm
N00296,103; Đường Xuân Thủy; Phường Dịch Vọng Hậu; Quận Cầu Giấy; TP.HN,"103, Đường Xuân Thủy, Phường Dịch Vọng Hậu, Quận Cầu Giấy, Hà Nội",103,Đường Xuân Thủy,Phường Dịch Vọng Hậu,Quận Cầu Giấy,TP.HN,103,Đường Xuân Thủy,Phường Dịch Vọng Hậu,Quận Cầu Giấy,Hà Nội,cu,vua,viet_tat|dinh_dang_phan_cach,2,42,synthetic_from_verified_osm
N00297,"3,Ngõ 77 Lê Hồng Phong,Phường Ba Đình,HN","3, Ngõ 77 Lê Hồng Phong, Phường Ba Đình, Thành phố Hà Nội",3,Ngõ 77 Lê Hồng Phong,Phường Ba Đình,,HN,3,Ngõ 77 Lê Hồng Phong,Phường Ba Đình,,Thành phố Hà Nội,moi,nhe,viet_tat|dinh_dang_phan_cach,2,42,synthetic_from_verified_osm
N00298,23B - Phố Lê Hồng Phong - Điện Biên - Quan Ba Dinh - Hà Nội,"23B, Phố Lê Hồng Phong, Phường Điện Biên, Quận Ba Đình, Hà Nội",23B,Phố Lê Hồng Phong,Điện Biên,Quan Ba Dinh,Hà Nội,23B,Phố Lê Hồng Phong,Phường Điện Biên,Quận Ba Đình,Hà Nội,cu,vua,viet_tat|bo_dau|dinh_dang_phan_cach,3,42,synthetic_from_verified_osm
N00299,Duong My Phu 1B - Tân Phú - TP.HCM,"11A, Đường Mỹ Phú 1B, Phường Tân Phú, Thành phố Hồ Chí Minh",,Duong My Phu 1B,Tân Phú,,TP.HCM,11A,Đường Mỹ Phú 1B,Phường Tân Phú,,Thành phố Hồ Chí Minh,moi,nang,viet_tat|bo_dau|thieu_SoNha|dao_thu_tu_hanh_chinh|dinh_dang_phan_cach,5,42,synthetic_from_verified_osm
N00300,429 - Hẻm 429 Lạc Long Quân - Phuong 5 - Quận 11 - TPHCM,"429, Hẻm 429 Lạc Long Quân, Phường 5, Quận 11, Hồ Chí Minh",429,Hẻm 429 Lạc Long Quân,Phuong 5,Quận 11,TPHCM,429,Hẻm 429 Lạc Long Quân,Phường 5,Quận 11,Hồ Chí Minh,cu,vua,viet_tat|bo_dau|dinh_dang_phan_cach,3,42,synthetic_from_verified_osm
N00301,"70,Lê Công Kiều,P. Nguyễn Thái Bình,Quận 1,Thành phố Hồ Chí Minh","70, Lê Công Kiều, Phường Nguyễn Thái Bình, Quận 1, Thành phố Hồ Chí Minh",70,Lê Công Kiều,P. Nguyễn Thái Bình,Quận 1,Thành phố Hồ Chí Minh,70,Lê Công Kiều,Phường Nguyễn Thái Bình,Quận 1,Thành phố Hồ Chí Minh,cu,nhe,viet_tat|dinh_dang_phan_cach,2,42,synthetic_from_verified_osm
N00302,7; Ngách 38/6 Đặng Thùy Trâm; P Cổ Nhuế 1; Quan Bac Tu Liem; Hà Nội,"7, Ngách 38/6 Đặng Thùy Trâm, Phường Cổ Nhuế 1, Quận Bắc Từ Liêm, Hà Nội",7,Ngách 38/6 Đặng Thùy Trâm,P Cổ Nhuế 1,Quan Bac Tu Liem,Hà Nội,7,Ngách 38/6 Đặng Thùy Trâm,Phường Cổ Nhuế 1,Quận Bắc Từ Liêm,Hà Nội,cu,nang,viet_tat|bo_dau|dinh_dang_phan_cach,3,42,synthetic_from_verified_osm
N00303,"24,Phố Giang Liễu 2,P.Phuong Lieu,Tỉnh Bắc Ninh","24, Phố Giang Liễu 2, Phường Phương Liễu, Tỉnh Bắc Ninh",24,Phố Giang Liễu 2,P.Phuong Lieu,,Tỉnh Bắc Ninh,24,Phố Giang Liễu 2,Phường Phương Liễu,,Tỉnh Bắc Ninh,moi,vua,viet_tat|bo_dau|dinh_dang_phan_cach,3,42,synthetic_from_verified_osm
N00304,204 - Duong Nguyen Gia Thieu - Phường Kinh Bắc - Bắc Ninh,"204, Đường Nguyễn Gia Thiều, Phường Kinh Bắc, Tỉnh Bắc Ninh",204,Duong Nguyen Gia Thieu,Phường Kinh Bắc,,Bắc Ninh,204,Đường Nguyễn Gia Thiều,Phường Kinh Bắc,,Tỉnh Bắc Ninh,moi,vua,viet_tat|bo_dau|dinh_dang_phan_cach,3,42,synthetic_from_verified_osm
N00305,705 - Đường Lạc L0ng Quân - Phu Thuong - Hà Nội,"705, Đường Lạc Long Quân, Phú Thượng, Tây Hồ, Hà Nội",705,Đường Lạc L0ng Quân,Phu Thuong,,Hà Nội,705,Đường Lạc Long Quân,Phú Thượng,Tây Hồ,Hà Nội,cu,nang,bo_dau|thieu_QuanHuyen|loi_ocr_ky_tu|dinh_dang_phan_cach,4,42,synthetic_from_verified_osm
N00306,317; Đường Hà Huy Tập; Xã Phù Đổng; Thanh pho Ha Noi,"317, Đường Hà Huy Tập, Xã Phù Đổng, Thành phố Hà Nội",317,Đường Hà Huy Tập,Xã Phù Đổng,,Thanh pho Ha Noi,317,Đường Hà Huy Tập,Xã Phù Đổng,,Thành phố Hà Nội,moi,vua,bo_dau|dinh_dang_phan_cach,2,42,synthetic_from_verified_osm
N00307,111 - Phố Lê Hồng Phong - P Ba Đình - Thanh pho Ha Noi,"111, Phố Lê Hồng Phong, Phường Ba Đình, Thành phố Hà Nội",111,Phố Lê Hồng Phong,P Ba Đình,,Thanh pho Ha Noi,111,Phố Lê Hồng Phong,Phường Ba Đình,,Thành phố Hà Nội,moi,vua,viet_tat|bo_dau|dinh_dang_phan_cach,3,42,synthetic_from_verified_osm
N00308,296 - Đường Lý Thường Kiệt - Phù Khê - T Bắc Ninh,"296, Đường Lý Thường Kiệt, Phường Phù Khê, Tỉnh Bắc Ninh",296,Đường Lý Thường Kiệt,Phù Khê,,T Bắc Ninh,296,Đường Lý Thường Kiệt,Phường Phù Khê,,Tỉnh Bắc Ninh,moi,nhe,viet_tat|dinh_dang_phan_cach,2,42,synthetic_from_verified_osm
N00309,"1A,Pho Phung Chi Kien,Phường Nghĩa Đô,Thành phố Hà Nội","1A, Phố Phùng Chí Kiên, Phường Nghĩa Đô, Thành phố Hà Nội",1A,Pho Phung Chi Kien,Phường Nghĩa Đô,,Thành phố Hà Nội,1A,Phố Phùng Chí Kiên,Phường Nghĩa Đô,,Thành phố Hà Nội,moi,vua,bo_dau|dinh_dang_phan_cach,2,42,synthetic_from_verified_osm
N00310,25 - Ngõ 61 Phạm Tuấn Tài - P Cổ Nhuế 1 - Quận Bắc Từ Liêm - Hà Nội,"25, Ngõ 61 Phạm Tuấn Tài, Phường Cổ Nhuế 1, Quận Bắc Từ Liêm, Hà Nội",25,Ngõ 61 Phạm Tuấn Tài,P Cổ Nhuế 1,Quận Bắc Từ Liêm,Hà Nội,25,Ngõ 61 Phạm Tuấn Tài,Phường Cổ Nhuế 1,Quận Bắc Từ Liêm,Hà Nội,cu,nhe,viet_tat|dinh_dang_phan_cach,2,42,synthetic_from_verified_osm
N00311,29 - Phố Tạ Quang Bửu - Bách Khoa - Hai Bà Trưng - Hà Nội,"29, Phố Tạ Quang Bửu, Bách Khoa, Hai Bà Trưng, Hà Nội",29,Phố Tạ Quang Bửu,Bách Khoa,Hai Bà Trưng,Hà Nội,29,Phố Tạ Quang Bửu,Bách Khoa,Hai Bà Trưng,Hà Nội,cu,nhe,dinh_dang_phan_cach,1,42,synthetic_from_verified_osm
N00312,57 - Phố Đào Tấn - Ngọc Khánh - Quận Ba Đình - Ha Noi,"57, Phố Đào Tấn, Ngọc Khánh, Quận Ba Đình, Hà Nội",57,Phố Đào Tấn,Ngọc Khánh,Quận Ba Đình,Ha Noi,57,Phố Đào Tấn,Ngọc Khánh,Quận Ba Đình,Hà Nội,cu,vua,bo_dau|dinh_dang_phan_cach,2,42,synthetic_from_verified_osm
N00313,"158,Ngọc Hà,P. Ba Dinh,Thành phố Hà Nội","158, Ngọc Hà, Phường Ba Đình, Thành phố Hà Nội",158,Ngọc Hà,P. Ba Dinh,,Thành phố Hà Nội,158,Ngọc Hà,Phường Ba Đình,,Thành phố Hà Nội,moi,vua,viet_tat|bo_dau|dinh_dang_phan_cach,3,42,synthetic_from_verified_osm
N00314,"9,Đường Hữu Chấp,P. Kinh Bac,Bắc Ninh","9, Đường Hữu Chấp, Phường Kinh Bắc, Tỉnh Bắc Ninh",9,Đường Hữu Chấp,P. Kinh Bac,,Bắc Ninh,9,Đường Hữu Chấp,Phường Kinh Bắc,,Tỉnh Bắc Ninh,moi,vua,viet_tat|bo_dau|dinh_dang_phan_cach,3,42,synthetic_from_verified_osm
N00315,Đường Mộc Bà1 5; P.Hòa Khánh Nam; Đà Nẵng; Quận Liên Chiểu,"14, Đường Mộc Bài 5, Phường Hòa Khánh Nam, Quận Liên Chiểu, Đà Nẵng",,Đường Mộc Bà1 5,P.Hòa Khánh Nam,Quận Liên Chiểu,Đà Nẵng,14,Đường Mộc Bài 5,Phường Hòa Khánh Nam,Quận Liên Chiểu,Đà Nẵng,cu,nang,viet_tat|thieu_SoNha|loi_ocr_ky_tu|dao_thu_tu_hanh_chinh|dinh_dang_phan_cach,5,42,synthetic_from_verified_osm
N00316,"34,Pho Yen Man,P Kinh Bắc,Tỉnh Bắc Ninh","34, Phố Yên Mẫn, Phường Kinh Bắc, Tỉnh Bắc Ninh",34,Pho Yen Man,P Kinh Bắc,,Tỉnh Bắc Ninh,34,Phố Yên Mẫn,Phường Kinh Bắc,,Tỉnh Bắc Ninh,moi,vua,viet_tat|bo_dau|dinh_dang_phan_cach,3,42,synthetic_from_verified_osm
N00317,86; Phố Ngọc Khánh; P. G1ảng Võ; TP. Ha Noi,"86, Phố Ngọc Khánh, Phường Giảng Võ, Thành phố Hà Nội",86,Phố Ngọc Khánh,P. G1ảng Võ,,TP. Ha Noi,86,Phố Ngọc Khánh,Phường Giảng Võ,,Thành phố Hà Nội,moi,nang,viet_tat|bo_dau|loi_ocr_ky_tu|dao_thu_tu_hanh_chinh|dinh_dang_phan_cach,5,42,synthetic_from_verified_osm
N00318,167 - Trung Kính - Yên Hòa - Cầu Giấy - TP. Hà Nội,"167, Trung Kính, Yên Hòa, Cầu Giấy, Hà Nội",167,Trung Kính,Yên Hòa,Cầu Giấy,TP. Hà Nội,167,Trung Kính,Yên Hòa,Cầu Giấy,Hà Nội,cu,nhe,viet_tat|dinh_dang_phan_cach,2,42,synthetic_from_verified_osm
N00319,412; Đường Thân Nhân Trung; P.Việt Yên; T Bắc Ninh,"412, Đường Thân Nhân Trung, Phường Việt Yên, Tỉnh Bắc Ninh",412,Đường Thân Nhân Trung,P.Việt Yên,,T Bắc Ninh,412,Đường Thân Nhân Trung,Phường Việt Yên,,Tỉnh Bắc Ninh,moi,nhe,viet_tat|dinh_dang_phan_cach,2,42,synthetic_from_verified_osm
N00320,"16,Ho Cong du,Bích Động,Việt Yên,Bắc Giang","16, Hồ Công dự, Bích Động, Việt Yên, Bắc Giang",16,Ho Cong du,Bích Động,Việt Yên,Bắc Giang,16,Hồ Công dự,Bích Động,Việt Yên,Bắc Giang,cu,vua,bo_dau|dinh_dang_phan_cach,2,42,synthetic_from_verified_osm
N00321,7; Duong Le Hong Phong; P.Kinh Bắc; T. Bắc Ninh,"7, Đường Lê Hồng Phong, Phường Kinh Bắc, Tỉnh Bắc Ninh",7,Duong Le Hong Phong,P.Kinh Bắc,,T. Bắc Ninh,7,Đường Lê Hồng Phong,Phường Kinh Bắc,,Tỉnh Bắc Ninh,moi,nang,viet_tat|bo_dau|dinh_dang_phan_cach,3,42,synthetic_from_verified_osm
N00322,7 - Pho Chua Mot Cot - Ba Đình - Thành phố Hà Nội,"7, Phố Chùa Một Cột, Phường Ba Đình, Thành phố Hà Nội",7,Pho Chua Mot Cot,Ba Đình,,Thành phố Hà Nội,7,Phố Chùa Một Cột,Phường Ba Đình,,Thành phố Hà Nội,moi,vua,viet_tat|bo_dau|dinh_dang_phan_cach,3,42,synthetic_from_verified_osm
N00323,206 - Nguyễn Hữu Cảnh - Phường Thạnh Mỹ Tây - Thành phố Hồ Chí Minh,"206, Nguyễn Hữu Cảnh, Phường Thạnh Mỹ Tây, Thành phố Hồ Chí Minh",206,Nguyễn Hữu Cảnh,Phường Thạnh Mỹ Tây,,Thành phố Hồ Chí Minh,206,Nguyễn Hữu Cảnh,Phường Thạnh Mỹ Tây,,Thành phố Hồ Chí Minh,moi,nhe,dinh_dang_phan_cach,1,42,synthetic_from_verified_osm
N00324,"185,Ngõ Xã Đàn 2,Nam Đồng,Đống Đa,Hà Nội","185, Ngõ Xã Đàn 2, Nam Đồng, Đống Đa, Hà Nội",185,Ngõ Xã Đàn 2,Nam Đồng,Đống Đa,Hà Nội,185,Ngõ Xã Đàn 2,Nam Đồng,Đống Đa,Hà Nội,cu,nhe,dinh_dang_phan_cach,1,42,synthetic_from_verified_osm
N00325,"45,Đường Đức Thắng,Đức Thắng,Bắc Từ Liêm,Hà Nội","45, Đường Đức Thắng, Đức Thắng, Bắc Từ Liêm, Hà Nội",45,Đường Đức Thắng,Đức Thắng,Bắc Từ Liêm,Hà Nội,45,Đường Đức Thắng,Đức Thắng,Bắc Từ Liêm,Hà Nội,cu,nhe,dinh_dang_phan_cach,1,42,synthetic_from_verified_osm
N00326,110 - Đường Nguyễn Cao - Phường Kinh Bắc - Tỉnh Bắc Ninh,"110, Đường Nguyễn Cao, Phường Kinh Bắc, Tỉnh Bắc Ninh",110,Đường Nguyễn Cao,Phường Kinh Bắc,,Tỉnh Bắc Ninh,110,Đường Nguyễn Cao,Phường Kinh Bắc,,Tỉnh Bắc Ninh,moi,nhe,dinh_dang_phan_cach,1,42,synthetic_from_verified_osm
N00327,15; Phố Chu Văn An; P Ba Đình; HN,"15, Phố Chu Văn An, Phường Ba Đình, Thành phố Hà Nội",15,Phố Chu Văn An,P Ba Đình,,HN,15,Phố Chu Văn An,Phường Ba Đình,,Thành phố Hà Nội,moi,nhe,viet_tat|dinh_dang_phan_cach,2,42,synthetic_from_verified_osm
N00328,41; Đường Hoàng Sa; Tho Quang; Sơn Trà; Đà Nẵng,"41, Đường Hoàng Sa, Thọ Quang, Sơn Trà, Đà Nẵng",41,Đường Hoàng Sa,Tho Quang,Sơn Trà,Đà Nẵng,41,Đường Hoàng Sa,Thọ Quang,Sơn Trà,Đà Nẵng,cu,vua,bo_dau|dinh_dang_phan_cach,2,42,synthetic_from_verified_osm
N00329,"3B,Ngõ 4 Ô Cách,Đức Giang,Long Biên,Hà Nội","3B, Ngõ 4 Ô Cách, Đức Giang, Long Biên, Hà Nội",3B,Ngõ 4 Ô Cách,Đức Giang,Long Biên,Hà Nội,3B,Ngõ 4 Ô Cách,Đức Giang,Long Biên,Hà Nội,cu,nhe,dinh_dang_phan_cach,1,42,synthetic_from_verified_osm
N00330,342/16 - Tầm Vu - Hưng Lợi - Ninh Kiều - Cần Thơ,"342/16, Tầm Vu, Hưng Lợi, Ninh Kiều, Cần Thơ",342/16,Tầm Vu,Hưng Lợi,Ninh Kiều,Cần Thơ,342/16,Tầm Vu,Hưng Lợi,Ninh Kiều,Cần Thơ,cu,nhe,dinh_dang_phan_cach,1,42,synthetic_from_verified_osm
N00331,11; Phố Khúc Hạo; P Ba Đình; Thành phố Hà Nội,"11, Phố Khúc Hạo, Phường Ba Đình, Thành phố Hà Nội",11,Phố Khúc Hạo,P Ba Đình,,Thành phố Hà Nội,11,Phố Khúc Hạo,Phường Ba Đình,,Thành phố Hà Nội,moi,nhe,viet_tat|dinh_dang_phan_cach,2,42,synthetic_from_verified_osm
N00332,117; Đường Nguyễn Dữ; P.Khuê Trung; Q Cẩm Lệ; Đà Nẵng,"117, Đường Nguyễn Dữ, Phường Khuê Trung, Quận Cẩm Lệ, Đà Nẵng",117,Đường Nguyễn Dữ,P.Khuê Trung,Q Cẩm Lệ,Đà Nẵng,117,Đường Nguyễn Dữ,Phường Khuê Trung,Quận Cẩm Lệ,Đà Nẵng,cu,nhe,viet_tat|dinh_dang_phan_cach,2,42,synthetic_from_verified_osm
N00333,262a; Huỳnh Công Giản; P.Tân Ninh; Tỉnh Tây Ninh,"262a, Huỳnh Công Giản, Phường Tân Ninh, Tỉnh Tây Ninh",262a,Huỳnh Công Giản,P.Tân Ninh,,Tỉnh Tây Ninh,262a,Huỳnh Công Giản,Phường Tân Ninh,,Tỉnh Tây Ninh,moi,vua,viet_tat|dinh_dang_phan_cach,2,42,synthetic_from_verified_osm
N00334,16 - Phố Trần Bình Trọng - Phương Liễu - Tỉnh Bắc Ninh,"16, Phố Trần Bình Trọng, Phường Phương Liễu, Tỉnh Bắc Ninh",16,Phố Trần Bình Trọng,Phương Liễu,,Tỉnh Bắc Ninh,16,Phố Trần Bình Trọng,Phường Phương Liễu,,Tỉnh Bắc Ninh,moi,nhe,viet_tat|dinh_dang_phan_cach,2,42,synthetic_from_verified_osm
N00335,62 - Hàng Buồm - Phường Hoàn Kiếm - Thành phố Hà Nội,"62, Hàng Buồm, Phường Hoàn Kiếm, Thành phố Hà Nội",62,Hàng Buồm,Phường Hoàn Kiếm,,Thành phố Hà Nội,62,Hàng Buồm,Phường Hoàn Kiếm,,Thành phố Hà Nội,moi,vua,dinh_dang_phan_cach,1,42,synthetic_from_verified_osm
N00336,"A56,Đường Nội Khu 1,Tân Phú,TP. HCM","A56, Đường Nội Khu 1, Phường Tân Phú, Thành phố Hồ Chí Minh",A56,Đường Nội Khu 1,Tân Phú,,TP. HCM,A56,Đường Nội Khu 1,Phường Tân Phú,,Thành phố Hồ Chí Minh,moi,nhe,viet_tat|dinh_dang_phan_cach,2,42,synthetic_from_verified_osm
N00337,327 - Đường Nguyễn Quốc Ích - P.Võ Cường - Tỉnh Bắc Ninh,"327, Đường Nguyễn Quốc Ích, Phường Võ Cường, Tỉnh Bắc Ninh",327,Đường Nguyễn Quốc Ích,P.Võ Cường,,Tỉnh Bắc Ninh,327,Đường Nguyễn Quốc Ích,Phường Võ Cường,,Tỉnh Bắc Ninh,moi,nang,viet_tat|dinh_dang_phan_cach,2,42,synthetic_from_verified_osm
N00338,126; Đường Hoàng Quốc Việt; Phường Vũ Ninh; Tỉnh Bắc Ninh,"126, Đường Hoàng Quốc Việt, Phường Vũ Ninh, Tỉnh Bắc Ninh",126,Đường Hoàng Quốc Việt,Phường Vũ Ninh,,Tỉnh Bắc Ninh,126,Đường Hoàng Quốc Việt,Phường Vũ Ninh,,Tỉnh Bắc Ninh,moi,nhe,dinh_dang_phan_cach,1,42,synthetic_from_verified_osm
N00339,22; Pho Mai Hac De; Nguyễn Du; Hai Bà Trưng; Hà Nội,"22, Phố Mai Hắc Đế, Nguyễn Du, Hai Bà Trưng, Hà Nội",22,Pho Mai Hac De,Nguyễn Du,Hai Bà Trưng,Hà Nội,22,Phố Mai Hắc Đế,Nguyễn Du,Hai Bà Trưng,Hà Nội,cu,vua,bo_dau|dinh_dang_phan_cach,2,42,synthetic_from_verified_osm
N00340,"Đường Hữu Chấp,Kinh Bắc,T.Bắc N1nh","32, Đường Hữu Chấp, Phường Kinh Bắc, Tỉnh Bắc Ninh",,Đường Hữu Chấp,Kinh Bắc,,T.Bắc N1nh,32,Đường Hữu Chấp,Phường Kinh Bắc,,Tỉnh Bắc Ninh,moi,nang,viet_tat|thieu_SoNha|loi_ocr_ky_tu|dinh_dang_phan_cach,4,42,synthetic_from_verified_osm
N00341,"15,Ngõ 4 Ô Cách,Đức Giang,Long Bien,Hà Nội","15, Ngõ 4 Ô Cách, Đức Giang, Long Biên, Hà Nội",15,Ngõ 4 Ô Cách,Đức Giang,Long Bien,Hà Nội,15,Ngõ 4 Ô Cách,Đức Giang,Long Biên,Hà Nội,cu,vua,bo_dau|dinh_dang_phan_cach,2,42,synthetic_from_verified_osm
N00342,"28,Phố Yên Mẫn,Phuong Kinh Bac,Tỉnh Bắc Ninh","28, Phố Yên Mẫn, Phường Kinh Bắc, Tỉnh Bắc Ninh",28,Phố Yên Mẫn,Phuong Kinh Bac,,Tỉnh Bắc Ninh,28,Phố Yên Mẫn,Phường Kinh Bắc,,Tỉnh Bắc Ninh,moi,vua,bo_dau|dinh_dang_phan_cach,2,42,synthetic_from_verified_osm
N00343,"544,Duong Dam Van Tiet,Bắc N1nh","544, Đường Đàm Văn Tiết, Phường Nam Sơn, Tỉnh Bắc Ninh",544,Duong Dam Van Tiet,,,Bắc N1nh,544,Đường Đàm Văn Tiết,Phường Nam Sơn,,Tỉnh Bắc Ninh,moi,nang,viet_tat|bo_dau|thieu_PhuongXa|loi_ocr_ky_tu|dinh_dang_phan_cach,5,42,synthetic_from_verified_osm
N00344,284; Phố Lương Định Của; P.Phuong L1eu; Bắc Ninh,"284, Phố Lương Định Của, Phường Phương Liễu, Thị xã Quế Võ, Bắc Ninh",284,Phố Lương Định Của,P.Phuong L1eu,,Bắc Ninh,284,Phố Lương Định Của,Phường Phương Liễu,Thị xã Quế Võ,Bắc Ninh,cu,nang,viet_tat|bo_dau|thieu_QuanHuyen|loi_ocr_ky_tu|dinh_dang_phan_cach,5,42,synthetic_from_verified_osm
N00345,"42,Bành Văn Trân,P.Tân Sơn Nhất,Thành phố Hồ Chí Minh","42, Bành Văn Trân, Phường Tân Sơn Nhất, Thành phố Hồ Chí Minh",42,Bành Văn Trân,P.Tân Sơn Nhất,,Thành phố Hồ Chí Minh,42,Bành Văn Trân,Phường Tân Sơn Nhất,,Thành phố Hồ Chí Minh,moi,nhe,viet_tat|dinh_dang_phan_cach,2,42,synthetic_from_verified_osm
N00346,"4,Ngõ 133 Nguyễn Phong Sắc,P. Nghĩa Tân,Q Cầu Giấy,TP. Hà Nội","4, Ngõ 133 Nguyễn Phong Sắc, Phường Nghĩa Tân, Quận Cầu Giấy, Hà Nội",4,Ngõ 133 Nguyễn Phong Sắc,P. Nghĩa Tân,Q Cầu Giấy,TP. Hà Nội,4,Ngõ 133 Nguyễn Phong Sắc,Phường Nghĩa Tân,Quận Cầu Giấy,Hà Nội,cu,nhe,viet_tat|dinh_dang_phan_cach,2,42,synthetic_from_verified_osm
N00347,17; Duong Vua Ba; Phường Kinh Bắc; Tỉnh Bắc Ninh,"17, Đường Vua Bà, Phường Kinh Bắc, Tỉnh Bắc Ninh",17,Duong Vua Ba,Phường Kinh Bắc,,Tỉnh Bắc Ninh,17,Đường Vua Bà,Phường Kinh Bắc,,Tỉnh Bắc Ninh,moi,vua,bo_dau|dinh_dang_phan_cach,2,42,synthetic_from_verified_osm
N00348,"5,Ngõ 267 Phố Lương Định Của,P. Phương Liễu,Bắc Ninh","5, Ngõ 267 Phố Lương Định Của, Phường Phương Liễu, Tỉnh Bắc Ninh",5,Ngõ 267 Phố Lương Định Của,P. Phương Liễu,,Bắc Ninh,5,Ngõ 267 Phố Lương Định Của,Phường Phương Liễu,,Tỉnh Bắc Ninh,moi,nhe,viet_tat|dinh_dang_phan_cach,2,42,synthetic_from_verified_osm
N00349,104 - Đường Trần Hưng Đạo - Tỉnh Bắc N1nh,"104, Đường Trần Hưng Đạo, Phường Quế Võ, Tỉnh Bắc Ninh",104,Đường Trần Hưng Đạo,,,Tỉnh Bắc N1nh,104,Đường Trần Hưng Đạo,Phường Quế Võ,,Tỉnh Bắc Ninh,moi,nang,thieu_PhuongXa|loi_ocr_ky_tu|dinh_dang_phan_cach,3,42,synthetic_from_verified_osm
N00350,237; Đường Nguyễn Quốc Ích; Phường Võ Cường; Tỉnh Bắc Ninh,"237, Đường Nguyễn Quốc Ích, Phường Võ Cường, Tỉnh Bắc Ninh",237,Đường Nguyễn Quốc Ích,Phường Võ Cường,,Tỉnh Bắc Ninh,237,Đường Nguyễn Quốc Ích,Phường Võ Cường,,Tỉnh Bắc Ninh,moi,nhe,dinh_dang_phan_cach,1,42,synthetic_from_verified_osm
N00351,"9,Khu dân cư số 9,Xuân Khánh,Ninh Kieu,Cần Thơ","9, Khu dân cư số 9, Xuân Khánh, Ninh Kiều, Cần Thơ",9,Khu dân cư số 9,Xuân Khánh,Ninh Kieu,Cần Thơ,9,Khu dân cư số 9,Xuân Khánh,Ninh Kiều,Cần Thơ,cu,vua,bo_dau|dinh_dang_phan_cach,2,42,synthetic_from_verified_osm
N00352,"301,Đường Nguyễn Văn Cừ,P. Võ Cường,Bắc Ninh","301, Đường Nguyễn Văn Cừ, Phường Võ Cường, Tỉnh Bắc Ninh",301,Đường Nguyễn Văn Cừ,P. Võ Cường,,Bắc Ninh,301,Đường Nguyễn Văn Cừ,Phường Võ Cường,,Tỉnh Bắc Ninh,moi,nhe,viet_tat|dinh_dang_phan_cach,2,42,synthetic_from_verified_osm
N00353,"09,TT2 Đại Kim,Hoang Mai,Hà Nộ1","09, TT2 Đại Kim, Đại Kim, Hoàng Mai, Hà Nội",09,TT2 Đại Kim,,Hoang Mai,Hà Nộ1,09,TT2 Đại Kim,Đại Kim,Hoàng Mai,Hà Nội,cu,nang,bo_dau|thieu_PhuongXa|loi_ocr_ky_tu|dinh_dang_phan_cach,4,42,synthetic_from_verified_osm
N00354,"8,Du0ng Pham Hung,Cầu Giấy,HN","8, Đường Phạm Hùng, Mai Dịch, Cầu Giấy, Hà Nội",8,Du0ng Pham Hung,,Cầu Giấy,HN,8,Đường Phạm Hùng,Mai Dịch,Cầu Giấy,Hà Nội,cu,nang,viet_tat|bo_dau|thieu_PhuongXa|loi_ocr_ky_tu|dao_thu_tu_hanh_chinh|dinh_dang_phan_cach,6,42,synthetic_from_verified_osm
N00355,12; Pho Nguyen Xuan Chinh; Kinh Bắc; Tỉnh Bắc Ninh,"12, Phố Nguyễn Xuân Chính, Phường Kinh Bắc, Tỉnh Bắc Ninh",12,Pho Nguyen Xuan Chinh,Kinh Bắc,,Tỉnh Bắc Ninh,12,Phố Nguyễn Xuân Chính,Phường Kinh Bắc,,Tỉnh Bắc Ninh,moi,vua,viet_tat|bo_dau|dinh_dang_phan_cach,3,42,synthetic_from_verified_osm
N00356,08A - Phố Chả Cá - Phường Hoàn Kiếm - Thanh pho Ha Noi,"08A, Phố Chả Cá, Phường Hoàn Kiếm, Thành phố Hà Nội",08A,Phố Chả Cá,Phường Hoàn Kiếm,,Thanh pho Ha Noi,08A,Phố Chả Cá,Phường Hoàn Kiếm,,Thành phố Hà Nội,moi,vua,bo_dau|dinh_dang_phan_cach,2,42,synthetic_from_verified_osm
N00357,11A; Tiền Giang; Phường 2; Quận Tân Bình; Thành phố Hồ Chí Minh,"11A, Tiền Giang, Phường 2, Quận Tân Bình, Thành phố Hồ Chí Minh",11A,Tiền Giang,Phường 2,Quận Tân Bình,Thành phố Hồ Chí Minh,11A,Tiền Giang,Phường 2,Quận Tân Bình,Thành phố Hồ Chí Minh,cu,nhe,dinh_dang_phan_cach,1,42,synthetic_from_verified_osm
N00358,"SH07-01,San Hô 7,Đa Tốn,Gia Lâm,Hà Nội","SH07-01, San Hô 7, Đa Tốn, Gia Lâm, Hà Nội",SH07-01,San Hô 7,Đa Tốn,Gia Lâm,Hà Nội,SH07-01,San Hô 7,Đa Tốn,Gia Lâm,Hà Nội,cu,nhe,dinh_dang_phan_cach,1,42,synthetic_from_verified_osm
N00359,207 - Phố Lương Định Của - Phương Liễu - Tỉnh Bắc Ninh,"207, Phố Lương Định Của, Phường Phương Liễu, Tỉnh Bắc Ninh",207,Phố Lương Định Của,Phương Liễu,,Tỉnh Bắc Ninh,207,Phố Lương Định Của,Phường Phương Liễu,,Tỉnh Bắc Ninh,moi,nhe,viet_tat|dinh_dang_phan_cach,2,42,synthetic_from_verified_osm
N00360,"9,Phố Chùa Một Cột,P. Ba Đình,TP. Hà Nội","9, Phố Chùa Một Cột, Phường Ba Đình, Thành phố Hà Nội",9,Phố Chùa Một Cột,P. Ba Đình,,TP. Hà Nội,9,Phố Chùa Một Cột,Phường Ba Đình,,Thành phố Hà Nội,moi,vua,viet_tat|dinh_dang_phan_cach,2,42,synthetic_from_verified_osm
N00361,175 - Duong Co Nhue - Cổ Nhuế 2 - Bắc Từ Liêm - Hà Nội,"175, Đường Cổ Nhuế, Cổ Nhuế 2, Bắc Từ Liêm, Hà Nội",175,Duong Co Nhue,Cổ Nhuế 2,Bắc Từ Liêm,Hà Nội,175,Đường Cổ Nhuế,Cổ Nhuế 2,Bắc Từ Liêm,Hà Nội,cu,vua,bo_dau|dinh_dang_phan_cach,2,42,synthetic_from_verified_osm
N00362,86 - Đường Đàm Văn T1ết - Bắc Ninh,"86, Đường Đàm Văn Tiết, Phường Nam Sơn, Tỉnh Bắc Ninh",86,Đường Đàm Văn T1ết,,,Bắc Ninh,86,Đường Đàm Văn Tiết,Phường Nam Sơn,,Tỉnh Bắc Ninh,moi,nang,viet_tat|bo_dau|thieu_PhuongXa|loi_ocr_ky_tu|dinh_dang_phan_cach,5,42,synthetic_from_verified_osm
N00363,267; Phố Lương Định Của; Phường Phương Liễu; Tỉnh Bắc Ninh,"267, Phố Lương Định Của, Phường Phương Liễu, Tỉnh Bắc Ninh",267,Phố Lương Định Của,Phường Phương Liễu,,Tỉnh Bắc Ninh,267,Phố Lương Định Của,Phường Phương Liễu,,Tỉnh Bắc Ninh,moi,nhe,dinh_dang_phan_cach,1,42,synthetic_from_verified_osm
N00364,"NT11-24,Ngọc Trai 11,Hà Nội,Gia Lâm","NT11-24, Ngọc Trai 11, Đa Tốn, Gia Lâm, Hà Nội",NT11-24,Ngọc Trai 11,,Gia Lâm,Hà Nội,NT11-24,Ngọc Trai 11,Đa Tốn,Gia Lâm,Hà Nội,cu,nang,thieu_PhuongXa|dao_thu_tu_hanh_chinh|dinh_dang_phan_cach,3,42,synthetic_from_verified_osm
N00365,Phố Lê Hồng Phong - P.Ba Dinh - Thành phố Hà Nội,"83, Phố Lê Hồng Phong, Phường Ba Đình, Thành phố Hà Nội",,Phố Lê Hồng Phong,P.Ba Dinh,,Thành phố Hà Nội,83,Phố Lê Hồng Phong,Phường Ba Đình,,Thành phố Hà Nội,moi,nang,viet_tat|bo_dau|thieu_SoNha|dao_thu_tu_hanh_chinh|dinh_dang_phan_cach,5,42,synthetic_from_verified_osm
N00366,59 hẻm 61; Đề Thám; Tân An; Ninh Kiều; Cần Thơ,"59 hẻm 61, Đề Thám, Tân An, Ninh Kiều, Cần Thơ",59 hẻm 61,Đề Thám,Tân An,Ninh Kiều,Cần Thơ,59 hẻm 61,Đề Thám,Tân An,Ninh Kiều,Cần Thơ,cu,nhe,dinh_dang_phan_cach,1,42,synthetic_from_verified_osm
N00367,"507,Đường Hoàng Quốc Việt,P Vũ Ninh,Tinh Bac Ninh","507, Đường Hoàng Quốc Việt, Phường Vũ Ninh, Tỉnh Bắc Ninh",507,Đường Hoàng Quốc Việt,P Vũ Ninh,,Tinh Bac Ninh,507,Đường Hoàng Quốc Việt,Phường Vũ Ninh,,Tỉnh Bắc Ninh,moi,vua,viet_tat|bo_dau|dinh_dang_phan_cach,3,42,synthetic_from_verified_osm
N00368,41 - Phan Chu Trinh - Tân An - Ninh Kiều - Cần Thơ,"41, Phan Chu Trinh, Tân An, Ninh Kiều, Cần Thơ",41,Phan Chu Trinh,Tân An,Ninh Kiều,Cần Thơ,41,Phan Chu Trinh,Tân An,Ninh Kiều,Cần Thơ,cu,nhe,dinh_dang_phan_cach,1,42,synthetic_from_verified_osm
N00369,44 - Đường Số 19 - P. Tan Phu - Quận 7 - HCM,"44, Đường Số 19, Phường Tân Phú, Quận 7, Thành phố Hồ Chí Minh",44,Đường Số 19,P. Tan Phu,Quận 7,HCM,44,Đường Số 19,Phường Tân Phú,Quận 7,Thành phố Hồ Chí Minh,cu,vua,viet_tat|bo_dau|dinh_dang_phan_cach,3,42,synthetic_from_verified_osm
N00370,"85,Phố Lê Hồng Phong,Hà Nộ1","85, Phố Lê Hồng Phong, Phường Ba Đình, Thành phố Hà Nội",85,Phố Lê Hồng Phong,,,Hà Nộ1,85,Phố Lê Hồng Phong,Phường Ba Đình,,Thành phố Hà Nội,moi,nang,viet_tat|thieu_PhuongXa|loi_ocr_ky_tu|dinh_dang_phan_cach,4,42,synthetic_from_verified_osm
N00371,228A; Trần Hưng Đạo; An Phú; Ninh Kiều; Cần Thơ,"228A, Trần Hưng Đạo, An Phú, Ninh Kiều, Cần Thơ",228A,Trần Hưng Đạo,An Phú,Ninh Kiều,Cần Thơ,228A,Trần Hưng Đạo,An Phú,Ninh Kiều,Cần Thơ,cu,nhe,dinh_dang_phan_cach,1,42,synthetic_from_verified_osm
N00372,"NT02-76,Ngọc Trai 2,Đa Tốn,Gia Lâm,Hà Nội","NT02-76, Ngọc Trai 2, Đa Tốn, Gia Lâm, Hà Nội",NT02-76,Ngọc Trai 2,Đa Tốn,Gia Lâm,Hà Nội,NT02-76,Ngọc Trai 2,Đa Tốn,Gia Lâm,Hà Nội,cu,nhe,dinh_dang_phan_cach,1,42,synthetic_from_verified_osm
N00373,04 - Đường Mỹ Phú 1C - Phường Tân Phú - Quận 7 - Thành phố Hồ Chí Minh,"04, Đường Mỹ Phú 1C, Phường Tân Phú, Quận 7, Thành phố Hồ Chí Minh",04,Đường Mỹ Phú 1C,Phường Tân Phú,Quận 7,Thành phố Hồ Chí Minh,04,Đường Mỹ Phú 1C,Phường Tân Phú,Quận 7,Thành phố Hồ Chí Minh,cu,nhe,dinh_dang_phan_cach,1,42,synthetic_from_verified_osm
N00374,"Phố Phùng Hưng,Hoàn Kiếm,Thanh pho Ha No1","11C, Phố Phùng Hưng, Phường Hoàn Kiếm, Thành phố Hà Nội",,Phố Phùng Hưng,Hoàn Kiếm,,Thanh pho Ha No1,11C,Phố Phùng Hưng,Phường Hoàn Kiếm,,Thành phố Hà Nội,moi,nang,viet_tat|bo_dau|thieu_SoNha|loi_ocr_ky_tu|dao_thu_tu_hanh_chinh|dinh_dang_phan_cach,6,42,synthetic_from_verified_osm
N00375,169 - Phố Bà Triệu - Lê Đại Hành - Hai Bà Trưng - TP. Hà Nội,"169, Phố Bà Triệu, Lê Đại Hành, Hai Bà Trưng, Hà Nội",169,Phố Bà Triệu,Lê Đại Hành,Hai Bà Trưng,TP. Hà Nội,169,Phố Bà Triệu,Lê Đại Hành,Hai Bà Trưng,Hà Nội,cu,nhe,viet_tat|dinh_dang_phan_cach,2,42,synthetic_from_verified_osm
N00376,"37,Đường Lý Thái Tổ,P. Vo Cuong,T. Bắc Ninh","37, Đường Lý Thái Tổ, Phường Võ Cường, Tỉnh Bắc Ninh",37,Đường Lý Thái Tổ,P. Vo Cuong,,T. Bắc Ninh,37,Đường Lý Thái Tổ,Phường Võ Cường,,Tỉnh Bắc Ninh,moi,vua,viet_tat|bo_dau|dinh_dang_phan_cach,3,42,synthetic_from_verified_osm
N00377,2; Phố Ông Ích Khiêm; TP. Hà Nội,"2, Phố Ông Ích Khiêm, Phường Ba Đình, Thành phố Hà Nội",2,Phố Ông Ích Khiêm,,,TP. Hà Nội,2,Phố Ông Ích Khiêm,Phường Ba Đình,,Thành phố Hà Nội,moi,nang,viet_tat|bo_dau|thieu_PhuongXa|dinh_dang_phan_cach,4,42,synthetic_from_verified_osm
N00378,146; Đường Như Nguyệt; Phuong Vu Ninh; Tỉnh Bắc Ninh,"146, Đường Như Nguyệt, Phường Vũ Ninh, Tỉnh Bắc Ninh",146,Đường Như Nguyệt,Phuong Vu Ninh,,Tỉnh Bắc Ninh,146,Đường Như Nguyệt,Phường Vũ Ninh,,Tỉnh Bắc Ninh,moi,vua,bo_dau|dinh_dang_phan_cach,2,42,synthetic_from_verified_osm
N00379,126 - Đường Trần Hưng Đạo - P.Võ Cường - Tinh Bac Ninh,"126, Đường Trần Hưng Đạo, Phường Võ Cường, Tỉnh Bắc Ninh",126,Đường Trần Hưng Đạo,P.Võ Cường,,Tinh Bac Ninh,126,Đường Trần Hưng Đạo,Phường Võ Cường,,Tỉnh Bắc Ninh,moi,vua,viet_tat|bo_dau|dinh_dang_phan_cach,3,42,synthetic_from_verified_osm
N00380,23 - Ngo 282 Duong Khuong Dinh - Hạ Đình - Thanh Xuân - HN,"23, Ngõ 282 Đường Khương Đình, Hạ Đình, Thanh Xuân, Hà Nội",23,Ngo 282 Duong Khuong Dinh,Hạ Đình,Thanh Xuân,HN,23,Ngõ 282 Đường Khương Đình,Hạ Đình,Thanh Xuân,Hà Nội,cu,vua,viet_tat|bo_dau|dinh_dang_phan_cach,3,42,synthetic_from_verified_osm
N00381,"4,Ngách 238/29 Hoàng Quốc Việt,Cổ Nhuế 1,Quận Bắc Từ L1êm,Ha Noi","4, Ngách 238/29 Hoàng Quốc Việt, Phường Cổ Nhuế 1, Quận Bắc Từ Liêm, Hà Nội",4,Ngách 238/29 Hoàng Quốc Việt,Cổ Nhuế 1,Quận Bắc Từ L1êm,Ha Noi,4,Ngách 238/29 Hoàng Quốc Việt,Phường Cổ Nhuế 1,Quận Bắc Từ Liêm,Hà Nội,cu,nang,viet_tat|bo_dau|loi_ocr_ky_tu|dinh_dang_phan_cach,4,42,synthetic_from_verified_osm
N00382,435; Đường Nguyễn Văn Cừ; P. Võ Cường; Bắc Ninh,"435, Đường Nguyễn Văn Cừ, Phường Võ Cường, Tỉnh Bắc Ninh",435,Đường Nguyễn Văn Cừ,P. Võ Cường,,Bắc Ninh,435,Đường Nguyễn Văn Cừ,Phường Võ Cường,,Tỉnh Bắc Ninh,moi,nhe,viet_tat|dinh_dang_phan_cach,2,42,synthetic_from_verified_osm
N00383,35 - Duong So 18 - P.Tân Phú - Thành phố Hồ Chí Minh,"35, Đường Số 18, Phường Tân Phú, Thành phố Hồ Chí Minh",35,Duong So 18,P.Tân Phú,,Thành phố Hồ Chí Minh,35,Đường Số 18,Phường Tân Phú,,Thành phố Hồ Chí Minh,moi,vua,viet_tat|bo_dau|dinh_dang_phan_cach,3,42,synthetic_from_verified_osm
N00384,499; Đường Nguyễn Trãi; Thanh Xuân Nam; Thanh Xuân; Ha Noi,"499, Đường Nguyễn Trãi, Thanh Xuân Nam, Thanh Xuân, Hà Nội",499,Đường Nguyễn Trãi,Thanh Xuân Nam,Thanh Xuân,Ha Noi,499,Đường Nguyễn Trãi,Thanh Xuân Nam,Thanh Xuân,Hà Nội,cu,vua,bo_dau|dinh_dang_phan_cach,2,42,synthetic_from_verified_osm
N00385,2 - Nguyễn Công Trứ - Pham Dinh Ho - Hai Bà Trưng - Hà Nội,"2, Nguyễn Công Trứ, Phạm Đình Hổ, Hai Bà Trưng, Hà Nội",2,Nguyễn Công Trứ,Pham Dinh Ho,Hai Bà Trưng,Hà Nội,2,Nguyễn Công Trứ,Phạm Đình Hổ,Hai Bà Trưng,Hà Nội,cu,vua,bo_dau|dinh_dang_phan_cach,2,42,synthetic_from_verified_osm
N00386,"68,Phố Bùi Thị Xuân,Nguyễn Du,Hai Ba Trung,Hà Nội","68, Phố Bùi Thị Xuân, Nguyễn Du, Hai Bà Trưng, Hà Nội",68,Phố Bùi Thị Xuân,Nguyễn Du,Hai Ba Trung,Hà Nội,68,Phố Bùi Thị Xuân,Nguyễn Du,Hai Bà Trưng,Hà Nội,cu,vua,bo_dau|dinh_dang_phan_cach,2,42,synthetic_from_verified_osm
N00387,"223,Phố Lương Định Của,Tỉnh Bắc Ninh,Phường Phương Liễu","223, Phố Lương Định Của, Phường Phương Liễu, Tỉnh Bắc Ninh",223,Phố Lương Định Của,Phường Phương Liễu,,Tỉnh Bắc Ninh,223,Phố Lương Định Của,Phường Phương Liễu,,Tỉnh Bắc Ninh,moi,nang,dao_thu_tu_hanh_chinh|dinh_dang_phan_cach,2,42,synthetic_from_verified_osm
N00388,58; Phố Triệu Việt Vương; Nguyễn Du; Hai Bà Trưng; Hà Nội,"58, Phố Triệu Việt Vương, Nguyễn Du, Hai Bà Trưng, Hà Nội",58,Phố Triệu Việt Vương,Nguyễn Du,Hai Bà Trưng,Hà Nội,58,Phố Triệu Việt Vương,Nguyễn Du,Hai Bà Trưng,Hà Nội,cu,vua,dinh_dang_phan_cach,1,42,synthetic_from_verified_osm
N00389,02 - khu tập thể A9 - Bac Tu Liem - Đức Thắng - Hà Nội,"02, khu tập thể A9, Đức Thắng, Bắc Từ Liêm, Hà Nội",02,khu tập thể A9,Đức Thắng,Bac Tu Liem,Hà Nội,02,khu tập thể A9,Đức Thắng,Bắc Từ Liêm,Hà Nội,cu,nang,bo_dau|dao_thu_tu_hanh_chinh|dinh_dang_phan_cach,3,42,synthetic_from_verified_osm
N00390,"3,Duong Le Thanh Tong,Phường Gia Viên,Thành phố Hải Phòng","3, Đường Lê Thánh Tông, Phường Gia Viên, Thành phố Hải Phòng",3,Duong Le Thanh Tong,Phường Gia Viên,,Thành phố Hải Phòng,3,Đường Lê Thánh Tông,Phường Gia Viên,,Thành phố Hải Phòng,moi,vua,bo_dau|dinh_dang_phan_cach,2,42,synthetic_from_verified_osm
N00391,"99; 99/18/5/36 Đ. Thạnh Xuân 21, Thạnh Xuân, Quận 12, Thành phố Hồ Chí Minh 71514, Việt Nam; Thạnh Xuân; 12; Hồ Chí Minh","99, 99/18/5/36 Đ. Thạnh Xuân 21, Thạnh Xuân, Quận 12, Thành phố Hồ Chí Minh 71514, Việt Nam, Thạnh Xuân, 12, Hồ Chí Minh",99,"99/18/5/36 Đ. Thạnh Xuân 21, Thạnh Xuân, Quận 12, Thành phố Hồ Chí Minh 71514, Việt Nam",Thạnh Xuân,12,Hồ Chí Minh,99,"99/18/5/36 Đ. Thạnh Xuân 21, Thạnh Xuân, Quận 12, Thành phố Hồ Chí Minh 71514, Việt Nam",Thạnh Xuân,12,Hồ Chí Minh,cu,vua,dinh_dang_phan_cach,1,42,synthetic_from_verified_osm
N00392,1A; Pho Phung Chi Kien; HN,"1A, Phố Phùng Chí Kiên, Phường Nghĩa Đô, Thành phố Hà Nội",1A,Pho Phung Chi Kien,,,HN,1A,Phố Phùng Chí Kiên,Phường Nghĩa Đô,,Thành phố Hà Nội,moi,nang,viet_tat|bo_dau|thieu_PhuongXa|dinh_dang_phan_cach,4,42,synthetic_from_verified_osm
N00393,42; Đường Lê Văn Thịnh; P. Kinh Bắc; Tỉnh Bắc Ninh,"42, Đường Lê Văn Thịnh, Phường Kinh Bắc, Tỉnh Bắc Ninh",42,Đường Lê Văn Thịnh,P. Kinh Bắc,,Tỉnh Bắc Ninh,42,Đường Lê Văn Thịnh,Phường Kinh Bắc,,Tỉnh Bắc Ninh,moi,nhe,viet_tat|dinh_dang_phan_cach,2,42,synthetic_from_verified_osm
N00394,6 - Phố Phạm Ngọc Thạch - Kim Liên - Đống Đa - HN,"6, Phố Phạm Ngọc Thạch, Kim Liên, Đống Đa, Hà Nội",6,Phố Phạm Ngọc Thạch,Kim Liên,Đống Đa,HN,6,Phố Phạm Ngọc Thạch,Kim Liên,Đống Đa,Hà Nội,cu,vua,viet_tat|dinh_dang_phan_cach,2,42,synthetic_from_verified_osm
N00395,76; Phố Triệu Việt Vương; Nguyễn Du; Hai Bà Trưng; Hà Nội,"76, Phố Triệu Việt Vương, Nguyễn Du, Hai Bà Trưng, Hà Nội",76,Phố Triệu Việt Vương,Nguyễn Du,Hai Bà Trưng,Hà Nội,76,Phố Triệu Việt Vương,Nguyễn Du,Hai Bà Trưng,Hà Nội,cu,nhe,dinh_dang_phan_cach,1,42,synthetic_from_verified_osm
N00396,161; Đường Bà Chúa Kho; P.Vũ Ninh; Thành phố Bác Ninh; Bắc Ninh,"161, Đường Bà Chúa Kho, Phường Vũ Ninh, Thành phố Bác Ninh, Bắc Ninh",161,Đường Bà Chúa Kho,P.Vũ Ninh,Thành phố Bác Ninh,Bắc Ninh,161,Đường Bà Chúa Kho,Phường Vũ Ninh,Thành phố Bác Ninh,Bắc Ninh,cu,nhe,viet_tat|dinh_dang_phan_cach,2,42,synthetic_from_verified_osm
N00397,147 - Đường Hoàng Quốc Việt - P Nghĩa Đô - Quận Cầu Giấy - Hà Nội,"147, Đường Hoàng Quốc Việt, Phường Nghĩa Đô, Quận Cầu Giấy, Hà Nội",147,Đường Hoàng Quốc Việt,P Nghĩa Đô,Quận Cầu Giấy,Hà Nội,147,Đường Hoàng Quốc Việt,Phường Nghĩa Đô,Quận Cầu Giấy,Hà Nội,cu,vua,viet_tat|dinh_dang_phan_cach,2,42,synthetic_from_verified_osm
N00398,34; Đường Mỹ An 1; Phường Mỹ An; Quận Ngũ Hành Sơn; Đà Nẵng,"34, Đường Mỹ An 1, Phường Mỹ An, Quận Ngũ Hành Sơn, Đà Nẵng",34,Đường Mỹ An 1,Phường Mỹ An,Quận Ngũ Hành Sơn,Đà Nẵng,34,Đường Mỹ An 1,Phường Mỹ An,Quận Ngũ Hành Sơn,Đà Nẵng,cu,nhe,dinh_dang_phan_cach,1,42,synthetic_from_verified_osm
N00399,24 - Phố Ông Ích Khiêm - P Ba Dinh - Thành phố Hà Nội,"24, Phố Ông Ích Khiêm, Phường Ba Đình, Thành phố Hà Nội",24,Phố Ông Ích Khiêm,P Ba Dinh,,Thành phố Hà Nội,24,Phố Ông Ích Khiêm,Phường Ba Đình,,Thành phố Hà Nội,moi,vua,viet_tat|bo_dau|dinh_dang_phan_cach,3,42,synthetic_from_verified_osm
N00400,16; Phố Hàng Giấy; Phường Đồng Xuân; Quận Hoàn Kiếm; Hà Nội,"16, Phố Hàng Giấy, Phường Đồng Xuân, Quận Hoàn Kiếm, Hà Nội",16,Phố Hàng Giấy,Phường Đồng Xuân,Quận Hoàn Kiếm,Hà Nội,16,Phố Hàng Giấy,Phường Đồng Xuân,Quận Hoàn Kiếm,Hà Nội,cu,nhe,dinh_dang_phan_cach,1,42,synthetic_from_verified_osm
N00401,59 - Phố Hà Trung - Hàng Bông - Hoàn Kiếm - Hà Nội,"59, Phố Hà Trung, Hàng Bông, Hoàn Kiếm, Hà Nội",59,Phố Hà Trung,Hàng Bông,Hoàn Kiếm,Hà Nội,59,Phố Hà Trung,Hàng Bông,Hoàn Kiếm,Hà Nội,cu,nhe,dinh_dang_phan_cach,1,42,synthetic_from_verified_osm
N00402,240 - Đường Thiên Đức - Bắc Ninh - TP Bắc Ninh - Phuong Tien Ninh Ve,"240, Đường Thiên Đức, Phường Tiền Ninh Vệ, Thành phố Bắc Ninh, Bắc Ninh",240,Đường Thiên Đức,Phuong Tien Ninh Ve,TP Bắc Ninh,Bắc Ninh,240,Đường Thiên Đức,Phường Tiền Ninh Vệ,Thành phố Bắc Ninh,Bắc Ninh,cu,nang,viet_tat|bo_dau|dao_thu_tu_hanh_chinh|dinh_dang_phan_cach,4,42,synthetic_from_verified_osm
N00403,Lô D25; Ngõ 7 Tôn Thất Thuyết; Dịch Vọng Hậu; Ha Noi,"Lô D25, Ngõ 7 Tôn Thất Thuyết, Dịch Vọng Hậu, Cầu Giấy, Hà Nội",Lô D25,Ngõ 7 Tôn Thất Thuyết,Dịch Vọng Hậu,,Ha Noi,Lô D25,Ngõ 7 Tôn Thất Thuyết,Dịch Vọng Hậu,Cầu Giấy,Hà Nội,cu,nang,bo_dau|thieu_QuanHuyen|dao_thu_tu_hanh_chinh|dinh_dang_phan_cach,4,42,synthetic_from_verified_osm
N00404,11; Đường Nguyễn Đăng Đạo; P.Võ Cường; Bac Ninh,"11, Đường Nguyễn Đăng Đạo, Phường Võ Cường, Tỉnh Bắc Ninh",11,Đường Nguyễn Đăng Đạo,P.Võ Cường,,Bac Ninh,11,Đường Nguyễn Đăng Đạo,Phường Võ Cường,,Tỉnh Bắc Ninh,moi,vua,viet_tat|bo_dau|dinh_dang_phan_cach,3,42,synthetic_from_verified_osm
N00405,1346; Đường Nguyễn Trãi; P.Hạp Lĩnh; T Bac Ninh,"1346, Đường Nguyễn Trãi, Phường Hạp Lĩnh, Tỉnh Bắc Ninh",1346,Đường Nguyễn Trãi,P.Hạp Lĩnh,,T Bac Ninh,1346,Đường Nguyễn Trãi,Phường Hạp Lĩnh,,Tỉnh Bắc Ninh,moi,vua,viet_tat|bo_dau|dinh_dang_phan_cach,3,42,synthetic_from_verified_osm
N00406,59; Phố Trần Phú; Thành phố Hà Nội,"59, Phố Trần Phú, Phường Ba Đình, Thành phố Hà Nội",59,Phố Trần Phú,,,Thành phố Hà Nội,59,Phố Trần Phú,Phường Ba Đình,,Thành phố Hà Nội,moi,nang,thieu_PhuongXa|dinh_dang_phan_cach,2,42,synthetic_from_verified_osm
N00407,"Phố Bồ Sơn,Phường Võ Cường,Bắc Ninh","114, Phố Bồ Sơn, Phường Võ Cường, Tỉnh Bắc Ninh",,Phố Bồ Sơn,Phường Võ Cường,,Bắc Ninh,114,Phố Bồ Sơn,Phường Võ Cường,,Tỉnh Bắc Ninh,moi,nang,viet_tat|thieu_SoNha|dinh_dang_phan_cach,3,42,synthetic_from_verified_osm
N00408,"Trần Huy L1ệu,Phường Phú Nhuận,HCM","163, Trần Huy Liệu, Phường Phú Nhuận, Thành phố Hồ Chí Minh",,Trần Huy L1ệu,Phường Phú Nhuận,,HCM,163,Trần Huy Liệu,Phường Phú Nhuận,,Thành phố Hồ Chí Minh,moi,nang,viet_tat|thieu_SoNha|loi_ocr_ky_tu|dinh_dang_phan_cach,4,42,synthetic_from_verified_osm
N00409,86; Ngõ 87 Yên Nghĩa; Yên Nghĩa; Quận Hà Đông; Hà Nội,"86, Ngõ 87 Yên Nghĩa, Phường Yên Nghĩa, Quận Hà Đông, Hà Nội",86,Ngõ 87 Yên Nghĩa,Yên Nghĩa,Quận Hà Đông,Hà Nội,86,Ngõ 87 Yên Nghĩa,Phường Yên Nghĩa,Quận Hà Đông,Hà Nội,cu,nhe,viet_tat|dinh_dang_phan_cach,2,42,synthetic_from_verified_osm
N00410,100; Đường Cầu Tiên; Phường Võ Cường; Bắc Ninh,"100, Đường Cầu Tiên, Phường Võ Cường, Tỉnh Bắc Ninh",100,Đường Cầu Tiên,Phường Võ Cường,,Bắc Ninh,100,Đường Cầu Tiên,Phường Võ Cường,,Tỉnh Bắc Ninh,moi,nhe,viet_tat|dinh_dang_phan_cach,2,42,synthetic_from_verified_osm
N00411,"03,Đường Nội Khu 02,P Tân Phú,Quận 7,Thành phố Hồ Chí Minh","03, Đường Nội Khu 02, Phường Tân Phú, Quận 7, Thành phố Hồ Chí Minh",03,Đường Nội Khu 02,P Tân Phú,Quận 7,Thành phố Hồ Chí Minh,03,Đường Nội Khu 02,Phường Tân Phú,Quận 7,Thành phố Hồ Chí Minh,cu,nhe,viet_tat|dinh_dang_phan_cach,2,42,synthetic_from_verified_osm
N00412,"282,Đường Nguyễn G1a Thiều,Tinh Bac Ninh","282, Đường Nguyễn Gia Thiều, Phường Kinh Bắc, Tỉnh Bắc Ninh",282,Đường Nguyễn G1a Thiều,,,Tinh Bac Ninh,282,Đường Nguyễn Gia Thiều,Phường Kinh Bắc,,Tỉnh Bắc Ninh,moi,nang,viet_tat|bo_dau|thieu_PhuongXa|loi_ocr_ky_tu|dinh_dang_phan_cach,5,42,synthetic_from_verified_osm
N00413,49 - Đường Lê Phụng Hiểu - P.Kinh Bắc - Bắc Ninh,"49, Đường Lê Phụng Hiểu, Phường Kinh Bắc, Tỉnh Bắc Ninh",49,Đường Lê Phụng Hiểu,P.Kinh Bắc,,Bắc Ninh,49,Đường Lê Phụng Hiểu,Phường Kinh Bắc,,Tỉnh Bắc Ninh,moi,vua,viet_tat|dinh_dang_phan_cach,2,42,synthetic_from_verified_osm
N00414,148; Đường Khả Lễ; Phường Võ Cường; Tinh Bac Ninh,"148, Đường Khả Lễ, Phường Võ Cường, Tỉnh Bắc Ninh",148,Đường Khả Lễ,Phường Võ Cường,,Tinh Bac Ninh,148,Đường Khả Lễ,Phường Võ Cường,,Tỉnh Bắc Ninh,moi,vua,bo_dau|dinh_dang_phan_cach,2,42,synthetic_from_verified_osm
N00415,58 - Đường Long Biên 1 - Ngọc Lâm - Long Biên - Hà Nội,"58, Đường Long Biên 1, Ngọc Lâm, Long Biên, Hà Nội",58,Đường Long Biên 1,Ngọc Lâm,Long Biên,Hà Nội,58,Đường Long Biên 1,Ngọc Lâm,Long Biên,Hà Nội,cu,nhe,dinh_dang_phan_cach,1,42,synthetic_from_verified_osm
N00416,38 - Đường Thụy Khuê - Thụy Khuê - Tây Hồ - Hà Nội,"38, Đường Thụy Khuê, Thụy Khuê, Tây Hồ, Hà Nội",38,Đường Thụy Khuê,Thụy Khuê,Tây Hồ,Hà Nội,38,Đường Thụy Khuê,Thụy Khuê,Tây Hồ,Hà Nội,cu,vua,dinh_dang_phan_cach,1,42,synthetic_from_verified_osm
N00417,"30,Ngo 507 Duong Hoang Quoc Viet,Phường Vũ Ninh,Tỉnh Bắc Ninh","30, Ngõ 507 Đường Hoàng Quốc Việt, Phường Vũ Ninh, Tỉnh Bắc Ninh",30,Ngo 507 Duong Hoang Quoc Viet,Phường Vũ Ninh,,Tỉnh Bắc Ninh,30,Ngõ 507 Đường Hoàng Quốc Việt,Phường Vũ Ninh,,Tỉnh Bắc Ninh,moi,vua,bo_dau|dinh_dang_phan_cach,2,42,synthetic_from_verified_osm
N00418,569; Đường Hàn Thuyên; Tỉnh Bắc Ninh,"569, Đường Hàn Thuyên, Phường Võ Cường, Tỉnh Bắc Ninh",569,Đường Hàn Thuyên,,,Tỉnh Bắc Ninh,569,Đường Hàn Thuyên,Phường Võ Cường,,Tỉnh Bắc Ninh,moi,nang,viet_tat|thieu_PhuongXa|dinh_dang_phan_cach,3,42,synthetic_from_verified_osm
N00419,"34,Hẻm 3,Xuân Khánh,Ninh Kiều,Cần Thơ","34, Hẻm 3, Xuân Khánh, Ninh Kiều, Cần Thơ",34,Hẻm 3,Xuân Khánh,Ninh Kiều,Cần Thơ,34,Hẻm 3,Xuân Khánh,Ninh Kiều,Cần Thơ,cu,vua,dinh_dang_phan_cach,1,42,synthetic_from_verified_osm
N00420,"98,Đường Dương Ổ,Phường Võ Cường,Tỉnh Bắc Ninh","98, Đường Dương Ổ, Phường Võ Cường, Tỉnh Bắc Ninh",98,Đường Dương Ổ,Phường Võ Cường,,Tỉnh Bắc Ninh,98,Đường Dương Ổ,Phường Võ Cường,,Tỉnh Bắc Ninh,moi,nhe,dinh_dang_phan_cach,1,42,synthetic_from_verified_osm
N00421,116; Lương Định Của; Binh An; Quan 2; Hồ Chí Minh,"116, Lương Định Của, Binh An, Quan 2, Hồ Chí Minh",116,Lương Định Của,Binh An,Quan 2,Hồ Chí Minh,116,Lương Định Của,Binh An,Quan 2,Hồ Chí Minh,cu,vua,dinh_dang_phan_cach,1,42,synthetic_from_verified_osm
N00422,40 - Nguyễn Siêu - Phường Hoàn Kiếm - TP.HN,"40, Nguyễn Siêu, Phường Hoàn Kiếm, Thành phố Hà Nội",40,Nguyễn Siêu,Phường Hoàn Kiếm,,TP.HN,40,Nguyễn Siêu,Phường Hoàn Kiếm,,Thành phố Hà Nội,moi,nhe,viet_tat|dinh_dang_phan_cach,2,42,synthetic_from_verified_osm
N00423,17-19 - Đường Trần Lựu - Phường Vũ Ninh - Tinh Bac Ninh,"17-19, Đường Trần Lựu, Phường Vũ Ninh, Tỉnh Bắc Ninh",17-19,Đường Trần Lựu,Phường Vũ Ninh,,Tinh Bac Ninh,17-19,Đường Trần Lựu,Phường Vũ Ninh,,Tỉnh Bắc Ninh,moi,nang,bo_dau|dao_thu_tu_hanh_chinh|dinh_dang_phan_cach,3,42,synthetic_from_verified_osm
N00424,97 - Đường Giếng Ngọc - P Kinh Bắc - Tỉnh Bắc Ninh,"97, Đường Giếng Ngọc, Phường Kinh Bắc, Tỉnh Bắc Ninh",97,Đường Giếng Ngọc,P Kinh Bắc,,Tỉnh Bắc Ninh,97,Đường Giếng Ngọc,Phường Kinh Bắc,,Tỉnh Bắc Ninh,moi,nhe,viet_tat|dinh_dang_phan_cach,2,42,synthetic_from_verified_osm
N00425,666/44 - 3 tháng 2 - P 14 - 10 - TP. HCM,"666/44, 3 tháng 2, phường 14, 10, Thành phố Hồ Chí Minh",666/44,3 tháng 2,P 14,10,TP. HCM,666/44,3 tháng 2,phường 14,10,Thành phố Hồ Chí Minh,cu,vua,viet_tat|dinh_dang_phan_cach,2,42,synthetic_from_verified_osm
N00426,6 - Phố Hàng Giấy - Phường Đồng Xuân - Q. Hoàn Kiếm - Hà Nội,"6, Phố Hàng Giấy, Phường Đồng Xuân, Quận Hoàn Kiếm, Hà Nội",6,Phố Hàng Giấy,Phường Đồng Xuân,Q. Hoàn Kiếm,Hà Nội,6,Phố Hàng Giấy,Phường Đồng Xuân,Quận Hoàn Kiếm,Hà Nội,cu,nhe,viet_tat|dinh_dang_phan_cach,2,42,synthetic_from_verified_osm
N00427,50 - Pho Tue Tinh - Nguyễn Du - Hai Bà Trưng - Hà Nội,"50, Phố Tuệ Tĩnh, Nguyễn Du, Hai Bà Trưng, Hà Nội",50,Pho Tue Tinh,Nguyễn Du,Hai Bà Trưng,Hà Nội,50,Phố Tuệ Tĩnh,Nguyễn Du,Hai Bà Trưng,Hà Nội,cu,vua,bo_dau|dinh_dang_phan_cach,2,42,synthetic_from_verified_osm
N00428,"634,Đường Quang Trung,P Que Vo,Tỉnh Bắc Ninh","634, Đường Quang Trung, Phường Quế Võ, Tỉnh Bắc Ninh",634,Đường Quang Trung,P Que Vo,,Tỉnh Bắc Ninh,634,Đường Quang Trung,Phường Quế Võ,,Tỉnh Bắc Ninh,moi,vua,viet_tat|bo_dau|dinh_dang_phan_cach,3,42,synthetic_from_verified_osm
N00429,898 - Đường Quang Trung - Phường Phương Liễu - Tỉnh Bắc Ninh,"898, Đường Quang Trung, Phường Phương Liễu, Tỉnh Bắc Ninh",898,Đường Quang Trung,Phường Phương Liễu,,Tỉnh Bắc Ninh,898,Đường Quang Trung,Phường Phương Liễu,,Tỉnh Bắc Ninh,moi,nhe,dinh_dang_phan_cach,1,42,synthetic_from_verified_osm
N00430,233 - Duong Nguyen Gia Thieu - Kinh Bắc - T Bắc Ninh,"233, Đường Nguyễn Gia Thiều, Phường Kinh Bắc, Tỉnh Bắc Ninh",233,Duong Nguyen Gia Thieu,Kinh Bắc,,T Bắc Ninh,233,Đường Nguyễn Gia Thiều,Phường Kinh Bắc,,Tỉnh Bắc Ninh,moi,vua,viet_tat|bo_dau|dinh_dang_phan_cach,3,42,synthetic_from_verified_osm
N00431,88; Duong Duong O; Phường Võ Cường; Tỉnh Bắc Ninh,"88, Đường Dương Ổ, Phường Võ Cường, Tỉnh Bắc Ninh",88,Duong Duong O,Phường Võ Cường,,Tỉnh Bắc Ninh,88,Đường Dương Ổ,Phường Võ Cường,,Tỉnh Bắc Ninh,moi,vua,bo_dau|dinh_dang_phan_cach,2,42,synthetic_from_verified_osm
N00432,2 - Ngõ 33 Phạm Tuấn Tài - Phường Dịch Vọng Hậu - Quận Cầu Giấy - Hà Nội,"2, Ngõ 33 Phạm Tuấn Tài, Phường Dịch Vọng Hậu, Quận Cầu Giấy, Hà Nội",2,Ngõ 33 Phạm Tuấn Tài,Phường Dịch Vọng Hậu,Quận Cầu Giấy,Hà Nội,2,Ngõ 33 Phạm Tuấn Tài,Phường Dịch Vọng Hậu,Quận Cầu Giấy,Hà Nội,cu,nhe,dinh_dang_phan_cach,1,42,synthetic_from_verified_osm
N00433,173B; Đường Hoàng Quốc Việt; P. Vũ Ninh; T Bắc Ninh,"173B, Đường Hoàng Quốc Việt, Phường Vũ Ninh, Tỉnh Bắc Ninh",173B,Đường Hoàng Quốc Việt,P. Vũ Ninh,,T Bắc Ninh,173B,Đường Hoàng Quốc Việt,Phường Vũ Ninh,,Tỉnh Bắc Ninh,moi,nhe,viet_tat|dinh_dang_phan_cach,2,42,synthetic_from_verified_osm
N00434,"Xóm 19,Đường Cổ Nhuế,Cổ Nhuế,Bac Tu Liem,Hà Nội","Xóm 19, Đường Cổ Nhuế, Cổ Nhuế, Bắc Từ Liêm, Hà Nội",Xóm 19,Đường Cổ Nhuế,Cổ Nhuế,Bac Tu Liem,Hà Nội,Xóm 19,Đường Cổ Nhuế,Cổ Nhuế,Bắc Từ Liêm,Hà Nội,cu,vua,bo_dau|dinh_dang_phan_cach,2,42,synthetic_from_verified_osm
N00435,"38,Đường Thanh Sơn,Phường Đáp Cầu,Thành phố Bắc Ninh,Bac Ninh","38, Đường Thanh Sơn, Phường Đáp Cầu, Thành phố Bắc Ninh, Bắc Ninh",38,Đường Thanh Sơn,Phường Đáp Cầu,Thành phố Bắc Ninh,Bac Ninh,38,Đường Thanh Sơn,Phường Đáp Cầu,Thành phố Bắc Ninh,Bắc Ninh,cu,vua,bo_dau|dinh_dang_phan_cach,2,42,synthetic_from_verified_osm
N00436,"A50,Đường Nội Khu 2,P Tân Phú,Thành phố Hồ Chí Minh","A50, Đường Nội Khu 2, Phường Tân Phú, Thành phố Hồ Chí Minh",A50,Đường Nội Khu 2,P Tân Phú,,Thành phố Hồ Chí Minh,A50,Đường Nội Khu 2,Phường Tân Phú,,Thành phố Hồ Chí Minh,moi,nhe,viet_tat|dinh_dang_phan_cach,2,42,synthetic_from_verified_osm
N00437,180A - Ba Tháng Hai - Hau Nghia - Đức Hòa - Long An,"180A, Ba Tháng Hai, Hậu Nghĩa, Đức Hòa, Long An",180A,Ba Tháng Hai,Hau Nghia,Đức Hòa,Long An,180A,Ba Tháng Hai,Hậu Nghĩa,Đức Hòa,Long An,cu,vua,bo_dau|dinh_dang_phan_cach,2,42,synthetic_from_verified_osm
N00438,161 - Duong Ngo Gia Tu - Phường Vũ Ninh - T.Bắc Ninh,"161, Đường Ngô Gia Tự, Phường Vũ Ninh, Tỉnh Bắc Ninh",161,Duong Ngo Gia Tu,Phường Vũ Ninh,,T.Bắc Ninh,161,Đường Ngô Gia Tự,Phường Vũ Ninh,,Tỉnh Bắc Ninh,moi,vua,viet_tat|bo_dau|dinh_dang_phan_cach,3,42,synthetic_from_verified_osm
N00439,328; Phố Huế; Phố Huế; Hai Bà Trưng; Hà Nội,"328, Phố Huế, Phố Huế, Hai Bà Trưng, Hà Nội",328,Phố Huế,Phố Huế,Hai Bà Trưng,Hà Nội,328,Phố Huế,Phố Huế,Hai Bà Trưng,Hà Nội,cu,nhe,dinh_dang_phan_cach,1,42,synthetic_from_verified_osm
N00440,30 - Ngõ 133 Nguyễn Phong Sắc - P. Nghĩa Tân - Quan Cau Giay - TP. Hà Nội,"30, Ngõ 133 Nguyễn Phong Sắc, Phường Nghĩa Tân, Quận Cầu Giấy, Hà Nội",30,Ngõ 133 Nguyễn Phong Sắc,P. Nghĩa Tân,Quan Cau Giay,TP. Hà Nội,30,Ngõ 133 Nguyễn Phong Sắc,Phường Nghĩa Tân,Quận Cầu Giấy,Hà Nội,cu,vua,viet_tat|bo_dau|dinh_dang_phan_cach,3,42,synthetic_from_verified_osm
N00441,"242,Đường Trần Hưng Đạo,Tiền Ninh Vệ,Thành phố Bắc Ninh,Bắc Ninh","242, Đường Trần Hưng Đạo, Phường Tiền Ninh Vệ, Thành phố Bắc Ninh, Bắc Ninh",242,Đường Trần Hưng Đạo,Tiền Ninh Vệ,Thành phố Bắc Ninh,Bắc Ninh,242,Đường Trần Hưng Đạo,Phường Tiền Ninh Vệ,Thành phố Bắc Ninh,Bắc Ninh,cu,nhe,viet_tat|dinh_dang_phan_cach,2,42,synthetic_from_verified_osm
N00442,38 - Đường Kênh Nam - P. Hap Linh - Bắc Ninh,"38, Đường Kênh Nam, Phường Hạp Lĩnh, Tỉnh Bắc Ninh",38,Đường Kênh Nam,P. Hap Linh,,Bắc Ninh,38,Đường Kênh Nam,Phường Hạp Lĩnh,,Tỉnh Bắc Ninh,moi,vua,viet_tat|bo_dau|dinh_dang_phan_cach,3,42,synthetic_from_verified_osm
N00443,Đường Dương Ổ - Võ Cường - Tinh Bac Ninh,"44, Đường Dương Ổ, Phường Võ Cường, Tỉnh Bắc Ninh",,Đường Dương Ổ,Võ Cường,,Tinh Bac Ninh,44,Đường Dương Ổ,Phường Võ Cường,,Tỉnh Bắc Ninh,moi,nang,viet_tat|bo_dau|thieu_SoNha|dao_thu_tu_hanh_chinh|dinh_dang_phan_cach,5,42,synthetic_from_verified_osm
N00444,9 - Ngach 3/11 Pham Tuan Tai - Phường Dịch Vọng Hậu - Quận Cầu Giấy - Hà Nội,"9, Ngách 3/11 Phạm Tuấn Tài, Phường Dịch Vọng Hậu, Quận Cầu Giấy, Hà Nội",9,Ngach 3/11 Pham Tuan Tai,Phường Dịch Vọng Hậu,Quận Cầu Giấy,Hà Nội,9,Ngách 3/11 Phạm Tuấn Tài,Phường Dịch Vọng Hậu,Quận Cầu Giấy,Hà Nội,cu,vua,bo_dau|dinh_dang_phan_cach,2,42,synthetic_from_verified_osm
N00445,"79,Phố Triệu Việt Vương,Nguyễn Du,Hai Bà Trưng,Hà Nội","79, Phố Triệu Việt Vương, Nguyễn Du, Hai Bà Trưng, Hà Nội",79,Phố Triệu Việt Vương,Nguyễn Du,Hai Bà Trưng,Hà Nội,79,Phố Triệu Việt Vương,Nguyễn Du,Hai Bà Trưng,Hà Nội,cu,nhe,dinh_dang_phan_cach,1,42,synthetic_from_verified_osm
N00446,50 - Đường Giếng Ngọc - Kinh Bắc - Tỉnh Bắc Ninh,"50, Đường Giếng Ngọc, Phường Kinh Bắc, Tỉnh Bắc Ninh",50,Đường Giếng Ngọc,Kinh Bắc,,Tỉnh Bắc Ninh,50,Đường Giếng Ngọc,Phường Kinh Bắc,,Tỉnh Bắc Ninh,moi,nhe,viet_tat|dinh_dang_phan_cach,2,42,synthetic_from_verified_osm
N00447,1350; Đường Nguyễn Trãi; P Hạp Lĩnh; Tỉnh Bắc Ninh,"1350, Đường Nguyễn Trãi, Phường Hạp Lĩnh, Tỉnh Bắc Ninh",1350,Đường Nguyễn Trãi,P Hạp Lĩnh,,Tỉnh Bắc Ninh,1350,Đường Nguyễn Trãi,Phường Hạp Lĩnh,,Tỉnh Bắc Ninh,moi,nang,viet_tat|dao_thu_tu_hanh_chinh|dinh_dang_phan_cach,3,42,synthetic_from_verified_osm
N00448,181 - Duong Nguyen Duy Tr1nh - Tỉnh Bắc Ninh,"181, Đường Nguyễn Duy Trinh, Phường Phương Liễu, Tỉnh Bắc Ninh",181,Duong Nguyen Duy Tr1nh,,,Tỉnh Bắc Ninh,181,Đường Nguyễn Duy Trinh,Phường Phương Liễu,,Tỉnh Bắc Ninh,moi,nang,bo_dau|thieu_PhuongXa|loi_ocr_ky_tu|dinh_dang_phan_cach,4,42,synthetic_from_verified_osm
N00449,2; Phố Lê Trực; P Ba Dinh; Thành phố Hà Nội,"2, Phố Lê Trực, Phường Ba Đình, Thành phố Hà Nội",2,Phố Lê Trực,P Ba Dinh,,Thành phố Hà Nội,2,Phố Lê Trực,Phường Ba Đình,,Thành phố Hà Nội,moi,vua,viet_tat|bo_dau|dinh_dang_phan_cach,3,42,synthetic_from_verified_osm
N00450,435; Đường Quang Trung; P.Nhân Hòa; Tỉnh Bắc Ninh,"435, Đường Quang Trung, Phường Nhân Hòa, Tỉnh Bắc Ninh",435,Đường Quang Trung,P.Nhân Hòa,,Tỉnh Bắc Ninh,435,Đường Quang Trung,Phường Nhân Hòa,,Tỉnh Bắc Ninh,moi,nhe,viet_tat|dinh_dang_phan_cach,2,42,synthetic_from_verified_osm
N00451,77; Phố Đồng Cẩm; Phường Đồng Nguyên; T Bắc Ninh,"77, Phố Đồng Cẩm, Phường Đồng Nguyên, Tỉnh Bắc Ninh",77,Phố Đồng Cẩm,Phường Đồng Nguyên,,T Bắc Ninh,77,Phố Đồng Cẩm,Phường Đồng Nguyên,,Tỉnh Bắc Ninh,moi,vua,viet_tat|dinh_dang_phan_cach,2,42,synthetic_from_verified_osm
N00452,16 - Đường Nội Khu 04 - P.Tan Phu - TP.HCM,"16, Đường Nội Khu 04, Phường Tân Phú, Thành phố Hồ Chí Minh",16,Đường Nội Khu 04,P.Tan Phu,,TP.HCM,16,Đường Nội Khu 04,Phường Tân Phú,,Thành phố Hồ Chí Minh,moi,nang,viet_tat|bo_dau|dinh_dang_phan_cach,3,42,synthetic_from_verified_osm
N00453,13; Phan Văn Trị; Cho Quan; Thành phố Hồ Chí Minh,"13, Phan Văn Trị, Phường Chợ Quán, Thành phố Hồ Chí Minh",13,Phan Văn Trị,Cho Quan,,Thành phố Hồ Chí Minh,13,Phan Văn Trị,Phường Chợ Quán,,Thành phố Hồ Chí Minh,moi,vua,viet_tat|bo_dau|dinh_dang_phan_cach,3,42,synthetic_from_verified_osm
N00454,1; Ngõ 2 Đặng Thùy Trâm; P. Cổ Nhuế 1; Q. Bắc Từ Liêm; Hà Nội,"1, Ngõ 2 Đặng Thùy Trâm, Phường Cổ Nhuế 1, Quận Bắc Từ Liêm, Hà Nội",1,Ngõ 2 Đặng Thùy Trâm,P. Cổ Nhuế 1,Q. Bắc Từ Liêm,Hà Nội,1,Ngõ 2 Đặng Thùy Trâm,Phường Cổ Nhuế 1,Quận Bắc Từ Liêm,Hà Nội,cu,vua,viet_tat|dinh_dang_phan_cach,2,42,synthetic_from_verified_osm
N00455,33 - Phố Giang Liễu 2 - P Phương Liễu - T.Bắc Ninh,"33, Phố Giang Liễu 2, Phường Phương Liễu, Tỉnh Bắc Ninh",33,Phố Giang Liễu 2,P Phương Liễu,,T.Bắc Ninh,33,Phố Giang Liễu 2,Phường Phương Liễu,,Tỉnh Bắc Ninh,moi,nhe,viet_tat|dinh_dang_phan_cach,2,42,synthetic_from_verified_osm
N00456,22 - Phố Ông Ích Khiêm - Phường Ba Đình - Thành phố Hà Nội,"22, Phố Ông Ích Khiêm, Phường Ba Đình, Thành phố Hà Nội",22,Phố Ông Ích Khiêm,Phường Ba Đình,,Thành phố Hà Nội,22,Phố Ông Ích Khiêm,Phường Ba Đình,,Thành phố Hà Nội,moi,nhe,dinh_dang_phan_cach,1,42,synthetic_from_verified_osm
N00457,"18,Đường Nội Khu 02,Phường Tân Phú,Quan 7,Thành phố Hồ Chí Minh","18, Đường Nội Khu 02, Phường Tân Phú, Quận 7, Thành phố Hồ Chí Minh",18,Đường Nội Khu 02,Phường Tân Phú,Quan 7,Thành phố Hồ Chí Minh,18,Đường Nội Khu 02,Phường Tân Phú,Quận 7,Thành phố Hồ Chí Minh,cu,vua,bo_dau|dinh_dang_phan_cach,2,42,synthetic_from_verified_osm
N00458,845 - Hương lộ 2 - Binh Tri Dong A - Bình Tân - HCM,"845, Hương lộ 2, Bình Trị Đông A, Bình Tân, Hồ Chí Minh",845,Hương lộ 2,Binh Tri Dong A,Bình Tân,HCM,845,Hương lộ 2,Bình Trị Đông A,Bình Tân,Hồ Chí Minh,cu,vua,viet_tat|bo_dau|dinh_dang_phan_cach,3,42,synthetic_from_verified_osm
N00459,Ngõ 144 - Quan Nhân - Nhân Chính - Thanh Xuân - HN,"Ngõ 144, Quan Nhân, Nhân Chính, Thanh Xuân, Hà Nội",Ngõ 144,Quan Nhân,Nhân Chính,Thanh Xuân,HN,Ngõ 144,Quan Nhân,Nhân Chính,Thanh Xuân,Hà Nội,cu,vua,viet_tat|dinh_dang_phan_cach,2,42,synthetic_from_verified_osm
N00460,3 - Đường Bình Than - P.Võ Cường - Tỉnh Bắc Ninh,"3, Đường Bình Than, Phường Võ Cường, Tỉnh Bắc Ninh",3,Đường Bình Than,P.Võ Cường,,Tỉnh Bắc Ninh,3,Đường Bình Than,Phường Võ Cường,,Tỉnh Bắc Ninh,moi,nhe,viet_tat|dinh_dang_phan_cach,2,42,synthetic_from_verified_osm
N00461,11; Phố Chùa Một Cột; Thanh pho Ha Noi; Phường Ba Đình,"11, Phố Chùa Một Cột, Phường Ba Đình, Thành phố Hà Nội",11,Phố Chùa Một Cột,Phường Ba Đình,,Thanh pho Ha Noi,11,Phố Chùa Một Cột,Phường Ba Đình,,Thành phố Hà Nội,moi,nang,bo_dau|dao_thu_tu_hanh_chinh|dinh_dang_phan_cach,3,42,synthetic_from_verified_osm
N00462,109; Đường Trần Hưng Đạo; Phường Đại Phúc; Thành phố Bắc Ninh; Bắc Ninh,"109, Đường Trần Hưng Đạo, Phường Đại Phúc, Thành phố Bắc Ninh, Bắc Ninh",109,Đường Trần Hưng Đạo,Phường Đại Phúc,Thành phố Bắc Ninh,Bắc Ninh,109,Đường Trần Hưng Đạo,Phường Đại Phúc,Thành phố Bắc Ninh,Bắc Ninh,cu,nhe,dinh_dang_phan_cach,1,42,synthetic_from_verified_osm
N00463,"47,Ngõ 46 Vũ Xuân Thiều,Sai Dong,Long Biên,TP.HN","47, Ngõ 46 Vũ Xuân Thiều, Sài Đồng, Long Biên, Hà Nội",47,Ngõ 46 Vũ Xuân Thiều,Sai Dong,Long Biên,TP.HN,47,Ngõ 46 Vũ Xuân Thiều,Sài Đồng,Long Biên,Hà Nội,cu,vua,viet_tat|bo_dau|dinh_dang_phan_cach,3,42,synthetic_from_verified_osm
N00464,89; Đường Ngô Gia Tự; P. Vũ Ninh; Tỉnh Bắc Ninh,"89, Đường Ngô Gia Tự, Phường Vũ Ninh, Tỉnh Bắc Ninh",89,Đường Ngô Gia Tự,P. Vũ Ninh,,Tỉnh Bắc Ninh,89,Đường Ngô Gia Tự,Phường Vũ Ninh,,Tỉnh Bắc Ninh,moi,vua,viet_tat|dinh_dang_phan_cach,2,42,synthetic_from_verified_osm
N00465,Hẻm 640/20/12 Nguyễn Văn Cừ - Gia Thuy - Long Biên - Hà Nội,"sn 18, tổ 13, Hẻm 640/20/12 Nguyễn Văn Cừ, Gia Thụy, Long Biên, Hà Nội",,Hẻm 640/20/12 Nguyễn Văn Cừ,Gia Thuy,Long Biên,Hà Nội,"sn 18, tổ 13",Hẻm 640/20/12 Nguyễn Văn Cừ,Gia Thụy,Long Biên,Hà Nội,cu,nang,bo_dau|thieu_SoNha|dinh_dang_phan_cach,3,42,synthetic_from_verified_osm
N00466,11 - Đường Mỹ Phú 1C - P Tân Phú - Quận 7 - Thành phố Hồ Chí Minh,"11, Đường Mỹ Phú 1C, Phường Tân Phú, Quận 7, Thành phố Hồ Chí Minh",11,Đường Mỹ Phú 1C,P Tân Phú,Quận 7,Thành phố Hồ Chí Minh,11,Đường Mỹ Phú 1C,Phường Tân Phú,Quận 7,Thành phố Hồ Chí Minh,cu,vua,viet_tat|dinh_dang_phan_cach,2,42,synthetic_from_verified_osm
N00467,Đường Quang Trung; Phuong Pho Moi; Bắc Ninh; Thị xã Quế Võ,"910, Đường Quang Trung, Phường Phố Mới, Thị xã Quế Võ, Bắc Ninh",,Đường Quang Trung,Phuong Pho Moi,Thị xã Quế Võ,Bắc Ninh,910,Đường Quang Trung,Phường Phố Mới,Thị xã Quế Võ,Bắc Ninh,cu,nang,bo_dau|thieu_SoNha|dao_thu_tu_hanh_chinh|dinh_dang_phan_cach,4,42,synthetic_from_verified_osm
N00468,Phố Xã Đàn; Nam Đồng; Hà Nội; Đống Đa,"215, Phố Xã Đàn, Nam Đồng, Đống Đa, Hà Nội",,Phố Xã Đàn,Nam Đồng,Đống Đa,Hà Nội,215,Phố Xã Đàn,Nam Đồng,Đống Đa,Hà Nội,cu,nang,thieu_SoNha|dao_thu_tu_hanh_chinh|dinh_dang_phan_cach,3,42,synthetic_from_verified_osm
N00469,"84,Đường Đấu Mã,Phường Thị Cầu,TP Bắc Ninh,Bắc Ninh","84, Đường Đấu Mã, Phường Thị Cầu, Thành phố Bắc Ninh, Bắc Ninh",84,Đường Đấu Mã,Phường Thị Cầu,TP Bắc Ninh,Bắc Ninh,84,Đường Đấu Mã,Phường Thị Cầu,Thành phố Bắc Ninh,Bắc Ninh,cu,nhe,viet_tat|dinh_dang_phan_cach,2,42,synthetic_from_verified_osm
N00470,"245,Đường Hoàng Quốc Việt,P. Thị Cầu,Thành phố Bắc Ninh,Bắc Ninh","245, Đường Hoàng Quốc Việt, Phường Thị Cầu, Thành phố Bắc Ninh, Bắc Ninh",245,Đường Hoàng Quốc Việt,P. Thị Cầu,Thành phố Bắc Ninh,Bắc Ninh,245,Đường Hoàng Quốc Việt,Phường Thị Cầu,Thành phố Bắc Ninh,Bắc Ninh,cu,vua,viet_tat|dinh_dang_phan_cach,2,42,synthetic_from_verified_osm
N00471,Đường Đàm Văn Tiết - Nam Sơn - Tinh Bac N1nh,"370, Đường Đàm Văn Tiết, Phường Nam Sơn, Tỉnh Bắc Ninh",,Đường Đàm Văn Tiết,Nam Sơn,,Tinh Bac N1nh,370,Đường Đàm Văn Tiết,Phường Nam Sơn,,Tỉnh Bắc Ninh,moi,nang,viet_tat|bo_dau|thieu_SoNha|loi_ocr_ky_tu|dao_thu_tu_hanh_chinh|dinh_dang_phan_cach,6,42,synthetic_from_verified_osm
N00472,"14,Đường D7,An Khánh,Thanh pho Thu Duc,Thành phố Hồ Chí Minh","14, Đường D7, An Khánh, Thành phố Thủ Đức, Thành phố Hồ Chí Minh",14,Đường D7,An Khánh,Thanh pho Thu Duc,Thành phố Hồ Chí Minh,14,Đường D7,An Khánh,Thành phố Thủ Đức,Thành phố Hồ Chí Minh,cu,vua,bo_dau|dinh_dang_phan_cach,2,42,synthetic_from_verified_osm
N00473,"NT20-18,Ngọc Trai 20,Đa Tốn,Gia Lâm,Hà Nội","NT20-18, Ngọc Trai 20, Đa Tốn, Gia Lâm, Hà Nội",NT20-18,Ngọc Trai 20,Đa Tốn,Gia Lâm,Hà Nội,NT20-18,Ngọc Trai 20,Đa Tốn,Gia Lâm,Hà Nội,cu,nhe,dinh_dang_phan_cach,1,42,synthetic_from_verified_osm
N00474,53 - Phố Văn Miếu - Văn Miếu - Đống Đa - Hà Nội,"53, Phố Văn Miếu, Văn Miếu, Đống Đa, Hà Nội",53,Phố Văn Miếu,Văn Miếu,Đống Đa,Hà Nội,53,Phố Văn Miếu,Văn Miếu,Đống Đa,Hà Nội,cu,nhe,dinh_dang_phan_cach,1,42,synthetic_from_verified_osm
N00475,"23,Ngõ 28 Ông Ích Khiêm,P. Ba Đình,Thành phố Hà Nội","23, Ngõ 28 Ông Ích Khiêm, Phường Ba Đình, Thành phố Hà Nội",23,Ngõ 28 Ông Ích Khiêm,P. Ba Đình,,Thành phố Hà Nội,23,Ngõ 28 Ông Ích Khiêm,Phường Ba Đình,,Thành phố Hà Nội,moi,nhe,viet_tat|dinh_dang_phan_cach,2,42,synthetic_from_verified_osm
N00476,6 - Đường Phúc Sơn - P Vũ Ninh - Bắc Ninh,"6, Đường Phúc Sơn, Phường Vũ Ninh, Tỉnh Bắc Ninh",6,Đường Phúc Sơn,P Vũ Ninh,,Bắc Ninh,6,Đường Phúc Sơn,Phường Vũ Ninh,,Tỉnh Bắc Ninh,moi,nhe,viet_tat|dinh_dang_phan_cach,2,42,synthetic_from_verified_osm
N00477,652; Đường Đàm Văn Tiết; P. Nam Sơn; Tinh Bac Ninh,"652, Đường Đàm Văn Tiết, Phường Nam Sơn, Tỉnh Bắc Ninh",652,Đường Đàm Văn Tiết,P. Nam Sơn,,Tinh Bac Ninh,652,Đường Đàm Văn Tiết,Phường Nam Sơn,,Tỉnh Bắc Ninh,moi,vua,viet_tat|bo_dau|dinh_dang_phan_cach,3,42,synthetic_from_verified_osm
N00478,"B5-23,đường số 4,KDT Ngọc Bảo Viên,Chánh Lộ,Quảng Ngãi","B5-23, đường số 4, KDT Ngọc Bảo Viên, Chánh Lộ, Quảng Ngãi",B5-23,đường số 4,KDT Ngọc Bảo Viên,Chánh Lộ,Quảng Ngãi,B5-23,đường số 4,KDT Ngọc Bảo Viên,Chánh Lộ,Quảng Ngãi,cu,nhe,dinh_dang_phan_cach,1,42,synthetic_from_verified_osm
N00479,NT16-25; Ngoc Trai 16; Đa Tốn; Gia Lâm; Hà Nội,"NT16-25, Ngọc Trai 16, Đa Tốn, Gia Lâm, Hà Nội",NT16-25,Ngoc Trai 16,Đa Tốn,Gia Lâm,Hà Nội,NT16-25,Ngọc Trai 16,Đa Tốn,Gia Lâm,Hà Nội,cu,vua,bo_dau|dinh_dang_phan_cach,2,42,synthetic_from_verified_osm
N00480,59 - Phố Bạch Thái Bưởi - P. Quế Võ - Tinh Bac Ninh,"59, Phố Bạch Thái Bưởi, Phường Quế Võ, Tỉnh Bắc Ninh",59,Phố Bạch Thái Bưởi,P. Quế Võ,,Tinh Bac Ninh,59,Phố Bạch Thái Bưởi,Phường Quế Võ,,Tỉnh Bắc Ninh,moi,nang,viet_tat|bo_dau|dinh_dang_phan_cach,3,42,synthetic_from_verified_osm
N00481,15; Đường Nguyên Phi Ỷ Lan; Phường Từ Sơn; Tỉnh Bắc Ninh,"15, Đường Nguyên Phi Ỷ Lan, Phường Từ Sơn, Tỉnh Bắc Ninh",15,Đường Nguyên Phi Ỷ Lan,Phường Từ Sơn,,Tỉnh Bắc Ninh,15,Đường Nguyên Phi Ỷ Lan,Phường Từ Sơn,,Tỉnh Bắc Ninh,moi,nhe,dinh_dang_phan_cach,1,42,synthetic_from_verified_osm
N00482,99 - Phố Trang Liệt 1 - Phường Đồng Nguyên - Tỉnh Bắc N1nh,"99, Phố Trang Liệt 1, Phường Đồng Nguyên, Tỉnh Bắc Ninh",99,Phố Trang Liệt 1,Phường Đồng Nguyên,,Tỉnh Bắc N1nh,99,Phố Trang Liệt 1,Phường Đồng Nguyên,,Tỉnh Bắc Ninh,moi,nang,loi_ocr_ky_tu|dinh_dang_phan_cach,2,42,synthetic_from_verified_osm
N00483,"34,Phố Phạm Bá Thiều,P.Phố Mới,TX Que Vo,Bắc Ninh","34, Phố Phạm Bá Thiều, Phường Phố Mới, Thị xã Quế Võ, Bắc Ninh",34,Phố Phạm Bá Thiều,P.Phố Mới,TX Que Vo,Bắc Ninh,34,Phố Phạm Bá Thiều,Phường Phố Mới,Thị xã Quế Võ,Bắc Ninh,cu,vua,viet_tat|bo_dau|dinh_dang_phan_cach,3,42,synthetic_from_verified_osm
N00484,"122,Đường Khả Lễ,Phường Võ Cường,Tỉnh Bắc Ninh","122, Đường Khả Lễ, Phường Võ Cường, Tỉnh Bắc Ninh",122,Đường Khả Lễ,Phường Võ Cường,,Tỉnh Bắc Ninh,122,Đường Khả Lễ,Phường Võ Cường,,Tỉnh Bắc Ninh,moi,nhe,dinh_dang_phan_cach,1,42,synthetic_from_verified_osm
N00485,40; Phố Trần Thái Tông; P.Dich Vong Hau; Quận Cầu Giấy; Hà Nội,"40, Phố Trần Thái Tông, Phường Dịch Vọng Hậu, Quận Cầu Giấy, Hà Nội",40,Phố Trần Thái Tông,P.Dich Vong Hau,Quận Cầu Giấy,Hà Nội,40,Phố Trần Thái Tông,Phường Dịch Vọng Hậu,Quận Cầu Giấy,Hà Nội,cu,vua,viet_tat|bo_dau|dinh_dang_phan_cach,3,42,synthetic_from_verified_osm
N00486,"21,Đường Bất Chi Ly,P. Vũ Ninh,Tinh Bac Ninh","21, Đường Bất Chi Ly, Phường Vũ Ninh, Tỉnh Bắc Ninh",21,Đường Bất Chi Ly,P. Vũ Ninh,,Tinh Bac Ninh,21,Đường Bất Chi Ly,Phường Vũ Ninh,,Tỉnh Bắc Ninh,moi,vua,viet_tat|bo_dau|dinh_dang_phan_cach,3,42,synthetic_from_verified_osm
N00487,số 8 - 422/14/8 - đức giang - Long biên - HN,"số 8, 422/14/8, đức giang, Long biên, Hà Nội",số 8,422/14/8,đức giang,Long biên,HN,số 8,422/14/8,đức giang,Long biên,Hà Nội,cu,nhe,viet_tat|dinh_dang_phan_cach,2,42,synthetic_from_verified_osm
N00488,43 - Phố Nguyễn Du - Nguyễn Du - Hai Bà Trưng - Hà Nội,"43, Phố Nguyễn Du, Nguyễn Du, Hai Bà Trưng, Hà Nội",43,Phố Nguyễn Du,Nguyễn Du,Hai Bà Trưng,Hà Nội,43,Phố Nguyễn Du,Nguyễn Du,Hai Bà Trưng,Hà Nội,cu,vua,dinh_dang_phan_cach,1,42,synthetic_from_verified_osm
N00489,"7,Ngõ 224 Phố Lương Định Của,Phường Phương Liễu,Tỉnh Bắc Ninh","7, Ngõ 224 Phố Lương Định Của, Phường Phương Liễu, Tỉnh Bắc Ninh",7,Ngõ 224 Phố Lương Định Của,Phường Phương Liễu,,Tỉnh Bắc Ninh,7,Ngõ 224 Phố Lương Định Của,Phường Phương Liễu,,Tỉnh Bắc Ninh,moi,nhe,dinh_dang_phan_cach,1,42,synthetic_from_verified_osm
N00490,2; Phố Ông Ích Khiêm; Ba Đình; TP.HN,"2, Phố Ông Ích Khiêm, Phường Ba Đình, Thành phố Hà Nội",2,Phố Ông Ích Khiêm,Ba Đình,,TP.HN,2,Phố Ông Ích Khiêm,Phường Ba Đình,,Thành phố Hà Nội,moi,nhe,viet_tat|dinh_dang_phan_cach,2,42,synthetic_from_verified_osm
N00491,37 - Đường Xuân Thủy - Phường Dịch Vọng Hậu - Quan Cau Giay - Hà Nội,"37, Đường Xuân Thủy, Phường Dịch Vọng Hậu, Quận Cầu Giấy, Hà Nội",37,Đường Xuân Thủy,Phường Dịch Vọng Hậu,Quan Cau Giay,Hà Nội,37,Đường Xuân Thủy,Phường Dịch Vọng Hậu,Quận Cầu Giấy,Hà Nội,cu,vua,bo_dau|dinh_dang_phan_cach,2,42,synthetic_from_verified_osm
N00492,422; Đường Thân Nhân Trung; P.Việt Yên; T Bắc Ninh,"422, Đường Thân Nhân Trung, Phường Việt Yên, Tỉnh Bắc Ninh",422,Đường Thân Nhân Trung,P.Việt Yên,,T Bắc Ninh,422,Đường Thân Nhân Trung,Phường Việt Yên,,Tỉnh Bắc Ninh,moi,nhe,viet_tat|dinh_dang_phan_cach,2,42,synthetic_from_verified_osm
N00493,7; Ngách 459/3 Đường Hoàng Quốc Việt; Phường Vũ Ninh; Tỉnh Bắc Ninh,"7, Ngách 459/3 Đường Hoàng Quốc Việt, Phường Vũ Ninh, Tỉnh Bắc Ninh",7,Ngách 459/3 Đường Hoàng Quốc Việt,Phường Vũ Ninh,,Tỉnh Bắc Ninh,7,Ngách 459/3 Đường Hoàng Quốc Việt,Phường Vũ Ninh,,Tỉnh Bắc Ninh,moi,nhe,dinh_dang_phan_cach,1,42,synthetic_from_verified_osm
N00494,44 - Khu dân cư số 9 - Xuân Khánh - Ninh Kieu - Cần Thơ,"44, Khu dân cư số 9, Xuân Khánh, Ninh Kiều, Cần Thơ",44,Khu dân cư số 9,Xuân Khánh,Ninh Kieu,Cần Thơ,44,Khu dân cư số 9,Xuân Khánh,Ninh Kiều,Cần Thơ,cu,vua,bo_dau|dinh_dang_phan_cach,2,42,synthetic_from_verified_osm
N00495,3 - Phố Lý Đạo Thành - Tràng Tiền - Hoàn Kiếm - Hà Nội,"3, Phố Lý Đạo Thành, Tràng Tiền, Hoàn Kiếm, Hà Nội",3,Phố Lý Đạo Thành,Tràng Tiền,Hoàn Kiếm,Hà Nội,3,Phố Lý Đạo Thành,Tràng Tiền,Hoàn Kiếm,Hà Nội,cu,vua,dinh_dang_phan_cach,1,42,synthetic_from_verified_osm
N00496,"154,Phố Nguyễn Thái Học,Phuong Ba Dinh,HN","154, Phố Nguyễn Thái Học, Phường Ba Đình, Thành phố Hà Nội",154,Phố Nguyễn Thái Học,Phuong Ba Dinh,,HN,154,Phố Nguyễn Thái Học,Phường Ba Đình,,Thành phố Hà Nội,moi,nang,viet_tat|bo_dau|dinh_dang_phan_cach,3,42,synthetic_from_verified_osm
N00497,85; Phố Lý Thường Kiệt; Cua Nam; Hoàn Kiếm; Hà Nội,"85, Phố Lý Thường Kiệt, Cửa Nam, Hoàn Kiếm, Hà Nội",85,Phố Lý Thường Kiệt,Cua Nam,Hoàn Kiếm,Hà Nội,85,Phố Lý Thường Kiệt,Cửa Nam,Hoàn Kiếm,Hà Nội,cu,vua,bo_dau|dinh_dang_phan_cach,2,42,synthetic_from_verified_osm
N00498,407; Đường Ngô Gia Tự; Tiền Ninh Vệ; Thành phố Bắc Ninh; Bắc Ninh,"407, Đường Ngô Gia Tự, Phường Tiền Ninh Vệ, Thành phố Bắc Ninh, Bắc Ninh",407,Đường Ngô Gia Tự,Tiền Ninh Vệ,Thành phố Bắc Ninh,Bắc Ninh,407,Đường Ngô Gia Tự,Phường Tiền Ninh Vệ,Thành phố Bắc Ninh,Bắc Ninh,cu,vua,viet_tat|dinh_dang_phan_cach,2,42,synthetic_from_verified_osm
N00499,Đường Mỹ Phú 1C - P.Tân Phú - TP.HCM,"10, Đường Mỹ Phú 1C, Phường Tân Phú, Thành phố Hồ Chí Minh",,Đường Mỹ Phú 1C,P.Tân Phú,,TP.HCM,10,Đường Mỹ Phú 1C,Phường Tân Phú,,Thành phố Hồ Chí Minh,moi,nang,viet_tat|thieu_SoNha|dao_thu_tu_hanh_chinh|dinh_dang_phan_cach,4,42,synthetic_from_verified_osm
N00500,9; 422/14/10; đức giang; Long biên; TP. Hà Nội,"9, 422/14/10, đức giang, Long biên, Hà Nội",9,422/14/10,đức giang,Long biên,TP. Hà Nội,9,422/14/10,đức giang,Long biên,Hà Nội,cu,vua,viet_tat|dinh_dang_phan_cach,2,42,synthetic_from_verified_osm
N00501,"158,Ngõ Xã Đàn 2,Nam Đồng,Đống Đa,Hà Nội","158, Ngõ Xã Đàn 2, Nam Đồng, Đống Đa, Hà Nội",158,Ngõ Xã Đàn 2,Nam Đồng,Đống Đa,Hà Nội,158,Ngõ Xã Đàn 2,Nam Đồng,Đống Đa,Hà Nội,cu,nhe,dinh_dang_phan_cach,1,42,synthetic_from_verified_osm
N00502,"738B,Đường Hoàng Quốc Việt,Phường Vũ Ninh,Tinh Bac Ninh","738B, Đường Hoàng Quốc Việt, Phường Vũ Ninh, Tỉnh Bắc Ninh",738B,Đường Hoàng Quốc Việt,Phường Vũ Ninh,,Tinh Bac Ninh,738B,Đường Hoàng Quốc Việt,Phường Vũ Ninh,,Tỉnh Bắc Ninh,moi,vua,bo_dau|dinh_dang_phan_cach,2,42,synthetic_from_verified_osm
N00503,"43; Bạch Đằng, Đà Nẵng; P.Thuan Phuoc; Hải Châu; Đà Nẵng","43, Bạch Đằng, Đà Nẵng, Phường Thuận Phước, Hải Châu, Đà Nẵng",43,"Bạch Đằng, Đà Nẵng",P.Thuan Phuoc,Hải Châu,Đà Nẵng,43,"Bạch Đằng, Đà Nẵng",Phường Thuận Phước,Hải Châu,Đà Nẵng,cu,vua,viet_tat|bo_dau|dinh_dang_phan_cach,3,42,synthetic_from_verified_osm
N00504,292 - Đường Ngô Gia Tự - Phường Kinh Bắc - Tỉnh Bắc Ninh,"292, Đường Ngô Gia Tự, Phường Kinh Bắc, Tỉnh Bắc Ninh",292,Đường Ngô Gia Tự,Phường Kinh Bắc,,Tỉnh Bắc Ninh,292,Đường Ngô Gia Tự,Phường Kinh Bắc,,Tỉnh Bắc Ninh,moi,nhe,dinh_dang_phan_cach,1,42,synthetic_from_verified_osm
N00505,173; Đường Cầu Rồng; P. Võ Cường; Bắc Ninh,"173, Đường Cầu Rồng, Phường Võ Cường, Tỉnh Bắc Ninh",173,Đường Cầu Rồng,P. Võ Cường,,Bắc Ninh,173,Đường Cầu Rồng,Phường Võ Cường,,Tỉnh Bắc Ninh,moi,nhe,viet_tat|dinh_dang_phan_cach,2,42,synthetic_from_verified_osm
N00506,286; Đường Hoàng Quốc Việt; Vũ Ninh; Tỉnh Bắc Ninh,"286, Đường Hoàng Quốc Việt, Phường Vũ Ninh, Tỉnh Bắc Ninh",286,Đường Hoàng Quốc Việt,Vũ Ninh,,Tỉnh Bắc Ninh,286,Đường Hoàng Quốc Việt,Phường Vũ Ninh,,Tỉnh Bắc Ninh,moi,vua,viet_tat|dinh_dang_phan_cach,2,42,synthetic_from_verified_osm
N00507,143; Đường Nguyễn Quốc Ích; P.Vo Cuong; Bắc Ninh,"143, Đường Nguyễn Quốc Ích, Phường Võ Cường, Tỉnh Bắc Ninh",143,Đường Nguyễn Quốc Ích,P.Vo Cuong,,Bắc Ninh,143,Đường Nguyễn Quốc Ích,Phường Võ Cường,,Tỉnh Bắc Ninh,moi,vua,viet_tat|bo_dau|dinh_dang_phan_cach,3,42,synthetic_from_verified_osm
N00508,59 - Phố Hoàng Cầu - P Ô Chợ Dừa - Đống Đa - Hà Nội,"59, Phố Hoàng Cầu, Phường Ô Chợ Dừa, Đống Đa, Hà Nội",59,Phố Hoàng Cầu,P Ô Chợ Dừa,Đống Đa,Hà Nội,59,Phố Hoàng Cầu,Phường Ô Chợ Dừa,Đống Đa,Hà Nội,cu,vua,viet_tat|dinh_dang_phan_cach,2,42,synthetic_from_verified_osm
N00509,1 - Ngach 41/6 Tran Quoc Hoan - P.Dịch Vọng Hậu - Quận Cầu Giấy - Hà Nội,"1, Ngách 41/6 Trần Quốc Hoàn, Phường Dịch Vọng Hậu, Quận Cầu Giấy, Hà Nội",1,Ngach 41/6 Tran Quoc Hoan,P.Dịch Vọng Hậu,Quận Cầu Giấy,Hà Nội,1,Ngách 41/6 Trần Quốc Hoàn,Phường Dịch Vọng Hậu,Quận Cầu Giấy,Hà Nội,cu,vua,viet_tat|bo_dau|dinh_dang_phan_cach,3,42,synthetic_from_verified_osm
N00510,03 - Đường Mỹ Phú 1B - Tân Phú - Thành phố Hồ Chí Minh,"03, Đường Mỹ Phú 1B, Phường Tân Phú, Thành phố Hồ Chí Minh",03,Đường Mỹ Phú 1B,Tân Phú,,Thành phố Hồ Chí Minh,03,Đường Mỹ Phú 1B,Phường Tân Phú,,Thành phố Hồ Chí Minh,moi,nhe,viet_tat|dinh_dang_phan_cach,2,42,synthetic_from_verified_osm
N00511,1079; Phạm Thế Hiển; P. Chánh Hưng; TP.HCM,"1079, Phạm Thế Hiển, Phường Chánh Hưng, Thành phố Hồ Chí Minh",1079,Phạm Thế Hiển,P. Chánh Hưng,,TP.HCM,1079,Phạm Thế Hiển,Phường Chánh Hưng,,Thành phố Hồ Chí Minh,moi,nhe,viet_tat|dinh_dang_phan_cach,2,42,synthetic_from_verified_osm
N00512,364 - Đường Trần Lựu - P.Vũ Ninh - Tỉnh Bắc Ninh,"364, Đường Trần Lựu, Phường Vũ Ninh, Tỉnh Bắc Ninh",364,Đường Trần Lựu,P.Vũ Ninh,,Tỉnh Bắc Ninh,364,Đường Trần Lựu,Phường Vũ Ninh,,Tỉnh Bắc Ninh,moi,nhe,viet_tat|dinh_dang_phan_cach,2,42,synthetic_from_verified_osm
N00513,Ngọc Trai 3 - Da Ton - G1a Lâm - Hà Nội,"NT03-26, Ngọc Trai 3, Đa Tốn, Gia Lâm, Hà Nội",,Ngọc Trai 3,Da Ton,G1a Lâm,Hà Nội,NT03-26,Ngọc Trai 3,Đa Tốn,Gia Lâm,Hà Nội,cu,nang,bo_dau|thieu_SoNha|loi_ocr_ky_tu|dinh_dang_phan_cach,4,42,synthetic_from_verified_osm
N00514,18; Pho Bach Thai Buoi; P.Quế Võ; Bắc Ninh,"18, Phố Bạch Thái Bưởi, Phường Quế Võ, Tỉnh Bắc Ninh",18,Pho Bach Thai Buoi,P.Quế Võ,,Bắc Ninh,18,Phố Bạch Thái Bưởi,Phường Quế Võ,,Tỉnh Bắc Ninh,moi,vua,viet_tat|bo_dau|dinh_dang_phan_cach,3,42,synthetic_from_verified_osm
N00515,39 - Đường Cầu Rồng - P. Võ Cường - Tỉnh Bắc Ninh,"39, Đường Cầu Rồng, Phường Võ Cường, Tỉnh Bắc Ninh",39,Đường Cầu Rồng,P. Võ Cường,,Tỉnh Bắc Ninh,39,Đường Cầu Rồng,Phường Võ Cường,,Tỉnh Bắc Ninh,moi,nhe,viet_tat|dinh_dang_phan_cach,2,42,synthetic_from_verified_osm
N00516,56-58-60; Phố Trần Phú; P Ba Đình; Thanh pho Ha Noi,"56-58-60, Phố Trần Phú, Phường Ba Đình, Thành phố Hà Nội",56-58-60,Phố Trần Phú,P Ba Đình,,Thanh pho Ha Noi,56-58-60,Phố Trần Phú,Phường Ba Đình,,Thành phố Hà Nội,moi,vua,viet_tat|bo_dau|dinh_dang_phan_cach,3,42,synthetic_from_verified_osm
N00517,"95,Duong Tran Hung Dao,P.Võ Cường,Tỉnh Bắc Ninh","95, Đường Trần Hưng Đạo, Phường Võ Cường, Tỉnh Bắc Ninh",95,Duong Tran Hung Dao,P.Võ Cường,,Tỉnh Bắc Ninh,95,Đường Trần Hưng Đạo,Phường Võ Cường,,Tỉnh Bắc Ninh,moi,vua,viet_tat|bo_dau|dinh_dang_phan_cach,3,42,synthetic_from_verified_osm
N00518,21 - Đường Hoàng Quốc Việt - P. Nghĩa Đô - Thanh pho Ha Noi,"21, Đường Hoàng Quốc Việt, Phường Nghĩa Đô, Thành phố Hà Nội",21,Đường Hoàng Quốc Việt,P. Nghĩa Đô,,Thanh pho Ha Noi,21,Đường Hoàng Quốc Việt,Phường Nghĩa Đô,,Thành phố Hà Nội,moi,vua,viet_tat|bo_dau|dinh_dang_phan_cach,3,42,synthetic_from_verified_osm
N00519,Hàng Đường - P.Hoàn K1ếm - Thanh pho Ha Noi,"69, Hàng Đường, Phường Hoàn Kiếm, Thành phố Hà Nội",,Hàng Đường,P.Hoàn K1ếm,,Thanh pho Ha Noi,69,Hàng Đường,Phường Hoàn Kiếm,,Thành phố Hà Nội,moi,nang,viet_tat|bo_dau|thieu_SoNha|loi_ocr_ky_tu|dao_thu_tu_hanh_chinh|dinh_dang_phan_cach,6,42,synthetic_from_verified_osm
N00520,9 - Mậu Thân - An Nghiệp - Ninh Kiều - Can Tho,"9, Mậu Thân, An Nghiệp, Ninh Kiều, Cần Thơ",9,Mậu Thân,An Nghiệp,Ninh Kiều,Can Tho,9,Mậu Thân,An Nghiệp,Ninh Kiều,Cần Thơ,cu,vua,bo_dau|dinh_dang_phan_cach,2,42,synthetic_from_verified_osm
N00521,22; Ngõ 359 Đường Nguyễn Văn Cừ; Tỉnh Bắc Ninh; P.Vo Cuong,"22, Ngõ 359 Đường Nguyễn Văn Cừ, Phường Võ Cường, Tỉnh Bắc Ninh",22,Ngõ 359 Đường Nguyễn Văn Cừ,P.Vo Cuong,,Tỉnh Bắc Ninh,22,Ngõ 359 Đường Nguyễn Văn Cừ,Phường Võ Cường,,Tỉnh Bắc Ninh,moi,nang,viet_tat|bo_dau|dao_thu_tu_hanh_chinh|dinh_dang_phan_cach,4,42,synthetic_from_verified_osm
N00522,"Đường Vũ Ninh,P Vũ Ninh,T1nh Bac Ninh","24B, Đường Vũ Ninh, Phường Vũ Ninh, Tỉnh Bắc Ninh",,Đường Vũ Ninh,P Vũ Ninh,,T1nh Bac Ninh,24B,Đường Vũ Ninh,Phường Vũ Ninh,,Tỉnh Bắc Ninh,moi,nang,viet_tat|bo_dau|thieu_SoNha|loi_ocr_ky_tu|dinh_dang_phan_cach,5,42,synthetic_from_verified_osm
N00523,"18,Thu Khoa Huan,Tân An,Ninh Kiều,Cần Thơ","18, Thủ Khoa Huân, Tân An, Ninh Kiều, Cần Thơ",18,Thu Khoa Huan,Tân An,Ninh Kiều,Cần Thơ,18,Thủ Khoa Huân,Tân An,Ninh Kiều,Cần Thơ,cu,vua,bo_dau|dinh_dang_phan_cach,2,42,synthetic_from_verified_osm
N00524,134; Đường Như Nguyệt; P.Vũ Ninh; Tinh Bac Ninh,"134, Đường Như Nguyệt, Phường Vũ Ninh, Tỉnh Bắc Ninh",134,Đường Như Nguyệt,P.Vũ Ninh,,Tinh Bac Ninh,134,Đường Như Nguyệt,Phường Vũ Ninh,,Tỉnh Bắc Ninh,moi,vua,viet_tat|bo_dau|dinh_dang_phan_cach,3,42,synthetic_from_verified_osm
N00525,11; Phố Chùa Một Cột; P. Ba Đình; Ha Noi,"11, Phố Chùa Một Cột, Phường Ba Đình, Thành phố Hà Nội",11,Phố Chùa Một Cột,P. Ba Đình,,Ha Noi,11,Phố Chùa Một Cột,Phường Ba Đình,,Thành phố Hà Nội,moi,vua,viet_tat|bo_dau|dinh_dang_phan_cach,3,42,synthetic_from_verified_osm
N00526,"54 ngõ 21/44,Đường Đông Thắng,Bắc Từ Liêm,Hà Nộ1","54 ngõ 21/44, Đường Đông Thắng, Đông Ngạc, Bắc Từ Liêm, Hà Nội",54 ngõ 21/44,Đường Đông Thắng,,Bắc Từ Liêm,Hà Nộ1,54 ngõ 21/44,Đường Đông Thắng,Đông Ngạc,Bắc Từ Liêm,Hà Nội,cu,nang,bo_dau|thieu_PhuongXa|loi_ocr_ky_tu|dao_thu_tu_hanh_chinh|dinh_dang_phan_cach,5,42,synthetic_from_verified_osm
N00527,Số 2; Nội Khu Mỹ Toàn 2; Phường Tân Phong; Quận 7; Hồ Chí Minh,"Số 2, Nội Khu Mỹ Toàn 2, Phường Tân Phong, Quận 7, Hồ Chí Minh",Số 2,Nội Khu Mỹ Toàn 2,Phường Tân Phong,Quận 7,Hồ Chí Minh,Số 2,Nội Khu Mỹ Toàn 2,Phường Tân Phong,Quận 7,Hồ Chí Minh,cu,nhe,dinh_dang_phan_cach,1,42,synthetic_from_verified_osm
N00528,143 - Đường Hoàng Quốc Việt - Phường Thị Cầu - Thành phố Bắc Ninh - Bắc Ninh,"143, Đường Hoàng Quốc Việt, Phường Thị Cầu, Thành phố Bắc Ninh, Bắc Ninh",143,Đường Hoàng Quốc Việt,Phường Thị Cầu,Thành phố Bắc Ninh,Bắc Ninh,143,Đường Hoàng Quốc Việt,Phường Thị Cầu,Thành phố Bắc Ninh,Bắc Ninh,cu,nhe,dinh_dang_phan_cach,1,42,synthetic_from_verified_osm
N00529,"250,Đường Độc Lập,P. Tân Thành,Q. Tân Phú,Thanh pho Ho Chi Minh","250, Đường Độc Lập, Phường Tân Thành, Quận Tân Phú, Thành phố Hồ Chí Minh",250,Đường Độc Lập,P. Tân Thành,Q. Tân Phú,Thanh pho Ho Chi Minh,250,Đường Độc Lập,Phường Tân Thành,Quận Tân Phú,Thành phố Hồ Chí Minh,cu,vua,viet_tat|bo_dau|dinh_dang_phan_cach,3,42,synthetic_from_verified_osm
N00530,501 - Đường Hoàng Quốc Việt - Phường Cổ Nhuế 1 - Quận Bắc Từ Liêm - Hà Nội,"501, Đường Hoàng Quốc Việt, Phường Cổ Nhuế 1, Quận Bắc Từ Liêm, Hà Nội",501,Đường Hoàng Quốc Việt,Phường Cổ Nhuế 1,Quận Bắc Từ Liêm,Hà Nội,501,Đường Hoàng Quốc Việt,Phường Cổ Nhuế 1,Quận Bắc Từ Liêm,Hà Nội,cu,nhe,dinh_dang_phan_cach,1,42,synthetic_from_verified_osm
N00531,"2,Ngõ 28 Ông Ích Khiêm,P Dien Bien,Quận Ba Đình,TP.HN","2, Ngõ 28 Ông Ích Khiêm, Phường Điện Biên, Quận Ba Đình, Hà Nội",2,Ngõ 28 Ông Ích Khiêm,P Dien Bien,Quận Ba Đình,TP.HN,2,Ngõ 28 Ông Ích Khiêm,Phường Điện Biên,Quận Ba Đình,Hà Nội,cu,vua,viet_tat|bo_dau|dinh_dang_phan_cach,3,42,synthetic_from_verified_osm
N00532,594 - Đường Nguyễn Tất Thành - P.18 - TP Hồ Chí M1nh,"594, Đường Nguyễn Tất Thành, phường 18, quận 4, TP Hồ Chí Minh",594,Đường Nguyễn Tất Thành,P.18,,TP Hồ Chí M1nh,594,Đường Nguyễn Tất Thành,phường 18,quận 4,TP Hồ Chí Minh,cu,nang,viet_tat|thieu_QuanHuyen|loi_ocr_ky_tu|dinh_dang_phan_cach,4,42,synthetic_from_verified_osm
N00533,"161,Đường Bà Chúa Kho,Phường Vũ Ninh,Thành phố Bác Ninh,Bắc Ninh","161, Đường Bà Chúa Kho, Phường Vũ Ninh, Thành phố Bác Ninh, Bắc Ninh",161,Đường Bà Chúa Kho,Phường Vũ Ninh,Thành phố Bác Ninh,Bắc Ninh,161,Đường Bà Chúa Kho,Phường Vũ Ninh,Thành phố Bác Ninh,Bắc Ninh,cu,nhe,dinh_dang_phan_cach,1,42,synthetic_from_verified_osm
N00534,"7,Ngõ 2 Ô Cách,Đức Giang,Long Biên,HN","7, Ngõ 2 Ô Cách, Đức Giang, Long Biên, Hà Nội",7,Ngõ 2 Ô Cách,Đức Giang,Long Biên,HN,7,Ngõ 2 Ô Cách,Đức Giang,Long Biên,Hà Nội,cu,vua,viet_tat|dinh_dang_phan_cach,2,42,synthetic_from_verified_osm
N00535,28 - Phố Hàng G1ấy - Phường Đồng Xuân - Q. Hoan Kiem - Hà Nội,"28, Phố Hàng Giấy, Phường Đồng Xuân, Quận Hoàn Kiếm, Hà Nội",28,Phố Hàng G1ấy,Phường Đồng Xuân,Q. Hoan Kiem,Hà Nội,28,Phố Hàng Giấy,Phường Đồng Xuân,Quận Hoàn Kiếm,Hà Nội,cu,nang,viet_tat|bo_dau|loi_ocr_ky_tu|dinh_dang_phan_cach,4,42,synthetic_from_verified_osm
N00536,36 - Đường Đặng Thùy Trâm - Phường Cổ Nhuế 1 - Quận Bắc Từ Liêm - TP. Hà Nội,"36, Đường Đặng Thùy Trâm, Phường Cổ Nhuế 1, Quận Bắc Từ Liêm, Hà Nội",36,Đường Đặng Thùy Trâm,Phường Cổ Nhuế 1,Quận Bắc Từ Liêm,TP. Hà Nội,36,Đường Đặng Thùy Trâm,Phường Cổ Nhuế 1,Quận Bắc Từ Liêm,Hà Nội,cu,nhe,viet_tat|dinh_dang_phan_cach,2,42,synthetic_from_verified_osm
N00537,1 - Ngõ 40 Đặng Thùy Trâm - P Dịch Vọng Hậu - Quận Cầu Giấy - Hà Nội,"1, Ngõ 40 Đặng Thùy Trâm, Phường Dịch Vọng Hậu, Quận Cầu Giấy, Hà Nội",1,Ngõ 40 Đặng Thùy Trâm,P Dịch Vọng Hậu,Quận Cầu Giấy,Hà Nội,1,Ngõ 40 Đặng Thùy Trâm,Phường Dịch Vọng Hậu,Quận Cầu Giấy,Hà Nội,cu,nhe,viet_tat|dinh_dang_phan_cach,2,42,synthetic_from_verified_osm
N00538,1; Ngõ 195 Đường Vũ Ninh; Vũ Ninh; Tỉnh Bắc Ninh,"1, Ngõ 195 Đường Vũ Ninh, Phường Vũ Ninh, Tỉnh Bắc Ninh",1,Ngõ 195 Đường Vũ Ninh,Vũ Ninh,,Tỉnh Bắc Ninh,1,Ngõ 195 Đường Vũ Ninh,Phường Vũ Ninh,,Tỉnh Bắc Ninh,moi,nhe,viet_tat|dinh_dang_phan_cach,2,42,synthetic_from_verified_osm
N00539,19; Đường Hoàng Diệu; Ba Đình; HN,"19, Đường Hoàng Diệu, Phường Ba Đình, Thành phố Hà Nội",19,Đường Hoàng Diệu,Ba Đình,,HN,19,Đường Hoàng Diệu,Phường Ba Đình,,Thành phố Hà Nội,moi,nhe,viet_tat|dinh_dang_phan_cach,2,42,synthetic_from_verified_osm
N00540,132/42/8 - Hùng Vương - Thới Bình - Ninh Kiều - Cần Thơ,"132/42/8, Hùng Vương, Thới Bình, Ninh Kiều, Cần Thơ",132/42/8,Hùng Vương,Thới Bình,Ninh Kiều,Cần Thơ,132/42/8,Hùng Vương,Thới Bình,Ninh Kiều,Cần Thơ,cu,nhe,dinh_dang_phan_cach,1,42,synthetic_from_verified_osm
N00541,"7,Phố Giang Liễu 2,P.Phương Liễu,T. Bắc Ninh","7, Phố Giang Liễu 2, Phường Phương Liễu, Tỉnh Bắc Ninh",7,Phố Giang Liễu 2,P.Phương Liễu,,T. Bắc Ninh,7,Phố Giang Liễu 2,Phường Phương Liễu,,Tỉnh Bắc Ninh,moi,nhe,viet_tat|dinh_dang_phan_cach,2,42,synthetic_from_verified_osm
N00542,3; Lý Thường Kiệt; Tan An; Ninh Kiều; Cần Thơ,"3, Lý Thường Kiệt, Tân An, Ninh Kiều, Cần Thơ",3,Lý Thường Kiệt,Tan An,Ninh Kiều,Cần Thơ,3,Lý Thường Kiệt,Tân An,Ninh Kiều,Cần Thơ,cu,vua,bo_dau|dinh_dang_phan_cach,2,42,synthetic_from_verified_osm
N00543,100 - Đường Dương Ổ - P. Võ Cường - Tỉnh Bắc Ninh,"100, Đường Dương Ổ, Phường Võ Cường, Tỉnh Bắc Ninh",100,Đường Dương Ổ,P. Võ Cường,,Tỉnh Bắc Ninh,100,Đường Dương Ổ,Phường Võ Cường,,Tỉnh Bắc Ninh,moi,nhe,viet_tat|dinh_dang_phan_cach,2,42,synthetic_from_verified_osm
N00544,"980,Đường Quang Trung,Phường Quế Võ,Tỉnh Bắc Ninh","980, Đường Quang Trung, Phường Quế Võ, Tỉnh Bắc Ninh",980,Đường Quang Trung,Phường Quế Võ,,Tỉnh Bắc Ninh,980,Đường Quang Trung,Phường Quế Võ,,Tỉnh Bắc Ninh,moi,nhe,dinh_dang_phan_cach,1,42,synthetic_from_verified_osm
N00545,"40-42,Phố Nguyễn Thái Học,Ba Đình,Thành phố Hà Nội","40-42, Phố Nguyễn Thái Học, Phường Ba Đình, Thành phố Hà Nội",40-42,Phố Nguyễn Thái Học,Ba Đình,,Thành phố Hà Nội,40-42,Phố Nguyễn Thái Học,Phường Ba Đình,,Thành phố Hà Nội,moi,nhe,viet_tat|dinh_dang_phan_cach,2,42,synthetic_from_verified_osm
N00546,1145 - Đường Quang Trung - P.Quế Võ - Bắc Ninh,"1145, Đường Quang Trung, Phường Quế Võ, Tỉnh Bắc Ninh",1145,Đường Quang Trung,P.Quế Võ,,Bắc Ninh,1145,Đường Quang Trung,Phường Quế Võ,,Tỉnh Bắc Ninh,moi,vua,viet_tat|dinh_dang_phan_cach,2,42,synthetic_from_verified_osm
N00547,Phố Trang Liệt 1 - P D0ng Nguyen - Tỉnh Bắc Ninh,"105, Phố Trang Liệt 1, Phường Đồng Nguyên, Tỉnh Bắc Ninh",,Phố Trang Liệt 1,P D0ng Nguyen,,Tỉnh Bắc Ninh,105,Phố Trang Liệt 1,Phường Đồng Nguyên,,Tỉnh Bắc Ninh,moi,nang,viet_tat|bo_dau|thieu_SoNha|loi_ocr_ky_tu|dinh_dang_phan_cach,5,42,synthetic_from_verified_osm
N00548,5; Ngõ 4 Ô Cách; Duc Giang; Long Biên; Hà Nội,"5, Ngõ 4 Ô Cách, Đức Giang, Long Biên, Hà Nội",5,Ngõ 4 Ô Cách,Duc Giang,Long Biên,Hà Nội,5,Ngõ 4 Ô Cách,Đức Giang,Long Biên,Hà Nội,cu,vua,bo_dau|dinh_dang_phan_cach,2,42,synthetic_from_verified_osm
N00549,4 - Đường Nguyên Phi Ỷ Lan - P. Suối Hoa - Thành phố Bắc Ninh - Bắc Ninh,"4, Đường Nguyên Phi Ỷ Lan, Phường Suối Hoa, Thành phố Bắc Ninh, Bắc Ninh",4,Đường Nguyên Phi Ỷ Lan,P. Suối Hoa,Thành phố Bắc Ninh,Bắc Ninh,4,Đường Nguyên Phi Ỷ Lan,Phường Suối Hoa,Thành phố Bắc Ninh,Bắc Ninh,cu,nhe,viet_tat|dinh_dang_phan_cach,2,42,synthetic_from_verified_osm
N00550,8 - Phõ Huỳnh Thúc Kháng - Thành Công - Ba Đình - Hà Nội,"8, Phõ Huỳnh Thúc Kháng, Thành Công, Ba Đình, Hà Nội",8,Phõ Huỳnh Thúc Kháng,Thành Công,Ba Đình,Hà Nội,8,Phõ Huỳnh Thúc Kháng,Thành Công,Ba Đình,Hà Nội,cu,nhe,dinh_dang_phan_cach,1,42,synthetic_from_verified_osm
N00551,"71,Đường Hữu Chấp,Kinh Bắc,Bac Ninh","71, Đường Hữu Chấp, Phường Kinh Bắc, Tỉnh Bắc Ninh",71,Đường Hữu Chấp,Kinh Bắc,,Bac Ninh,71,Đường Hữu Chấp,Phường Kinh Bắc,,Tỉnh Bắc Ninh,moi,vua,viet_tat|bo_dau|dinh_dang_phan_cach,3,42,synthetic_from_verified_osm
N00552,"479,Nguyen Thi Dinh,TP. Thủ Đức,TP. Hồ Chí M1nh","479, Nguyễn Thị Định, Cát Lái, TP. Thủ Đức, TP. Hồ Chí Minh",479,Nguyen Thi Dinh,,TP. Thủ Đức,TP. Hồ Chí M1nh,479,Nguyễn Thị Định,Cát Lái,TP. Thủ Đức,TP. Hồ Chí Minh,cu,nang,bo_dau|thieu_PhuongXa|loi_ocr_ky_tu|dao_thu_tu_hanh_chinh|dinh_dang_phan_cach,5,42,synthetic_from_verified_osm
N00553,6 - Ngõ 5 Phố Từ Hoa - Quảng An - Tây Hồ - Hà Nội,"6, Ngõ 5 Phố Từ Hoa, Quảng An, Tây Hồ, Hà Nội",6,Ngõ 5 Phố Từ Hoa,Quảng An,Tây Hồ,Hà Nội,6,Ngõ 5 Phố Từ Hoa,Quảng An,Tây Hồ,Hà Nội,cu,nhe,dinh_dang_phan_cach,1,42,synthetic_from_verified_osm
N00554,"99,An Dương Vương,16,Quận 8,Thành phố Hồ Chí Minh","99, An Dương Vương, Phường 16, Quận 8, Thành phố Hồ Chí Minh",99,An Dương Vương,16,Quận 8,Thành phố Hồ Chí Minh,99,An Dương Vương,Phường 16,Quận 8,Thành phố Hồ Chí Minh,cu,nhe,viet_tat|dinh_dang_phan_cach,2,42,synthetic_from_verified_osm
N00555,11; Ngo 3 Pham Tuan Tai; Phường Dịch Vọng Hậu; Quận Cầu Giấy; Hà Nội,"11, Ngõ 3 Phạm Tuấn Tài, Phường Dịch Vọng Hậu, Quận Cầu Giấy, Hà Nội",11,Ngo 3 Pham Tuan Tai,Phường Dịch Vọng Hậu,Quận Cầu Giấy,Hà Nội,11,Ngõ 3 Phạm Tuấn Tài,Phường Dịch Vọng Hậu,Quận Cầu Giấy,Hà Nội,cu,vua,bo_dau|dinh_dang_phan_cach,2,42,synthetic_from_verified_osm
N00556,21 - Phố Yên Mẫn - Phường Kinh Bắc - Thành phố Bắc Ninh - Bắc Ninh,"21, Phố Yên Mẫn, Phường Kinh Bắc, Thành phố Bắc Ninh, Bắc Ninh",21,Phố Yên Mẫn,Phường Kinh Bắc,Thành phố Bắc Ninh,Bắc Ninh,21,Phố Yên Mẫn,Phường Kinh Bắc,Thành phố Bắc Ninh,Bắc Ninh,cu,nhe,dinh_dang_phan_cach,1,42,synthetic_from_verified_osm
N00557,85 - Đường Hữu Chấp - Bắc Ninh - P Kinh Bắc,"85, Đường Hữu Chấp, Phường Kinh Bắc, Tỉnh Bắc Ninh",85,Đường Hữu Chấp,P Kinh Bắc,,Bắc Ninh,85,Đường Hữu Chấp,Phường Kinh Bắc,,Tỉnh Bắc Ninh,moi,nang,viet_tat|dao_thu_tu_hanh_chinh|dinh_dang_phan_cach,3,42,synthetic_from_verified_osm
N00558,308 - Duong Nguyen Thi Dinh - TP. Hồ Chí Minh - Thạnh Mỹ Lợi - TP. Thủ Đức,"308, Đường Nguyễn Thị Đinh, phường Thạnh Mỹ Lợi, TP. Thủ Đức, TP. Hồ Chí Minh",308,Duong Nguyen Thi Dinh,Thạnh Mỹ Lợi,TP. Thủ Đức,TP. Hồ Chí Minh,308,Đường Nguyễn Thị Đinh,phường Thạnh Mỹ Lợi,TP. Thủ Đức,TP. Hồ Chí Minh,cu,nang,viet_tat|bo_dau|dao_thu_tu_hanh_chinh|dinh_dang_phan_cach,4,42,synthetic_from_verified_osm
N00559,11; Phố Lê Phụng Hiểu; Tràng Tiền; Hoàn Kiếm; Hà Nội,"11, Phố Lê Phụng Hiểu, Tràng Tiền, Hoàn Kiếm, Hà Nội",11,Phố Lê Phụng Hiểu,Tràng Tiền,Hoàn Kiếm,Hà Nội,11,Phố Lê Phụng Hiểu,Tràng Tiền,Hoàn Kiếm,Hà Nội,cu,nhe,dinh_dang_phan_cach,1,42,synthetic_from_verified_osm
N00560,12A - Đường Bình Than - Võ Cường - Tỉnh Bắc Ninh,"12A, Đường Bình Than, Phường Võ Cường, Tỉnh Bắc Ninh",12A,Đường Bình Than,Võ Cường,,Tỉnh Bắc Ninh,12A,Đường Bình Than,Phường Võ Cường,,Tỉnh Bắc Ninh,moi,nhe,viet_tat|dinh_dang_phan_cach,2,42,synthetic_from_verified_osm
N00561,1981 - Đường Quang Trung - Bồng Lai - Tỉnh Bắc Ninh,"1981, Đường Quang Trung, Phường Bồng Lai, Tỉnh Bắc Ninh",1981,Đường Quang Trung,Bồng Lai,,Tỉnh Bắc Ninh,1981,Đường Quang Trung,Phường Bồng Lai,,Tỉnh Bắc Ninh,moi,nhe,viet_tat|dinh_dang_phan_cach,2,42,synthetic_from_verified_osm
N00562,"96,Hàng Bạc,Phuong Hoan Kiem,Thành phố Hà Nội","96, Hàng Bạc, Phường Hoàn Kiếm, Thành phố Hà Nội",96,Hàng Bạc,Phuong Hoan Kiem,,Thành phố Hà Nội,96,Hàng Bạc,Phường Hoàn Kiếm,,Thành phố Hà Nội,moi,vua,bo_dau|dinh_dang_phan_cach,2,42,synthetic_from_verified_osm
N00563,74 - Đường Rạp Hát - P.Kinh Bắc - Tỉnh Bắc Ninh,"74, Đường Rạp Hát, Phường Kinh Bắc, Tỉnh Bắc Ninh",74,Đường Rạp Hát,P.Kinh Bắc,,Tỉnh Bắc Ninh,74,Đường Rạp Hát,Phường Kinh Bắc,,Tỉnh Bắc Ninh,moi,nhe,viet_tat|dinh_dang_phan_cach,2,42,synthetic_from_verified_osm
N00564,"65,Mậu Thân,Xuân Khánh,Ninh Kiều,Cần Thơ","65, Mậu Thân, Xuân Khánh, Ninh Kiều, Cần Thơ",65,Mậu Thân,Xuân Khánh,Ninh Kiều,Cần Thơ,65,Mậu Thân,Xuân Khánh,Ninh Kiều,Cần Thơ,cu,nhe,dinh_dang_phan_cach,1,42,synthetic_from_verified_osm
N00565,"Phố Trần Phú,P Điện B1ên,Quận Ba Đình,Hà Nội","27-29, Phố Trần Phú, Phường Điện Biên, Quận Ba Đình, Hà Nội",,Phố Trần Phú,P Điện B1ên,Quận Ba Đình,Hà Nội,27-29,Phố Trần Phú,Phường Điện Biên,Quận Ba Đình,Hà Nội,cu,nang,viet_tat|thieu_SoNha|loi_ocr_ky_tu|dinh_dang_phan_cach,4,42,synthetic_from_verified_osm
N00566,"10,Ngách 61/6 Phạm Tuấn Tài,Co Nhue 1,Q. Bắc Từ Liêm,Hà Nội","10, Ngách 61/6 Phạm Tuấn Tài, Phường Cổ Nhuế 1, Quận Bắc Từ Liêm, Hà Nội",10,Ngách 61/6 Phạm Tuấn Tài,Co Nhue 1,Q. Bắc Từ Liêm,Hà Nội,10,Ngách 61/6 Phạm Tuấn Tài,Phường Cổ Nhuế 1,Quận Bắc Từ Liêm,Hà Nội,cu,vua,viet_tat|bo_dau|dinh_dang_phan_cach,3,42,synthetic_from_verified_osm
N00567,"29,Đường Trần Xuân Soạn,Phường Đại Phúc,TP Bắc Ninh,Bắc Ninh","29, Đường Trần Xuân Soạn, Phường Đại Phúc, Thành phố Bắc Ninh, Bắc Ninh",29,Đường Trần Xuân Soạn,Phường Đại Phúc,TP Bắc Ninh,Bắc Ninh,29,Đường Trần Xuân Soạn,Phường Đại Phúc,Thành phố Bắc Ninh,Bắc Ninh,cu,vua,viet_tat|dinh_dang_phan_cach,2,42,synthetic_from_verified_osm
N00568,47; Đường Xuân Thủy; P.Dịch Vọng Hậu; TP. Hà Nội,"47, Đường Xuân Thủy, Phường Dịch Vọng Hậu, Quận Cầu Giấy, Hà Nội",47,Đường Xuân Thủy,P.Dịch Vọng Hậu,,TP. Hà Nội,47,Đường Xuân Thủy,Phường Dịch Vọng Hậu,Quận Cầu Giấy,Hà Nội,cu,nang,viet_tat|thieu_QuanHuyen|dinh_dang_phan_cach,3,42,synthetic_from_verified_osm
N00569,39 - Phố Mai Hắc Đế - Nguyễn Du - Hai Bà Trưng - Hà Nội,"39, Phố Mai Hắc Đế, Nguyễn Du, Hai Bà Trưng, Hà Nội",39,Phố Mai Hắc Đế,Nguyễn Du,Hai Bà Trưng,Hà Nội,39,Phố Mai Hắc Đế,Nguyễn Du,Hai Bà Trưng,Hà Nội,cu,nhe,dinh_dang_phan_cach,1,42,synthetic_from_verified_osm
N00570,44; Phố Trần Quốc Hoàn; P Dịch Vọng Hậu; Quận Cầu Giấy; Hà Nội,"44, Phố Trần Quốc Hoàn, Phường Dịch Vọng Hậu, Quận Cầu Giấy, Hà Nội",44,Phố Trần Quốc Hoàn,P Dịch Vọng Hậu,Quận Cầu Giấy,Hà Nội,44,Phố Trần Quốc Hoàn,Phường Dịch Vọng Hậu,Quận Cầu Giấy,Hà Nội,cu,vua,viet_tat|dinh_dang_phan_cach,2,42,synthetic_from_verified_osm
N00571,Pho Le Hong Phong; P. Ba Đình; Hà Nội,"97, Phố Lê Hồng Phong, Phường Ba Đình, Thành phố Hà Nội",,Pho Le Hong Phong,P. Ba Đình,,Hà Nội,97,Phố Lê Hồng Phong,Phường Ba Đình,,Thành phố Hà Nội,moi,nang,viet_tat|bo_dau|thieu_SoNha|dao_thu_tu_hanh_chinh|dinh_dang_phan_cach,5,42,synthetic_from_verified_osm
N00572,47 - Phố Phan Văn Trường - P Dich Vong Hau - Quận Cầu Giấy - Hà Nội,"47, Phố Phan Văn Trường, Phường Dịch Vọng Hậu, Quận Cầu Giấy, Hà Nội",47,Phố Phan Văn Trường,P Dich Vong Hau,Quận Cầu Giấy,Hà Nội,47,Phố Phan Văn Trường,Phường Dịch Vọng Hậu,Quận Cầu Giấy,Hà Nội,cu,vua,viet_tat|bo_dau|dinh_dang_phan_cach,3,42,synthetic_from_verified_osm
N00573,17; Phố Khúc Hạo; Phường Ba Đình; Thành phố Hà Nội,"17, Phố Khúc Hạo, Phường Ba Đình, Thành phố Hà Nội",17,Phố Khúc Hạo,Phường Ba Đình,,Thành phố Hà Nội,17,Phố Khúc Hạo,Phường Ba Đình,,Thành phố Hà Nội,moi,nhe,dinh_dang_phan_cach,1,42,synthetic_from_verified_osm
N00574,"10,Phố Bà Huyện Thanh Quan,Phường Ba Đình,Thành phố Hà Nội","10, Phố Bà Huyện Thanh Quan, Phường Ba Đình, Thành phố Hà Nội",10,Phố Bà Huyện Thanh Quan,Phường Ba Đình,,Thành phố Hà Nội,10,Phố Bà Huyện Thanh Quan,Phường Ba Đình,,Thành phố Hà Nội,moi,nhe,dinh_dang_phan_cach,1,42,synthetic_from_verified_osm
N00575,"18B,Phố Lê Hồng Phong,Phường Ba Đình,Thành phố Hà Nội","18B, Phố Lê Hồng Phong, Phường Ba Đình, Thành phố Hà Nội",18B,Phố Lê Hồng Phong,Phường Ba Đình,,Thành phố Hà Nội,18B,Phố Lê Hồng Phong,Phường Ba Đình,,Thành phố Hà Nội,moi,nhe,dinh_dang_phan_cach,1,42,synthetic_from_verified_osm
N00576,29; Ngõ 3 Phạm Tuấn Tài; P Dịch Vọng Hậu; Q.Cầu Giấy; Hà Nội,"29, Ngõ 3 Phạm Tuấn Tài, Phường Dịch Vọng Hậu, Quận Cầu Giấy, Hà Nội",29,Ngõ 3 Phạm Tuấn Tài,P Dịch Vọng Hậu,Q.Cầu Giấy,Hà Nội,29,Ngõ 3 Phạm Tuấn Tài,Phường Dịch Vọng Hậu,Quận Cầu Giấy,Hà Nội,cu,nhe,viet_tat|dinh_dang_phan_cach,2,42,synthetic_from_verified_osm
N00577,Ngõ 1 Phạm Tuấn Tà1; Dịch Vọng Hậu; Quan Cau Giay; Hà Nội,"64, Ngõ 1 Phạm Tuấn Tài, Phường Dịch Vọng Hậu, Quận Cầu Giấy, Hà Nội",,Ngõ 1 Phạm Tuấn Tà1,Dịch Vọng Hậu,Quan Cau Giay,Hà Nội,64,Ngõ 1 Phạm Tuấn Tài,Phường Dịch Vọng Hậu,Quận Cầu Giấy,Hà Nội,cu,nang,viet_tat|bo_dau|thieu_SoNha|loi_ocr_ky_tu|dinh_dang_phan_cach,5,42,synthetic_from_verified_osm
N00578,1 - Ngach 238/29 Hoang Quoc Viet - Cổ Nhuế 1 - Quận Bắc Từ Liêm - TP. Hà Nội,"1, Ngách 238/29 Hoàng Quốc Việt, Phường Cổ Nhuế 1, Quận Bắc Từ Liêm, Hà Nội",1,Ngach 238/29 Hoang Quoc Viet,Cổ Nhuế 1,Quận Bắc Từ Liêm,TP. Hà Nội,1,Ngách 238/29 Hoàng Quốc Việt,Phường Cổ Nhuế 1,Quận Bắc Từ Liêm,Hà Nội,cu,vua,viet_tat|bo_dau|dinh_dang_phan_cach,3,42,synthetic_from_verified_osm
N00579,NT18-20; Ngọc Trai 18; Da T0n; Gia Lâm; Hà Nội,"NT18-20, Ngọc Trai 18, Đa Tốn, Gia Lâm, Hà Nội",NT18-20,Ngọc Trai 18,Da T0n,Gia Lâm,Hà Nội,NT18-20,Ngọc Trai 18,Đa Tốn,Gia Lâm,Hà Nội,cu,nang,bo_dau|loi_ocr_ky_tu|dinh_dang_phan_cach,3,42,synthetic_from_verified_osm
N00580,25; Phố Phùng Hưng; Phường Hàng Mã; Q. Hoàn Kiếm; Hà Nội,"25, Phố Phùng Hưng, Phường Hàng Mã, Quận Hoàn Kiếm, Hà Nội",25,Phố Phùng Hưng,Phường Hàng Mã,Q. Hoàn Kiếm,Hà Nội,25,Phố Phùng Hưng,Phường Hàng Mã,Quận Hoàn Kiếm,Hà Nội,cu,vua,viet_tat|dinh_dang_phan_cach,2,42,synthetic_from_verified_osm
N00581,20 - Phố Ông Ích Khiêm - P Ba Đình - Thanh pho Ha Noi,"20, Phố Ông Ích Khiêm, Phường Ba Đình, Thành phố Hà Nội",20,Phố Ông Ích Khiêm,P Ba Đình,,Thanh pho Ha Noi,20,Phố Ông Ích Khiêm,Phường Ba Đình,,Thành phố Hà Nội,moi,vua,viet_tat|bo_dau|dinh_dang_phan_cach,3,42,synthetic_from_verified_osm
N00582,10 - Đường Mỹ Phú 1B - Tân Phú - Thanh pho Ho Chi Minh,"10, Đường Mỹ Phú 1B, Phường Tân Phú, Thành phố Hồ Chí Minh",10,Đường Mỹ Phú 1B,Tân Phú,,Thanh pho Ho Chi Minh,10,Đường Mỹ Phú 1B,Phường Tân Phú,,Thành phố Hồ Chí Minh,moi,nang,viet_tat|bo_dau|dinh_dang_phan_cach,3,42,synthetic_from_verified_osm
N00583,Đường Thân Nhân Trung - Phuong Viet Yen - Tỉnh Bắc Ninh,"462, Đường Thân Nhân Trung, Phường Việt Yên, Tỉnh Bắc Ninh",,Đường Thân Nhân Trung,Phuong Viet Yen,,Tỉnh Bắc Ninh,462,Đường Thân Nhân Trung,Phường Việt Yên,,Tỉnh Bắc Ninh,moi,nang,bo_dau|thieu_SoNha|dao_thu_tu_hanh_chinh|dinh_dang_phan_cach,4,42,synthetic_from_verified_osm
N00584,"14,Phố Tràng Tiền,Tràng Tiền,Hoàn Kiếm,Hà Nội","14, Phố Tràng Tiền, Tràng Tiền, Hoàn Kiếm, Hà Nội",14,Phố Tràng Tiền,Tràng Tiền,Hoàn Kiếm,Hà Nội,14,Phố Tràng Tiền,Tràng Tiền,Hoàn Kiếm,Hà Nội,cu,vua,dinh_dang_phan_cach,1,42,synthetic_from_verified_osm
N00585,"253,Hoàng Văn Thụ,Phường 2,Tân Bình,Thành phố Hồ Chí Minh","253, Hoàng Văn Thụ, Phường 2, Tân Bình, Thành phố Hồ Chí Minh",253,Hoàng Văn Thụ,Phường 2,Tân Bình,Thành phố Hồ Chí Minh,253,Hoàng Văn Thụ,Phường 2,Tân Bình,Thành phố Hồ Chí Minh,cu,nhe,dinh_dang_phan_cach,1,42,synthetic_from_verified_osm
N00586,90/4/6; Trần Văn Ơn; P.Tan Son Nhi; Thành phố Hồ Chí Minh,"90/4/6, Trần Văn Ơn, Phường Tân Sơn Nhì, Thành phố Hồ Chí Minh",90/4/6,Trần Văn Ơn,P.Tan Son Nhi,,Thành phố Hồ Chí Minh,90/4/6,Trần Văn Ơn,Phường Tân Sơn Nhì,,Thành phố Hồ Chí Minh,moi,nang,viet_tat|bo_dau|dinh_dang_phan_cach,3,42,synthetic_from_verified_osm
N00587,"10,Đường Trương Định,Phuong Lieu,Tỉnh Bắc Ninh","10, Đường Trương Định, Phường Phương Liễu, Tỉnh Bắc Ninh",10,Đường Trương Định,Phuong Lieu,,Tỉnh Bắc Ninh,10,Đường Trương Định,Phường Phương Liễu,,Tỉnh Bắc Ninh,moi,vua,viet_tat|bo_dau|dinh_dang_phan_cach,3,42,synthetic_from_verified_osm
N00588,"66,Phố Phúc La,Phúc La,Hà Đông,Hà Nội","66, Phố Phúc La, Phúc La, Hà Đông, Hà Nội",66,Phố Phúc La,Phúc La,Hà Đông,Hà Nội,66,Phố Phúc La,Phúc La,Hà Đông,Hà Nội,cu,nhe,dinh_dang_phan_cach,1,42,synthetic_from_verified_osm
N00589,"4,Đường Phúc Sơn,Phường Vũ Ninh,Bắc Ninh","4, Đường Phúc Sơn, Phường Vũ Ninh, Tỉnh Bắc Ninh",4,Đường Phúc Sơn,Phường Vũ Ninh,,Bắc Ninh,4,Đường Phúc Sơn,Phường Vũ Ninh,,Tỉnh Bắc Ninh,moi,nhe,viet_tat|dinh_dang_phan_cach,2,42,synthetic_from_verified_osm
N00590,"51,Đường Lý Thường Kiệt,P. Vũ Ninh,Tỉnh Bắc Ninh","51, Đường Lý Thường Kiệt, Phường Vũ Ninh, Tỉnh Bắc Ninh",51,Đường Lý Thường Kiệt,P. Vũ Ninh,,Tỉnh Bắc Ninh,51,Đường Lý Thường Kiệt,Phường Vũ Ninh,,Tỉnh Bắc Ninh,moi,nhe,viet_tat|dinh_dang_phan_cach,2,42,synthetic_from_verified_osm
N00591,"81,Phố Phan Văn Trường,Quận Cầu Giấy,Dịch Vọng Hậu,Ha Noi","81, Phố Phan Văn Trường, Phường Dịch Vọng Hậu, Quận Cầu Giấy, Hà Nội",81,Phố Phan Văn Trường,Dịch Vọng Hậu,Quận Cầu Giấy,Ha Noi,81,Phố Phan Văn Trường,Phường Dịch Vọng Hậu,Quận Cầu Giấy,Hà Nội,cu,nang,viet_tat|bo_dau|dao_thu_tu_hanh_chinh|dinh_dang_phan_cach,4,42,synthetic_from_verified_osm
N00592,17 - Đường Nội Khu 04 - Phường Tân Phú - Quận 7 - Thành phố Hồ Chí Minh,"17, Đường Nội Khu 04, Phường Tân Phú, Quận 7, Thành phố Hồ Chí Minh",17,Đường Nội Khu 04,Phường Tân Phú,Quận 7,Thành phố Hồ Chí Minh,17,Đường Nội Khu 04,Phường Tân Phú,Quận 7,Thành phố Hồ Chí Minh,cu,nhe,dinh_dang_phan_cach,1,42,synthetic_from_verified_osm
N00593,16 - Phố Bùi Thị Xuân - Nguyễn Du - Hai Bà Trưng - Hà Nội,"16, Phố Bùi Thị Xuân, Nguyễn Du, Hai Bà Trưng, Hà Nội",16,Phố Bùi Thị Xuân,Nguyễn Du,Hai Bà Trưng,Hà Nội,16,Phố Bùi Thị Xuân,Nguyễn Du,Hai Bà Trưng,Hà Nội,cu,nhe,dinh_dang_phan_cach,1,42,synthetic_from_verified_osm
N00594,"80,Ngõ 1 Phạm Tuấn Tài,P. Dịch Vọng Hậu,Quận Cầu Giấy,Ha Noi","80, Ngõ 1 Phạm Tuấn Tài, Phường Dịch Vọng Hậu, Quận Cầu Giấy, Hà Nội",80,Ngõ 1 Phạm Tuấn Tài,P. Dịch Vọng Hậu,Quận Cầu Giấy,Ha Noi,80,Ngõ 1 Phạm Tuấn Tài,Phường Dịch Vọng Hậu,Quận Cầu Giấy,Hà Nội,cu,vua,viet_tat|bo_dau|dinh_dang_phan_cach,3,42,synthetic_from_verified_osm
N00595,200; Ngõ Xã Đàn 2; Nam Đồng; Đống Đa; TP.HN,"200, Ngõ Xã Đàn 2, Nam Đồng, Đống Đa, Hà Nội",200,Ngõ Xã Đàn 2,Nam Đồng,Đống Đa,TP.HN,200,Ngõ Xã Đàn 2,Nam Đồng,Đống Đa,Hà Nội,cu,nhe,viet_tat|dinh_dang_phan_cach,2,42,synthetic_from_verified_osm
N00596,370; Nguyễn Văn Quỳ; Quận 7; Thanh pho Ho Chi Minh; Phú Thuận,"370, Nguyễn Văn Quỳ, Phú Thuận, Quận 7, Thành phố Hồ Chí Minh",370,Nguyễn Văn Quỳ,Phú Thuận,Quận 7,Thanh pho Ho Chi Minh,370,Nguyễn Văn Quỳ,Phú Thuận,Quận 7,Thành phố Hồ Chí Minh,cu,nang,bo_dau|dao_thu_tu_hanh_chinh|dinh_dang_phan_cach,3,42,synthetic_from_verified_osm
N00597,15 - Ngách 5/87 Hoàng Quốc Việt - P Nghĩa Đô - Quận Cầu Giấy - TP.HN,"15, Ngách 5/87 Hoàng Quốc Việt, Phường Nghĩa Đô, Quận Cầu Giấy, Hà Nội",15,Ngách 5/87 Hoàng Quốc Việt,P Nghĩa Đô,Quận Cầu Giấy,TP.HN,15,Ngách 5/87 Hoàng Quốc Việt,Phường Nghĩa Đô,Quận Cầu Giấy,Hà Nội,cu,vua,viet_tat|dinh_dang_phan_cach,2,42,synthetic_from_verified_osm
N00598,"1,Phạm Huy Thông,Ngọc Khánh,Ba Đình,TP. Hà Nội","1, Phạm Huy Thông, Ngọc Khánh, Ba Đình, Hà Nội",1,Phạm Huy Thông,Ngọc Khánh,Ba Đình,TP. Hà Nội,1,Phạm Huy Thông,Ngọc Khánh,Ba Đình,Hà Nội,cu,nhe,viet_tat|dinh_dang_phan_cach,2,42,synthetic_from_verified_osm
N00599,3 - Phố Đặng Thùy Trâm - Cổ Nhuế 1 - Q. Bắc Từ Liêm - Hà Nội,"3, Phố Đặng Thùy Trâm, Phường Cổ Nhuế 1, Quận Bắc Từ Liêm, Hà Nội",3,Phố Đặng Thùy Trâm,Cổ Nhuế 1,Q. Bắc Từ Liêm,Hà Nội,3,Phố Đặng Thùy Trâm,Phường Cổ Nhuế 1,Quận Bắc Từ Liêm,Hà Nội,cu,nhe,viet_tat|dinh_dang_phan_cach,2,42,synthetic_from_verified_osm
N00600,71; Đường Âu Cơ; Phường Thuận Thành; Tỉnh Bắc Ninh,"71, Đường Âu Cơ, Phường Thuận Thành, Tỉnh Bắc Ninh",71,Đường Âu Cơ,Phường Thuận Thành,,Tỉnh Bắc Ninh,71,Đường Âu Cơ,Phường Thuận Thành,,Tỉnh Bắc Ninh,moi,nhe,dinh_dang_phan_cach,1,42,synthetic_from_verified_osm
N00601,28 - Đường Điện Biên Phủ - Phường Ba Đình - Thành phố Hà Nội,"28, Đường Điện Biên Phủ, Phường Ba Đình, Thành phố Hà Nội",28,Đường Điện Biên Phủ,Phường Ba Đình,,Thành phố Hà Nội,28,Đường Điện Biên Phủ,Phường Ba Đình,,Thành phố Hà Nội,moi,vua,dinh_dang_phan_cach,1,42,synthetic_from_verified_osm
N00602,191; Đường La Thành; Láng Thượng; Đống Đa; Hà Nội,"191, Đường La Thành, Láng Thượng, Đống Đa, Hà Nội",191,Đường La Thành,Láng Thượng,Đống Đa,Hà Nội,191,Đường La Thành,Láng Thượng,Đống Đa,Hà Nội,cu,nhe,dinh_dang_phan_cach,1,42,synthetic_from_verified_osm
N00603,828; Đường Đàm Văn Tiết; P Nam Sơn; T. Bắc Ninh,"828, Đường Đàm Văn Tiết, Phường Nam Sơn, Tỉnh Bắc Ninh",828,Đường Đàm Văn Tiết,P Nam Sơn,,T. Bắc Ninh,828,Đường Đàm Văn Tiết,Phường Nam Sơn,,Tỉnh Bắc Ninh,moi,vua,viet_tat|dinh_dang_phan_cach,2,42,synthetic_from_verified_osm
N00604,16; Phố Lê Phụng Hiểu; Tràng Tiền; Hoàn Kiếm; Hà Nội,"16, Phố Lê Phụng Hiểu, Tràng Tiền, Hoàn Kiếm, Hà Nội",16,Phố Lê Phụng Hiểu,Tràng Tiền,Hoàn Kiếm,Hà Nội,16,Phố Lê Phụng Hiểu,Tràng Tiền,Hoàn Kiếm,Hà Nội,cu,vua,dinh_dang_phan_cach,1,42,synthetic_from_verified_osm
N00605,108; Đường Khả Lễ; P.Võ Cường; Tỉnh Bắc Ninh,"108, Đường Khả Lễ, Phường Võ Cường, Tỉnh Bắc Ninh",108,Đường Khả Lễ,P.Võ Cường,,Tỉnh Bắc Ninh,108,Đường Khả Lễ,Phường Võ Cường,,Tỉnh Bắc Ninh,moi,vua,viet_tat|dinh_dang_phan_cach,2,42,synthetic_from_verified_osm
N00606,215; Duong Le Phung Hieu; P. Kinh Bắc; T. Bắc Ninh,"215, Đường Lê Phụng Hiểu, Phường Kinh Bắc, Tỉnh Bắc Ninh",215,Duong Le Phung Hieu,P. Kinh Bắc,,T. Bắc Ninh,215,Đường Lê Phụng Hiểu,Phường Kinh Bắc,,Tỉnh Bắc Ninh,moi,vua,viet_tat|bo_dau|dinh_dang_phan_cach,3,42,synthetic_from_verified_osm
N00607,328 - Đường Nguyễn Trãi - thanh xuân trung - Thanh Xuân - Hà Nội,"328, Đường Nguyễn Trãi, thanh xuân trung, Thanh Xuân, Hà Nội",328,Đường Nguyễn Trãi,thanh xuân trung,Thanh Xuân,Hà Nội,328,Đường Nguyễn Trãi,thanh xuân trung,Thanh Xuân,Hà Nội,cu,vua,dinh_dang_phan_cach,1,42,synthetic_from_verified_osm
N00608,3 - Ngách 234/17 Hoàng Quốc Việt - Phường Cổ Nhuế 1 - Quận Bắc Từ Liêm - HN,"3, Ngách 234/17 Hoàng Quốc Việt, Phường Cổ Nhuế 1, Quận Bắc Từ Liêm, Hà Nội",3,Ngách 234/17 Hoàng Quốc Việt,Phường Cổ Nhuế 1,Quận Bắc Từ Liêm,HN,3,Ngách 234/17 Hoàng Quốc Việt,Phường Cổ Nhuế 1,Quận Bắc Từ Liêm,Hà Nội,cu,vua,viet_tat|dinh_dang_phan_cach,2,42,synthetic_from_verified_osm
N00609,"47,Đường Hữu Chấp,Phường Kinh Bắc,Tỉnh Bắc Ninh","47, Đường Hữu Chấp, Phường Kinh Bắc, Tỉnh Bắc Ninh",47,Đường Hữu Chấp,Phường Kinh Bắc,,Tỉnh Bắc Ninh,47,Đường Hữu Chấp,Phường Kinh Bắc,,Tỉnh Bắc Ninh,moi,vua,dinh_dang_phan_cach,1,42,synthetic_from_verified_osm
N00610,4 - Đường Nguyễn Khắc Viện - Phường Tân Phú - Quận 7 - TPHCM,"4, Đường Nguyễn Khắc Viện, Phường Tân Phú, Quận 7, Thành phố Hồ Chí Minh",4,Đường Nguyễn Khắc Viện,Phường Tân Phú,Quận 7,TPHCM,4,Đường Nguyễn Khắc Viện,Phường Tân Phú,Quận 7,Thành phố Hồ Chí Minh,cu,vua,viet_tat|dinh_dang_phan_cach,2,42,synthetic_from_verified_osm
N00611,05; Đường Ỷ Lan Nguyên Phi; Hòa Cường Bắc; Hải Châu; Đà Nẵng,"05, Đường Ỷ Lan Nguyên Phi, Hòa Cường Bắc, Hải Châu, Đà Nẵng",05,Đường Ỷ Lan Nguyên Phi,Hòa Cường Bắc,Hải Châu,Đà Nẵng,05,Đường Ỷ Lan Nguyên Phi,Hòa Cường Bắc,Hải Châu,Đà Nẵng,cu,vua,dinh_dang_phan_cach,1,42,synthetic_from_verified_osm
N00612,390; Phố Xã Đàn; Dong Da; TP.HN,"390, Phố Xã Đàn, Nam Đồng, Đống Đa, Hà Nội",390,Phố Xã Đàn,,Dong Da,TP.HN,390,Phố Xã Đàn,Nam Đồng,Đống Đa,Hà Nội,cu,nang,viet_tat|bo_dau|thieu_PhuongXa|dinh_dang_phan_cach,4,42,synthetic_from_verified_osm
N00613,50; Phố Tuệ Tĩnh; Nguyễn Du; Hai Bà Trưng; Hà Nội,"50, Phố Tuệ Tĩnh, Nguyễn Du, Hai Bà Trưng, Hà Nội",50,Phố Tuệ Tĩnh,Nguyễn Du,Hai Bà Trưng,Hà Nội,50,Phố Tuệ Tĩnh,Nguyễn Du,Hai Bà Trưng,Hà Nội,cu,nhe,dinh_dang_phan_cach,1,42,synthetic_from_verified_osm
N00614,31; Ngõ 28 Ông Ích Khiêm; Ba Đình; TP.HN,"31, Ngõ 28 Ông Ích Khiêm, Phường Ba Đình, Thành phố Hà Nội",31,Ngõ 28 Ông Ích Khiêm,Ba Đình,,TP.HN,31,Ngõ 28 Ông Ích Khiêm,Phường Ba Đình,,Thành phố Hà Nội,moi,vua,viet_tat|dinh_dang_phan_cach,2,42,synthetic_from_verified_osm
N00615,132; Cộng Hòa; Phường 4; Tan Binh; Thành phố Hồ Chí Minh,"132, Cộng Hòa, Phường 4, Tân Bình, Thành phố Hồ Chí Minh",132,Cộng Hòa,Phường 4,Tan Binh,Thành phố Hồ Chí Minh,132,Cộng Hòa,Phường 4,Tân Bình,Thành phố Hồ Chí Minh,cu,vua,bo_dau|dinh_dang_phan_cach,2,42,synthetic_from_verified_osm
N00616,73 - Phố Lương Định Của - P.Phương Liễu - Bắc Ninh,"73, Phố Lương Định Của, Phường Phương Liễu, Tỉnh Bắc Ninh",73,Phố Lương Định Của,P.Phương Liễu,,Bắc Ninh,73,Phố Lương Định Của,Phường Phương Liễu,,Tỉnh Bắc Ninh,moi,nhe,viet_tat|dinh_dang_phan_cach,2,42,synthetic_from_verified_osm
N00617,938 - Đường Thiên Đức - Phường Kinh Bắc - Bac Ninh,"938, Đường Thiên Đức, Phường Kinh Bắc, Tỉnh Bắc Ninh",938,Đường Thiên Đức,Phường Kinh Bắc,,Bac Ninh,938,Đường Thiên Đức,Phường Kinh Bắc,,Tỉnh Bắc Ninh,moi,vua,viet_tat|bo_dau|dinh_dang_phan_cach,3,42,synthetic_from_verified_osm
N00618,315; Nguyễn Văn Linh; An Khánh; Cần Thơ,"315, Nguyễn Văn Linh, An Khánh, Ninh Kiều, Cần Thơ",315,Nguyễn Văn Linh,An Khánh,,Cần Thơ,315,Nguyễn Văn Linh,An Khánh,Ninh Kiều,Cần Thơ,cu,nang,bo_dau|thieu_QuanHuyen|dinh_dang_phan_cach,3,42,synthetic_from_verified_osm
N00619,1452; Đường Nguyễn Trãi; Phường Hạp Lĩnh; Bắc Ninh,"1452, Đường Nguyễn Trãi, Phường Hạp Lĩnh, Tỉnh Bắc Ninh",1452,Đường Nguyễn Trãi,Phường Hạp Lĩnh,,Bắc Ninh,1452,Đường Nguyễn Trãi,Phường Hạp Lĩnh,,Tỉnh Bắc Ninh,moi,vua,viet_tat|dinh_dang_phan_cach,2,42,synthetic_from_verified_osm
N00620,208; Phạm Thái Bường; Tân Hưng; Thành phố Hồ Chí Minh,"208, Phạm Thái Bường, Phường Tân Hưng, Thành phố Hồ Chí Minh",208,Phạm Thái Bường,Tân Hưng,,Thành phố Hồ Chí Minh,208,Phạm Thái Bường,Phường Tân Hưng,,Thành phố Hồ Chí Minh,moi,vua,viet_tat|dinh_dang_phan_cach,2,42,synthetic_from_verified_osm
N00621,02; Đường Nội Khu Mỹ Phú 3B; Tân Phú; Quan 7; Thành phố Hồ Chí Minh,"02, Đường Nội Khu Mỹ Phú 3B, Tân Phú, Quận 7, Thành phố Hồ Chí Minh",02,Đường Nội Khu Mỹ Phú 3B,Tân Phú,Quan 7,Thành phố Hồ Chí Minh,02,Đường Nội Khu Mỹ Phú 3B,Tân Phú,Quận 7,Thành phố Hồ Chí Minh,cu,nang,bo_dau|dao_thu_tu_hanh_chinh|dinh_dang_phan_cach,3,42,synthetic_from_verified_osm
N00622,1; Đường Ngô Sĩ Liên; Phường Kinh Bắc; T.Bắc Ninh,"1, Đường Ngô Sĩ Liên, Phường Kinh Bắc, Tỉnh Bắc Ninh",1,Đường Ngô Sĩ Liên,Phường Kinh Bắc,,T.Bắc Ninh,1,Đường Ngô Sĩ Liên,Phường Kinh Bắc,,Tỉnh Bắc Ninh,moi,nhe,viet_tat|dinh_dang_phan_cach,2,42,synthetic_from_verified_osm
N00623,24 - Đường Phúc Sơn - P Vũ Ninh - Bắc Ninh,"24, Đường Phúc Sơn, Phường Vũ Ninh, Tỉnh Bắc Ninh",24,Đường Phúc Sơn,P Vũ Ninh,,Bắc Ninh,24,Đường Phúc Sơn,Phường Vũ Ninh,,Tỉnh Bắc Ninh,moi,nhe,viet_tat|dinh_dang_phan_cach,2,42,synthetic_from_verified_osm
N00624,2C - Đường Phù Đổng Thiên Vương - P Suối Hoa - Thành phố Bắc Ninh - Bắc Ninh,"2C, Đường Phù Đổng Thiên Vương, Phường Suối Hoa, Thành phố Bắc Ninh, Bắc Ninh",2C,Đường Phù Đổng Thiên Vương,P Suối Hoa,Thành phố Bắc Ninh,Bắc Ninh,2C,Đường Phù Đổng Thiên Vương,Phường Suối Hoa,Thành phố Bắc Ninh,Bắc Ninh,cu,nhe,viet_tat|dinh_dang_phan_cach,2,42,synthetic_from_verified_osm
N00625,Phố Nguyễn Thái Học; P.Dien B1en; Đống Đa; TP. Hà Nội,"50, Phố Nguyễn Thái Học, Phường Điện Biên, Đống Đa, Hà Nội",,Phố Nguyễn Thái Học,P.Dien B1en,Đống Đa,TP. Hà Nội,50,Phố Nguyễn Thái Học,Phường Điện Biên,Đống Đa,Hà Nội,cu,nang,viet_tat|bo_dau|thieu_SoNha|loi_ocr_ky_tu|dao_thu_tu_hanh_chinh|dinh_dang_phan_cach,6,42,synthetic_from_verified_osm
N00626,28 - Phố Ngô Miễn Thiệu - P Kinh Bắc - Tỉnh Bắc Ninh,"28, Phố Ngô Miễn Thiệu, Phường Kinh Bắc, Tỉnh Bắc Ninh",28,Phố Ngô Miễn Thiệu,P Kinh Bắc,,Tỉnh Bắc Ninh,28,Phố Ngô Miễn Thiệu,Phường Kinh Bắc,,Tỉnh Bắc Ninh,moi,nhe,viet_tat|dinh_dang_phan_cach,2,42,synthetic_from_verified_osm
N00627,44; Nguyễn Du; Tân An; Ninh Kiều; Can Tho,"44, Nguyễn Du, Tân An, Ninh Kiều, Cần Thơ",44,Nguyễn Du,Tân An,Ninh Kiều,Can Tho,44,Nguyễn Du,Tân An,Ninh Kiều,Cần Thơ,cu,vua,bo_dau|dinh_dang_phan_cach,2,42,synthetic_from_verified_osm
N00628,"65,Đường Bà Chúa Kho,Phuong Vu Ninh,T Bắc Ninh","65, Đường Bà Chúa Kho, Phường Vũ Ninh, Tỉnh Bắc Ninh",65,Đường Bà Chúa Kho,Phuong Vu Ninh,,T Bắc Ninh,65,Đường Bà Chúa Kho,Phường Vũ Ninh,,Tỉnh Bắc Ninh,moi,vua,viet_tat|bo_dau|dinh_dang_phan_cach,3,42,synthetic_from_verified_osm
N00629,45; Duong Vu Ninh; Vũ Ninh; Bắc Ninh,"45, Đường Vũ Ninh, Phường Vũ Ninh, Tỉnh Bắc Ninh",45,Duong Vu Ninh,Vũ Ninh,,Bắc Ninh,45,Đường Vũ Ninh,Phường Vũ Ninh,,Tỉnh Bắc Ninh,moi,vua,viet_tat|bo_dau|dinh_dang_phan_cach,3,42,synthetic_from_verified_osm
N00630,"180,Nguyễn Tất Thành,Tân Phú,Tan Phu,Đồng Nai","180, Nguyễn Tất Thành, Tân Phú, Tân Phú, Đồng Nai",180,Nguyễn Tất Thành,Tân Phú,Tan Phu,Đồng Nai,180,Nguyễn Tất Thành,Tân Phú,Tân Phú,Đồng Nai,cu,vua,bo_dau|dinh_dang_phan_cach,2,42,synthetic_from_verified_osm
N00631,25 - Phố Giang Văn Minh - Kim Mã - Ba Đình - HN,"25, Phố Giang Văn Minh, Kim Mã, Ba Đình, Hà Nội",25,Phố Giang Văn Minh,Kim Mã,Ba Đình,HN,25,Phố Giang Văn Minh,Kim Mã,Ba Đình,Hà Nội,cu,nhe,viet_tat|dinh_dang_phan_cach,2,42,synthetic_from_verified_osm
N00632,2; Phố Lương Định Của; Phương Liễu; Tỉnh Bắc Ninh,"2, Phố Lương Định Của, Phường Phương Liễu, Tỉnh Bắc Ninh",2,Phố Lương Định Của,Phương Liễu,,Tỉnh Bắc Ninh,2,Phố Lương Định Của,Phường Phương Liễu,,Tỉnh Bắc Ninh,moi,nhe,viet_tat|dinh_dang_phan_cach,2,42,synthetic_from_verified_osm
N00633,106 - Đường Trần Hưng Đạo - P. Pho Moi - Thị xã Quế Võ - Bắc Ninh,"106, Đường Trần Hưng Đạo, Phường Phố Mới, Thị xã Quế Võ, Bắc Ninh",106,Đường Trần Hưng Đạo,P. Pho Moi,Thị xã Quế Võ,Bắc Ninh,106,Đường Trần Hưng Đạo,Phường Phố Mới,Thị xã Quế Võ,Bắc Ninh,cu,vua,viet_tat|bo_dau|dinh_dang_phan_cach,3,42,synthetic_from_verified_osm
N00634,207; Đường Bà Chúa Kho; Vũ Ninh; Tỉnh Bắc Ninh,"207, Đường Bà Chúa Kho, Phường Vũ Ninh, Tỉnh Bắc Ninh",207,Đường Bà Chúa Kho,Vũ Ninh,,Tỉnh Bắc Ninh,207,Đường Bà Chúa Kho,Phường Vũ Ninh,,Tỉnh Bắc Ninh,moi,nhe,viet_tat|dinh_dang_phan_cach,2,42,synthetic_from_verified_osm
N00635,Ngo 2 Pham Tuan Tai - P. Dịch Vọng Hậu - Hà Nội - Quận Cầu Giấy,"5, Ngõ 2 Phạm Tuấn Tài, Phường Dịch Vọng Hậu, Quận Cầu Giấy, Hà Nội",,Ngo 2 Pham Tuan Tai,P. Dịch Vọng Hậu,Quận Cầu Giấy,Hà Nội,5,Ngõ 2 Phạm Tuấn Tài,Phường Dịch Vọng Hậu,Quận Cầu Giấy,Hà Nội,cu,nang,viet_tat|bo_dau|thieu_SoNha|dao_thu_tu_hanh_chinh|dinh_dang_phan_cach,5,42,synthetic_from_verified_osm
N00636,364; Đường Trần Lựu; P. Vũ Ninh; Bac Ninh,"364, Đường Trần Lựu, Phường Vũ Ninh, Tỉnh Bắc Ninh",364,Đường Trần Lựu,P. Vũ Ninh,,Bac Ninh,364,Đường Trần Lựu,Phường Vũ Ninh,,Tỉnh Bắc Ninh,moi,vua,viet_tat|bo_dau|dinh_dang_phan_cach,3,42,synthetic_from_verified_osm
N00637,5; Đường Gia Long; Trảng Bàng; Trảng Bảng; Tây Ninh,"5, Đường Gia Long, Trảng Bàng, Trảng Bảng, Tây Ninh",5,Đường Gia Long,Trảng Bàng,Trảng Bảng,Tây Ninh,5,Đường Gia Long,Trảng Bàng,Trảng Bảng,Tây Ninh,cu,vua,dinh_dang_phan_cach,1,42,synthetic_from_verified_osm
N00638,"R1-49,Noi Khu Hung G1a 3,Quận 7,Hồ Chí Minh,Tân Phong","R1-49, Nội Khu Hưng Gia 3, Tân Phong, Quận 7, Hồ Chí Minh",R1-49,Noi Khu Hung G1a 3,Tân Phong,Quận 7,Hồ Chí Minh,R1-49,Nội Khu Hưng Gia 3,Tân Phong,Quận 7,Hồ Chí Minh,cu,nang,bo_dau|loi_ocr_ky_tu|dao_thu_tu_hanh_chinh|dinh_dang_phan_cach,4,42,synthetic_from_verified_osm
N00639,04 - Đường Nội Khu 04 - Phường Tân Phú - HCM,"04, Đường Nội Khu 04, Phường Tân Phú, Thành phố Hồ Chí Minh",04,Đường Nội Khu 04,Phường Tân Phú,,HCM,04,Đường Nội Khu 04,Phường Tân Phú,,Thành phố Hồ Chí Minh,moi,vua,viet_tat|dinh_dang_phan_cach,2,42,synthetic_from_verified_osm
N00640,587; Duong Han Thuyen; Phường Võ Cường; Tỉnh Bắc Ninh,"587, Đường Hàn Thuyên, Phường Võ Cường, Tỉnh Bắc Ninh",587,Duong Han Thuyen,Phường Võ Cường,,Tỉnh Bắc Ninh,587,Đường Hàn Thuyên,Phường Võ Cường,,Tỉnh Bắc Ninh,moi,vua,bo_dau|dinh_dang_phan_cach,2,42,synthetic_from_verified_osm
N00641,"153,Phố Mai Hắc Đế,Lê Đại Hành,Hai Bà Trưng,HN","153, Phố Mai Hắc Đế, Lê Đại Hành, Hai Bà Trưng, Hà Nội",153,Phố Mai Hắc Đế,Lê Đại Hành,Hai Bà Trưng,HN,153,Phố Mai Hắc Đế,Lê Đại Hành,Hai Bà Trưng,Hà Nội,cu,vua,viet_tat|dinh_dang_phan_cach,2,42,synthetic_from_verified_osm
N00642,1472; Duong Vo Van Kiet; Phường 3; Hồ Chí Minh,"1472, Đường Võ Văn Kiệt, Phường 3, Quận 6, Hồ Chí Minh",1472,Duong Vo Van Kiet,Phường 3,,Hồ Chí Minh,1472,Đường Võ Văn Kiệt,Phường 3,Quận 6,Hồ Chí Minh,cu,nang,bo_dau|thieu_QuanHuyen|dao_thu_tu_hanh_chinh|dinh_dang_phan_cach,4,42,synthetic_from_verified_osm
N00643,"12,Phố Tôn Thất Thuyết,Phuong Lieu,Thị xã Quế Võ,Bắc Ninh","12, Phố Tôn Thất Thuyết, Phường Phương Liễu, Thị xã Quế Võ, Bắc Ninh",12,Phố Tôn Thất Thuyết,Phuong Lieu,Thị xã Quế Võ,Bắc Ninh,12,Phố Tôn Thất Thuyết,Phường Phương Liễu,Thị xã Quế Võ,Bắc Ninh,cu,vua,viet_tat|bo_dau|dinh_dang_phan_cach,3,42,synthetic_from_verified_osm
N00644,NT02-53 - Ngọc Trai 2 - Đa Tốn - Gia Lâm - Ha Noi,"NT02-53, Ngọc Trai 2, Đa Tốn, Gia Lâm, Hà Nội",NT02-53,Ngọc Trai 2,Đa Tốn,Gia Lâm,Ha Noi,NT02-53,Ngọc Trai 2,Đa Tốn,Gia Lâm,Hà Nội,cu,vua,bo_dau|dinh_dang_phan_cach,2,42,synthetic_from_verified_osm
N00645,"142,Ngõ 95 Phố Vũ Xuân Thiều,Sài Đồng,Long Biên,TP. Hà Nội","142, Ngõ 95 Phố Vũ Xuân Thiều, Sài Đồng, Long Biên, Hà Nội",142,Ngõ 95 Phố Vũ Xuân Thiều,Sài Đồng,Long Biên,TP. Hà Nội,142,Ngõ 95 Phố Vũ Xuân Thiều,Sài Đồng,Long Biên,Hà Nội,cu,nhe,viet_tat|dinh_dang_phan_cach,2,42,synthetic_from_verified_osm
N00646,NT11-12 - Ngọc Trai 11 - G1a Lâm - HN,"NT11-12, Ngọc Trai 11, Đa Tốn, Gia Lâm, Hà Nội",NT11-12,Ngọc Trai 11,,G1a Lâm,HN,NT11-12,Ngọc Trai 11,Đa Tốn,Gia Lâm,Hà Nội,cu,nang,viet_tat|thieu_PhuongXa|loi_ocr_ky_tu|dinh_dang_phan_cach,4,42,synthetic_from_verified_osm
N00647,116-118; Hàng Buồm; Phuong Hoan Kiem; TP.HN,"116-118, Hàng Buồm, Phường Hoàn Kiếm, Thành phố Hà Nội",116-118,Hàng Buồm,Phuong Hoan Kiem,,TP.HN,116-118,Hàng Buồm,Phường Hoàn Kiếm,,Thành phố Hà Nội,moi,vua,viet_tat|bo_dau|dinh_dang_phan_cach,3,42,synthetic_from_verified_osm
N00648,60B - Đường Long Biên 1 - Ngọc Lâm - Long Biên - Hà Nội,"60B, Đường Long Biên 1, Ngọc Lâm, Long Biên, Hà Nội",60B,Đường Long Biên 1,Ngọc Lâm,Long Biên,Hà Nội,60B,Đường Long Biên 1,Ngọc Lâm,Long Biên,Hà Nội,cu,vua,dinh_dang_phan_cach,1,42,synthetic_from_verified_osm
N00649,"15,Trần Bạch Đằng,Phường An Khánh,Thanh pho Ho Chi Minh","15, Trần Bạch Đằng, Phường An Khánh, Thành phố Thủ Đức, Thành phố Hồ Chí Minh",15,Trần Bạch Đằng,Phường An Khánh,,Thanh pho Ho Chi Minh,15,Trần Bạch Đằng,Phường An Khánh,Thành phố Thủ Đức,Thành phố Hồ Chí Minh,cu,nang,bo_dau|thieu_QuanHuyen|dinh_dang_phan_cach,3,42,synthetic_from_verified_osm
N00650,Phượng Khanh; Quốc Lộ 31; Phuong Son; Lục Ngạn; Bắc Giang,"Phượng Khanh, Quốc Lộ 31, Phượng Sơn, Lục Ngạn, Bắc Giang",Phượng Khanh,Quốc Lộ 31,Phuong Son,Lục Ngạn,Bắc Giang,Phượng Khanh,Quốc Lộ 31,Phượng Sơn,Lục Ngạn,Bắc Giang,cu,vua,bo_dau|dinh_dang_phan_cach,2,42,synthetic_from_verified_osm
N00651,"27,Phố Cửa Đông,Phường Hoàn Kiếm,Thành phố Hà Nội","27, Phố Cửa Đông, Phường Hoàn Kiếm, Thành phố Hà Nội",27,Phố Cửa Đông,Phường Hoàn Kiếm,,Thành phố Hà Nội,27,Phố Cửa Đông,Phường Hoàn Kiếm,,Thành phố Hà Nội,moi,nhe,dinh_dang_phan_cach,1,42,synthetic_from_verified_osm
N00652,31 - Đường Hoàng Quốc Việt - Nghia Do - Thành phố Hà Nội,"31, Đường Hoàng Quốc Việt, Phường Nghĩa Đô, Thành phố Hà Nội",31,Đường Hoàng Quốc Việt,Nghia Do,,Thành phố Hà Nội,31,Đường Hoàng Quốc Việt,Phường Nghĩa Đô,,Thành phố Hà Nội,moi,vua,viet_tat|bo_dau|dinh_dang_phan_cach,3,42,synthetic_from_verified_osm
N00653,57 - Phố Nguyễn Văn Trỗi - Từ Sơn - Tỉnh Bắc Ninh,"57, Phố Nguyễn Văn Trỗi, Phường Từ Sơn, Tỉnh Bắc Ninh",57,Phố Nguyễn Văn Trỗi,Từ Sơn,,Tỉnh Bắc Ninh,57,Phố Nguyễn Văn Trỗi,Phường Từ Sơn,,Tỉnh Bắc Ninh,moi,nhe,viet_tat|dinh_dang_phan_cach,2,42,synthetic_from_verified_osm
N00654,số 113; Phố Hoàng Như Tiếp; Bồ Đề; Long Biên; Hà Nội,"số 113, Phố Hoàng Như Tiếp, Bồ Đề, Long Biên, Hà Nội",số 113,Phố Hoàng Như Tiếp,Bồ Đề,Long Biên,Hà Nội,số 113,Phố Hoàng Như Tiếp,Bồ Đề,Long Biên,Hà Nội,cu,nhe,dinh_dang_phan_cach,1,42,synthetic_from_verified_osm
N00655,"14G,Đường Lê Văn Thịnh,Suối Hoa,Thành phố Bắc Ninh,Bắc Ninh","14G, Đường Lê Văn Thịnh, Phường Suối Hoa, Thành phố Bắc Ninh, Bắc Ninh",14G,Đường Lê Văn Thịnh,Suối Hoa,Thành phố Bắc Ninh,Bắc Ninh,14G,Đường Lê Văn Thịnh,Phường Suối Hoa,Thành phố Bắc Ninh,Bắc Ninh,cu,nhe,viet_tat|dinh_dang_phan_cach,2,42,synthetic_from_verified_osm
N00656,NT08-34; Ngọc Trai 8; Đa Tốn; Gia Lâm; Hà Nội,"NT08-34, Ngọc Trai 8, Đa Tốn, Gia Lâm, Hà Nội",NT08-34,Ngọc Trai 8,Đa Tốn,Gia Lâm,Hà Nội,NT08-34,Ngọc Trai 8,Đa Tốn,Gia Lâm,Hà Nội,cu,nhe,dinh_dang_phan_cach,1,42,synthetic_from_verified_osm
N00657,"71,Duong Ly Quoc Su,Bắc Ninh,Võ Cường","71, Đường Lý Quốc Sư, Phường Võ Cường, Tỉnh Bắc Ninh",71,Duong Ly Quoc Su,Võ Cường,,Bắc Ninh,71,Đường Lý Quốc Sư,Phường Võ Cường,,Tỉnh Bắc Ninh,moi,nang,viet_tat|bo_dau|dao_thu_tu_hanh_chinh|dinh_dang_phan_cach,4,42,synthetic_from_verified_osm
N00658,"17A,Phạm Hùng,P. Chánh Hưng,Thành phố Hồ Chí Minh","17A, Phạm Hùng, Phường Chánh Hưng, Thành phố Hồ Chí Minh",17A,Phạm Hùng,P. Chánh Hưng,,Thành phố Hồ Chí Minh,17A,Phạm Hùng,Phường Chánh Hưng,,Thành phố Hồ Chí Minh,moi,nhe,viet_tat|dinh_dang_phan_cach,2,42,synthetic_from_verified_osm
N00659,"14/3,Hẻm 304,Hưng Lợi,Ninh Kiều,Cần Thơ","14/3, Hẻm 304, Hưng Lợi, Ninh Kiều, Cần Thơ",14/3,Hẻm 304,Hưng Lợi,Ninh Kiều,Cần Thơ,14/3,Hẻm 304,Hưng Lợi,Ninh Kiều,Cần Thơ,cu,nhe,dinh_dang_phan_cach,1,42,synthetic_from_verified_osm
N00660,"NT09-17,Ngọc Trai 9,Đa Tốn,Gia Lâm,Hà Nội","NT09-17, Ngọc Trai 9, Đa Tốn, Gia Lâm, Hà Nội",NT09-17,Ngọc Trai 9,Đa Tốn,Gia Lâm,Hà Nội,NT09-17,Ngọc Trai 9,Đa Tốn,Gia Lâm,Hà Nội,cu,nhe,dinh_dang_phan_cach,1,42,synthetic_from_verified_osm
N00661,266; Đường Thụy Khuê; Thụy Khuê; Tây Hồ; TP.HN,"266, Đường Thụy Khuê, Thụy Khuê, Tây Hồ, Hà Nội",266,Đường Thụy Khuê,Thụy Khuê,Tây Hồ,TP.HN,266,Đường Thụy Khuê,Thụy Khuê,Tây Hồ,Hà Nội,cu,vua,viet_tat|dinh_dang_phan_cach,2,42,synthetic_from_verified_osm
N00662,"NT12-06,Ngọc Trai 12,Đa Tốn,Gia Lâm,Ha Noi","NT12-06, Ngọc Trai 12, Đa Tốn, Gia Lâm, Hà Nội",NT12-06,Ngọc Trai 12,Đa Tốn,Gia Lâm,Ha Noi,NT12-06,Ngọc Trai 12,Đa Tốn,Gia Lâm,Hà Nội,cu,vua,bo_dau|dinh_dang_phan_cach,2,42,synthetic_from_verified_osm
N00663,"980,Đường Quang Trung,P.Phố Mới,Thị xã Quế Võ,Bắc Ninh","980, Đường Quang Trung, Phường Phố Mới, Thị xã Quế Võ, Bắc Ninh",980,Đường Quang Trung,P.Phố Mới,Thị xã Quế Võ,Bắc Ninh,980,Đường Quang Trung,Phường Phố Mới,Thị xã Quế Võ,Bắc Ninh,cu,nhe,viet_tat|dinh_dang_phan_cach,2,42,synthetic_from_verified_osm
N00664,70 - Đường Nguyễn Chí Thanh - Láng Thượng - Đống Đa - Hà Nội,"70, Đường Nguyễn Chí Thanh, Láng Thượng, Đống Đa, Hà Nội",70,Đường Nguyễn Chí Thanh,Láng Thượng,Đống Đa,Hà Nội,70,Đường Nguyễn Chí Thanh,Láng Thượng,Đống Đa,Hà Nội,cu,nhe,dinh_dang_phan_cach,1,42,synthetic_from_verified_osm
N00665,"1314,Đường Nguyễn Trãi,Phường Hạp Lĩnh,Tinh Bac Ninh","1314, Đường Nguyễn Trãi, Phường Hạp Lĩnh, Tỉnh Bắc Ninh",1314,Đường Nguyễn Trãi,Phường Hạp Lĩnh,,Tinh Bac Ninh,1314,Đường Nguyễn Trãi,Phường Hạp Lĩnh,,Tỉnh Bắc Ninh,moi,vua,bo_dau|dinh_dang_phan_cach,2,42,synthetic_from_verified_osm
N00666,174; Xô Viết Nghệ Tĩnh; An Hội; Ninh Kiều; Cần Thơ,"174, Xô Viết Nghệ Tĩnh, An Hội, Ninh Kiều, Cần Thơ",174,Xô Viết Nghệ Tĩnh,An Hội,Ninh Kiều,Cần Thơ,174,Xô Viết Nghệ Tĩnh,An Hội,Ninh Kiều,Cần Thơ,cu,vua,dinh_dang_phan_cach,1,42,synthetic_from_verified_osm
N00667,19 - Đường Trần Lựu - Thị Cầu - Thành phố Bắc Ninh - Bac Ninh,"19, Đường Trần Lựu, Thị Cầu, Thành phố Bắc Ninh, Bắc Ninh",19,Đường Trần Lựu,Thị Cầu,Thành phố Bắc Ninh,Bac Ninh,19,Đường Trần Lựu,Thị Cầu,Thành phố Bắc Ninh,Bắc Ninh,cu,vua,bo_dau|dinh_dang_phan_cach,2,42,synthetic_from_verified_osm
N00668,40; Duong Gieng Ngoc; P Kinh Bắc; T.Bắc Ninh,"40, Đường Giếng Ngọc, Phường Kinh Bắc, Tỉnh Bắc Ninh",40,Duong Gieng Ngoc,P Kinh Bắc,,T.Bắc Ninh,40,Đường Giếng Ngọc,Phường Kinh Bắc,,Tỉnh Bắc Ninh,moi,vua,viet_tat|bo_dau|dinh_dang_phan_cach,3,42,synthetic_from_verified_osm
N00669,42; Đường Lê Văn Thịnh; Phường Kinh Bắc; Tinh Bac Ninh,"42, Đường Lê Văn Thịnh, Phường Kinh Bắc, Tỉnh Bắc Ninh",42,Đường Lê Văn Thịnh,Phường Kinh Bắc,,Tinh Bac Ninh,42,Đường Lê Văn Thịnh,Phường Kinh Bắc,,Tỉnh Bắc Ninh,moi,vua,bo_dau|dinh_dang_phan_cach,2,42,synthetic_from_verified_osm
N00670,423; Duong Quang Trung; P.Nhân Hòa; Bắc Ninh,"423, Đường Quang Trung, Phường Nhân Hòa, Tỉnh Bắc Ninh",423,Duong Quang Trung,P.Nhân Hòa,,Bắc Ninh,423,Đường Quang Trung,Phường Nhân Hòa,,Tỉnh Bắc Ninh,moi,vua,viet_tat|bo_dau|dinh_dang_phan_cach,3,42,synthetic_from_verified_osm
N00671,"3,Đường số 4,X Tan Nhut,Thành phố Hồ Chí Minh","3, Đường số 4, Xã Tân Nhựt, Thành phố Hồ Chí Minh",3,Đường số 4,X Tan Nhut,,Thành phố Hồ Chí Minh,3,Đường số 4,Xã Tân Nhựt,,Thành phố Hồ Chí Minh,moi,vua,viet_tat|bo_dau|dinh_dang_phan_cach,3,42,synthetic_from_verified_osm
N00672,132; Phố Dương Văn Bé; Vĩnh Tuy; Hà Nộ1,"132, Phố Dương Văn Bé, Vĩnh Tuy, Hai Bà Trưng, Hà Nội",132,Phố Dương Văn Bé,Vĩnh Tuy,,Hà Nộ1,132,Phố Dương Văn Bé,Vĩnh Tuy,Hai Bà Trưng,Hà Nội,cu,nang,thieu_QuanHuyen|loi_ocr_ky_tu|dinh_dang_phan_cach,3,42,synthetic_from_verified_osm
N00673,"212B/D68,Hẻm 212B Nguyễn Trãi,Thành phố Hồ Chí Minh,Phuong Cau Ong Lanh","212B/D68, Hẻm 212B Nguyễn Trãi, Phường Cầu Ông Lãnh, Thành phố Hồ Chí Minh",212B/D68,Hẻm 212B Nguyễn Trãi,Phuong Cau Ong Lanh,,Thành phố Hồ Chí Minh,212B/D68,Hẻm 212B Nguyễn Trãi,Phường Cầu Ông Lãnh,,Thành phố Hồ Chí Minh,moi,nang,bo_dau|dao_thu_tu_hanh_chinh|dinh_dang_phan_cach,3,42,synthetic_from_verified_osm
N00674,76; Đường Hoàng Quốc Việt; P.Thị Cầu; Thanh pho Bac Ninh; Bắc Ninh,"76, Đường Hoàng Quốc Việt, Phường Thị Cầu, Thành phố Bắc Ninh, Bắc Ninh",76,Đường Hoàng Quốc Việt,P.Thị Cầu,Thanh pho Bac Ninh,Bắc Ninh,76,Đường Hoàng Quốc Việt,Phường Thị Cầu,Thành phố Bắc Ninh,Bắc Ninh,cu,vua,viet_tat|bo_dau|dinh_dang_phan_cach,3,42,synthetic_from_verified_osm
N00675,799 - Hoàng Sa - P. Nhiêu Lộc - TPHCM,"799, Hoàng Sa, Phường Nhiêu Lộc, Thành phố Hồ Chí Minh",799,Hoàng Sa,P. Nhiêu Lộc,,TPHCM,799,Hoàng Sa,Phường Nhiêu Lộc,,Thành phố Hồ Chí Minh,moi,nhe,viet_tat|dinh_dang_phan_cach,2,42,synthetic_from_verified_osm
N00676,36D; Phố Đội Cấn; Phường Đội Cấn; Quan Ba D1nh; HN,"36D, Phố Đội Cấn, Phường Đội Cấn, Quận Ba Đình, Hà Nội",36D,Phố Đội Cấn,Phường Đội Cấn,Quan Ba D1nh,HN,36D,Phố Đội Cấn,Phường Đội Cấn,Quận Ba Đình,Hà Nội,cu,nang,viet_tat|bo_dau|loi_ocr_ky_tu|dao_thu_tu_hanh_chinh|dinh_dang_phan_cach,5,42,synthetic_from_verified_osm
N00677,18-19 - Đường 2 Tháng 9 - P.Bình Hiên - Quan Hai Chau - Đà Nẵng,"18-19, Đường 2 Tháng 9, Phường Bình Hiên, Quận Hải Châu, Đà Nẵng",18-19,Đường 2 Tháng 9,P.Bình Hiên,Quan Hai Chau,Đà Nẵng,18-19,Đường 2 Tháng 9,Phường Bình Hiên,Quận Hải Châu,Đà Nẵng,cu,vua,viet_tat|bo_dau|dinh_dang_phan_cach,3,42,synthetic_from_verified_osm
N00678,54; Phố Nguyễn Bỉnh Khiêm; Lê Đại Hành; Hai Bà Trưng; Hà Nội,"54, Phố Nguyễn Bỉnh Khiêm, Lê Đại Hành, Hai Bà Trưng, Hà Nội",54,Phố Nguyễn Bỉnh Khiêm,Lê Đại Hành,Hai Bà Trưng,Hà Nội,54,Phố Nguyễn Bỉnh Khiêm,Lê Đại Hành,Hai Bà Trưng,Hà Nội,cu,nhe,dinh_dang_phan_cach,1,42,synthetic_from_verified_osm
N00679,"48,Đường Thụy Khuê,Thụy Khuê,Tây Hồ,TP. Hà Nội","48, Đường Thụy Khuê, Thụy Khuê, Tây Hồ, Hà Nội",48,Đường Thụy Khuê,Thụy Khuê,Tây Hồ,TP. Hà Nội,48,Đường Thụy Khuê,Thụy Khuê,Tây Hồ,Hà Nội,cu,nhe,viet_tat|dinh_dang_phan_cach,2,42,synthetic_from_verified_osm
N00680,191 - Phố Xã Đàn - Nam Đồng - Đống Đa - Hà Nội,"191, Phố Xã Đàn, Nam Đồng, Đống Đa, Hà Nội",191,Phố Xã Đàn,Nam Đồng,Đống Đa,Hà Nội,191,Phố Xã Đàn,Nam Đồng,Đống Đa,Hà Nội,cu,nhe,dinh_dang_phan_cach,1,42,synthetic_from_verified_osm
N00681,189-191 - Đường Tôn Dật Tiên - Phú Mỹ Hưng - Quận 7 - Hồ Chí Minh,"189-191, Đường Tôn Dật Tiên, Phú Mỹ Hưng, Quận 7, Hồ Chí Minh",189-191,Đường Tôn Dật Tiên,Phú Mỹ Hưng,Quận 7,Hồ Chí Minh,189-191,Đường Tôn Dật Tiên,Phú Mỹ Hưng,Quận 7,Hồ Chí Minh,cu,nhe,dinh_dang_phan_cach,1,42,synthetic_from_verified_osm
N00682,10 - Pho Tan Hung - Phường Từ Sơn - Tỉnh Bắc Ninh,"10, Phố Tân Hưng, Phường Từ Sơn, Tỉnh Bắc Ninh",10,Pho Tan Hung,Phường Từ Sơn,,Tỉnh Bắc Ninh,10,Phố Tân Hưng,Phường Từ Sơn,,Tỉnh Bắc Ninh,moi,vua,bo_dau|dinh_dang_phan_cach,2,42,synthetic_from_verified_osm
N00683,1 - Phố Hạ - Từ Sơn - Bắc Ninh,"1, Phố Hạ, Phường Từ Sơn, Tỉnh Bắc Ninh",1,Phố Hạ,Từ Sơn,,Bắc Ninh,1,Phố Hạ,Phường Từ Sơn,,Tỉnh Bắc Ninh,moi,nhe,viet_tat|dinh_dang_phan_cach,2,42,synthetic_from_verified_osm
N00684,38; Đường Lê Thái Tổ; P Võ Cường; Tỉnh Bắc Ninh,"38, Đường Lê Thái Tổ, Phường Võ Cường, Tỉnh Bắc Ninh",38,Đường Lê Thái Tổ,P Võ Cường,,Tỉnh Bắc Ninh,38,Đường Lê Thái Tổ,Phường Võ Cường,,Tỉnh Bắc Ninh,moi,nhe,viet_tat|dinh_dang_phan_cach,2,42,synthetic_from_verified_osm
N00685,"381,Đường H0àng Quốc Việt,Tinh Bac Ninh","381, Đường Hoàng Quốc Việt, Phường Vũ Ninh, Tỉnh Bắc Ninh",381,Đường H0àng Quốc Việt,,,Tinh Bac Ninh,381,Đường Hoàng Quốc Việt,Phường Vũ Ninh,,Tỉnh Bắc Ninh,moi,nang,viet_tat|bo_dau|thieu_PhuongXa|loi_ocr_ky_tu|dinh_dang_phan_cach,5,42,synthetic_from_verified_osm
N00686,"22,Đường Bà Chúa Kho,Phường Vũ Ninh,Tinh Bac Ninh","22, Đường Bà Chúa Kho, Phường Vũ Ninh, Tỉnh Bắc Ninh",22,Đường Bà Chúa Kho,Phường Vũ Ninh,,Tinh Bac Ninh,22,Đường Bà Chúa Kho,Phường Vũ Ninh,,Tỉnh Bắc Ninh,moi,vua,bo_dau|dinh_dang_phan_cach,2,42,synthetic_from_verified_osm
N00687,Đường Trần Hưng Đạo - P.Võ Cường - Bac N1nh,"393, Đường Trần Hưng Đạo, Phường Võ Cường, Tỉnh Bắc Ninh",,Đường Trần Hưng Đạo,P.Võ Cường,,Bac N1nh,393,Đường Trần Hưng Đạo,Phường Võ Cường,,Tỉnh Bắc Ninh,moi,nang,viet_tat|bo_dau|thieu_SoNha|loi_ocr_ky_tu|dao_thu_tu_hanh_chinh|dinh_dang_phan_cach,6,42,synthetic_from_verified_osm
N00688,11 - Phố Đặng Thùy Trâm - P.Cổ Nhuế 1 - TP.HN - Quận Bắc Từ Liêm,"11, Phố Đặng Thùy Trâm, Phường Cổ Nhuế 1, Quận Bắc Từ Liêm, Hà Nội",11,Phố Đặng Thùy Trâm,P.Cổ Nhuế 1,Quận Bắc Từ Liêm,TP.HN,11,Phố Đặng Thùy Trâm,Phường Cổ Nhuế 1,Quận Bắc Từ Liêm,Hà Nội,cu,nang,viet_tat|dao_thu_tu_hanh_chinh|dinh_dang_phan_cach,3,42,synthetic_from_verified_osm
N00689,"64,Duong Cau Tien,Phường Võ Cường,Tỉnh Bắc Ninh","64, Đường Cầu Tiên, Phường Võ Cường, Tỉnh Bắc Ninh",64,Duong Cau Tien,Phường Võ Cường,,Tỉnh Bắc Ninh,64,Đường Cầu Tiên,Phường Võ Cường,,Tỉnh Bắc Ninh,moi,vua,bo_dau|dinh_dang_phan_cach,2,42,synthetic_from_verified_osm
N00690,26A; Ngõ 77 Lê Hồng Phong; Phường Ba Đình; Thành phố Hà Nội,"26A, Ngõ 77 Lê Hồng Phong, Phường Ba Đình, Thành phố Hà Nội",26A,Ngõ 77 Lê Hồng Phong,Phường Ba Đình,,Thành phố Hà Nội,26A,Ngõ 77 Lê Hồng Phong,Phường Ba Đình,,Thành phố Hà Nội,moi,vua,dinh_dang_phan_cach,1,42,synthetic_from_verified_osm
N00691,11B; Phố Phùng Hưng; P.Hoàn Kiếm; Thành phố Hà Nội,"11B, Phố Phùng Hưng, Phường Hoàn Kiếm, Thành phố Hà Nội",11B,Phố Phùng Hưng,P.Hoàn Kiếm,,Thành phố Hà Nội,11B,Phố Phùng Hưng,Phường Hoàn Kiếm,,Thành phố Hà Nội,moi,nhe,viet_tat|dinh_dang_phan_cach,2,42,synthetic_from_verified_osm
N00692,3; Phố Tôn Thất Thuyết; Dịch Vọng Hậu; Cau Giay; Hà Nội,"3, Phố Tôn Thất Thuyết, Dịch Vọng Hậu, Cầu Giấy, Hà Nội",3,Phố Tôn Thất Thuyết,Dịch Vọng Hậu,Cau Giay,Hà Nội,3,Phố Tôn Thất Thuyết,Dịch Vọng Hậu,Cầu Giấy,Hà Nội,cu,vua,bo_dau|dinh_dang_phan_cach,2,42,synthetic_from_verified_osm
N00693,"Duong Thanh Son,P.Vũ N1nh,T. Bắc Ninh","59, Đường Thanh Sơn, Phường Vũ Ninh, Tỉnh Bắc Ninh",,Duong Thanh Son,P.Vũ N1nh,,T. Bắc Ninh,59,Đường Thanh Sơn,Phường Vũ Ninh,,Tỉnh Bắc Ninh,moi,nang,viet_tat|bo_dau|thieu_SoNha|loi_ocr_ky_tu|dinh_dang_phan_cach,5,42,synthetic_from_verified_osm
N00694,"923,Đường Nguyễn Trãi,Phường Hạp Lĩnh,Tỉnh Bắc Ninh","923, Đường Nguyễn Trãi, Phường Hạp Lĩnh, Tỉnh Bắc Ninh",923,Đường Nguyễn Trãi,Phường Hạp Lĩnh,,Tỉnh Bắc Ninh,923,Đường Nguyễn Trãi,Phường Hạp Lĩnh,,Tỉnh Bắc Ninh,moi,nhe,dinh_dang_phan_cach,1,42,synthetic_from_verified_osm
N00695,18 - Phố Đặng Thùy Trâm - P. Cổ Nhuế 1 - Q.Bắc Từ Liêm - Hà Nội,"18, Phố Đặng Thùy Trâm, Phường Cổ Nhuế 1, Quận Bắc Từ Liêm, Hà Nội",18,Phố Đặng Thùy Trâm,P. Cổ Nhuế 1,Q.Bắc Từ Liêm,Hà Nội,18,Phố Đặng Thùy Trâm,Phường Cổ Nhuế 1,Quận Bắc Từ Liêm,Hà Nội,cu,nhe,viet_tat|dinh_dang_phan_cach,2,42,synthetic_from_verified_osm
N00696,290; D. Bá Trạc; Rạch Ông; Q.8; HCM,"290, D. Bá Trạc, Phường Rạch Ông, Quận 8, Hồ Chí Minh",290,D. Bá Trạc,Rạch Ông,Q.8,HCM,290,D. Bá Trạc,Phường Rạch Ông,Quận 8,Hồ Chí Minh,cu,vua,viet_tat|dinh_dang_phan_cach,2,42,synthetic_from_verified_osm
N00697,"4,Ngách 111 Ngõ Xã Đàn 2,Nam Đồng,Đống Đa,TP. Hà Nội","4, Ngách 111 Ngõ Xã Đàn 2, Nam Đồng, Đống Đa, Hà Nội",4,Ngách 111 Ngõ Xã Đàn 2,Nam Đồng,Đống Đa,TP. Hà Nội,4,Ngách 111 Ngõ Xã Đàn 2,Nam Đồng,Đống Đa,Hà Nội,cu,nhe,viet_tat|dinh_dang_phan_cach,2,42,synthetic_from_verified_osm
N00698,14 - Ngõ 2 Phạm Tuấn Tài - Phường Dịch Vọng Hậu - Quận Cầu Giấy - Hà Nội,"14, Ngõ 2 Phạm Tuấn Tài, Phường Dịch Vọng Hậu, Quận Cầu Giấy, Hà Nội",14,Ngõ 2 Phạm Tuấn Tài,Phường Dịch Vọng Hậu,Quận Cầu Giấy,Hà Nội,14,Ngõ 2 Phạm Tuấn Tài,Phường Dịch Vọng Hậu,Quận Cầu Giấy,Hà Nội,cu,nhe,dinh_dang_phan_cach,1,42,synthetic_from_verified_osm
N00699,5A; Hoàng Văn Thụ; An Hội; Ninh Kiều; Cần Thơ,"5A, Hoàng Văn Thụ, An Hội, Ninh Kiều, Cần Thơ",5A,Hoàng Văn Thụ,An Hội,Ninh Kiều,Cần Thơ,5A,Hoàng Văn Thụ,An Hội,Ninh Kiều,Cần Thơ,cu,vua,dinh_dang_phan_cach,1,42,synthetic_from_verified_osm
N00700,"10,Đường Mỹ Phú 1A,P Tân Phú,Thành phố Hồ Chí Minh","10, Đường Mỹ Phú 1A, Phường Tân Phú, Thành phố Hồ Chí Minh",10,Đường Mỹ Phú 1A,P Tân Phú,,Thành phố Hồ Chí Minh,10,Đường Mỹ Phú 1A,Phường Tân Phú,,Thành phố Hồ Chí Minh,moi,nhe,viet_tat|dinh_dang_phan_cach,2,42,synthetic_from_verified_osm
N00701,164 - Đường Lê Phụng Hiểu - Phường Tiền Ninh Vệ - Thành phố Bắc Ninh - Bắc Ninh,"164, Đường Lê Phụng Hiểu, Phường Tiền Ninh Vệ, Thành phố Bắc Ninh, Bắc Ninh",164,Đường Lê Phụng Hiểu,Phường Tiền Ninh Vệ,Thành phố Bắc Ninh,Bắc Ninh,164,Đường Lê Phụng Hiểu,Phường Tiền Ninh Vệ,Thành phố Bắc Ninh,Bắc Ninh,cu,nhe,dinh_dang_phan_cach,1,42,synthetic_from_verified_osm
N00702,45 - Đường Số 03 - Khu pho 2 - Q. 2 - HCM,"45, Đường Số 03, Khu phố 2, Quận 2, Hồ Chí Minh",45,Đường Số 03,Khu pho 2,Q. 2,HCM,45,Đường Số 03,Khu phố 2,Quận 2,Hồ Chí Minh,cu,vua,viet_tat|bo_dau|dinh_dang_phan_cach,3,42,synthetic_from_verified_osm
N00703,12 - Đường 800A - P Nghĩa Đô - Thành phố Hà Nội,"12, Đường 800A, Phường Nghĩa Đô, Thành phố Hà Nội",12,Đường 800A,P Nghĩa Đô,,Thành phố Hà Nội,12,Đường 800A,Phường Nghĩa Đô,,Thành phố Hà Nội,moi,nhe,viet_tat|dinh_dang_phan_cach,2,42,synthetic_from_verified_osm
N00704,180; Đường Nguyễn Văn Cừ; Tỉnh Bắc N1nh,"180, Đường Nguyễn Văn Cừ, Phường Võ Cường, Tỉnh Bắc Ninh",180,Đường Nguyễn Văn Cừ,,,Tỉnh Bắc N1nh,180,Đường Nguyễn Văn Cừ,Phường Võ Cường,,Tỉnh Bắc Ninh,moi,nang,viet_tat|thieu_PhuongXa|loi_ocr_ky_tu|dao_thu_tu_hanh_chinh|dinh_dang_phan_cach,5,42,synthetic_from_verified_osm
N00705,"7,Ngõ 2 Ô Cách,Đức Giang,Long Biên,Ha Noi","7, Ngõ 2 Ô Cách, Đức Giang, Long Biên, Hà Nội",7,Ngõ 2 Ô Cách,Đức Giang,Long Biên,Ha Noi,7,Ngõ 2 Ô Cách,Đức Giang,Long Biên,Hà Nội,cu,vua,bo_dau|dinh_dang_phan_cach,2,42,synthetic_from_verified_osm
N00706,"62,Đường số 15,7,Ho Chi Minh","62, Đường số 15, Phường Tân Quy, 7, Hồ Chí Minh",62,Đường số 15,,7,Ho Chi Minh,62,Đường số 15,Phường Tân Quy,7,Hồ Chí Minh,cu,nang,bo_dau|thieu_PhuongXa|dinh_dang_phan_cach,3,42,synthetic_from_verified_osm
N00707,"Pho Le Hong Phong,Phường Ba Đình,Hà Nộ1","117, Phố Lê Hồng Phong, Phường Ba Đình, Thành phố Hà Nội",,Pho Le Hong Phong,Phường Ba Đình,,Hà Nộ1,117,Phố Lê Hồng Phong,Phường Ba Đình,,Thành phố Hà Nội,moi,nang,viet_tat|bo_dau|thieu_SoNha|loi_ocr_ky_tu|dinh_dang_phan_cach,5,42,synthetic_from_verified_osm
N00708,62; Phố Bùi Thị Xuân; Nguyễn Du; Hai Bà Trưng; Hà Nội,"62, Phố Bùi Thị Xuân, Nguyễn Du, Hai Bà Trưng, Hà Nội",62,Phố Bùi Thị Xuân,Nguyễn Du,Hai Bà Trưng,Hà Nội,62,Phố Bùi Thị Xuân,Nguyễn Du,Hai Bà Trưng,Hà Nội,cu,nhe,dinh_dang_phan_cach,1,42,synthetic_from_verified_osm
N00709,130 - Đường Đàm Văn Tiết - P.Nam Sơn - Tinh Bac Ninh,"130, Đường Đàm Văn Tiết, Phường Nam Sơn, Tỉnh Bắc Ninh",130,Đường Đàm Văn Tiết,P.Nam Sơn,,Tinh Bac Ninh,130,Đường Đàm Văn Tiết,Phường Nam Sơn,,Tỉnh Bắc Ninh,moi,vua,viet_tat|bo_dau|dinh_dang_phan_cach,3,42,synthetic_from_verified_osm
N00710,"56,Phố Đặng Thùy Trâm,Quận Cầu Giấy,Hà Nội","56, Phố Đặng Thùy Trâm, Phường Dịch Vọng Hậu, Quận Cầu Giấy, Hà Nội",56,Phố Đặng Thùy Trâm,,Quận Cầu Giấy,Hà Nội,56,Phố Đặng Thùy Trâm,Phường Dịch Vọng Hậu,Quận Cầu Giấy,Hà Nội,cu,nang,thieu_PhuongXa|dinh_dang_phan_cach,2,42,synthetic_from_verified_osm
N00711,119 - Phố Bùi Thị Xuân - Nguyen Du - Ha1 Bà Trưng - Hà Nội,"119, Phố Bùi Thị Xuân, Nguyễn Du, Hai Bà Trưng, Hà Nội",119,Phố Bùi Thị Xuân,Nguyen Du,Ha1 Bà Trưng,Hà Nội,119,Phố Bùi Thị Xuân,Nguyễn Du,Hai Bà Trưng,Hà Nội,cu,nang,bo_dau|loi_ocr_ky_tu|dinh_dang_phan_cach,3,42,synthetic_from_verified_osm
N00712,5; Ngách 133/22 Nguyễn Phong Sắc; Nghĩa Tân; Q Cầu Giấy; Ha Noi,"5, Ngách 133/22 Nguyễn Phong Sắc, Phường Nghĩa Tân, Quận Cầu Giấy, Hà Nội",5,Ngách 133/22 Nguyễn Phong Sắc,Nghĩa Tân,Q Cầu Giấy,Ha Noi,5,Ngách 133/22 Nguyễn Phong Sắc,Phường Nghĩa Tân,Quận Cầu Giấy,Hà Nội,cu,vua,viet_tat|bo_dau|dinh_dang_phan_cach,3,42,synthetic_from_verified_osm
N00713,603 - Đường Nguyễn Văn Cừ - Vo Cuong - Tỉnh Bắc Ninh,"603, Đường Nguyễn Văn Cừ, Phường Võ Cường, Tỉnh Bắc Ninh",603,Đường Nguyễn Văn Cừ,Vo Cuong,,Tỉnh Bắc Ninh,603,Đường Nguyễn Văn Cừ,Phường Võ Cường,,Tỉnh Bắc Ninh,moi,vua,viet_tat|bo_dau|dinh_dang_phan_cach,3,42,synthetic_from_verified_osm
N00714,"Ngõ 71 Lê Hồng Phong,P Ba Đình,TP.HN","4, Ngõ 71 Lê Hồng Phong, Phường Ba Đình, Thành phố Hà Nội",,Ngõ 71 Lê Hồng Phong,P Ba Đình,,TP.HN,4,Ngõ 71 Lê Hồng Phong,Phường Ba Đình,,Thành phố Hà Nội,moi,nang,viet_tat|thieu_SoNha|dao_thu_tu_hanh_chinh|dinh_dang_phan_cach,4,42,synthetic_from_verified_osm
N00715,"104,Đường Nguyễn Thủ Tiệp,P Hạp Lĩnh,Bắc Ninh","104, Đường Nguyễn Thủ Tiệp, Phường Hạp Lĩnh, Tỉnh Bắc Ninh",104,Đường Nguyễn Thủ Tiệp,P Hạp Lĩnh,,Bắc Ninh,104,Đường Nguyễn Thủ Tiệp,Phường Hạp Lĩnh,,Tỉnh Bắc Ninh,moi,nhe,viet_tat|dinh_dang_phan_cach,2,42,synthetic_from_verified_osm
N00716,"1,Phố Đặng Thùy Trâm,Phường Cổ Nhuế 1,Quận Bắc Từ Liêm,Hà Nội","1, Phố Đặng Thùy Trâm, Phường Cổ Nhuế 1, Quận Bắc Từ Liêm, Hà Nội",1,Phố Đặng Thùy Trâm,Phường Cổ Nhuế 1,Quận Bắc Từ Liêm,Hà Nội,1,Phố Đặng Thùy Trâm,Phường Cổ Nhuế 1,Quận Bắc Từ Liêm,Hà Nội,cu,nhe,dinh_dang_phan_cach,1,42,synthetic_from_verified_osm
N00717,"41,Phố Trung Kính,Trung Hoa,Cầu Giấy,HN","41, Phố Trung Kính, Trung Hòa, Cầu Giấy, Hà Nội",41,Phố Trung Kính,Trung Hoa,Cầu Giấy,HN,41,Phố Trung Kính,Trung Hòa,Cầu Giấy,Hà Nội,cu,vua,viet_tat|bo_dau|dinh_dang_phan_cach,3,42,synthetic_from_verified_osm
N00718,A51 - Đường Nội Khu 1 - P.Tân Phú - Quận 7 - TPHCM,"A51, Đường Nội Khu 1, Phường Tân Phú, Quận 7, Thành phố Hồ Chí Minh",A51,Đường Nội Khu 1,P.Tân Phú,Quận 7,TPHCM,A51,Đường Nội Khu 1,Phường Tân Phú,Quận 7,Thành phố Hồ Chí Minh,cu,nhe,viet_tat|dinh_dang_phan_cach,2,42,synthetic_from_verified_osm
N00719,11 - Đường Mỹ Phú 1B - P.Tân Phú - Quận 7 - Thành phố Hồ Chí Minh,"11, Đường Mỹ Phú 1B, Phường Tân Phú, Quận 7, Thành phố Hồ Chí Minh",11,Đường Mỹ Phú 1B,P.Tân Phú,Quận 7,Thành phố Hồ Chí Minh,11,Đường Mỹ Phú 1B,Phường Tân Phú,Quận 7,Thành phố Hồ Chí Minh,cu,nhe,viet_tat|dinh_dang_phan_cach,2,42,synthetic_from_verified_osm
N00720,"10,Đường Hùng Vương,TP. Hà Nội","10, Đường Hùng Vương, Phường Ba Đình, Thành phố Hà Nội",10,Đường Hùng Vương,,,TP. Hà Nội,10,Đường Hùng Vương,Phường Ba Đình,,Thành phố Hà Nội,moi,nang,viet_tat|thieu_PhuongXa|dao_thu_tu_hanh_chinh|dinh_dang_phan_cach,4,42,synthetic_from_verified_osm
N00721,4 - Ngách 1/48 Phạm Tuấn Tài - P.Dịch Vọng Hậu - Quận Cầu Giấy - Hà Nội,"4, Ngách 1/48 Phạm Tuấn Tài, Phường Dịch Vọng Hậu, Quận Cầu Giấy, Hà Nội",4,Ngách 1/48 Phạm Tuấn Tài,P.Dịch Vọng Hậu,Quận Cầu Giấy,Hà Nội,4,Ngách 1/48 Phạm Tuấn Tài,Phường Dịch Vọng Hậu,Quận Cầu Giấy,Hà Nội,cu,nhe,viet_tat|dinh_dang_phan_cach,2,42,synthetic_from_verified_osm
N00722,"110,Phố Trang Liệt 3,P.Trang Hạ,Thanh pho Tu Son,Bắc Ninh","110, Phố Trang Liệt 3, Phường Trang Hạ, Thành phố Từ Sơn, Bắc Ninh",110,Phố Trang Liệt 3,P.Trang Hạ,Thanh pho Tu Son,Bắc Ninh,110,Phố Trang Liệt 3,Phường Trang Hạ,Thành phố Từ Sơn,Bắc Ninh,cu,vua,viet_tat|bo_dau|dinh_dang_phan_cach,3,42,synthetic_from_verified_osm
N00723,"D26,Duong so 15,Tân Phong,Q.7,TP. Hồ Chí Minh","D26, Đường số 15, Tân Phong, Quận 7, TP. Hồ Chí Minh",D26,Duong so 15,Tân Phong,Q.7,TP. Hồ Chí Minh,D26,Đường số 15,Tân Phong,Quận 7,TP. Hồ Chí Minh,cu,vua,viet_tat|bo_dau|dinh_dang_phan_cach,3,42,synthetic_from_verified_osm
N00724,48; Pho Tue Tinh; Nguyễn Du; Hai Bà Trưng; Hà Nội,"48, Phố Tuệ Tĩnh, Nguyễn Du, Hai Bà Trưng, Hà Nội",48,Pho Tue Tinh,Nguyễn Du,Hai Bà Trưng,Hà Nội,48,Phố Tuệ Tĩnh,Nguyễn Du,Hai Bà Trưng,Hà Nội,cu,vua,bo_dau|dinh_dang_phan_cach,2,42,synthetic_from_verified_osm
N00725,"Nguyen Ba Lan,P An Khánh,HCM","29, Nguyễn Bá Lân, Phường An Khánh, Thành phố Hồ Chí Minh",,Nguyen Ba Lan,P An Khánh,,HCM,29,Nguyễn Bá Lân,Phường An Khánh,,Thành phố Hồ Chí Minh,moi,nang,viet_tat|bo_dau|thieu_SoNha|dao_thu_tu_hanh_chinh|dinh_dang_phan_cach,5,42,synthetic_from_verified_osm
N00726,215B; Nguyễn Trãi; Phuong Cau 0ng Lanh; Thành phố Hồ Chí Minh,"215B, Nguyễn Trãi, Phường Cầu Ông Lãnh, Thành phố Hồ Chí Minh",215B,Nguyễn Trãi,Phuong Cau 0ng Lanh,,Thành phố Hồ Chí Minh,215B,Nguyễn Trãi,Phường Cầu Ông Lãnh,,Thành phố Hồ Chí Minh,moi,nang,bo_dau|loi_ocr_ky_tu|dinh_dang_phan_cach,3,42,synthetic_from_verified_osm
N00727,40 - Đường Giếng Ngọc - P. Kinh Bắc - Bắc Ninh,"40, Đường Giếng Ngọc, Phường Kinh Bắc, Tỉnh Bắc Ninh",40,Đường Giếng Ngọc,P. Kinh Bắc,,Bắc Ninh,40,Đường Giếng Ngọc,Phường Kinh Bắc,,Tỉnh Bắc Ninh,moi,nhe,viet_tat|dinh_dang_phan_cach,2,42,synthetic_from_verified_osm
N00728,"1,Phố Bạch Thái Bưởi,P Quế Võ,T.Bac Ninh","1, Phố Bạch Thái Bưởi, Phường Quế Võ, Tỉnh Bắc Ninh",1,Phố Bạch Thái Bưởi,P Quế Võ,,T.Bac Ninh,1,Phố Bạch Thái Bưởi,Phường Quế Võ,,Tỉnh Bắc Ninh,moi,vua,viet_tat|bo_dau|dinh_dang_phan_cach,3,42,synthetic_from_verified_osm
N00729,03 - Duong Hoa Binh - 3 - 11 - Ho Chi Minh City,"03, Đường Hòa Bình, 3, 11, Ho Chi Minh City",03,Duong Hoa Binh,3,11,Ho Chi Minh City,03,Đường Hòa Bình,3,11,Ho Chi Minh City,cu,vua,bo_dau|dinh_dang_phan_cach,2,42,synthetic_from_verified_osm
N00730,25 - Đường Rạp Hát - P. Kinh Bắc - Bắc Ninh,"25, Đường Rạp Hát, Phường Kinh Bắc, Tỉnh Bắc Ninh",25,Đường Rạp Hát,P. Kinh Bắc,,Bắc Ninh,25,Đường Rạp Hát,Phường Kinh Bắc,,Tỉnh Bắc Ninh,moi,nhe,viet_tat|dinh_dang_phan_cach,2,42,synthetic_from_verified_osm
N00731,"Duong Ngo Gia Tu,Phường K1nh Bắc,Tỉnh Bắc Ninh","561, Đường Ngô Gia Tự, Phường Kinh Bắc, Tỉnh Bắc Ninh",,Duong Ngo Gia Tu,Phường K1nh Bắc,,Tỉnh Bắc Ninh,561,Đường Ngô Gia Tự,Phường Kinh Bắc,,Tỉnh Bắc Ninh,moi,nang,bo_dau|thieu_SoNha|loi_ocr_ky_tu|dinh_dang_phan_cach,4,42,synthetic_from_verified_osm
N00732,30 - Phố Lý Thái Tổ - Lý Thái Tổ - Hoàn Kiếm - HN,"30, Phố Lý Thái Tổ, Lý Thái Tổ, Hoàn Kiếm, Hà Nội",30,Phố Lý Thái Tổ,Lý Thái Tổ,Hoàn Kiếm,HN,30,Phố Lý Thái Tổ,Lý Thái Tổ,Hoàn Kiếm,Hà Nội,cu,vua,viet_tat|dinh_dang_phan_cach,2,42,synthetic_from_verified_osm
N00733,"10,Ngõ 33 Phạm Tuấn Tài,Phường Dịch Vọng Hậu,Quận Cầu Giấy,Hà Nội","10, Ngõ 33 Phạm Tuấn Tài, Phường Dịch Vọng Hậu, Quận Cầu Giấy, Hà Nội",10,Ngõ 33 Phạm Tuấn Tài,Phường Dịch Vọng Hậu,Quận Cầu Giấy,Hà Nội,10,Ngõ 33 Phạm Tuấn Tài,Phường Dịch Vọng Hậu,Quận Cầu Giấy,Hà Nội,cu,nhe,dinh_dang_phan_cach,1,42,synthetic_from_verified_osm
N00734,"200,Đường Nguyễn Thị Nhung,Hiệp Bình Phước,TP. Thu Duc,Thành phố Hồ Chí Minh","200, Đường Nguyễn Thị Nhung, Hiệp Bình Phước, Thành phố Thủ Đức, Thành phố Hồ Chí Minh",200,Đường Nguyễn Thị Nhung,Hiệp Bình Phước,TP. Thu Duc,Thành phố Hồ Chí Minh,200,Đường Nguyễn Thị Nhung,Hiệp Bình Phước,Thành phố Thủ Đức,Thành phố Hồ Chí Minh,cu,vua,viet_tat|bo_dau|dinh_dang_phan_cach,3,42,synthetic_from_verified_osm
N00735,"11A,Phố Ngọc Hà,P. Đội Cấn,Quận Ba Đình,Hà Nội","11A, Phố Ngọc Hà, Phường Đội Cấn, Quận Ba Đình, Hà Nội",11A,Phố Ngọc Hà,P. Đội Cấn,Quận Ba Đình,Hà Nội,11A,Phố Ngọc Hà,Phường Đội Cấn,Quận Ba Đình,Hà Nội,cu,nhe,viet_tat|dinh_dang_phan_cach,2,42,synthetic_from_verified_osm
N00736,397; Đường Ngô Gia Tự; Phường Kinh Bắc; Tinh Bac Ninh,"397, Đường Ngô Gia Tự, Phường Kinh Bắc, Tỉnh Bắc Ninh",397,Đường Ngô Gia Tự,Phường Kinh Bắc,,Tinh Bac Ninh,397,Đường Ngô Gia Tự,Phường Kinh Bắc,,Tỉnh Bắc Ninh,moi,vua,bo_dau|dinh_dang_phan_cach,2,42,synthetic_from_verified_osm
N00737,"2,Đường Nguyễn Đăng Đạo,Phường Kinh Bắc,Tỉnh Bắc Ninh","2, Đường Nguyễn Đăng Đạo, Phường Kinh Bắc, Tỉnh Bắc Ninh",2,Đường Nguyễn Đăng Đạo,Phường Kinh Bắc,,Tỉnh Bắc Ninh,2,Đường Nguyễn Đăng Đạo,Phường Kinh Bắc,,Tỉnh Bắc Ninh,moi,nhe,dinh_dang_phan_cach,1,42,synthetic_from_verified_osm
N00738,"40,Ngõ 12 Đường Như Nguyệt,Phường Vũ Ninh,Tinh Bac Ninh","40, Ngõ 12 Đường Như Nguyệt, Phường Vũ Ninh, Tỉnh Bắc Ninh",40,Ngõ 12 Đường Như Nguyệt,Phường Vũ Ninh,,Tinh Bac Ninh,40,Ngõ 12 Đường Như Nguyệt,Phường Vũ Ninh,,Tỉnh Bắc Ninh,moi,vua,bo_dau|dinh_dang_phan_cach,2,42,synthetic_from_verified_osm
N00739,"25,Ngõ 3 Phạm Tuấn Tài,P Dịch Vọng Hậu,Quận Cầu Giấy,Hà Nội","25, Ngõ 3 Phạm Tuấn Tài, Phường Dịch Vọng Hậu, Quận Cầu Giấy, Hà Nội",25,Ngõ 3 Phạm Tuấn Tài,P Dịch Vọng Hậu,Quận Cầu Giấy,Hà Nội,25,Ngõ 3 Phạm Tuấn Tài,Phường Dịch Vọng Hậu,Quận Cầu Giấy,Hà Nội,cu,nhe,viet_tat|dinh_dang_phan_cach,2,42,synthetic_from_verified_osm
N00740,"82,Phố Duy Tân,Dịch Vọng Hậu,Cau Giay,Hà Nội","82, Phố Duy Tân, Dịch Vọng Hậu, Cầu Giấy, Hà Nội",82,Phố Duy Tân,Dịch Vọng Hậu,Cau Giay,Hà Nội,82,Phố Duy Tân,Dịch Vọng Hậu,Cầu Giấy,Hà Nội,cu,vua,bo_dau|dinh_dang_phan_cach,2,42,synthetic_from_verified_osm
N00741,10; Đường Lê Đại Hành; Phường 7; Quan 11; Thành phố Hồ Chí Minh,"10, Đường Lê Đại Hành, Phường 7, Quận 11, Thành phố Hồ Chí Minh",10,Đường Lê Đại Hành,Phường 7,Quan 11,Thành phố Hồ Chí Minh,10,Đường Lê Đại Hành,Phường 7,Quận 11,Thành phố Hồ Chí Minh,cu,vua,bo_dau|dinh_dang_phan_cach,2,42,synthetic_from_verified_osm
N00742,"141,Duong Hoang Quoc Viet,P. Vũ Ninh,Tỉnh Bắc Ninh","141, Đường Hoàng Quốc Việt, Phường Vũ Ninh, Tỉnh Bắc Ninh",141,Duong Hoang Quoc Viet,P. Vũ Ninh,,Tỉnh Bắc Ninh,141,Đường Hoàng Quốc Việt,Phường Vũ Ninh,,Tỉnh Bắc Ninh,moi,vua,viet_tat|bo_dau|dinh_dang_phan_cach,3,42,synthetic_from_verified_osm
N00743,46; Trường Sơn; Phường 2; Quan Tan Binh; Thành phố Hồ Chí Minh,"46, Trường Sơn, Phường 2, Quan Tan Binh, Thành phố Hồ Chí Minh",46,Trường Sơn,Phường 2,Quan Tan Binh,Thành phố Hồ Chí Minh,46,Trường Sơn,Phường 2,Quan Tan Binh,Thành phố Hồ Chí Minh,cu,vua,dinh_dang_phan_cach,1,42,synthetic_from_verified_osm
N00744,83; Đường Nguyễn Du; P Kinh Bắc; Tinh Bac Ninh,"83, Đường Nguyễn Du, Phường Kinh Bắc, Tỉnh Bắc Ninh",83,Đường Nguyễn Du,P Kinh Bắc,,Tinh Bac Ninh,83,Đường Nguyễn Du,Phường Kinh Bắc,,Tỉnh Bắc Ninh,moi,vua,viet_tat|bo_dau|dinh_dang_phan_cach,3,42,synthetic_from_verified_osm
N00745,"54A,Đường Thụy Khuê,Thụy Khuê,Tây Hồ,Hà Nội","54A, Đường Thụy Khuê, Thụy Khuê, Tây Hồ, Hà Nội",54A,Đường Thụy Khuê,Thụy Khuê,Tây Hồ,Hà Nội,54A,Đường Thụy Khuê,Thụy Khuê,Tây Hồ,Hà Nội,cu,nhe,dinh_dang_phan_cach,1,42,synthetic_from_verified_osm
N00746,"4,Phố Hàng Cót,Phường Hoàn Kiếm,Thành phố Hà Nội","4, Phố Hàng Cót, Phường Hoàn Kiếm, Thành phố Hà Nội",4,Phố Hàng Cót,Phường Hoàn Kiếm,,Thành phố Hà Nội,4,Phố Hàng Cót,Phường Hoàn Kiếm,,Thành phố Hà Nội,moi,nhe,dinh_dang_phan_cach,1,42,synthetic_from_verified_osm
N00747,Phố Tôn Thất Tùng; Kim Liên; Đống Đa; TP. Ha Noi,"1, Phố Tôn Thất Tùng, Kim Liên, Đống Đa, Hà Nội",,Phố Tôn Thất Tùng,Kim Liên,Đống Đa,TP. Ha Noi,1,Phố Tôn Thất Tùng,Kim Liên,Đống Đa,Hà Nội,cu,nang,viet_tat|bo_dau|thieu_SoNha|dao_thu_tu_hanh_chinh|dinh_dang_phan_cach,5,42,synthetic_from_verified_osm
N00748,12; Phố Lý Đạo Thành; Tràng Tiền; Hoàn Kiếm; Hà Nội,"12, Phố Lý Đạo Thành, Tràng Tiền, Hoàn Kiếm, Hà Nội",12,Phố Lý Đạo Thành,Tràng Tiền,Hoàn Kiếm,Hà Nội,12,Phố Lý Đạo Thành,Tràng Tiền,Hoàn Kiếm,Hà Nội,cu,nhe,dinh_dang_phan_cach,1,42,synthetic_from_verified_osm
N00749,"32,Ngõ 33 Phạm Tuấn Tài,Dịch Vọng Hậu,Quận Cầu Giấy,TP.HN","32, Ngõ 33 Phạm Tuấn Tài, Phường Dịch Vọng Hậu, Quận Cầu Giấy, Hà Nội",32,Ngõ 33 Phạm Tuấn Tài,Dịch Vọng Hậu,Quận Cầu Giấy,TP.HN,32,Ngõ 33 Phạm Tuấn Tài,Phường Dịch Vọng Hậu,Quận Cầu Giấy,Hà Nội,cu,nhe,viet_tat|dinh_dang_phan_cach,2,42,synthetic_from_verified_osm
N00750,"14E1,Đường Số 38,P An Khánh,Thành phố Hồ Chí Minh","14E1, Đường Số 38, Phường An Khánh, Thành phố Hồ Chí Minh",14E1,Đường Số 38,P An Khánh,,Thành phố Hồ Chí Minh,14E1,Đường Số 38,Phường An Khánh,,Thành phố Hồ Chí Minh,moi,nhe,viet_tat|dinh_dang_phan_cach,2,42,synthetic_from_verified_osm
N00751,45 - Pho Bat Su - Thành phố Hà Nội,"45, Phố Bát Sứ, Phường Hoàn Kiếm, Thành phố Hà Nội",45,Pho Bat Su,,,Thành phố Hà Nội,45,Phố Bát Sứ,Phường Hoàn Kiếm,,Thành phố Hà Nội,moi,nang,viet_tat|bo_dau|thieu_PhuongXa|dinh_dang_phan_cach,4,42,synthetic_from_verified_osm
N00752,2 - Đường Đấu Mã - Vũ Ninh - Tỉnh Bắc N1nh,"2, Đường Đấu Mã, Phường Vũ Ninh, Tỉnh Bắc Ninh",2,Đường Đấu Mã,Vũ Ninh,,Tỉnh Bắc N1nh,2,Đường Đấu Mã,Phường Vũ Ninh,,Tỉnh Bắc Ninh,moi,nang,viet_tat|loi_ocr_ky_tu|dao_thu_tu_hanh_chinh|dinh_dang_phan_cach,4,42,synthetic_from_verified_osm
N00753,96; Đường Hữu Chấp; Phường Kinh Bắc; Bắc Ninh,"96, Đường Hữu Chấp, Phường Kinh Bắc, Tỉnh Bắc Ninh",96,Đường Hữu Chấp,Phường Kinh Bắc,,Bắc Ninh,96,Đường Hữu Chấp,Phường Kinh Bắc,,Tỉnh Bắc Ninh,moi,nhe,viet_tat|dinh_dang_phan_cach,2,42,synthetic_from_verified_osm
N00754,"120,Phố Nghĩa Tân,P Nghĩa Đô,Hà Nội","120, Phố Nghĩa Tân, Phường Nghĩa Đô, Thành phố Hà Nội",120,Phố Nghĩa Tân,P Nghĩa Đô,,Hà Nội,120,Phố Nghĩa Tân,Phường Nghĩa Đô,,Thành phố Hà Nội,moi,nhe,viet_tat|dinh_dang_phan_cach,2,42,synthetic_from_verified_osm
N00755,30 - Đường Khả Lễ - Phường Võ Cường - Thành phố Bắc Ninh - Bắc Ninh,"30, Đường Khả Lễ, Phường Võ Cường, Thành phố Bắc Ninh, Bắc Ninh",30,Đường Khả Lễ,Phường Võ Cường,Thành phố Bắc Ninh,Bắc Ninh,30,Đường Khả Lễ,Phường Võ Cường,Thành phố Bắc Ninh,Bắc Ninh,cu,nhe,dinh_dang_phan_cach,1,42,synthetic_from_verified_osm
N00756,53; Lộ Vườn; Hữu Định; Châu Thành; Bến Tre,"53, Lộ Vườn, Hữu Định, Châu Thành, Bến Tre",53,Lộ Vườn,Hữu Định,Châu Thành,Bến Tre,53,Lộ Vườn,Hữu Định,Châu Thành,Bến Tre,cu,nhe,dinh_dang_phan_cach,1,42,synthetic_from_verified_osm
N00757,"3,Ngõ 1031 Đường Quang Trung,Quế Võ,Tinh Bac Ninh","3, Ngõ 1031 Đường Quang Trung, Phường Quế Võ, Tỉnh Bắc Ninh",3,Ngõ 1031 Đường Quang Trung,Quế Võ,,Tinh Bac Ninh,3,Ngõ 1031 Đường Quang Trung,Phường Quế Võ,,Tỉnh Bắc Ninh,moi,vua,viet_tat|bo_dau|dinh_dang_phan_cach,3,42,synthetic_from_verified_osm
N00758,32 - Phố Trần Quốc Hoàn - P.Dịch Vọng Hậu - Quận Cầu Giấy - Hà Nội,"32, Phố Trần Quốc Hoàn, Phường Dịch Vọng Hậu, Quận Cầu Giấy, Hà Nội",32,Phố Trần Quốc Hoàn,P.Dịch Vọng Hậu,Quận Cầu Giấy,Hà Nội,32,Phố Trần Quốc Hoàn,Phường Dịch Vọng Hậu,Quận Cầu Giấy,Hà Nội,cu,nhe,viet_tat|dinh_dang_phan_cach,2,42,synthetic_from_verified_osm
N00759,43; Duong Thanh Co; P Kinh Bắc; Tỉnh Bắc Ninh,"43, Đường Thành Cổ, Phường Kinh Bắc, Tỉnh Bắc Ninh",43,Duong Thanh Co,P Kinh Bắc,,Tỉnh Bắc Ninh,43,Đường Thành Cổ,Phường Kinh Bắc,,Tỉnh Bắc Ninh,moi,vua,viet_tat|bo_dau|dinh_dang_phan_cach,3,42,synthetic_from_verified_osm
N00760,"268,Đường Tô Hiến Thành,Quận 10,Thành phố Hồ Chí Minh","268, Đường Tô Hiến Thành, Phường 15, Quận 10, Thành phố Hồ Chí Minh",268,Đường Tô Hiến Thành,,Quận 10,Thành phố Hồ Chí Minh,268,Đường Tô Hiến Thành,Phường 15,Quận 10,Thành phố Hồ Chí Minh,cu,nang,viet_tat|thieu_PhuongXa|dinh_dang_phan_cach,3,42,synthetic_from_verified_osm
N00761,"11,Đường G1ếng Ngọc,Bac Ninh","11, Đường Giếng Ngọc, Phường Kinh Bắc, Tỉnh Bắc Ninh",11,Đường G1ếng Ngọc,,,Bac Ninh,11,Đường Giếng Ngọc,Phường Kinh Bắc,,Tỉnh Bắc Ninh,moi,nang,viet_tat|bo_dau|thieu_PhuongXa|loi_ocr_ky_tu|dinh_dang_phan_cach,5,42,synthetic_from_verified_osm
N00762,176; Ngô Gia Tự; Đức Giang; Long Biên; Hà Nội,"176, Ngô Gia Tự, Đức Giang, Long Biên, Hà Nội",176,Ngô Gia Tự,Đức Giang,Long Biên,Hà Nội,176,Ngô Gia Tự,Đức Giang,Long Biên,Hà Nội,cu,nhe,dinh_dang_phan_cach,1,42,synthetic_from_verified_osm
N00763,323; Đường Trần Hưng Đạo; Võ Cường; Tỉnh Bắc Ninh,"323, Đường Trần Hưng Đạo, Phường Võ Cường, Tỉnh Bắc Ninh",323,Đường Trần Hưng Đạo,Võ Cường,,Tỉnh Bắc Ninh,323,Đường Trần Hưng Đạo,Phường Võ Cường,,Tỉnh Bắc Ninh,moi,nhe,viet_tat|dinh_dang_phan_cach,2,42,synthetic_from_verified_osm
N00764,Pho Van Hanh; P Từ Sơn; Tỉnh Bắc N1nh,"26, Phố Vạn Hạnh, Phường Từ Sơn, Tỉnh Bắc Ninh",,Pho Van Hanh,P Từ Sơn,,Tỉnh Bắc N1nh,26,Phố Vạn Hạnh,Phường Từ Sơn,,Tỉnh Bắc Ninh,moi,nang,viet_tat|bo_dau|thieu_SoNha|loi_ocr_ky_tu|dinh_dang_phan_cach,5,42,synthetic_from_verified_osm
N00765,596; Đường Hoàng Quốc Việt; P.Vu Ninh; T.Bắc Ninh,"596, Đường Hoàng Quốc Việt, Phường Vũ Ninh, Tỉnh Bắc Ninh",596,Đường Hoàng Quốc Việt,P.Vu Ninh,,T.Bắc Ninh,596,Đường Hoàng Quốc Việt,Phường Vũ Ninh,,Tỉnh Bắc Ninh,moi,vua,viet_tat|bo_dau|dinh_dang_phan_cach,3,42,synthetic_from_verified_osm
N00766,Duong Le Quang Dao; P Từ Sơn; Tỉnh Bắc Ninh,"143, Đường Lê Quang Đạo, Phường Từ Sơn, Tỉnh Bắc Ninh",,Duong Le Quang Dao,P Từ Sơn,,Tỉnh Bắc Ninh,143,Đường Lê Quang Đạo,Phường Từ Sơn,,Tỉnh Bắc Ninh,moi,nang,viet_tat|bo_dau|thieu_SoNha|dinh_dang_phan_cach,4,42,synthetic_from_verified_osm
N00767,3; Duong Le Thanh Tong; P. Gia Viên; TP Hải Phòng,"3, Đường Lê Thánh Tông, Phường Gia Viên, Thành phố Hải Phòng",3,Duong Le Thanh Tong,P. Gia Viên,,TP Hải Phòng,3,Đường Lê Thánh Tông,Phường Gia Viên,,Thành phố Hải Phòng,moi,vua,viet_tat|bo_dau|dinh_dang_phan_cach,3,42,synthetic_from_verified_osm
N00768,399; Đường Quang Trung; Phường Nhân Hòa; Tỉnh Bắc Ninh,"399, Đường Quang Trung, Phường Nhân Hòa, Tỉnh Bắc Ninh",399,Đường Quang Trung,Phường Nhân Hòa,,Tỉnh Bắc Ninh,399,Đường Quang Trung,Phường Nhân Hòa,,Tỉnh Bắc Ninh,moi,vua,dinh_dang_phan_cach,1,42,synthetic_from_verified_osm
N00769,58-60 - Pho Tran Hung Dao - Hàng Bài - Hoàn Kiếm - Hà Nội,"58-60, Phố Trần Hưng Đạo, Hàng Bài, Hoàn Kiếm, Hà Nội",58-60,Pho Tran Hung Dao,Hàng Bài,Hoàn Kiếm,Hà Nội,58-60,Phố Trần Hưng Đạo,Hàng Bài,Hoàn Kiếm,Hà Nội,cu,vua,bo_dau|dinh_dang_phan_cach,2,42,synthetic_from_verified_osm
N00770,"30,Phố Mai Hắc Đế,Nguyễn Du,Hai Bà Trưng,Hà Nội","30, Phố Mai Hắc Đế, Nguyễn Du, Hai Bà Trưng, Hà Nội",30,Phố Mai Hắc Đế,Nguyễn Du,Hai Bà Trưng,Hà Nội,30,Phố Mai Hắc Đế,Nguyễn Du,Hai Bà Trưng,Hà Nội,cu,vua,dinh_dang_phan_cach,1,42,synthetic_from_verified_osm
N00771,29; Phố Tố Hữu; Trung Văn; Nam Từ Liêm; Hà Nội,"29, Phố Tố Hữu, Trung Văn, Nam Từ Liêm, Hà Nội",29,Phố Tố Hữu,Trung Văn,Nam Từ Liêm,Hà Nội,29,Phố Tố Hữu,Trung Văn,Nam Từ Liêm,Hà Nội,cu,vua,dinh_dang_phan_cach,1,42,synthetic_from_verified_osm
N00772,55; Phố Gia Thượng; TP.HN; Long B1ên,"55, Phố Gia Thượng, Ngọc Thụy, Long Biên, Hà Nội",55,Phố Gia Thượng,,Long B1ên,TP.HN,55,Phố Gia Thượng,Ngọc Thụy,Long Biên,Hà Nội,cu,nang,viet_tat|thieu_PhuongXa|loi_ocr_ky_tu|dao_thu_tu_hanh_chinh|dinh_dang_phan_cach,5,42,synthetic_from_verified_osm
N00773,Đường Mỹ Phú 1A - Phường Tân Phú - Thanh pho Ho Chi Minh,"10, Đường Mỹ Phú 1A, Phường Tân Phú, Thành phố Hồ Chí Minh",,Đường Mỹ Phú 1A,Phường Tân Phú,,Thanh pho Ho Chi Minh,10,Đường Mỹ Phú 1A,Phường Tân Phú,,Thành phố Hồ Chí Minh,moi,nang,bo_dau|thieu_SoNha|dinh_dang_phan_cach,3,42,synthetic_from_verified_osm
N00774,45; Đường Quang Trung; Phường Nhân Hòa; Tinh Bac Ninh,"45, Đường Quang Trung, Phường Nhân Hòa, Tỉnh Bắc Ninh",45,Đường Quang Trung,Phường Nhân Hòa,,Tinh Bac Ninh,45,Đường Quang Trung,Phường Nhân Hòa,,Tỉnh Bắc Ninh,moi,vua,bo_dau|dinh_dang_phan_cach,2,42,synthetic_from_verified_osm
N00775,"59,Phố Hoàng Cầu,P.Ô Chợ Dừa,Đống Đa,Ha Noi","59, Phố Hoàng Cầu, Phường Ô Chợ Dừa, Đống Đa, Hà Nội",59,Phố Hoàng Cầu,P.Ô Chợ Dừa,Đống Đa,Ha Noi,59,Phố Hoàng Cầu,Phường Ô Chợ Dừa,Đống Đa,Hà Nội,cu,nang,viet_tat|bo_dau|dinh_dang_phan_cach,3,42,synthetic_from_verified_osm
N00776,236 - Pho Luong Dinh Cua - P.Phương Liễu - Tỉnh Bắc N1nh,"236, Phố Lương Định Của, Phường Phương Liễu, Tỉnh Bắc Ninh",236,Pho Luong Dinh Cua,P.Phương Liễu,,Tỉnh Bắc N1nh,236,Phố Lương Định Của,Phường Phương Liễu,,Tỉnh Bắc Ninh,moi,nang,viet_tat|bo_dau|loi_ocr_ky_tu|dinh_dang_phan_cach,4,42,synthetic_from_verified_osm
N00777,35 - Hoang Sa - Phường Đa Kao - Quận 1 - Thành phố Hồ Chí Minh,"35, Hoàng Sa, Phường Đa Kao, Quận 1, Thành phố Hồ Chí Minh",35,Hoang Sa,Phường Đa Kao,Quận 1,Thành phố Hồ Chí Minh,35,Hoàng Sa,Phường Đa Kao,Quận 1,Thành phố Hồ Chí Minh,cu,vua,bo_dau|dinh_dang_phan_cach,2,42,synthetic_from_verified_osm
N00778,"39B,Truong Son,P. 4,Quan Tan Binh,TPHCM","39B, Trường Sơn, Phường 4, Quan Tan Binh, thành phố Hồ Chí Minh",39B,Truong Son,P. 4,Quan Tan Binh,TPHCM,39B,Trường Sơn,Phường 4,Quan Tan Binh,thành phố Hồ Chí Minh,cu,vua,viet_tat|bo_dau|dinh_dang_phan_cach,3,42,synthetic_from_verified_osm
N00779,146; Đường Trần Hưng Đạo; Bac N1nh,"146, Đường Trần Hưng Đạo, Phường Võ Cường, Tỉnh Bắc Ninh",146,Đường Trần Hưng Đạo,,,Bac N1nh,146,Đường Trần Hưng Đạo,Phường Võ Cường,,Tỉnh Bắc Ninh,moi,nang,viet_tat|bo_dau|thieu_PhuongXa|loi_ocr_ky_tu|dinh_dang_phan_cach,5,42,synthetic_from_verified_osm
N00780,11; Nhà Chung Alley; Hoan Kiem; Hanoi; Hà Nội,"11, Nhà Chung Alley, Hoan Kiem, Hanoi, Hà Nội",11,Nhà Chung Alley,Hoan Kiem,Hanoi,Hà Nội,11,Nhà Chung Alley,Hoan Kiem,Hanoi,Hà Nội,cu,nhe,dinh_dang_phan_cach,1,42,synthetic_from_verified_osm
N00781,"201,Đường Ngũ Huyện Khê,P.Kinh Bắc,Bắc Ninh","201, Đường Ngũ Huyện Khê, Phường Kinh Bắc, Tỉnh Bắc Ninh",201,Đường Ngũ Huyện Khê,P.Kinh Bắc,,Bắc Ninh,201,Đường Ngũ Huyện Khê,Phường Kinh Bắc,,Tỉnh Bắc Ninh,moi,nhe,viet_tat|dinh_dang_phan_cach,2,42,synthetic_from_verified_osm
N00782,"362,Phố Huế,Phố Huế,Hai Bà Trưng,Ha Noi","362, Phố Huế, Phố Huế, Hai Bà Trưng, Hà Nội",362,Phố Huế,Phố Huế,Hai Bà Trưng,Ha Noi,362,Phố Huế,Phố Huế,Hai Bà Trưng,Hà Nội,cu,vua,bo_dau|dinh_dang_phan_cach,2,42,synthetic_from_verified_osm
N00783,17; Phố Cao Bá Quát; Phuong Ba Dinh; Thành phố Hà Nội,"17, Phố Cao Bá Quát, Phường Ba Đình, Thành phố Hà Nội",17,Phố Cao Bá Quát,Phuong Ba Dinh,,Thành phố Hà Nội,17,Phố Cao Bá Quát,Phường Ba Đình,,Thành phố Hà Nội,moi,vua,bo_dau|dinh_dang_phan_cach,2,42,synthetic_from_verified_osm
N00784,2; Phố Hàng Cót; P.Hàng Mã; Q Hoàn Kiếm; Hà Nội,"2, Phố Hàng Cót, Phường Hàng Mã, Quận Hoàn Kiếm, Hà Nội",2,Phố Hàng Cót,P.Hàng Mã,Q Hoàn Kiếm,Hà Nội,2,Phố Hàng Cót,Phường Hàng Mã,Quận Hoàn Kiếm,Hà Nội,cu,vua,viet_tat|dinh_dang_phan_cach,2,42,synthetic_from_verified_osm
N00785,"185,Phố Nguyễn Lương Bằng,Quang Trung,Đống Đa,Ha Noi","185, Phố Nguyễn Lương Bằng, Quang Trung, Đống Đa, Hà Nội",185,Phố Nguyễn Lương Bằng,Quang Trung,Đống Đa,Ha Noi,185,Phố Nguyễn Lương Bằng,Quang Trung,Đống Đa,Hà Nội,cu,vua,bo_dau|dinh_dang_phan_cach,2,42,synthetic_from_verified_osm
N00786,"43,Đường Số 18,P.Tân Phú,TP.HCM","43, Đường Số 18, Phường Tân Phú, Thành phố Hồ Chí Minh",43,Đường Số 18,P.Tân Phú,,TP.HCM,43,Đường Số 18,Phường Tân Phú,,Thành phố Hồ Chí Minh,moi,nhe,viet_tat|dinh_dang_phan_cach,2,42,synthetic_from_verified_osm
N00787,"64,Lê Công Kiều,Phường Nguyễn Thái Bình,Q 1,TPHCM","64, Lê Công Kiều, Phường Nguyễn Thái Bình, Quận 1, Thành phố Hồ Chí Minh",64,Lê Công Kiều,Phường Nguyễn Thái Bình,Q 1,TPHCM,64,Lê Công Kiều,Phường Nguyễn Thái Bình,Quận 1,Thành phố Hồ Chí Minh,cu,nhe,viet_tat|dinh_dang_phan_cach,2,42,synthetic_from_verified_osm
N00788,02; Duong My Phu 1C; P Tân Phú; Thành phố Hồ Chí Minh,"02, Đường Mỹ Phú 1C, Phường Tân Phú, Thành phố Hồ Chí Minh",02,Duong My Phu 1C,P Tân Phú,,Thành phố Hồ Chí Minh,02,Đường Mỹ Phú 1C,Phường Tân Phú,,Thành phố Hồ Chí Minh,moi,nang,viet_tat|bo_dau|dao_thu_tu_hanh_chinh|dinh_dang_phan_cach,4,42,synthetic_from_verified_osm
N00789,31 - Phố Chợ - P.Vũ Ninh - Tỉnh Bắc Ninh,"31, Phố Chợ, Phường Vũ Ninh, Tỉnh Bắc Ninh",31,Phố Chợ,P.Vũ Ninh,,Tỉnh Bắc Ninh,31,Phố Chợ,Phường Vũ Ninh,,Tỉnh Bắc Ninh,moi,nhe,viet_tat|dinh_dang_phan_cach,2,42,synthetic_from_verified_osm
N00790,"31,Ngách 643/9 Phạm Văn Đồng,P Cổ Nhuế 1,Quận Bắc Từ Liêm,Ha Noi","31, Ngách 643/9 Phạm Văn Đồng, Phường Cổ Nhuế 1, Quận Bắc Từ Liêm, Hà Nội",31,Ngách 643/9 Phạm Văn Đồng,P Cổ Nhuế 1,Quận Bắc Từ Liêm,Ha Noi,31,Ngách 643/9 Phạm Văn Đồng,Phường Cổ Nhuế 1,Quận Bắc Từ Liêm,Hà Nội,cu,vua,viet_tat|bo_dau|dinh_dang_phan_cach,3,42,synthetic_from_verified_osm
N00791,"Lô B7,Đường Số 19A,Tân Thuận Đông,7,TP. Ho Chi Minh","Lô B7, Đường Số 19A, phường Tân Thuận Đông, 7, TP. Hồ Chí Minh",Lô B7,Đường Số 19A,Tân Thuận Đông,7,TP. Ho Chi Minh,Lô B7,Đường Số 19A,phường Tân Thuận Đông,7,TP. Hồ Chí Minh,cu,vua,viet_tat|bo_dau|dinh_dang_phan_cach,3,42,synthetic_from_verified_osm
N00792,245 - Nguyễn Thị Định - 2 - HCM,"245, Nguyễn Thị Định, Bình Trưng Tây, 2, Hồ Chí Minh",245,Nguyễn Thị Định,,2,HCM,245,Nguyễn Thị Định,Bình Trưng Tây,2,Hồ Chí Minh,cu,nang,viet_tat|thieu_PhuongXa|dao_thu_tu_hanh_chinh|dinh_dang_phan_cach,4,42,synthetic_from_verified_osm
N00793,214-216 - Phan Xích L0ng - HCM - Phường 2,"214-216, Phan Xích Long, Phường 2, Phú Nhuận, Thành phố Hồ Chí Minh",214-216,Phan Xích L0ng,Phường 2,,HCM,214-216,Phan Xích Long,Phường 2,Phú Nhuận,Thành phố Hồ Chí Minh,cu,nang,viet_tat|thieu_QuanHuyen|loi_ocr_ky_tu|dao_thu_tu_hanh_chinh|dinh_dang_phan_cach,5,42,synthetic_from_verified_osm
N00794,"34,Phố Lý Thái Tổ,Lý Thái Tổ,Hoàn Kiếm,TP. Hà Nội","34, Phố Lý Thái Tổ, Lý Thái Tổ, Hoàn Kiếm, Hà Nội",34,Phố Lý Thái Tổ,Lý Thái Tổ,Hoàn Kiếm,TP. Hà Nội,34,Phố Lý Thái Tổ,Lý Thái Tổ,Hoàn Kiếm,Hà Nội,cu,nhe,viet_tat|dinh_dang_phan_cach,2,42,synthetic_from_verified_osm
N00795,96; Phố Mai Công; Phuong Que Vo; Tỉnh Bắc Ninh,"96, Phố Mai Công, Phường Quế Võ, Tỉnh Bắc Ninh",96,Phố Mai Công,Phuong Que Vo,,Tỉnh Bắc Ninh,96,Phố Mai Công,Phường Quế Võ,,Tỉnh Bắc Ninh,moi,vua,bo_dau|dinh_dang_phan_cach,2,42,synthetic_from_verified_osm
N00796,"326,Phố Huế,Phố Huế,Hai Bà Trưng,Hà Nội","326, Phố Huế, Phố Huế, Hai Bà Trưng, Hà Nội",326,Phố Huế,Phố Huế,Hai Bà Trưng,Hà Nội,326,Phố Huế,Phố Huế,Hai Bà Trưng,Hà Nội,cu,nhe,dinh_dang_phan_cach,1,42,synthetic_from_verified_osm
N00797,45; Duong Le Phung Hieu; Phường Kinh Bắc; Bắc Ninh,"45, Đường Lê Phụng Hiểu, Phường Kinh Bắc, Tỉnh Bắc Ninh",45,Duong Le Phung Hieu,Phường Kinh Bắc,,Bắc Ninh,45,Đường Lê Phụng Hiểu,Phường Kinh Bắc,,Tỉnh Bắc Ninh,moi,vua,viet_tat|bo_dau|dinh_dang_phan_cach,3,42,synthetic_from_verified_osm
N00798,95 - Pho Le Hong Phong - P. Ba Đình - TP. Hà Nội,"95, Phố Lê Hồng Phong, Phường Ba Đình, Thành phố Hà Nội",95,Pho Le Hong Phong,P. Ba Đình,,TP. Hà Nội,95,Phố Lê Hồng Phong,Phường Ba Đình,,Thành phố Hà Nội,moi,vua,viet_tat|bo_dau|dinh_dang_phan_cach,3,42,synthetic_from_verified_osm
N00799,37; Phố Lương Định Của; P Phương Liễu; Tỉnh Bắc Ninh,"37, Phố Lương Định Của, Phường Phương Liễu, Tỉnh Bắc Ninh",37,Phố Lương Định Của,P Phương Liễu,,Tỉnh Bắc Ninh,37,Phố Lương Định Của,Phường Phương Liễu,,Tỉnh Bắc Ninh,moi,vua,viet_tat|dinh_dang_phan_cach,2,42,synthetic_from_verified_osm
N00800,06; Du0ng My Phu 1C; HCM,"06, Đường Mỹ Phú 1C, Phường Tân Phú, Thành phố Hồ Chí Minh",06,Du0ng My Phu 1C,,,HCM,06,Đường Mỹ Phú 1C,Phường Tân Phú,,Thành phố Hồ Chí Minh,moi,nang,viet_tat|bo_dau|thieu_PhuongXa|loi_ocr_ky_tu|dinh_dang_phan_cach,5,42,synthetic_from_verified_osm
N00801,130 - Đường Nguyễn Thủ Tiệp - Tỉnh Bắc N1nh,"130, Đường Nguyễn Thủ Tiệp, Phường Hạp Lĩnh, Tỉnh Bắc Ninh",130,Đường Nguyễn Thủ Tiệp,,,Tỉnh Bắc N1nh,130,Đường Nguyễn Thủ Tiệp,Phường Hạp Lĩnh,,Tỉnh Bắc Ninh,moi,nang,thieu_PhuongXa|loi_ocr_ky_tu|dao_thu_tu_hanh_chinh|dinh_dang_phan_cach,4,42,synthetic_from_verified_osm
N00802,"160,Đường Nguyễn Quốc Ích,Phường Võ Cường,T.Bắc Ninh","160, Đường Nguyễn Quốc Ích, Phường Võ Cường, Tỉnh Bắc Ninh",160,Đường Nguyễn Quốc Ích,Phường Võ Cường,,T.Bắc Ninh,160,Đường Nguyễn Quốc Ích,Phường Võ Cường,,Tỉnh Bắc Ninh,moi,nhe,viet_tat|dinh_dang_phan_cach,2,42,synthetic_from_verified_osm
N00803,"04,Đường Số 21,Phường Tân Phú,Thành phố Hồ Chí Minh","04, Đường Số 21, Phường Tân Phú, Thành phố Hồ Chí Minh",04,Đường Số 21,Phường Tân Phú,,Thành phố Hồ Chí Minh,04,Đường Số 21,Phường Tân Phú,,Thành phố Hồ Chí Minh,moi,nhe,dinh_dang_phan_cach,1,42,synthetic_from_verified_osm
N00804,"110,Đường Nguyễn Cao,P. Kinh Bắc,Tỉnh Bắc Ninh","110, Đường Nguyễn Cao, Phường Kinh Bắc, Tỉnh Bắc Ninh",110,Đường Nguyễn Cao,P. Kinh Bắc,,Tỉnh Bắc Ninh,110,Đường Nguyễn Cao,Phường Kinh Bắc,,Tỉnh Bắc Ninh,moi,nhe,viet_tat|dinh_dang_phan_cach,2,42,synthetic_from_verified_osm
N00805,4; Đường Lý Thái Tổ; P. Kinh Bắc; Tỉnh Bắc Ninh,"4, Đường Lý Thái Tổ, Phường Kinh Bắc, Tỉnh Bắc Ninh",4,Đường Lý Thái Tổ,P. Kinh Bắc,,Tỉnh Bắc Ninh,4,Đường Lý Thái Tổ,Phường Kinh Bắc,,Tỉnh Bắc Ninh,moi,nhe,viet_tat|dinh_dang_phan_cach,2,42,synthetic_from_verified_osm
N00806,"NT03-36,Ngọc Trai 3,Da Ton,Gia Lâm,Hà Nội","NT03-36, Ngọc Trai 3, Đa Tốn, Gia Lâm, Hà Nội",NT03-36,Ngọc Trai 3,Da Ton,Gia Lâm,Hà Nội,NT03-36,Ngọc Trai 3,Đa Tốn,Gia Lâm,Hà Nội,cu,vua,bo_dau|dinh_dang_phan_cach,2,42,synthetic_from_verified_osm
N00807,774 - Đường Trần Hưng Đạo - P. Nam Sơn - Tỉnh Bắc Ninh,"774, Đường Trần Hưng Đạo, Phường Nam Sơn, Tỉnh Bắc Ninh",774,Đường Trần Hưng Đạo,P. Nam Sơn,,Tỉnh Bắc Ninh,774,Đường Trần Hưng Đạo,Phường Nam Sơn,,Tỉnh Bắc Ninh,moi,vua,viet_tat|dinh_dang_phan_cach,2,42,synthetic_from_verified_osm
N00808,221; Phố Trần Quốc Hoàn; P. Dịch Vọng Hậu; Quan Cau Giay; Hà Nội,"221, Phố Trần Quốc Hoàn, Phường Dịch Vọng Hậu, Quận Cầu Giấy, Hà Nội",221,Phố Trần Quốc Hoàn,P. Dịch Vọng Hậu,Quan Cau Giay,Hà Nội,221,Phố Trần Quốc Hoàn,Phường Dịch Vọng Hậu,Quận Cầu Giấy,Hà Nội,cu,vua,viet_tat|bo_dau|dinh_dang_phan_cach,3,42,synthetic_from_verified_osm
N00809,29A; Lê Thánh Tôn; Phuong Sai Gon; Thành phố Hồ Chí Minh,"29A, Lê Thánh Tôn, Phường Sài Gòn, Thành phố Hồ Chí Minh",29A,Lê Thánh Tôn,Phuong Sai Gon,,Thành phố Hồ Chí Minh,29A,Lê Thánh Tôn,Phường Sài Gòn,,Thành phố Hồ Chí Minh,moi,nang,bo_dau|dinh_dang_phan_cach,2,42,synthetic_from_verified_osm
N00810,8; Kiet 54 Hoang Van Thai; Phường Hòa Khánh; Thành phố Đà Nẵng,"8, Kiệt 54 Hoàng Văn Thái, Phường Hòa Khánh, Thành phố Đà Nẵng",8,Kiet 54 Hoang Van Thai,Phường Hòa Khánh,,Thành phố Đà Nẵng,8,Kiệt 54 Hoàng Văn Thái,Phường Hòa Khánh,,Thành phố Đà Nẵng,moi,vua,bo_dau|dinh_dang_phan_cach,2,42,synthetic_from_verified_osm
N00811,40-42; Phố Nguyễn Thái Học; Phường Ba Đình; Thành phố Hà Nội,"40-42, Phố Nguyễn Thái Học, Phường Ba Đình, Thành phố Hà Nội",40-42,Phố Nguyễn Thái Học,Phường Ba Đình,,Thành phố Hà Nội,40-42,Phố Nguyễn Thái Học,Phường Ba Đình,,Thành phố Hà Nội,moi,vua,dinh_dang_phan_cach,1,42,synthetic_from_verified_osm
N00812,930; Đường Thiên Đức; Phường Kinh Bắc; Bac Ninh,"930, Đường Thiên Đức, Phường Kinh Bắc, Tỉnh Bắc Ninh",930,Đường Thiên Đức,Phường Kinh Bắc,,Bac Ninh,930,Đường Thiên Đức,Phường Kinh Bắc,,Tỉnh Bắc Ninh,moi,vua,viet_tat|bo_dau|dinh_dang_phan_cach,3,42,synthetic_from_verified_osm
N00813,"93,Phố Bùi Thị Xuân,Nguyễn Du,Hai Bà Trưng,Hà Nội","93, Phố Bùi Thị Xuân, Nguyễn Du, Hai Bà Trưng, Hà Nội",93,Phố Bùi Thị Xuân,Nguyễn Du,Hai Bà Trưng,Hà Nội,93,Phố Bùi Thị Xuân,Nguyễn Du,Hai Bà Trưng,Hà Nội,cu,nhe,dinh_dang_phan_cach,1,42,synthetic_from_verified_osm
N00814,"Đường Nộ1 Khu 1,Phường Tân Phú,Q 7,Thành phố Hồ Chí Minh","A51, Đường Nội Khu 1, Phường Tân Phú, Quận 7, Thành phố Hồ Chí Minh",,Đường Nộ1 Khu 1,Phường Tân Phú,Q 7,Thành phố Hồ Chí Minh,A51,Đường Nội Khu 1,Phường Tân Phú,Quận 7,Thành phố Hồ Chí Minh,cu,nang,viet_tat|thieu_SoNha|loi_ocr_ky_tu|dinh_dang_phan_cach,4,42,synthetic_from_verified_osm
N00815,Phố Lương Định Của; Phuong Phuong Lieu; Tỉnh Bắc Ninh,"80, Phố Lương Định Của, Phường Phương Liễu, Tỉnh Bắc Ninh",,Phố Lương Định Của,Phuong Phuong Lieu,,Tỉnh Bắc Ninh,80,Phố Lương Định Của,Phường Phương Liễu,,Tỉnh Bắc Ninh,moi,nang,bo_dau|thieu_SoNha|dao_thu_tu_hanh_chinh|dinh_dang_phan_cach,4,42,synthetic_from_verified_osm
N00816,"138,Phố Hà Liễu,Phương Liễu,Bắc Ninh","138, Phố Hà Liễu, Phường Phương Liễu, Tỉnh Bắc Ninh",138,Phố Hà Liễu,Phương Liễu,,Bắc Ninh,138,Phố Hà Liễu,Phường Phương Liễu,,Tỉnh Bắc Ninh,moi,nhe,viet_tat|dinh_dang_phan_cach,2,42,synthetic_from_verified_osm
N00817,386 - Đường Đàm Văn Tiết - Phuong Nam Son - Tỉnh Bắc Ninh,"386, Đường Đàm Văn Tiết, Phường Nam Sơn, Tỉnh Bắc Ninh",386,Đường Đàm Văn Tiết,Phuong Nam Son,,Tỉnh Bắc Ninh,386,Đường Đàm Văn Tiết,Phường Nam Sơn,,Tỉnh Bắc Ninh,moi,vua,bo_dau|dinh_dang_phan_cach,2,42,synthetic_from_verified_osm
N00818,126P - Đường Tam Trinh - Yên Sở - Hoàng Mai - Hà Nội,"126P, Đường Tam Trinh, Yên Sở, Hoàng Mai, Hà Nội",126P,Đường Tam Trinh,Yên Sở,Hoàng Mai,Hà Nội,126P,Đường Tam Trinh,Yên Sở,Hoàng Mai,Hà Nội,cu,nhe,dinh_dang_phan_cach,1,42,synthetic_from_verified_osm
N00819,NT08-42 - Ngọc Trai 8 - Da Ton - Gia Lâm - Hà Nội,"NT08-42, Ngọc Trai 8, Đa Tốn, Gia Lâm, Hà Nội",NT08-42,Ngọc Trai 8,Da Ton,Gia Lâm,Hà Nội,NT08-42,Ngọc Trai 8,Đa Tốn,Gia Lâm,Hà Nội,cu,vua,bo_dau|dinh_dang_phan_cach,2,42,synthetic_from_verified_osm
N00820,"65,Đường Bà Chúa Kho,P Vũ Ninh,Tỉnh Bắc Ninh","65, Đường Bà Chúa Kho, Phường Vũ Ninh, Tỉnh Bắc Ninh",65,Đường Bà Chúa Kho,P Vũ Ninh,,Tỉnh Bắc Ninh,65,Đường Bà Chúa Kho,Phường Vũ Ninh,,Tỉnh Bắc Ninh,moi,nhe,viet_tat|dinh_dang_phan_cach,2,42,synthetic_from_verified_osm
N00821,568 - Ca Văn Thỉnh - Phú Khương - Bến Tre - Bến Tre,"568, Ca Văn Thỉnh, Phú Khương, Bến Tre, Bến Tre",568,Ca Văn Thỉnh,Phú Khương,Bến Tre,Bến Tre,568,Ca Văn Thỉnh,Phú Khương,Bến Tre,Bến Tre,cu,nhe,dinh_dang_phan_cach,1,42,synthetic_from_verified_osm
N00822,17 - Đường Nội Khu Nam Khang - Tân Phú - Quận 7 - TP.HCM,"17, Đường Nội Khu Nam Khang, Tân Phú, Quận 7, Thành phố Hồ Chí Minh",17,Đường Nội Khu Nam Khang,Tân Phú,Quận 7,TP.HCM,17,Đường Nội Khu Nam Khang,Tân Phú,Quận 7,Thành phố Hồ Chí Minh,cu,vua,viet_tat|dinh_dang_phan_cach,2,42,synthetic_from_verified_osm
N00823,SH05-26; San Hô 5; Đa Tốn; Gia Lâm; Hà Nội,"SH05-26, San Hô 5, Đa Tốn, Gia Lâm, Hà Nội",SH05-26,San Hô 5,Đa Tốn,Gia Lâm,Hà Nội,SH05-26,San Hô 5,Đa Tốn,Gia Lâm,Hà Nội,cu,nhe,dinh_dang_phan_cach,1,42,synthetic_from_verified_osm
N00824,"Duong Hoang Quoc Viet,P Nghĩa Đô,HN","75, Đường Hoàng Quốc Việt, Phường Nghĩa Đô, Thành phố Hà Nội",,Duong Hoang Quoc Viet,P Nghĩa Đô,,HN,75,Đường Hoàng Quốc Việt,Phường Nghĩa Đô,,Thành phố Hà Nội,moi,nang,viet_tat|bo_dau|thieu_SoNha|dinh_dang_phan_cach,4,42,synthetic_from_verified_osm
N00825,11 - Ngach 234/29 Hoang Quoc Viet - Phường Cổ Nhuế 1 - Hà Nội,"11, Ngách 234/29 Hoàng Quốc Việt, Phường Cổ Nhuế 1, Quận Bắc Từ Liêm, Hà Nội",11,Ngach 234/29 Hoang Quoc Viet,Phường Cổ Nhuế 1,,Hà Nội,11,Ngách 234/29 Hoàng Quốc Việt,Phường Cổ Nhuế 1,Quận Bắc Từ Liêm,Hà Nội,cu,nang,bo_dau|thieu_QuanHuyen|dao_thu_tu_hanh_chinh|dinh_dang_phan_cach,4,42,synthetic_from_verified_osm
N00826,2 - Phố Chùa Bộc - Trung Tự - TP.HN,"2, Phố Chùa Bộc, Trung Tự, Đống Đa, Hà Nội",2,Phố Chùa Bộc,Trung Tự,,TP.HN,2,Phố Chùa Bộc,Trung Tự,Đống Đa,Hà Nội,cu,nang,viet_tat|thieu_QuanHuyen|dao_thu_tu_hanh_chinh|dinh_dang_phan_cach,4,42,synthetic_from_verified_osm
N00827,117 - Chu Văn An - P.Đông Kinh - Tỉnh Lạng Sơn,"117, Chu Văn An, Phường Đông Kinh, Tỉnh Lạng Sơn",117,Chu Văn An,P.Đông Kinh,,Tỉnh Lạng Sơn,117,Chu Văn An,Phường Đông Kinh,,Tỉnh Lạng Sơn,moi,nhe,viet_tat|dinh_dang_phan_cach,2,42,synthetic_from_verified_osm
N00828,41 - Đường Số 19 - P. Tân Phú - Thành phố Hồ Chí Minh,"41, Đường Số 19, Phường Tân Phú, Thành phố Hồ Chí Minh",41,Đường Số 19,P. Tân Phú,,Thành phố Hồ Chí Minh,41,Đường Số 19,Phường Tân Phú,,Thành phố Hồ Chí Minh,moi,vua,viet_tat|dinh_dang_phan_cach,2,42,synthetic_from_verified_osm
N00829,"154,Phố Nguyễn Thái Học,P.Ba Đình,HN","154, Phố Nguyễn Thái Học, Phường Ba Đình, Thành phố Hà Nội",154,Phố Nguyễn Thái Học,P.Ba Đình,,HN,154,Phố Nguyễn Thái Học,Phường Ba Đình,,Thành phố Hà Nội,moi,nhe,viet_tat|dinh_dang_phan_cach,2,42,synthetic_from_verified_osm
N00830,"89,Phố Lý Khánh Văn,P.Từ Sơn,Bắc Ninh","89, Phố Lý Khánh Văn, Phường Từ Sơn, Tỉnh Bắc Ninh",89,Phố Lý Khánh Văn,P.Từ Sơn,,Bắc Ninh,89,Phố Lý Khánh Văn,Phường Từ Sơn,,Tỉnh Bắc Ninh,moi,nhe,viet_tat|dinh_dang_phan_cach,2,42,synthetic_from_verified_osm
N00831,193; Nam Ky Khoi Nghia; Quận 3; Thành phố Hồ Chí Minh,"193, Nam Kỳ Khởi Nghĩa, Phường 7, Quận 3, Thành phố Hồ Chí Minh",193,Nam Ky Khoi Nghia,,Quận 3,Thành phố Hồ Chí Minh,193,Nam Kỳ Khởi Nghĩa,Phường 7,Quận 3,Thành phố Hồ Chí Minh,cu,nang,bo_dau|thieu_PhuongXa|dao_thu_tu_hanh_chinh|dinh_dang_phan_cach,4,42,synthetic_from_verified_osm
N00832,16; Đường Nguyễn Đoan Trung; Phường Hạp Lĩnh; Tỉnh Bắc Ninh,"16, Đường Nguyễn Đoan Trung, Phường Hạp Lĩnh, Tỉnh Bắc Ninh",16,Đường Nguyễn Đoan Trung,Phường Hạp Lĩnh,,Tỉnh Bắc Ninh,16,Đường Nguyễn Đoan Trung,Phường Hạp Lĩnh,,Tỉnh Bắc Ninh,moi,nhe,dinh_dang_phan_cach,1,42,synthetic_from_verified_osm
N00833,"120a,Nguyễn Đình Chiểu,Phường Mũi Né,T.Lam Dong","120a, Nguyễn Đình Chiểu, Phường Mũi Né, Tỉnh Lâm Đồng",120a,Nguyễn Đình Chiểu,Phường Mũi Né,,T.Lam Dong,120a,Nguyễn Đình Chiểu,Phường Mũi Né,,Tỉnh Lâm Đồng,moi,vua,viet_tat|bo_dau|dinh_dang_phan_cach,3,42,synthetic_from_verified_osm
N00834,161 - Luong Dinh Cua - P. Đông Hòa - TP. Dĩ An - Dĩ An - Bình Dương,"161, Lương Định Của, Phường Đông Hòa, Thành phố Dĩ An, Dĩ An - Bình Dương",161,Luong Dinh Cua,P. Đông Hòa,TP. Dĩ An,Dĩ An - Bình Dương,161,Lương Định Của,Phường Đông Hòa,Thành phố Dĩ An,Dĩ An - Bình Dương,cu,vua,viet_tat|bo_dau|dinh_dang_phan_cach,3,42,synthetic_from_verified_osm
N00835,126-128; Phố Bùi Thị Xuân; Nguyen Du; Hai Bà Trưng; TP.HN,"126-128, Phố Bùi Thị Xuân, Nguyễn Du, Hai Bà Trưng, Hà Nội",126-128,Phố Bùi Thị Xuân,Nguyen Du,Hai Bà Trưng,TP.HN,126-128,Phố Bùi Thị Xuân,Nguyễn Du,Hai Bà Trưng,Hà Nội,cu,vua,viet_tat|bo_dau|dinh_dang_phan_cach,3,42,synthetic_from_verified_osm
N00836,17; Phố Cao Bá Quát; P. Ba Đình; Thanh pho Ha Noi,"17, Phố Cao Bá Quát, Phường Ba Đình, Thành phố Hà Nội",17,Phố Cao Bá Quát,P. Ba Đình,,Thanh pho Ha Noi,17,Phố Cao Bá Quát,Phường Ba Đình,,Thành phố Hà Nội,moi,vua,viet_tat|bo_dau|dinh_dang_phan_cach,3,42,synthetic_from_verified_osm
N00837,178; Đường Nguyễn Văn Cừ; P.Võ Cường; Tỉnh Bắc Ninh,"178, Đường Nguyễn Văn Cừ, Phường Võ Cường, Tỉnh Bắc Ninh",178,Đường Nguyễn Văn Cừ,P.Võ Cường,,Tỉnh Bắc Ninh,178,Đường Nguyễn Văn Cừ,Phường Võ Cường,,Tỉnh Bắc Ninh,moi,nhe,viet_tat|dinh_dang_phan_cach,2,42,synthetic_from_verified_osm
N00838,364; Đường Đàm Văn Tiết; Nam Sơn; Tỉnh Bắc Ninh,"364, Đường Đàm Văn Tiết, Phường Nam Sơn, Tỉnh Bắc Ninh",364,Đường Đàm Văn Tiết,Nam Sơn,,Tỉnh Bắc Ninh,364,Đường Đàm Văn Tiết,Phường Nam Sơn,,Tỉnh Bắc Ninh,moi,nhe,viet_tat|dinh_dang_phan_cach,2,42,synthetic_from_verified_osm
N00839,52 - Đường Phúc Sơn - Phường Vũ Ninh - Tinh Bac Ninh,"52, Đường Phúc Sơn, Phường Vũ Ninh, Tỉnh Bắc Ninh",52,Đường Phúc Sơn,Phường Vũ Ninh,,Tinh Bac Ninh,52,Đường Phúc Sơn,Phường Vũ Ninh,,Tỉnh Bắc Ninh,moi,vua,bo_dau|dinh_dang_phan_cach,2,42,synthetic_from_verified_osm
N00840,03 - Đường Nội Khu 02 - Phường Tân Phú - Quan 7 - Thành phố Hồ Chí Minh,"03, Đường Nội Khu 02, Phường Tân Phú, Quận 7, Thành phố Hồ Chí Minh",03,Đường Nội Khu 02,Phường Tân Phú,Quan 7,Thành phố Hồ Chí Minh,03,Đường Nội Khu 02,Phường Tân Phú,Quận 7,Thành phố Hồ Chí Minh,cu,vua,bo_dau|dinh_dang_phan_cach,2,42,synthetic_from_verified_osm
N00841,"12,422/14/8,đức giang,Long biên,TP.HN","12, 422/14/8, đức giang, Long biên, Hà Nội",12,422/14/8,đức giang,Long biên,TP.HN,12,422/14/8,đức giang,Long biên,Hà Nội,cu,nhe,viet_tat|dinh_dang_phan_cach,2,42,synthetic_from_verified_osm
N00842,6 - Ngo 61 Pham Tuan Tai - Phường Cổ Nhuế 1 - Q Bắc Từ Liêm - Hà Nội,"6, Ngõ 61 Phạm Tuấn Tài, Phường Cổ Nhuế 1, Quận Bắc Từ Liêm, Hà Nội",6,Ngo 61 Pham Tuan Tai,Phường Cổ Nhuế 1,Q Bắc Từ Liêm,Hà Nội,6,Ngõ 61 Phạm Tuấn Tài,Phường Cổ Nhuế 1,Quận Bắc Từ Liêm,Hà Nội,cu,vua,viet_tat|bo_dau|dinh_dang_phan_cach,3,42,synthetic_from_verified_osm
N00843,"36,Đường Huyền Quang,Phường Kinh Bắc,Bac Ninh","36, Đường Huyền Quang, Phường Kinh Bắc, Tỉnh Bắc Ninh",36,Đường Huyền Quang,Phường Kinh Bắc,,Bac Ninh,36,Đường Huyền Quang,Phường Kinh Bắc,,Tỉnh Bắc Ninh,moi,nang,viet_tat|bo_dau|dinh_dang_phan_cach,3,42,synthetic_from_verified_osm
N00844,"1,Duong So 2,Hiệp Bình Phước,Thủ Đức,Phường Hiệp Bình Phước","1, Đường Số 2, Hiệp Bình Phước, Thủ Đức, Phường Hiệp Bình Phước",1,Duong So 2,Hiệp Bình Phước,Thủ Đức,Phường Hiệp Bình Phước,1,Đường Số 2,Hiệp Bình Phước,Thủ Đức,Phường Hiệp Bình Phước,cu,vua,bo_dau|dinh_dang_phan_cach,2,42,synthetic_from_verified_osm
N00845,"277,Phố Trần Quốc Hoàn,P. Dịch Vọng Hậu,Q. Cầu Giấy,Hà Nội","277, Phố Trần Quốc Hoàn, Phường Dịch Vọng Hậu, Quận Cầu Giấy, Hà Nội",277,Phố Trần Quốc Hoàn,P. Dịch Vọng Hậu,Q. Cầu Giấy,Hà Nội,277,Phố Trần Quốc Hoàn,Phường Dịch Vọng Hậu,Quận Cầu Giấy,Hà Nội,cu,nhe,viet_tat|dinh_dang_phan_cach,2,42,synthetic_from_verified_osm
N00846,Bành Văn Trân; Phường 7; Quan Tan Binh; TP. HCM,"80, Bành Văn Trân, Phường 7, Quận Tân Bình, Thành phố Hồ Chí Minh",,Bành Văn Trân,Phường 7,Quan Tan Binh,TP. HCM,80,Bành Văn Trân,Phường 7,Quận Tân Bình,Thành phố Hồ Chí Minh,cu,nang,viet_tat|bo_dau|thieu_SoNha|dinh_dang_phan_cach,4,42,synthetic_from_verified_osm
N00847,30; Phố Ông Ích Khiêm; Thành phố Hà Nộ1,"30, Phố Ông Ích Khiêm, Phường Ba Đình, Thành phố Hà Nội",30,Phố Ông Ích Khiêm,,,Thành phố Hà Nộ1,30,Phố Ông Ích Khiêm,Phường Ba Đình,,Thành phố Hà Nội,moi,nang,thieu_PhuongXa|loi_ocr_ky_tu|dao_thu_tu_hanh_chinh|dinh_dang_phan_cach,4,42,synthetic_from_verified_osm
N00848,"295,Đường Trần Hưng Đạo,P.Đại Phúc,Thành phố Bắc Ninh,Bắc Ninh","295, Đường Trần Hưng Đạo, Phường Đại Phúc, Thành phố Bắc Ninh, Bắc Ninh",295,Đường Trần Hưng Đạo,P.Đại Phúc,Thành phố Bắc Ninh,Bắc Ninh,295,Đường Trần Hưng Đạo,Phường Đại Phúc,Thành phố Bắc Ninh,Bắc Ninh,cu,nhe,viet_tat|dinh_dang_phan_cach,2,42,synthetic_from_verified_osm
N00849,22; Đường Hiệp Bình; Phường Hiệp Bình Phước; Thanh pho Thu Duc; Phường Hiệp Bình Phước,"22, Đường Hiệp Bình, Phường Hiệp Bình Phước, Thành phố Thủ Đức, Phường Hiệp Bình Phước",22,Đường Hiệp Bình,Phường Hiệp Bình Phước,Thanh pho Thu Duc,Phường Hiệp Bình Phước,22,Đường Hiệp Bình,Phường Hiệp Bình Phước,Thành phố Thủ Đức,Phường Hiệp Bình Phước,cu,vua,bo_dau|dinh_dang_phan_cach,2,42,synthetic_from_verified_osm
N00850,"86,Ngõ 1 Phạm Tuấn Tài,P Dịch Vọng Hậu,Quận Cầu Giấy,HN","86, Ngõ 1 Phạm Tuấn Tài, Phường Dịch Vọng Hậu, Quận Cầu Giấy, Hà Nội",86,Ngõ 1 Phạm Tuấn Tài,P Dịch Vọng Hậu,Quận Cầu Giấy,HN,86,Ngõ 1 Phạm Tuấn Tài,Phường Dịch Vọng Hậu,Quận Cầu Giấy,Hà Nội,cu,vua,viet_tat|dinh_dang_phan_cach,2,42,synthetic_from_verified_osm
N00851,15 - Đường Nội Khu 04 - Phường Tân Phú - Thành phố Hồ Chí Minh,"15, Đường Nội Khu 04, Phường Tân Phú, Thành phố Hồ Chí Minh",15,Đường Nội Khu 04,Phường Tân Phú,,Thành phố Hồ Chí Minh,15,Đường Nội Khu 04,Phường Tân Phú,,Thành phố Hồ Chí Minh,moi,nhe,dinh_dang_phan_cach,1,42,synthetic_from_verified_osm
N00852,17; Ngo 3 Pham Tuan Tai; P Dịch Vọng Hậu; Quận Cầu Giấy; TP.HN,"17, Ngõ 3 Phạm Tuấn Tài, Phường Dịch Vọng Hậu, Quận Cầu Giấy, Hà Nội",17,Ngo 3 Pham Tuan Tai,P Dịch Vọng Hậu,Quận Cầu Giấy,TP.HN,17,Ngõ 3 Phạm Tuấn Tài,Phường Dịch Vọng Hậu,Quận Cầu Giấy,Hà Nội,cu,vua,viet_tat|bo_dau|dinh_dang_phan_cach,3,42,synthetic_from_verified_osm
N00853,"58,Ngõ 7 Đường Đông Ngạc,Đông Ngạc,Bắc Từ Liêm,HN","58, Ngõ 7 Đường Đông Ngạc, Đông Ngạc, Bắc Từ Liêm, Hà Nội",58,Ngõ 7 Đường Đông Ngạc,Đông Ngạc,Bắc Từ Liêm,HN,58,Ngõ 7 Đường Đông Ngạc,Đông Ngạc,Bắc Từ Liêm,Hà Nội,cu,vua,viet_tat|dinh_dang_phan_cach,2,42,synthetic_from_verified_osm
N00854,811 - Đường Giải Phóng - Giáp Bát - Hoàng Mai - Hà Nội,"811, Đường Giải Phóng, Giáp Bát, Hoàng Mai, Hà Nội",811,Đường Giải Phóng,Giáp Bát,Hoàng Mai,Hà Nội,811,Đường Giải Phóng,Giáp Bát,Hoàng Mai,Hà Nội,cu,nhe,dinh_dang_phan_cach,1,42,synthetic_from_verified_osm
N00855,"80,Banh Van Tran,Phường Tân Sơn Nhất,Thành phố Hồ Chí Minh","80, Bành Văn Trân, Phường Tân Sơn Nhất, Thành phố Hồ Chí Minh",80,Banh Van Tran,Phường Tân Sơn Nhất,,Thành phố Hồ Chí Minh,80,Bành Văn Trân,Phường Tân Sơn Nhất,,Thành phố Hồ Chí Minh,moi,vua,bo_dau|dinh_dang_phan_cach,2,42,synthetic_from_verified_osm
N00856,74 - Ngõ 1 Phạm Tuấn Tài - Phường Dịch Vọng Hậu - Quận Cầu Giấy - Hà Nội,"74, Ngõ 1 Phạm Tuấn Tài, Phường Dịch Vọng Hậu, Quận Cầu Giấy, Hà Nội",74,Ngõ 1 Phạm Tuấn Tài,Phường Dịch Vọng Hậu,Quận Cầu Giấy,Hà Nội,74,Ngõ 1 Phạm Tuấn Tài,Phường Dịch Vọng Hậu,Quận Cầu Giấy,Hà Nội,cu,nhe,dinh_dang_phan_cach,1,42,synthetic_from_verified_osm
N00857,20 - Đường Bà Chúa Kho - P.Vũ Ninh - Bắc Ninh,"20, Đường Bà Chúa Kho, Phường Vũ Ninh, Tỉnh Bắc Ninh",20,Đường Bà Chúa Kho,P.Vũ Ninh,,Bắc Ninh,20,Đường Bà Chúa Kho,Phường Vũ Ninh,,Tỉnh Bắc Ninh,moi,vua,viet_tat|dinh_dang_phan_cach,2,42,synthetic_from_verified_osm
N00858,"4,Phố Lý Khánh Văn,P.Từ Sơn,Bắc Ninh","4, Phố Lý Khánh Văn, Phường Từ Sơn, Tỉnh Bắc Ninh",4,Phố Lý Khánh Văn,P.Từ Sơn,,Bắc Ninh,4,Phố Lý Khánh Văn,Phường Từ Sơn,,Tỉnh Bắc Ninh,moi,nhe,viet_tat|dinh_dang_phan_cach,2,42,synthetic_from_verified_osm
N00859,78A - Bành Văn Trân - Phường Tân Sơn Nhất - Thành phố Hồ Chí Minh,"78A, Bành Văn Trân, Phường Tân Sơn Nhất, Thành phố Hồ Chí Minh",78A,Bành Văn Trân,Phường Tân Sơn Nhất,,Thành phố Hồ Chí Minh,78A,Bành Văn Trân,Phường Tân Sơn Nhất,,Thành phố Hồ Chí Minh,moi,nhe,dinh_dang_phan_cach,1,42,synthetic_from_verified_osm
N00860,37 - Đường Hùng Vương - P. Ba Dinh - Thành phố Hà Nội,"37, Đường Hùng Vương, Phường Ba Đình, Thành phố Hà Nội",37,Đường Hùng Vương,P. Ba Dinh,,Thành phố Hà Nội,37,Đường Hùng Vương,Phường Ba Đình,,Thành phố Hà Nội,moi,vua,viet_tat|bo_dau|dinh_dang_phan_cach,3,42,synthetic_from_verified_osm
N00861,83; Đường Nguyễn Du; Phường Kinh Bắc; Tinh Bac Ninh,"83, Đường Nguyễn Du, Phường Kinh Bắc, Tỉnh Bắc Ninh",83,Đường Nguyễn Du,Phường Kinh Bắc,,Tinh Bac Ninh,83,Đường Nguyễn Du,Phường Kinh Bắc,,Tỉnh Bắc Ninh,moi,vua,bo_dau|dinh_dang_phan_cach,2,42,synthetic_from_verified_osm
N00862,809 - Hương Lộ 2 - Bình Trị Đông A - Bình Tân - Hồ Chí Minh,"809, Hương Lộ 2, Bình Trị Đông A, Bình Tân, Hồ Chí Minh",809,Hương Lộ 2,Bình Trị Đông A,Bình Tân,Hồ Chí Minh,809,Hương Lộ 2,Bình Trị Đông A,Bình Tân,Hồ Chí Minh,cu,nhe,dinh_dang_phan_cach,1,42,synthetic_from_verified_osm
N00863,"2A,Phố Ông Ích Khiêm,Phuong Dien Bien,Quận Ba Đình,Hà Nội","2A, Phố Ông Ích Khiêm, Phường Điện Biên, Quận Ba Đình, Hà Nội",2A,Phố Ông Ích Khiêm,Phuong Dien Bien,Quận Ba Đình,Hà Nội,2A,Phố Ông Ích Khiêm,Phường Điện Biên,Quận Ba Đình,Hà Nội,cu,vua,bo_dau|dinh_dang_phan_cach,2,42,synthetic_from_verified_osm
N00864,4; Ngõ 246 Đường Khuất Duy Tiến; Phường Quế Tân; Thị xã Quế Võ; Bắc Ninh,"4, Ngõ 246 Đường Khuất Duy Tiến, Phường Quế Tân, Thị xã Quế Võ, Bắc Ninh",4,Ngõ 246 Đường Khuất Duy Tiến,Phường Quế Tân,Thị xã Quế Võ,Bắc Ninh,4,Ngõ 246 Đường Khuất Duy Tiến,Phường Quế Tân,Thị xã Quế Võ,Bắc Ninh,cu,nhe,dinh_dang_phan_cach,1,42,synthetic_from_verified_osm
N00865,5; Phố Phương Vỹ; P Vu Ninh; Tỉnh Bắc Ninh,"5, Phố Phương Vỹ, Phường Vũ Ninh, Tỉnh Bắc Ninh",5,Phố Phương Vỹ,P Vu Ninh,,Tỉnh Bắc Ninh,5,Phố Phương Vỹ,Phường Vũ Ninh,,Tỉnh Bắc Ninh,moi,vua,viet_tat|bo_dau|dinh_dang_phan_cach,3,42,synthetic_from_verified_osm
N00866,"7,Ngách 61/6 Phạm Tuấn Tài,P. Cổ Nhuế 1,Quận Bắc Từ Liêm,Ha Noi","7, Ngách 61/6 Phạm Tuấn Tài, Phường Cổ Nhuế 1, Quận Bắc Từ Liêm, Hà Nội",7,Ngách 61/6 Phạm Tuấn Tài,P. Cổ Nhuế 1,Quận Bắc Từ Liêm,Ha Noi,7,Ngách 61/6 Phạm Tuấn Tài,Phường Cổ Nhuế 1,Quận Bắc Từ Liêm,Hà Nội,cu,vua,viet_tat|bo_dau|dinh_dang_phan_cach,3,42,synthetic_from_verified_osm
N00867,61 - Nam Kì Khởi Nghĩa - P Bến Thành - Quận 1 - HCM,"61, Nam Kì Khởi Nghĩa, Phường Bến Thành, Quận 1, Thành phố Hồ Chí Minh",61,Nam Kì Khởi Nghĩa,P Bến Thành,Quận 1,HCM,61,Nam Kì Khởi Nghĩa,Phường Bến Thành,Quận 1,Thành phố Hồ Chí Minh,cu,nhe,viet_tat|dinh_dang_phan_cach,2,42,synthetic_from_verified_osm
N00868,23 - Ngach 3/1 Pham Tuan Tai - P. Dịch Vọng Hậu - Q.Cầu Giấy - TP.HN,"23, Ngách 3/1 Phạm Tuấn Tài, Phường Dịch Vọng Hậu, Quận Cầu Giấy, Hà Nội",23,Ngach 3/1 Pham Tuan Tai,P. Dịch Vọng Hậu,Q.Cầu Giấy,TP.HN,23,Ngách 3/1 Phạm Tuấn Tài,Phường Dịch Vọng Hậu,Quận Cầu Giấy,Hà Nội,cu,vua,viet_tat|bo_dau|dinh_dang_phan_cach,3,42,synthetic_from_verified_osm
N00869,716 - Duong Hoang Quoc Viet - Tỉnh Bắc N1nh - P.Vũ Ninh,"716, Đường Hoàng Quốc Việt, Phường Vũ Ninh, Tỉnh Bắc Ninh",716,Duong Hoang Quoc Viet,P.Vũ Ninh,,Tỉnh Bắc N1nh,716,Đường Hoàng Quốc Việt,Phường Vũ Ninh,,Tỉnh Bắc Ninh,moi,nang,viet_tat|bo_dau|loi_ocr_ky_tu|dao_thu_tu_hanh_chinh|dinh_dang_phan_cach,5,42,synthetic_from_verified_osm
N00870,70 - Đường Lê Đình Lý - P.Vĩnh Trung - Quận Thanh Khê - Da Nang,"70, Đường Lê Đình Lý, Phường Vĩnh Trung, Quận Thanh Khê, Đà Nẵng",70,Đường Lê Đình Lý,P.Vĩnh Trung,Quận Thanh Khê,Da Nang,70,Đường Lê Đình Lý,Phường Vĩnh Trung,Quận Thanh Khê,Đà Nẵng,cu,vua,viet_tat|bo_dau|dinh_dang_phan_cach,3,42,synthetic_from_verified_osm
N00871,33; Đường Rạp Hát; Phường Tiền Ninh Vệ; Thành phố Bắc Ninh; Bac Ninh,"33, Đường Rạp Hát, Phường Tiền Ninh Vệ, Thành phố Bắc Ninh, Bắc Ninh",33,Đường Rạp Hát,Phường Tiền Ninh Vệ,Thành phố Bắc Ninh,Bac Ninh,33,Đường Rạp Hát,Phường Tiền Ninh Vệ,Thành phố Bắc Ninh,Bắc Ninh,cu,vua,bo_dau|dinh_dang_phan_cach,2,42,synthetic_from_verified_osm
N00872,5 - Ngõ 195 Đường Vũ Ninh - TP Bac Ninh - Bắc Ninh,"5, Ngõ 195 Đường Vũ Ninh, Phường Vũ Ninh, Thành phố Bắc Ninh, Bắc Ninh",5,Ngõ 195 Đường Vũ Ninh,,TP Bac Ninh,Bắc Ninh,5,Ngõ 195 Đường Vũ Ninh,Phường Vũ Ninh,Thành phố Bắc Ninh,Bắc Ninh,cu,nang,viet_tat|bo_dau|thieu_PhuongXa|dao_thu_tu_hanh_chinh|dinh_dang_phan_cach,5,42,synthetic_from_verified_osm
N00873,173 - Phố Bà Triệu - Le Dai Hanh - Ha1 Bà Trưng - Hà Nội,"173, Phố Bà Triệu, Lê Đại Hành, Hai Bà Trưng, Hà Nội",173,Phố Bà Triệu,Le Dai Hanh,Ha1 Bà Trưng,Hà Nội,173,Phố Bà Triệu,Lê Đại Hành,Hai Bà Trưng,Hà Nội,cu,nang,bo_dau|loi_ocr_ky_tu|dinh_dang_phan_cach,3,42,synthetic_from_verified_osm
N00874,6; Phố Lê Hồng Phong; P Ba Đình; Thành phố Hà Nội,"6, Phố Lê Hồng Phong, Phường Ba Đình, Thành phố Hà Nội",6,Phố Lê Hồng Phong,P Ba Đình,,Thành phố Hà Nội,6,Phố Lê Hồng Phong,Phường Ba Đình,,Thành phố Hà Nội,moi,vua,viet_tat|dinh_dang_phan_cach,2,42,synthetic_from_verified_osm
N00875,"Đường Giếng Ngọc,Kinh Bắc,T.Bắc Ninh","54, Đường Giếng Ngọc, Phường Kinh Bắc, Tỉnh Bắc Ninh",,Đường Giếng Ngọc,Kinh Bắc,,T.Bắc Ninh,54,Đường Giếng Ngọc,Phường Kinh Bắc,,Tỉnh Bắc Ninh,moi,nang,viet_tat|thieu_SoNha|dao_thu_tu_hanh_chinh|dinh_dang_phan_cach,4,42,synthetic_from_verified_osm
N00876,512; Đường Hàn Thuyên; Phuong Suoi Hoa; Thành phố Bắc Ninh; Bắc Ninh,"512, Đường Hàn Thuyên, Phường Suối Hoa, Thành phố Bắc Ninh, Bắc Ninh",512,Đường Hàn Thuyên,Phuong Suoi Hoa,Thành phố Bắc Ninh,Bắc Ninh,512,Đường Hàn Thuyên,Phường Suối Hoa,Thành phố Bắc Ninh,Bắc Ninh,cu,vua,bo_dau|dinh_dang_phan_cach,2,42,synthetic_from_verified_osm
N00877,199; Duong Xuan Thuy; P.Dịch Vọng Hậu; Quận Cầu Giấy; Hà Nội,"199, Đường Xuân Thủy, Phường Dịch Vọng Hậu, Quận Cầu Giấy, Hà Nội",199,Duong Xuan Thuy,P.Dịch Vọng Hậu,Quận Cầu Giấy,Hà Nội,199,Đường Xuân Thủy,Phường Dịch Vọng Hậu,Quận Cầu Giấy,Hà Nội,cu,vua,viet_tat|bo_dau|dinh_dang_phan_cach,3,42,synthetic_from_verified_osm
N00878,9; Ngô Gia Tự; đức giang; Long biên; Hà Nội,"9, Ngô Gia Tự, đức giang, Long biên, Hà Nội",9,Ngô Gia Tự,đức giang,Long biên,Hà Nội,9,Ngô Gia Tự,đức giang,Long biên,Hà Nội,cu,nhe,dinh_dang_phan_cach,1,42,synthetic_from_verified_osm
N00879,9; Ngô Gia Tự; đức giang; Long bien; TP. Hà Nội,"9, Ngô Gia Tự, đức giang, Long biên, Hà Nội",9,Ngô Gia Tự,đức giang,Long bien,TP. Hà Nội,9,Ngô Gia Tự,đức giang,Long biên,Hà Nội,cu,vua,viet_tat|bo_dau|dinh_dang_phan_cach,3,42,synthetic_from_verified_osm
N00880,37 - Cay Keo - Tam Phú - Thủ Đức - Hồ Chí Minh,"37, Cây Keo, Tam Phú, Thủ Đức, Hồ Chí Minh",37,Cay Keo,Tam Phú,Thủ Đức,Hồ Chí Minh,37,Cây Keo,Tam Phú,Thủ Đức,Hồ Chí Minh,cu,vua,bo_dau|dinh_dang_phan_cach,2,42,synthetic_from_verified_osm
N00881,"NT05-29,Ngọc Trai 5,Đa Tốn,Gia Lâm,TP. Hà Nội","NT05-29, Ngọc Trai 5, Đa Tốn, Gia Lâm, Hà Nội",NT05-29,Ngọc Trai 5,Đa Tốn,Gia Lâm,TP. Hà Nội,NT05-29,Ngọc Trai 5,Đa Tốn,Gia Lâm,Hà Nội,cu,nhe,viet_tat|dinh_dang_phan_cach,2,42,synthetic_from_verified_osm
N00882,"1,Phố Võ Thị Sáu,Thanh Nhàn,Hai Bà Trưng,TP. Hà Nội","1, Phố Võ Thị Sáu, Thanh Nhàn, Hai Bà Trưng, Hà Nội",1,Phố Võ Thị Sáu,Thanh Nhàn,Hai Bà Trưng,TP. Hà Nội,1,Phố Võ Thị Sáu,Thanh Nhàn,Hai Bà Trưng,Hà Nội,cu,nhe,viet_tat|dinh_dang_phan_cach,2,42,synthetic_from_verified_osm
N00883,"08,Đường Số 21,Phường Tân Phú,Thành phố Hồ Chí Minh","08, Đường Số 21, Phường Tân Phú, Thành phố Hồ Chí Minh",08,Đường Số 21,Phường Tân Phú,,Thành phố Hồ Chí Minh,08,Đường Số 21,Phường Tân Phú,,Thành phố Hồ Chí Minh,moi,nhe,dinh_dang_phan_cach,1,42,synthetic_from_verified_osm
N00884,14 - Phố Chả Cá - Phường Hoàn Kiếm - HN,"14, Phố Chả Cá, Phường Hoàn Kiếm, Thành phố Hà Nội",14,Phố Chả Cá,Phường Hoàn Kiếm,,HN,14,Phố Chả Cá,Phường Hoàn Kiếm,,Thành phố Hà Nội,moi,nhe,viet_tat|dinh_dang_phan_cach,2,42,synthetic_from_verified_osm
N00885,575 - Ngõ 575 Kim Mã - Ngọc Khánh - Quận Ba Đình - Hà Nội,"575, Ngõ 575 Kim Mã, Ngọc Khánh, Quận Ba Đình, Hà Nội",575,Ngõ 575 Kim Mã,Ngọc Khánh,Quận Ba Đình,Hà Nội,575,Ngõ 575 Kim Mã,Ngọc Khánh,Quận Ba Đình,Hà Nội,cu,nhe,dinh_dang_phan_cach,1,42,synthetic_from_verified_osm
N00886,"36,Đường Huyền Quang,Phường Tiền Ninh Vệ,Thành phố Bắc Ninh,Bắc Ninh","36, Đường Huyền Quang, Phường Tiền Ninh Vệ, Thành phố Bắc Ninh, Bắc Ninh",36,Đường Huyền Quang,Phường Tiền Ninh Vệ,Thành phố Bắc Ninh,Bắc Ninh,36,Đường Huyền Quang,Phường Tiền Ninh Vệ,Thành phố Bắc Ninh,Bắc Ninh,cu,nhe,dinh_dang_phan_cach,1,42,synthetic_from_verified_osm
N00887,"12A,Phố Hàng Cót,Phuong Hoan Kiem,Thành phố Hà Nội","12A, Phố Hàng Cót, Phường Hoàn Kiếm, Thành phố Hà Nội",12A,Phố Hàng Cót,Phuong Hoan Kiem,,Thành phố Hà Nội,12A,Phố Hàng Cót,Phường Hoàn Kiếm,,Thành phố Hà Nội,moi,vua,bo_dau|dinh_dang_phan_cach,2,42,synthetic_from_verified_osm
N00888,"1,Phố Khúc Hạo,P. Điện Biên,Quận Ba Đình,TP. Hà Nội","1, Phố Khúc Hạo, Phường Điện Biên, Quận Ba Đình, Hà Nội",1,Phố Khúc Hạo,P. Điện Biên,Quận Ba Đình,TP. Hà Nội,1,Phố Khúc Hạo,Phường Điện Biên,Quận Ba Đình,Hà Nội,cu,nhe,viet_tat|dinh_dang_phan_cach,2,42,synthetic_from_verified_osm
N00889,"08,Đường Mỹ Phú 1B,P. Tan Phu,Quận 7,TP.HCM","08, Đường Mỹ Phú 1B, Phường Tân Phú, Quận 7, Thành phố Hồ Chí Minh",08,Đường Mỹ Phú 1B,P. Tan Phu,Quận 7,TP.HCM,08,Đường Mỹ Phú 1B,Phường Tân Phú,Quận 7,Thành phố Hồ Chí Minh,cu,vua,viet_tat|bo_dau|dinh_dang_phan_cach,3,42,synthetic_from_verified_osm
N00890,"32,Phố Đức Chính,Phường Ba Đình,Thành phố Hà Nội","32, Phố Đức Chính, Phường Ba Đình, Thành phố Hà Nội",32,Phố Đức Chính,Phường Ba Đình,,Thành phố Hà Nội,32,Phố Đức Chính,Phường Ba Đình,,Thành phố Hà Nội,moi,vua,dinh_dang_phan_cach,1,42,synthetic_from_verified_osm
N00891,26 - Đường vòng cầu Niệm - Nghia Xa - Lê Chân - Hải Phòng,"26, Đường vòng cầu Niệm, Nghĩa Xá, Lê Chân, Hải Phòng",26,Đường vòng cầu Niệm,Nghia Xa,Lê Chân,Hải Phòng,26,Đường vòng cầu Niệm,Nghĩa Xá,Lê Chân,Hải Phòng,cu,vua,bo_dau|dinh_dang_phan_cach,2,42,synthetic_from_verified_osm
N00892,86; Đường số 2; Khu phố 2; Quận 2; TPHCM,"86, Đường số 2, Khu phố 2, Quận 2, Hồ Chí Minh",86,Đường số 2,Khu phố 2,Quận 2,TPHCM,86,Đường số 2,Khu phố 2,Quận 2,Hồ Chí Minh,cu,vua,viet_tat|dinh_dang_phan_cach,2,42,synthetic_from_verified_osm
N00893,89; Đường Cao Lỗ Vương; Kinh Bắc; Tinh Bac Ninh,"89, Đường Cao Lỗ Vương, Phường Kinh Bắc, Tỉnh Bắc Ninh",89,Đường Cao Lỗ Vương,Kinh Bắc,,Tinh Bac Ninh,89,Đường Cao Lỗ Vương,Phường Kinh Bắc,,Tỉnh Bắc Ninh,moi,vua,viet_tat|bo_dau|dinh_dang_phan_cach,3,42,synthetic_from_verified_osm
N00894,"52,Phố Sơn Tây,P. Ba Dinh,TP.HN","52, Phố Sơn Tây, Phường Ba Đình, Thành phố Hà Nội",52,Phố Sơn Tây,P. Ba Dinh,,TP.HN,52,Phố Sơn Tây,Phường Ba Đình,,Thành phố Hà Nội,moi,vua,viet_tat|bo_dau|dinh_dang_phan_cach,3,42,synthetic_from_verified_osm
N00895,"Đường Lý Thái Tổ,P.Suối Hoa,Bắc N1nh,Thanh pho Bac Ninh","11A, Đường Lý Thái Tổ, Phường Suối Hoa, Thành phố Bắc Ninh, Bắc Ninh",,Đường Lý Thái Tổ,P.Suối Hoa,Thanh pho Bac Ninh,Bắc N1nh,11A,Đường Lý Thái Tổ,Phường Suối Hoa,Thành phố Bắc Ninh,Bắc Ninh,cu,nang,viet_tat|bo_dau|thieu_SoNha|loi_ocr_ky_tu|dao_thu_tu_hanh_chinh|dinh_dang_phan_cach,6,42,synthetic_from_verified_osm
N00896,"113B,Ngõ Xã Đàn 2,Nam Đồng,Đống Đa,Hà Nội","113B, Ngõ Xã Đàn 2, Nam Đồng, Đống Đa, Hà Nội",113B,Ngõ Xã Đàn 2,Nam Đồng,Đống Đa,Hà Nội,113B,Ngõ Xã Đàn 2,Nam Đồng,Đống Đa,Hà Nội,cu,nhe,dinh_dang_phan_cach,1,42,synthetic_from_verified_osm
N00897,3; Phố Chùa Một Cột; P.Ba Đình; TP.HN,"3, Phố Chùa Một Cột, Phường Ba Đình, Thành phố Hà Nội",3,Phố Chùa Một Cột,P.Ba Đình,,TP.HN,3,Phố Chùa Một Cột,Phường Ba Đình,,Thành phố Hà Nội,moi,nhe,viet_tat|dinh_dang_phan_cach,2,42,synthetic_from_verified_osm
N00898,"2,Ngách 234/17 Hoàng Quốc Việt,P Cổ Nhuế 1,Quận Bắc Từ Liêm,Ha Noi","2, Ngách 234/17 Hoàng Quốc Việt, Phường Cổ Nhuế 1, Quận Bắc Từ Liêm, Hà Nội",2,Ngách 234/17 Hoàng Quốc Việt,P Cổ Nhuế 1,Quận Bắc Từ Liêm,Ha Noi,2,Ngách 234/17 Hoàng Quốc Việt,Phường Cổ Nhuế 1,Quận Bắc Từ Liêm,Hà Nội,cu,vua,viet_tat|bo_dau|dinh_dang_phan_cach,3,42,synthetic_from_verified_osm
N00899,26; Đường Hoàng Diệu; P Ba Đình; Hà Nội,"26, Đường Hoàng Diệu, Phường Ba Đình, Thành phố Hà Nội",26,Đường Hoàng Diệu,P Ba Đình,,Hà Nội,26,Đường Hoàng Diệu,Phường Ba Đình,,Thành phố Hà Nội,moi,nhe,viet_tat|dinh_dang_phan_cach,2,42,synthetic_from_verified_osm
N00900,"259,Phố Lương Định Của,P.Phương Liễu,Bắc Ninh","259, Phố Lương Định Của, Phường Phương Liễu, Tỉnh Bắc Ninh",259,Phố Lương Định Của,P.Phương Liễu,,Bắc Ninh,259,Phố Lương Định Của,Phường Phương Liễu,,Tỉnh Bắc Ninh,moi,nhe,viet_tat|dinh_dang_phan_cach,2,42,synthetic_from_verified_osm
N00901,"01,Đường DN11,Tân Hưng Thuận,12,TP. HCM","01, Đường DN11, Tân Hưng Thuận, 12, Hồ Chí Minh",01,Đường DN11,Tân Hưng Thuận,12,TP. HCM,01,Đường DN11,Tân Hưng Thuận,12,Hồ Chí Minh,cu,nhe,viet_tat|dinh_dang_phan_cach,2,42,synthetic_from_verified_osm
N00902,"872,Đường Quang Trung,P.Quế Võ,T. Bac Ninh","872, Đường Quang Trung, Phường Quế Võ, Tỉnh Bắc Ninh",872,Đường Quang Trung,P.Quế Võ,,T. Bac Ninh,872,Đường Quang Trung,Phường Quế Võ,,Tỉnh Bắc Ninh,moi,vua,viet_tat|bo_dau|dinh_dang_phan_cach,3,42,synthetic_from_verified_osm
N00903,"138,Hai Bà Trưng,Tân An,Ninh Kiều,Cần Thơ","138, Hai Bà Trưng, Tân An, Ninh Kiều, Cần Thơ",138,Hai Bà Trưng,Tân An,Ninh Kiều,Cần Thơ,138,Hai Bà Trưng,Tân An,Ninh Kiều,Cần Thơ,cu,nhe,dinh_dang_phan_cach,1,42,synthetic_from_verified_osm
N00904,"15,Đường Rạp Hát,P.Tiền Ninh Vệ,Thành phố Bắc Ninh,Bắc Ninh","15, Đường Rạp Hát, Phường Tiền Ninh Vệ, Thành phố Bắc Ninh, Bắc Ninh",15,Đường Rạp Hát,P.Tiền Ninh Vệ,Thành phố Bắc Ninh,Bắc Ninh,15,Đường Rạp Hát,Phường Tiền Ninh Vệ,Thành phố Bắc Ninh,Bắc Ninh,cu,nhe,viet_tat|dinh_dang_phan_cach,2,42,synthetic_from_verified_osm
N00905,NT06-29 - Ngọc Trai 6 - Đa Tốn - Gia Lâm - Hà Nội,"NT06-29, Ngọc Trai 6, Đa Tốn, Gia Lâm, Hà Nội",NT06-29,Ngọc Trai 6,Đa Tốn,Gia Lâm,Hà Nội,NT06-29,Ngọc Trai 6,Đa Tốn,Gia Lâm,Hà Nội,cu,vua,dinh_dang_phan_cach,1,42,synthetic_from_verified_osm
N00906,36 - Ngõ 195 Đường Vũ Ninh - P.Vũ Ninh - TP Bắc Ninh - Bắc Ninh,"36, Ngõ 195 Đường Vũ Ninh, Phường Vũ Ninh, Thành phố Bắc Ninh, Bắc Ninh",36,Ngõ 195 Đường Vũ Ninh,P.Vũ Ninh,TP Bắc Ninh,Bắc Ninh,36,Ngõ 195 Đường Vũ Ninh,Phường Vũ Ninh,Thành phố Bắc Ninh,Bắc Ninh,cu,nhe,viet_tat|dinh_dang_phan_cach,2,42,synthetic_from_verified_osm
N00907,"149,Đường Đê La Thành,Nam Đồng,Đống Đa,TP. Ha Noi","149, Đường Đê La Thành, Nam Đồng, Đống Đa, Hà Nội",149,Đường Đê La Thành,Nam Đồng,Đống Đa,TP. Ha Noi,149,Đường Đê La Thành,Nam Đồng,Đống Đa,Hà Nội,cu,vua,viet_tat|bo_dau|dinh_dang_phan_cach,3,42,synthetic_from_verified_osm
N00908,5 - Phố Hoàng Tích Trí - Kim Liên - Đống Đa - Hà Nội,"5, Phố Hoàng Tích Trí, Kim Liên, Đống Đa, Hà Nội",5,Phố Hoàng Tích Trí,Kim Liên,Đống Đa,Hà Nội,5,Phố Hoàng Tích Trí,Kim Liên,Đống Đa,Hà Nội,cu,nhe,dinh_dang_phan_cach,1,42,synthetic_from_verified_osm
N00909,Đường Lê Quang Đạo; P.Tu Son; T Bắc Ninh,"151, Đường Lê Quang Đạo, Phường Từ Sơn, Tỉnh Bắc Ninh",,Đường Lê Quang Đạo,P.Tu Son,,T Bắc Ninh,151,Đường Lê Quang Đạo,Phường Từ Sơn,,Tỉnh Bắc Ninh,moi,nang,viet_tat|bo_dau|thieu_SoNha|dao_thu_tu_hanh_chinh|dinh_dang_phan_cach,5,42,synthetic_from_verified_osm
N00910,"1014/88/5,Hẻm 1014/88 Tân Kỳ Tân Quý,Bình Hưng Hòa,Binh Tan,Hồ Chí Minh","1014/88/5, Hẻm 1014/88 Tân Kỳ Tân Quý, Bình Hưng Hòa, Bình Tân, Hồ Chí Minh",1014/88/5,Hẻm 1014/88 Tân Kỳ Tân Quý,Bình Hưng Hòa,Binh Tan,Hồ Chí Minh,1014/88/5,Hẻm 1014/88 Tân Kỳ Tân Quý,Bình Hưng Hòa,Bình Tân,Hồ Chí Minh,cu,vua,bo_dau|dinh_dang_phan_cach,2,42,synthetic_from_verified_osm
N00911,470; Tô Ngọc Vân; Tam Phú; Thủ Đức; Hồ Chí Minh,"470, Tô Ngọc Vân, Tam Phú, Thủ Đức, Hồ Chí Minh",470,Tô Ngọc Vân,Tam Phú,Thủ Đức,Hồ Chí Minh,470,Tô Ngọc Vân,Tam Phú,Thủ Đức,Hồ Chí Minh,cu,nhe,dinh_dang_phan_cach,1,42,synthetic_from_verified_osm
N00912,10; Ngõ 1 Phạm Tuấn Tài; Quận Cầu Giấy; TP. Ha No1,"10, Ngõ 1 Phạm Tuấn Tài, Phường Dịch Vọng Hậu, Quận Cầu Giấy, Hà Nội",10,Ngõ 1 Phạm Tuấn Tài,,Quận Cầu Giấy,TP. Ha No1,10,Ngõ 1 Phạm Tuấn Tài,Phường Dịch Vọng Hậu,Quận Cầu Giấy,Hà Nội,cu,nang,viet_tat|bo_dau|thieu_PhuongXa|loi_ocr_ky_tu|dinh_dang_phan_cach,5,42,synthetic_from_verified_osm
N00913,95 - Đường Lê Trọng Tấn - An Binh - Dĩ An - Bình Dương,"95, Đường Lê Trọng Tấn, An Bình, Dĩ An, Bình Dương",95,Đường Lê Trọng Tấn,An Binh,Dĩ An,Bình Dương,95,Đường Lê Trọng Tấn,An Bình,Dĩ An,Bình Dương,cu,nang,bo_dau|dinh_dang_phan_cach,2,42,synthetic_from_verified_osm
N00914,"78,Trần Phú,Thị Trấn Cầu Quan,H.Tieu Can,Tỉnh Trà Vinh","78, Trần Phú, Thị Trấn Cầu Quan, Huyện Tiểu Cần, Tỉnh Trà Vinh",78,Trần Phú,Thị Trấn Cầu Quan,H.Tieu Can,Tỉnh Trà Vinh,78,Trần Phú,Thị Trấn Cầu Quan,Huyện Tiểu Cần,Tỉnh Trà Vinh,cu,vua,viet_tat|bo_dau|dinh_dang_phan_cach,3,42,synthetic_from_verified_osm
N00915,37/11; Đường Đặng Thùy Trâm; P.Bình Lợi Trung; Thành phố Hồ Chí Minh,"37/11, Đường Đặng Thùy Trâm, Phường Bình Lợi Trung, Thành phố Hồ Chí Minh",37/11,Đường Đặng Thùy Trâm,P.Bình Lợi Trung,,Thành phố Hồ Chí Minh,37/11,Đường Đặng Thùy Trâm,Phường Bình Lợi Trung,,Thành phố Hồ Chí Minh,moi,nhe,viet_tat|dinh_dang_phan_cach,2,42,synthetic_from_verified_osm
N00916,"119,Đường Ngô Gia Tự,Phường Vũ Ninh,Bắc Ninh","119, Đường Ngô Gia Tự, Phường Vũ Ninh, Tỉnh Bắc Ninh",119,Đường Ngô Gia Tự,Phường Vũ Ninh,,Bắc Ninh,119,Đường Ngô Gia Tự,Phường Vũ Ninh,,Tỉnh Bắc Ninh,moi,nhe,viet_tat|dinh_dang_phan_cach,2,42,synthetic_from_verified_osm
N00917,119; Đường Phúc Sơn; P.Vũ Ninh; Tỉnh Bắc Ninh,"119, Đường Phúc Sơn, Phường Vũ Ninh, Tỉnh Bắc Ninh",119,Đường Phúc Sơn,P.Vũ Ninh,,Tỉnh Bắc Ninh,119,Đường Phúc Sơn,Phường Vũ Ninh,,Tỉnh Bắc Ninh,moi,nhe,viet_tat|dinh_dang_phan_cach,2,42,synthetic_from_verified_osm
N00918,359; Duong Hoang Quoc Viet; Phường Vũ Ninh; Bắc Ninh,"359, Đường Hoàng Quốc Việt, Phường Vũ Ninh, Tỉnh Bắc Ninh",359,Duong Hoang Quoc Viet,Phường Vũ Ninh,,Bắc Ninh,359,Đường Hoàng Quốc Việt,Phường Vũ Ninh,,Tỉnh Bắc Ninh,moi,vua,viet_tat|bo_dau|dinh_dang_phan_cach,3,42,synthetic_from_verified_osm
N00919,31 - Núi Thành - Phường 13 - Tân Bình - Thành phố Hồ Chí Minh,"31, Núi Thành, Phường 13, Tân Bình, Thành phố Hồ Chí Minh",31,Núi Thành,Phường 13,Tân Bình,Thành phố Hồ Chí Minh,31,Núi Thành,Phường 13,Tân Bình,Thành phố Hồ Chí Minh,cu,vua,dinh_dang_phan_cach,1,42,synthetic_from_verified_osm
N00920,"102,Đường Cầu T1ên,Tinh Bac Ninh","102, Đường Cầu Tiên, Phường Võ Cường, Tỉnh Bắc Ninh",102,Đường Cầu T1ên,,,Tinh Bac Ninh,102,Đường Cầu Tiên,Phường Võ Cường,,Tỉnh Bắc Ninh,moi,nang,viet_tat|bo_dau|thieu_PhuongXa|loi_ocr_ky_tu|dinh_dang_phan_cach,5,42,synthetic_from_verified_osm
N00921,90; Trần Vỹ; Mai Dịch; Cầu Giấy; Hà Nội,"90, Trần Vỹ, Mai Dịch, Cầu Giấy, Hà Nội",90,Trần Vỹ,Mai Dịch,Cầu Giấy,Hà Nội,90,Trần Vỹ,Mai Dịch,Cầu Giấy,Hà Nội,cu,nhe,dinh_dang_phan_cach,1,42,synthetic_from_verified_osm
N00922,"15,Phố Mai Hắc Đế,Nguyễn Du,Hai Bà Trưng,TP.HN","15, Phố Mai Hắc Đế, Nguyễn Du, Hai Bà Trưng, Hà Nội",15,Phố Mai Hắc Đế,Nguyễn Du,Hai Bà Trưng,TP.HN,15,Phố Mai Hắc Đế,Nguyễn Du,Hai Bà Trưng,Hà Nội,cu,nhe,viet_tat|dinh_dang_phan_cach,2,42,synthetic_from_verified_osm
N00923,Đường Hoàng Quốc Việt - P. Nghia Do - TP.HN,"31, Đường Hoàng Quốc Việt, Phường Nghĩa Đô, Thành phố Hà Nội",,Đường Hoàng Quốc Việt,P. Nghia Do,,TP.HN,31,Đường Hoàng Quốc Việt,Phường Nghĩa Đô,,Thành phố Hà Nội,moi,nang,viet_tat|bo_dau|thieu_SoNha|dinh_dang_phan_cach,4,42,synthetic_from_verified_osm
N00924,"Đường Nội Khu 2,P Tân Phú,Thanh pho Ho Chi Minh","A47, Đường Nội Khu 2, Phường Tân Phú, Thành phố Hồ Chí Minh",,Đường Nội Khu 2,P Tân Phú,,Thanh pho Ho Chi Minh,A47,Đường Nội Khu 2,Phường Tân Phú,,Thành phố Hồ Chí Minh,moi,nang,viet_tat|bo_dau|thieu_SoNha|dinh_dang_phan_cach,4,42,synthetic_from_verified_osm
N00925,"9,Khu dân cư số 9,Xuân Khánh,Ninh Kiều,Cần Thơ","9, Khu dân cư số 9, Xuân Khánh, Ninh Kiều, Cần Thơ",9,Khu dân cư số 9,Xuân Khánh,Ninh Kiều,Cần Thơ,9,Khu dân cư số 9,Xuân Khánh,Ninh Kiều,Cần Thơ,cu,nhe,dinh_dang_phan_cach,1,42,synthetic_from_verified_osm
N00926,"1161,Đường Quang Trung,Que Vo,Bắc Ninh","1161, Đường Quang Trung, Phường Quế Võ, Tỉnh Bắc Ninh",1161,Đường Quang Trung,Que Vo,,Bắc Ninh,1161,Đường Quang Trung,Phường Quế Võ,,Tỉnh Bắc Ninh,moi,vua,viet_tat|bo_dau|dinh_dang_phan_cach,3,42,synthetic_from_verified_osm
N00927,Hang N0n; Hoàn Kiếm; Thành phố Hà Nội,"56, Hang Non, Phường Hoàn Kiếm, Thành phố Hà Nội",,Hang N0n,Hoàn Kiếm,,Thành phố Hà Nội,56,Hang Non,Phường Hoàn Kiếm,,Thành phố Hà Nội,moi,nang,viet_tat|thieu_SoNha|loi_ocr_ky_tu|dinh_dang_phan_cach,4,42,synthetic_from_verified_osm
N00928,"24,Pho Dang Thuy Tram,P.Cổ Nhuế 1,Q. Bắc Từ Liêm,Hà Nội","24, Phố Đặng Thùy Trâm, Phường Cổ Nhuế 1, Quận Bắc Từ Liêm, Hà Nội",24,Pho Dang Thuy Tram,P.Cổ Nhuế 1,Q. Bắc Từ Liêm,Hà Nội,24,Phố Đặng Thùy Trâm,Phường Cổ Nhuế 1,Quận Bắc Từ Liêm,Hà Nội,cu,vua,viet_tat|bo_dau|dinh_dang_phan_cach,3,42,synthetic_from_verified_osm
N00929,50; Phố Nguyễn Thái Học; Phường Ba Đình; Thanh pho Ha Noi,"50, Phố Nguyễn Thái Học, Phường Ba Đình, Thành phố Hà Nội",50,Phố Nguyễn Thái Học,Phường Ba Đình,,Thanh pho Ha Noi,50,Phố Nguyễn Thái Học,Phường Ba Đình,,Thành phố Hà Nội,moi,vua,bo_dau|dinh_dang_phan_cach,2,42,synthetic_from_verified_osm
N00930,Số 19 Ngõ 9; Phố Nhổn; Phương Canh; Nam Từ Liêm; Hà Nội,"Số 19 Ngõ 9, Phố Nhổn, Phương Canh, Nam Từ Liêm, Hà Nội",Số 19 Ngõ 9,Phố Nhổn,Phương Canh,Nam Từ Liêm,Hà Nội,Số 19 Ngõ 9,Phố Nhổn,Phương Canh,Nam Từ Liêm,Hà Nội,cu,nhe,dinh_dang_phan_cach,1,42,synthetic_from_verified_osm
N00931,777 - Trang An - Trường Yên - Hoa Lư - Ninh Bình,"777, Tràng An, Trường Yên, Hoa Lư, Ninh Bình",777,Trang An,Trường Yên,Hoa Lư,Ninh Bình,777,Tràng An,Trường Yên,Hoa Lư,Ninh Bình,cu,vua,bo_dau|dinh_dang_phan_cach,2,42,synthetic_from_verified_osm
N00932,121; Phố Ngọc Lâm; Ngọc Lâm; Long Biên; TP. Hà Nội,"121, Phố Ngọc Lâm, Ngọc Lâm, Long Biên, Hà Nội",121,Phố Ngọc Lâm,Ngọc Lâm,Long Biên,TP. Hà Nội,121,Phố Ngọc Lâm,Ngọc Lâm,Long Biên,Hà Nội,cu,nhe,viet_tat|dinh_dang_phan_cach,2,42,synthetic_from_verified_osm
N00933,9; Đường Giếng Ngọc; Phường Kinh Bắc; Tỉnh Bắc N1nh,"9, Đường Giếng Ngọc, Phường Kinh Bắc, Tỉnh Bắc Ninh",9,Đường Giếng Ngọc,Phường Kinh Bắc,,Tỉnh Bắc N1nh,9,Đường Giếng Ngọc,Phường Kinh Bắc,,Tỉnh Bắc Ninh,moi,nang,loi_ocr_ky_tu|dinh_dang_phan_cach,2,42,synthetic_from_verified_osm
N00934,82; Phố Hàng Gai; P. Hoàn Kiếm; TP.HN,"82, Phố Hàng Gai, Phường Hoàn Kiếm, Thành phố Hà Nội",82,Phố Hàng Gai,P. Hoàn Kiếm,,TP.HN,82,Phố Hàng Gai,Phường Hoàn Kiếm,,Thành phố Hà Nội,moi,nhe,viet_tat|dinh_dang_phan_cach,2,42,synthetic_from_verified_osm
N00935,"25,Phố Lương Định Của,Phường Phương Liễu,T.Bắc Ninh","25, Phố Lương Định Của, Phường Phương Liễu, Tỉnh Bắc Ninh",25,Phố Lương Định Của,Phường Phương Liễu,,T.Bắc Ninh,25,Phố Lương Định Của,Phường Phương Liễu,,Tỉnh Bắc Ninh,moi,nhe,viet_tat|dinh_dang_phan_cach,2,42,synthetic_from_verified_osm
N00936,9 - Phố Ngọc Hà - P Ba Đình - TP.HN,"9, Phố Ngọc Hà, Phường Ba Đình, Thành phố Hà Nội",9,Phố Ngọc Hà,P Ba Đình,,TP.HN,9,Phố Ngọc Hà,Phường Ba Đình,,Thành phố Hà Nội,moi,nhe,viet_tat|dinh_dang_phan_cach,2,42,synthetic_from_verified_osm
N00937,"Đường Nguyễn Quốc Ích,P. Võ Cường,Tinh Bac Ninh","121, Đường Nguyễn Quốc Ích, Phường Võ Cường, Tỉnh Bắc Ninh",,Đường Nguyễn Quốc Ích,P. Võ Cường,,Tinh Bac Ninh,121,Đường Nguyễn Quốc Ích,Phường Võ Cường,,Tỉnh Bắc Ninh,moi,nang,viet_tat|bo_dau|thieu_SoNha|dinh_dang_phan_cach,4,42,synthetic_from_verified_osm
N00938,"168,Đường Như Nguyệt,Phường Vũ Ninh,Tinh Bac Ninh","168, Đường Như Nguyệt, Phường Vũ Ninh, Tỉnh Bắc Ninh",168,Đường Như Nguyệt,Phường Vũ Ninh,,Tinh Bac Ninh,168,Đường Như Nguyệt,Phường Vũ Ninh,,Tỉnh Bắc Ninh,moi,vua,bo_dau|dinh_dang_phan_cach,2,42,synthetic_from_verified_osm
N00939,"540,Đường An Dương Vương,P. Bình Phú,Thành phố Hồ Chí Minh","540, Đường An Dương Vương, Phường Bình Phú, Thành phố Hồ Chí Minh",540,Đường An Dương Vương,P. Bình Phú,,Thành phố Hồ Chí Minh,540,Đường An Dương Vương,Phường Bình Phú,,Thành phố Hồ Chí Minh,moi,vua,viet_tat|dinh_dang_phan_cach,2,42,synthetic_from_verified_osm
N00940,"175,Nguyễn Trọng Tuyển,Phú Nhuận,Thanh pho Ho Chi Minh","175, Nguyễn Trọng Tuyển, Phường Phú Nhuận, Thành phố Hồ Chí Minh",175,Nguyễn Trọng Tuyển,Phú Nhuận,,Thanh pho Ho Chi Minh,175,Nguyễn Trọng Tuyển,Phường Phú Nhuận,,Thành phố Hồ Chí Minh,moi,vua,viet_tat|bo_dau|dinh_dang_phan_cach,3,42,synthetic_from_verified_osm
N00941,1 - Đường Vũ Đạt - Thị Cầu - Thành phố Bắc Ninh - Bắc Ninh,"1, Đường Vũ Đạt, Phường Thị Cầu, Thành phố Bắc Ninh, Bắc Ninh",1,Đường Vũ Đạt,Thị Cầu,Thành phố Bắc Ninh,Bắc Ninh,1,Đường Vũ Đạt,Phường Thị Cầu,Thành phố Bắc Ninh,Bắc Ninh,cu,nhe,viet_tat|dinh_dang_phan_cach,2,42,synthetic_from_verified_osm
N00942,20 - Pho Nguyen Nhan Bi - P Vũ Ninh - Tỉnh Bắc Ninh,"20, Phố Nguyễn Nhân Bỉ, Phường Vũ Ninh, Tỉnh Bắc Ninh",20,Pho Nguyen Nhan Bi,P Vũ Ninh,,Tỉnh Bắc Ninh,20,Phố Nguyễn Nhân Bỉ,Phường Vũ Ninh,,Tỉnh Bắc Ninh,moi,nang,viet_tat|bo_dau|dao_thu_tu_hanh_chinh|dinh_dang_phan_cach,4,42,synthetic_from_verified_osm
N00943,"68,Phố Trần Thái Tông,Phường Dịch Vọng Hậu,Quận Cầu Giấy,HN","68, Phố Trần Thái Tông, Phường Dịch Vọng Hậu, Quận Cầu Giấy, Hà Nội",68,Phố Trần Thái Tông,Phường Dịch Vọng Hậu,Quận Cầu Giấy,HN,68,Phố Trần Thái Tông,Phường Dịch Vọng Hậu,Quận Cầu Giấy,Hà Nội,cu,nang,viet_tat|dinh_dang_phan_cach,2,42,synthetic_from_verified_osm
N00944,11 - Ngõ 27 Đường Tây Mỗ - Phuong Tay Mo - Thành phố Hà Nội,"11, Ngõ 27 Đường Tây Mỗ, Phường Tây Mỗ, Thành phố Hà Nội",11,Ngõ 27 Đường Tây Mỗ,Phuong Tay Mo,,Thành phố Hà Nội,11,Ngõ 27 Đường Tây Mỗ,Phường Tây Mỗ,,Thành phố Hà Nội,moi,vua,bo_dau|dinh_dang_phan_cach,2,42,synthetic_from_verified_osm
N00945,77; Duong Nguyen Duy Trinh; Phường Phương Liễu; Tỉnh Bắc Ninh,"77, Đường Nguyễn Duy Trinh, Phường Phương Liễu, Tỉnh Bắc Ninh",77,Duong Nguyen Duy Trinh,Phường Phương Liễu,,Tỉnh Bắc Ninh,77,Đường Nguyễn Duy Trinh,Phường Phương Liễu,,Tỉnh Bắc Ninh,moi,vua,bo_dau|dinh_dang_phan_cach,2,42,synthetic_from_verified_osm
N00946,"11,Phố Chùa Một Cột,P.Ba Đình,Hà Nội","11, Phố Chùa Một Cột, Phường Ba Đình, Thành phố Hà Nội",11,Phố Chùa Một Cột,P.Ba Đình,,Hà Nội,11,Phố Chùa Một Cột,Phường Ba Đình,,Thành phố Hà Nội,moi,nhe,viet_tat|dinh_dang_phan_cach,2,42,synthetic_from_verified_osm
N00947,24 - Phố Sơn Tây - Phuong Ba Dinh - TP. Hà Nội,"24, Phố Sơn Tây, Phường Ba Đình, Thành phố Hà Nội",24,Phố Sơn Tây,Phuong Ba Dinh,,TP. Hà Nội,24,Phố Sơn Tây,Phường Ba Đình,,Thành phố Hà Nội,moi,vua,viet_tat|bo_dau|dinh_dang_phan_cach,3,42,synthetic_from_verified_osm
N00948,50; Phố Bà Tr1ệu; Hà Nội; Hoàn Kiếm; Hàng Bài,"50, Phố Bà Triệu, Hàng Bài, Hoàn Kiếm, Hà Nội",50,Phố Bà Tr1ệu,Hàng Bài,Hoàn Kiếm,Hà Nội,50,Phố Bà Triệu,Hàng Bài,Hoàn Kiếm,Hà Nội,cu,nang,loi_ocr_ky_tu|dao_thu_tu_hanh_chinh|dinh_dang_phan_cach,3,42,synthetic_from_verified_osm
N00949,12; Đường Nguyên Phi Ỷ Lan; P. Kinh Bac; Tỉnh Bắc Ninh,"12, Đường Nguyên Phi Ỷ Lan, Phường Kinh Bắc, Tỉnh Bắc Ninh",12,Đường Nguyên Phi Ỷ Lan,P. Kinh Bac,,Tỉnh Bắc Ninh,12,Đường Nguyên Phi Ỷ Lan,Phường Kinh Bắc,,Tỉnh Bắc Ninh,moi,vua,viet_tat|bo_dau|dinh_dang_phan_cach,3,42,synthetic_from_verified_osm
N00950,"22,Pho Tue Tinh,Nguyễn Du,Hai Bà Trưng,Hà Nội","22, Phố Tuệ Tĩnh, Nguyễn Du, Hai Bà Trưng, Hà Nội",22,Pho Tue Tinh,Nguyễn Du,Hai Bà Trưng,Hà Nội,22,Phố Tuệ Tĩnh,Nguyễn Du,Hai Bà Trưng,Hà Nội,cu,vua,bo_dau|dinh_dang_phan_cach,2,42,synthetic_from_verified_osm
N00951,"1A,Đường Võ Cường 10,P Võ Cường,Tỉnh Bắc Ninh","1A, Đường Võ Cường 10, Phường Võ Cường, Tỉnh Bắc Ninh",1A,Đường Võ Cường 10,P Võ Cường,,Tỉnh Bắc Ninh,1A,Đường Võ Cường 10,Phường Võ Cường,,Tỉnh Bắc Ninh,moi,nhe,viet_tat|dinh_dang_phan_cach,2,42,synthetic_from_verified_osm
N00952,8; Ngõ 421 Hoàng Quốc Việt; P.Cổ Nhuế 1; Quận Bắc Từ Liêm; Hà Nội,"8, Ngõ 421 Hoàng Quốc Việt, Phường Cổ Nhuế 1, Quận Bắc Từ Liêm, Hà Nội",8,Ngõ 421 Hoàng Quốc Việt,P.Cổ Nhuế 1,Quận Bắc Từ Liêm,Hà Nội,8,Ngõ 421 Hoàng Quốc Việt,Phường Cổ Nhuế 1,Quận Bắc Từ Liêm,Hà Nội,cu,nhe,viet_tat|dinh_dang_phan_cach,2,42,synthetic_from_verified_osm
N00953,4; Duong Hoang Quoc Viet; Vũ Ninh; Bắc Ninh,"4, Đường Hoàng Quốc Việt, Phường Vũ Ninh, Tỉnh Bắc Ninh",4,Duong Hoang Quoc Viet,Vũ Ninh,,Bắc Ninh,4,Đường Hoàng Quốc Việt,Phường Vũ Ninh,,Tỉnh Bắc Ninh,moi,vua,viet_tat|bo_dau|dinh_dang_phan_cach,3,42,synthetic_from_verified_osm
N00954,16; Đường Nguyễn Đoan Trung; Phuong Hap Linh; Tỉnh Bắc Ninh,"16, Đường Nguyễn Đoan Trung, Phường Hạp Lĩnh, Tỉnh Bắc Ninh",16,Đường Nguyễn Đoan Trung,Phuong Hap Linh,,Tỉnh Bắc Ninh,16,Đường Nguyễn Đoan Trung,Phường Hạp Lĩnh,,Tỉnh Bắc Ninh,moi,vua,bo_dau|dinh_dang_phan_cach,2,42,synthetic_from_verified_osm
N00955,"39,Đường Số 18,Phuong Tan Phu,TP.HCM","39, Đường Số 18, Phường Tân Phú, Thành phố Hồ Chí Minh",39,Đường Số 18,Phuong Tan Phu,,TP.HCM,39,Đường Số 18,Phường Tân Phú,,Thành phố Hồ Chí Minh,moi,vua,viet_tat|bo_dau|dinh_dang_phan_cach,3,42,synthetic_from_verified_osm
N00956,55 - Phố Nguyễn Văn Trỗi - Từ Sơn - Bắc Ninh,"55, Phố Nguyễn Văn Trỗi, Phường Từ Sơn, Tỉnh Bắc Ninh",55,Phố Nguyễn Văn Trỗi,Từ Sơn,,Bắc Ninh,55,Phố Nguyễn Văn Trỗi,Phường Từ Sơn,,Tỉnh Bắc Ninh,moi,nhe,viet_tat|dinh_dang_phan_cach,2,42,synthetic_from_verified_osm
N00957,Đường Nguyễn Trãi - P.Hạp Lĩnh - Tỉnh Bắc Ninh,"1366, Đường Nguyễn Trãi, Phường Hạp Lĩnh, Tỉnh Bắc Ninh",,Đường Nguyễn Trãi,P.Hạp Lĩnh,,Tỉnh Bắc Ninh,1366,Đường Nguyễn Trãi,Phường Hạp Lĩnh,,Tỉnh Bắc Ninh,moi,nang,viet_tat|thieu_SoNha|dao_thu_tu_hanh_chinh|dinh_dang_phan_cach,4,42,synthetic_from_verified_osm
N00958,"Ngọc Tra1 17,Đa Tốn,Gia Lam,TP. Hà Nội","NT17-07, Ngọc Trai 17, Đa Tốn, Gia Lâm, Hà Nội",,Ngọc Tra1 17,Đa Tốn,Gia Lam,TP. Hà Nội,NT17-07,Ngọc Trai 17,Đa Tốn,Gia Lâm,Hà Nội,cu,nang,viet_tat|bo_dau|thieu_SoNha|loi_ocr_ky_tu|dinh_dang_phan_cach,5,42,synthetic_from_verified_osm
N00959,"51,Phố Trần Phú,Ba Đình,TP. Hà Nội","51, Phố Trần Phú, Phường Ba Đình, Thành phố Hà Nội",51,Phố Trần Phú,Ba Đình,,TP. Hà Nội,51,Phố Trần Phú,Phường Ba Đình,,Thành phố Hà Nội,moi,nhe,viet_tat|dinh_dang_phan_cach,2,42,synthetic_from_verified_osm
N00960,"245,Phố Trần Quốc Hoàn,P. Dịch Vọng Hậu,Quận Cầu Giấy,TP.HN","245, Phố Trần Quốc Hoàn, Phường Dịch Vọng Hậu, Quận Cầu Giấy, Hà Nội",245,Phố Trần Quốc Hoàn,P. Dịch Vọng Hậu,Quận Cầu Giấy,TP.HN,245,Phố Trần Quốc Hoàn,Phường Dịch Vọng Hậu,Quận Cầu Giấy,Hà Nội,cu,nhe,viet_tat|dinh_dang_phan_cach,2,42,synthetic_from_verified_osm
N00961,Đường Nguyễn Gia Thiều - Phường Kinh Bắc - Tỉnh Bắc Ninh,"254, Đường Nguyễn Gia Thiều, Phường Kinh Bắc, Tỉnh Bắc Ninh",,Đường Nguyễn Gia Thiều,Phường Kinh Bắc,,Tỉnh Bắc Ninh,254,Đường Nguyễn Gia Thiều,Phường Kinh Bắc,,Tỉnh Bắc Ninh,moi,nang,thieu_SoNha|dinh_dang_phan_cach,2,42,synthetic_from_verified_osm
N00962,"59,Đường Thành,Hoàn Kiếm,Thành phố Hà Nội","59, Đường Thành, Phường Hoàn Kiếm, Thành phố Hà Nội",59,Đường Thành,Hoàn Kiếm,,Thành phố Hà Nội,59,Đường Thành,Phường Hoàn Kiếm,,Thành phố Hà Nội,moi,nhe,viet_tat|dinh_dang_phan_cach,2,42,synthetic_from_verified_osm
N00963,117 - Phố Triệu Việt Vương - Nguyễn Du - Hai Bà Trưng - Hà Nội,"117, Phố Triệu Việt Vương, Nguyễn Du, Hai Bà Trưng, Hà Nội",117,Phố Triệu Việt Vương,Nguyễn Du,Hai Bà Trưng,Hà Nội,117,Phố Triệu Việt Vương,Nguyễn Du,Hai Bà Trưng,Hà Nội,cu,nhe,dinh_dang_phan_cach,1,42,synthetic_from_verified_osm
N00964,119; Phố Triệu Việt Vương; Ha Noi; Nguyễn Du,"119, Phố Triệu Việt Vương, Nguyễn Du, Hai Bà Trưng, Hà Nội",119,Phố Triệu Việt Vương,Nguyễn Du,,Ha Noi,119,Phố Triệu Việt Vương,Nguyễn Du,Hai Bà Trưng,Hà Nội,cu,nang,bo_dau|thieu_QuanHuyen|dao_thu_tu_hanh_chinh|dinh_dang_phan_cach,4,42,synthetic_from_verified_osm
N00965,01 - Thái Hà - Trung Liệt - Đống Đa - TP. Hà Nội,"01, Thái Hà, Trung Liệt, Đống Đa, Hà Nội",01,Thái Hà,Trung Liệt,Đống Đa,TP. Hà Nội,01,Thái Hà,Trung Liệt,Đống Đa,Hà Nội,cu,nhe,viet_tat|dinh_dang_phan_cach,2,42,synthetic_from_verified_osm
N00966,162 - Đường Trần Quang Khải - Lý Thái Tổ - Hoàn Kiếm - Hà Nội,"162, Đường Trần Quang Khải, Lý Thái Tổ, Hoàn Kiếm, Hà Nội",162,Đường Trần Quang Khải,Lý Thái Tổ,Hoàn Kiếm,Hà Nội,162,Đường Trần Quang Khải,Lý Thái Tổ,Hoàn Kiếm,Hà Nội,cu,nhe,dinh_dang_phan_cach,1,42,synthetic_from_verified_osm
N00967,5; Đường Vũ Ninh; Phường Vũ Ninh; T. Bắc Ninh,"5, Đường Vũ Ninh, Phường Vũ Ninh, Tỉnh Bắc Ninh",5,Đường Vũ Ninh,Phường Vũ Ninh,,T. Bắc Ninh,5,Đường Vũ Ninh,Phường Vũ Ninh,,Tỉnh Bắc Ninh,moi,nhe,viet_tat|dinh_dang_phan_cach,2,42,synthetic_from_verified_osm
N00968,"17,Hẻm 179 Bình Thái 4,Hòa Thọ Đông,Cẩm Lệ,Đà Nẵng","17, Hẻm 179 Bình Thái 4, Hòa Thọ Đông, Cẩm Lệ, Đà Nẵng",17,Hẻm 179 Bình Thái 4,Hòa Thọ Đông,Cẩm Lệ,Đà Nẵng,17,Hẻm 179 Bình Thái 4,Hòa Thọ Đông,Cẩm Lệ,Đà Nẵng,cu,nhe,dinh_dang_phan_cach,1,42,synthetic_from_verified_osm
N00969,55 - Phạm Thái Bường - Phường Phước Hậu - Vinh Long,"55, Phạm Thái Bường, Phường Phước Hậu, Tỉnh Vĩnh Long",55,Phạm Thái Bường,Phường Phước Hậu,,Vinh Long,55,Phạm Thái Bường,Phường Phước Hậu,,Tỉnh Vĩnh Long,moi,vua,viet_tat|bo_dau|dinh_dang_phan_cach,3,42,synthetic_from_verified_osm
N00970,Phố Lương Định Của - Phuong Phuong Lieu - Bắc Ninh,"265, Phố Lương Định Của, Phường Phương Liễu, Tỉnh Bắc Ninh",,Phố Lương Định Của,Phuong Phuong Lieu,,Bắc Ninh,265,Phố Lương Định Của,Phường Phương Liễu,,Tỉnh Bắc Ninh,moi,nang,viet_tat|bo_dau|thieu_SoNha|dao_thu_tu_hanh_chinh|dinh_dang_phan_cach,5,42,synthetic_from_verified_osm
N00971,39; Đường Xuân Thủy; Phường Dịch Vọng Hậu; Quận Cầu Giấy; TP. Hà Nội,"39, Đường Xuân Thủy, Phường Dịch Vọng Hậu, Quận Cầu Giấy, Hà Nội",39,Đường Xuân Thủy,Phường Dịch Vọng Hậu,Quận Cầu Giấy,TP. Hà Nội,39,Đường Xuân Thủy,Phường Dịch Vọng Hậu,Quận Cầu Giấy,Hà Nội,cu,nhe,viet_tat|dinh_dang_phan_cach,2,42,synthetic_from_verified_osm
N00972,"57,Pho Tran Phu,P.Ba Đình,Thành phố Hà Nội","57, Phố Trần Phú, Phường Ba Đình, Thành phố Hà Nội",57,Pho Tran Phu,P.Ba Đình,,Thành phố Hà Nội,57,Phố Trần Phú,Phường Ba Đình,,Thành phố Hà Nội,moi,vua,viet_tat|bo_dau|dinh_dang_phan_cach,3,42,synthetic_from_verified_osm
N00973,27; Ngõ 12 Đường Như Nguyệt; P Vũ Ninh; Tinh Bac Ninh,"27, Ngõ 12 Đường Như Nguyệt, Phường Vũ Ninh, Tỉnh Bắc Ninh",27,Ngõ 12 Đường Như Nguyệt,P Vũ Ninh,,Tinh Bac Ninh,27,Ngõ 12 Đường Như Nguyệt,Phường Vũ Ninh,,Tỉnh Bắc Ninh,moi,vua,viet_tat|bo_dau|dinh_dang_phan_cach,3,42,synthetic_from_verified_osm
N00974,169; Đường Nguyễn Gia Thiều; Kinh Bắc; Tỉnh Bắc Ninh,"169, Đường Nguyễn Gia Thiều, Phường Kinh Bắc, Tỉnh Bắc Ninh",169,Đường Nguyễn Gia Thiều,Kinh Bắc,,Tỉnh Bắc Ninh,169,Đường Nguyễn Gia Thiều,Phường Kinh Bắc,,Tỉnh Bắc Ninh,moi,nhe,viet_tat|dinh_dang_phan_cach,2,42,synthetic_from_verified_osm
N00975,198 - Hoàng Văn Thụ - P.9 - Phú Nhuận - Hồ Chí Minh,"198, Hoàng Văn Thụ, Phường 9, Phú Nhuận, Hồ Chí Minh",198,Hoàng Văn Thụ,P.9,Phú Nhuận,Hồ Chí Minh,198,Hoàng Văn Thụ,Phường 9,Phú Nhuận,Hồ Chí Minh,cu,vua,viet_tat|dinh_dang_phan_cach,2,42,synthetic_from_verified_osm
N00976,Đường Kênh Nam; Phuong Hap Linh; Bắc Ninh,"52, Đường Kênh Nam, Phường Hạp Lĩnh, Tỉnh Bắc Ninh",,Đường Kênh Nam,Phuong Hap Linh,,Bắc Ninh,52,Đường Kênh Nam,Phường Hạp Lĩnh,,Tỉnh Bắc Ninh,moi,nang,viet_tat|bo_dau|thieu_SoNha|dao_thu_tu_hanh_chinh|dinh_dang_phan_cach,5,42,synthetic_from_verified_osm
N00977,"90,Hai Bà Trưng,Tân An,Ninh Kiều,Cần Thơ","90, Hai Bà Trưng, Tân An, Ninh Kiều, Cần Thơ",90,Hai Bà Trưng,Tân An,Ninh Kiều,Cần Thơ,90,Hai Bà Trưng,Tân An,Ninh Kiều,Cần Thơ,cu,vua,dinh_dang_phan_cach,1,42,synthetic_from_verified_osm
N00978,29; Duong Rap Hat; Phường Kinh Bắc; Bắc Ninh,"29, Đường Rạp Hát, Phường Kinh Bắc, Tỉnh Bắc Ninh",29,Duong Rap Hat,Phường Kinh Bắc,,Bắc Ninh,29,Đường Rạp Hát,Phường Kinh Bắc,,Tỉnh Bắc Ninh,moi,vua,viet_tat|bo_dau|dinh_dang_phan_cach,3,42,synthetic_from_verified_osm
N00979,5; Đường Nguyễn G1a Thiều; Quận 3; Thành phố Hồ Chí Minh,"5, Đường Nguyễn Gia Thiều, Phường Võ Thị Sáu, Quận 3, Thành phố Hồ Chí Minh",5,Đường Nguyễn G1a Thiều,,Quận 3,Thành phố Hồ Chí Minh,5,Đường Nguyễn Gia Thiều,Phường Võ Thị Sáu,Quận 3,Thành phố Hồ Chí Minh,cu,nang,viet_tat|bo_dau|thieu_PhuongXa|loi_ocr_ky_tu|dao_thu_tu_hanh_chinh|dinh_dang_phan_cach,6,42,synthetic_from_verified_osm
N00980,"22,Đường Nội Khu 02,P Tân Phú,TP.HCM","22, Đường Nội Khu 02, Phường Tân Phú, Thành phố Hồ Chí Minh",22,Đường Nội Khu 02,P Tân Phú,,TP.HCM,22,Đường Nội Khu 02,Phường Tân Phú,,Thành phố Hồ Chí Minh,moi,nhe,viet_tat|dinh_dang_phan_cach,2,42,synthetic_from_verified_osm
N00981,40; Ngõ 643 Phạm Văn Đồng; Phường Cổ Nhuế 1; Q.Bắc Từ Liêm; Hà Nội,"40, Ngõ 643 Phạm Văn Đồng, Phường Cổ Nhuế 1, Quận Bắc Từ Liêm, Hà Nội",40,Ngõ 643 Phạm Văn Đồng,Phường Cổ Nhuế 1,Q.Bắc Từ Liêm,Hà Nội,40,Ngõ 643 Phạm Văn Đồng,Phường Cổ Nhuế 1,Quận Bắc Từ Liêm,Hà Nội,cu,nhe,viet_tat|dinh_dang_phan_cach,2,42,synthetic_from_verified_osm
N00982,"8,Hẻm 148 Đường Số 59,P 14,Gò Vấp,Hồ Chí Minh","8, Hẻm 148 Đường Số 59, Phường 14, Gò Vấp, Hồ Chí Minh",8,Hẻm 148 Đường Số 59,P 14,Gò Vấp,Hồ Chí Minh,8,Hẻm 148 Đường Số 59,Phường 14,Gò Vấp,Hồ Chí Minh,cu,nhe,viet_tat|dinh_dang_phan_cach,2,42,synthetic_from_verified_osm
N00983,21a; Bát Đàn; P. Hoàn Kiếm; TP. Hà Nội,"21a, Bát Đàn, Phường Hoàn Kiếm, Thành phố Hà Nội",21a,Bát Đàn,P. Hoàn Kiếm,,TP. Hà Nội,21a,Bát Đàn,Phường Hoàn Kiếm,,Thành phố Hà Nội,moi,nhe,viet_tat|dinh_dang_phan_cach,2,42,synthetic_from_verified_osm
N00984,"6,Đường Phúc Sơn,Phường Vũ Ninh,Thành phố Bắc Ninh,Bắc Ninh","6, Đường Phúc Sơn, Phường Vũ Ninh, Thành phố Bắc Ninh, Bắc Ninh",6,Đường Phúc Sơn,Phường Vũ Ninh,Thành phố Bắc Ninh,Bắc Ninh,6,Đường Phúc Sơn,Phường Vũ Ninh,Thành phố Bắc Ninh,Bắc Ninh,cu,nhe,dinh_dang_phan_cach,1,42,synthetic_from_verified_osm
N00985,91; Đường Trần Hưng Đạo; Phường Quế Võ; Tỉnh Bắc Ninh,"91, Đường Trần Hưng Đạo, Phường Quế Võ, Tỉnh Bắc Ninh",91,Đường Trần Hưng Đạo,Phường Quế Võ,,Tỉnh Bắc Ninh,91,Đường Trần Hưng Đạo,Phường Quế Võ,,Tỉnh Bắc Ninh,moi,nhe,dinh_dang_phan_cach,1,42,synthetic_from_verified_osm
N00986,"272,Đường Võ Chí Công,Phú Thượng,Tây Hồ,HN","272, Đường Võ Chí Công, Phú Thượng, Tây Hồ, Hà Nội",272,Đường Võ Chí Công,Phú Thượng,Tây Hồ,HN,272,Đường Võ Chí Công,Phú Thượng,Tây Hồ,Hà Nội,cu,nhe,viet_tat|dinh_dang_phan_cach,2,42,synthetic_from_verified_osm
N00987,158 - Đường số 19 - Bình Trị Đông B - Binh Tan - Hồ Chí Minh,"158, Đường số 19, Bình Trị Đông B, Bình Tân, Hồ Chí Minh",158,Đường số 19,Bình Trị Đông B,Binh Tan,Hồ Chí Minh,158,Đường số 19,Bình Trị Đông B,Bình Tân,Hồ Chí Minh,cu,vua,bo_dau|dinh_dang_phan_cach,2,42,synthetic_from_verified_osm
N00988,56 - Phố Yên Mẫn - Phường Kinh Bắc - Bắc Ninh,"56, Phố Yên Mẫn, Phường Kinh Bắc, Tỉnh Bắc Ninh",56,Phố Yên Mẫn,Phường Kinh Bắc,,Bắc Ninh,56,Phố Yên Mẫn,Phường Kinh Bắc,,Tỉnh Bắc Ninh,moi,vua,viet_tat|dinh_dang_phan_cach,2,42,synthetic_from_verified_osm
N00989,90 - Ngõ 1 Phạm Tuấn Tài - Dịch Vọng Hậu - Q Cau Giay - TP. Hà Nội,"90, Ngõ 1 Phạm Tuấn Tài, Phường Dịch Vọng Hậu, Quận Cầu Giấy, Hà Nội",90,Ngõ 1 Phạm Tuấn Tài,Dịch Vọng Hậu,Q Cau Giay,TP. Hà Nội,90,Ngõ 1 Phạm Tuấn Tài,Phường Dịch Vọng Hậu,Quận Cầu Giấy,Hà Nội,cu,vua,viet_tat|bo_dau|dinh_dang_phan_cach,3,42,synthetic_from_verified_osm
N00990,1; Hàng Buồm; Phường Hoàn Kiếm; TP. Hà Nội,"1, Hàng Buồm, Phường Hoàn Kiếm, Thành phố Hà Nội",1,Hàng Buồm,Phường Hoàn Kiếm,,TP. Hà Nội,1,Hàng Buồm,Phường Hoàn Kiếm,,Thành phố Hà Nội,moi,vua,viet_tat|dinh_dang_phan_cach,2,42,synthetic_from_verified_osm
N00991,272 - Duong Hoang Quoc Viet - Vũ Ninh - Tỉnh Bắc Ninh,"272, Đường Hoàng Quốc Việt, Phường Vũ Ninh, Tỉnh Bắc Ninh",272,Duong Hoang Quoc Viet,Vũ Ninh,,Tỉnh Bắc Ninh,272,Đường Hoàng Quốc Việt,Phường Vũ Ninh,,Tỉnh Bắc Ninh,moi,vua,viet_tat|bo_dau|dinh_dang_phan_cach,3,42,synthetic_from_verified_osm
N00992,"156,Hai Bà Trưng,Tân An,Ninh Kiều,Cần Thơ","156, Hai Bà Trưng, Tân An, Ninh Kiều, Cần Thơ",156,Hai Bà Trưng,Tân An,Ninh Kiều,Cần Thơ,156,Hai Bà Trưng,Tân An,Ninh Kiều,Cần Thơ,cu,nhe,dinh_dang_phan_cach,1,42,synthetic_from_verified_osm
N00993,"SH09-15,San Hô 9,Đa Tốn,Gia Lam,Hà Nội","SH09-15, San Hô 9, Đa Tốn, Gia Lâm, Hà Nội",SH09-15,San Hô 9,Đa Tốn,Gia Lam,Hà Nội,SH09-15,San Hô 9,Đa Tốn,Gia Lâm,Hà Nội,cu,vua,bo_dau|dinh_dang_phan_cach,2,42,synthetic_from_verified_osm
N00994,"NT08-42,Ngọc Trai 8,Đa Tốn,Gia Lâm,Hà Nội","NT08-42, Ngọc Trai 8, Đa Tốn, Gia Lâm, Hà Nội",NT08-42,Ngọc Trai 8,Đa Tốn,Gia Lâm,Hà Nội,NT08-42,Ngọc Trai 8,Đa Tốn,Gia Lâm,Hà Nội,cu,nhe,dinh_dang_phan_cach,1,42,synthetic_from_verified_osm
N00995,2; Phố Vũ Kiệt; P Kinh Bắc; Bắc Ninh,"2, Phố Vũ Kiệt, Phường Kinh Bắc, Tỉnh Bắc Ninh",2,Phố Vũ Kiệt,P Kinh Bắc,,Bắc Ninh,2,Phố Vũ Kiệt,Phường Kinh Bắc,,Tỉnh Bắc Ninh,moi,nhe,viet_tat|dinh_dang_phan_cach,2,42,synthetic_from_verified_osm
N00996,177 - Duong Ly Tha1 Tong - Phường Kinh Bắc - Tỉnh Bắc Ninh,"177, Đường Lý Thái Tông, Phường Kinh Bắc, Tỉnh Bắc Ninh",177,Duong Ly Tha1 Tong,Phường Kinh Bắc,,Tỉnh Bắc Ninh,177,Đường Lý Thái Tông,Phường Kinh Bắc,,Tỉnh Bắc Ninh,moi,nang,bo_dau|loi_ocr_ky_tu|dinh_dang_phan_cach,3,42,synthetic_from_verified_osm
N00997,"16,Duong so 7,Phong Phú,Bình Chánh,Hồ Chí Minh","16, Đường số 7, Phong Phú, Bình Chánh, Hồ Chí Minh",16,Duong so 7,Phong Phú,Bình Chánh,Hồ Chí Minh,16,Đường số 7,Phong Phú,Bình Chánh,Hồ Chí Minh,cu,vua,bo_dau|dinh_dang_phan_cach,2,42,synthetic_from_verified_osm
N00998,224 - Đường Như Nguyệt - Phường Vũ Ninh - Tỉnh Bắc Ninh,"224, Đường Như Nguyệt, Phường Vũ Ninh, Tỉnh Bắc Ninh",224,Đường Như Nguyệt,Phường Vũ Ninh,,Tỉnh Bắc Ninh,224,Đường Như Nguyệt,Phường Vũ Ninh,,Tỉnh Bắc Ninh,moi,vua,dinh_dang_phan_cach,1,42,synthetic_from_verified_osm
N00999,154 - Đường An Phước - Phường Vũ Ninh - Tinh Bac Ninh,"154, Đường An Phước, Phường Vũ Ninh, Tỉnh Bắc Ninh",154,Đường An Phước,Phường Vũ Ninh,,Tinh Bac Ninh,154,Đường An Phước,Phường Vũ Ninh,,Tỉnh Bắc Ninh,moi,vua,bo_dau|dinh_dang_phan_cach,2,42,synthetic_from_verified_osm
N01000,114; Đường Hoàng Quốc Việt; Phường Vũ Ninh; Tinh Bac Ninh,"114, Đường Hoàng Quốc Việt, Phường Vũ Ninh, Tỉnh Bắc Ninh",114,Đường Hoàng Quốc Việt,Phường Vũ Ninh,,Tinh Bac Ninh,114,Đường Hoàng Quốc Việt,Phường Vũ Ninh,,Tỉnh Bắc Ninh,moi,vua,bo_dau|dinh_dang_phan_cach,2,42,synthetic_from_verified_osm
