OSM_Type,OSM_ID,SoNha,TenDuong,PhuongXa,QuanHuyen,TinhThanh,ChuoiDiaChi,HinhHoc,VungMien,HeQuyChieu
node,11353539634,NT02-29,Ngọc Trai 2,Đa Tốn,Gia Lâm,Hà Nội,"NT02-29, Ngọc Trai 2, Đa Tốn, Gia Lâm, Hà Nội","node:20.9944026,105.9497868",Bac,cu
node,11353539637,NT02-35,Ngọc Trai 2,Đa Tốn,Gia Lâm,Hà Nội,"NT02-35, Ngọc Trai 2, Đa Tốn, Gia Lâm, Hà Nội","node:20.9942347,105.9495479",Bac,cu
node,6610625866,59,Khương Trung,Khương Trung,Thanh Xuân,Hà Nội,"59, Khương Trung, Khương Trung, Thanh Xuân, Hà Nội","node:20.9997830,105.8186864",Bac,cu
node,12902416049,73,Đường Lý Quốc Sư,Phường Võ Cường,Thành phố Bắc Ninh,Bắc Ninh,"73, Đường Lý Quốc Sư, Phường Võ Cường, Thành phố Bắc Ninh, Bắc Ninh","node:21.1636624,106.0476039",Bac,cu
node,11212149522,12B10,Phố Phạm Ngọc Thạch,Kim Liên,Đống Đa,Hà Nội,"12B10, Phố Phạm Ngọc Thạch, Kim Liên, Đống Đa, Hà Nội","node:21.0091067,105.8349662",Bac,cu
node,6543647270,17,Nguyễn An Ninh,Tân An,Ninh Kiều,Cần Thơ,"17, Nguyễn An Ninh, Tân An, Ninh Kiều, Cần Thơ","node:10.0307010,105.7874457",Nam,cu
node,11372720532,SH15-18,San Hô 15,Đa Tốn,Gia Lâm,Hà Nội,"SH15-18, San Hô 15, Đa Tốn, Gia Lâm, Hà Nội","node:20.9924993,105.9461069",Bac,cu
way,904729839,15,Phố Đoàn Trần Nghiệp,Lê Đại Hành,Hai Bà Trưng,Hà Nội,"15, Phố Đoàn Trần Nghiệp, Lê Đại Hành, Hai Bà Trưng, Hà Nội",way:8b0bfc68b001889618551ac99195b552201adad484aa464e42b5783d76960d51,Bac,cu
way,1247735323,44,Phố Bùi Thị Xuân,Nguyễn Du,Hai Bà Trưng,Hà Nội,"44, Phố Bùi Thị Xuân, Nguyễn Du, Hai Bà Trưng, Hà Nội",way:4a4dd6e24714b0286d93179fbe4f7c0955a771fcaeefbbd8cd4a6b869fcbc4f4,Bac,cu
node,10240190082,39,Đường Lê Văn Hiến,Đức Thắng,Bắc Từ Liêm,Hà Nội,"39, Đường Lê Văn Hiến, Đức Thắng, Bắc Từ Liêm, Hà Nội","node:21.0747072,105.7730905",Bac,cu
node,12553764141,76A,Phố Lương Định Của,Phường Phương Liễu,Thị xã Quế Võ,Bắc Ninh,"76A, Phố Lương Định Của, Phường Phương Liễu, Thị xã Quế Võ, Bắc Ninh","node:21.1646979,106.1457350",Bac,cu
way,508344626,343,Đường Nguyễn Sơn,Phú Thạnh,Tân Phú,Hồ Chí Minh,"343, Đường Nguyễn Sơn, Phú Thạnh, Tân Phú, Hồ Chí Minh",way:7eb6c629e5411ac0fde524402fbba3c4cd9a36e4c656c0f5ae48a886f280fb37,Nam,cu
node,11353539620,NT02-84,Ngọc Trai 2,Đa Tốn,Gia Lâm,Hà Nội,"NT02-84, Ngọc Trai 2, Đa Tốn, Gia Lâm, Hà Nội","node:20.9937705,105.9483506",Bac,cu
node,11351081459,NT09-05,Ngọc Trai 9,Đa Tốn,Gia Lâm,Hà Nội,"NT09-05, Ngọc Trai 9, Đa Tốn, Gia Lâm, Hà Nội","node:20.9974609,105.9488791",Bac,cu
way,856455201,820/25,Hẻm 820 Hậu Giang,Phường 12,Quận 6,Thành phố Hồ Chí Minh,"820/25, Hẻm 820 Hậu Giang, Phường 12, Quận 6, Thành phố Hồ Chí Minh",way:f6eb371e5b508d5447bb3606cb00a664f52373cbc51a1ca341ac4aa0932813d0,Nam,cu
node,5485781399,số 18,Lê Văn Hiến,Cổ Nhuế,Bắc Từ Liêm,Hà Nội,"số 18, Lê Văn Hiến, Cổ Nhuế, Bắc Từ Liêm, Hà Nội","node:21.0760243,105.7735397",Bac,cu
node,11372798697,SH08-17,San Hô 8,Đa Tốn,Gia Lâm,Hà Nội,"SH08-17, San Hô 8, Đa Tốn, Gia Lâm, Hà Nội","node:20.9912413,105.9480315",Bac,cu
node,11351081443,NT10-19,Ngọc Trai 10,Đa Tốn,Gia Lâm,Hà Nội,"NT10-19, Ngọc Trai 10, Đa Tốn, Gia Lâm, Hà Nội","node:20.9975461,105.9482126",Bac,cu
way,509647252,3,Đường Nguyễn Lý,Hiệp Tân,Tân Phú,Hồ Chí Minh,"3, Đường Nguyễn Lý, Hiệp Tân, Tân Phú, Hồ Chí Minh",way:eb4b42c8b1311edc18941d030eb2fca9fd446da77ccf0401f68df0cc89ba3e40,Nam,cu
way,1118648842,24,Phố Đặng Thùy Trâm,Phường Cổ Nhuế 1,Quận Bắc Từ Liêm,Hà Nội,"24, Phố Đặng Thùy Trâm, Phường Cổ Nhuế 1, Quận Bắc Từ Liêm, Hà Nội",way:4a804cbcfd11e0d611ef845c91bf882e6e1289a5bc7d3e843260dbe6c627f831,Bac,cu
way,1243075286,29,Ngõ 3 Phạm Tuấn Tài,Phường Dịch Vọng Hậu,Quận Cầu Giấy,Hà Nội,"29, Ngõ 3 Phạm Tuấn Tài, Phường Dịch Vọng Hậu, Quận Cầu Giấy, Hà Nội",way:3aa413baa8bdafbde47d316e4ad8e5f88b553ec54ef163d4c121e6ccecf06b25,Bac,cu
way,1223678153,NT18-16,Ngọc Trai 18,Đa Tốn,Gia Lâm,Hà Nội,"NT18-16, Ngọc Trai 18, Đa Tốn, Gia Lâm, Hà Nội",way:8f937645d01284d71ae684a4d6f05bd5f9ec385d1e29a61bde07668a2c4009a5,Bac,cu
node,11353528168,NT02-08,Ngọc Trai 2,Đa Tốn,Gia Lâm,Hà Nội,"NT02-08, Ngọc Trai 2, Đa Tốn, Gia Lâm, Hà Nội","node:20.9955045,105.9508548",Bac,cu
node,12960832906,62H,Đường Hoàng Quốc Việt,Phường Thị Cầu,Thành phố Bắc Ninh,Bắc Ninh,"62H, Đường Hoàng Quốc Việt, Phường Thị Cầu, Thành phố Bắc Ninh, Bắc Ninh","node:21.1934597,106.0845577",Bac,cu
way,1306375294,132,Phố Huế,Nguyễn Du,Hai Bà Trưng,Hà Nội,"132, Phố Huế, Nguyễn Du, Hai Bà Trưng, Hà Nội",way:1858a8928bc442dd14fcaa47a19163360b436d90df5d068b36b810a24893264d,Bac,cu
way,1219438136,141,Đường Đê La Thành,Nam Đồng,Đống Đa,Hà Nội,"141, Đường Đê La Thành, Nam Đồng, Đống Đa, Hà Nội",way:b5436aaac407d3ad5039cc7fdf27afb04592a7f3e3e4a66539e0e36caf958bc1,Bac,cu
way,1217494278,54,Khu dân cư số 9,Xuân Khánh,Ninh Kiều,Cần Thơ,"54, Khu dân cư số 9, Xuân Khánh, Ninh Kiều, Cần Thơ",way:ef80ba28ac23b7d5d2052733c6d7b054919af621393eac82480b8a33f84910b1,Nam,cu
way,1175244453,27-28,Đường Số 19,Tân Thuận Đông,Quận 7,Thành phố Hồ Chí Minh,"27-28, Đường Số 19, Tân Thuận Đông, Quận 7, Thành phố Hồ Chí Minh",way:f2f3da2cd4511eb62b3f44f0bc49304c35fc6c702b8f6380b8fa56b6935c948e,Nam,cu
way,1223678191,NT20-16,Ngọc Trai 20,Đa Tốn,Gia Lâm,Hà Nội,"NT20-16, Ngọc Trai 20, Đa Tốn, Gia Lâm, Hà Nội",way:f3baec217b94a4031b4d0c0707730fb791d6f9f4e4de3e906b2443e2291dd07a,Bac,cu
node,12314059213,37,Đường Ba Đình,Thạch Thang,Hải Châu,Đà Nẵng,"37, Đường Ba Đình, Thạch Thang, Hải Châu, Đà Nẵng","node:16.0760478,108.2181955",Trung,cu
node,12084476979,4,Phố Sơn Tây,Phường Điện Biên,Quận Ba Đình,Hà Nội,"4, Phố Sơn Tây, Phường Điện Biên, Quận Ba Đình, Hà Nội","node:21.0331165,105.8332706",Bac,cu
way,1242747195,5,Ngách 38/6 Đặng Thùy Trâm,Phường Cổ Nhuế 1,Quận Bắc Từ Liêm,Hà Nội,"5, Ngách 38/6 Đặng Thùy Trâm, Phường Cổ Nhuế 1, Quận Bắc Từ Liêm, Hà Nội",way:976eef59a80a1951f2f525a95f2d61bc26b2aeebf0625b4f87be7c2790f0ea06,Bac,cu
way,848385108,151-155,Bến Vân Đồn,Phường 6,Quận 4,TP. Hồ Chí Minh,"151-155, Bến Vân Đồn, Phường 6, Quận 4, TP. Hồ Chí Minh",way:77d8148a043ef9f888e3710f73ba934f953455b6df12fec3431fae80377da326,Nam,cu
way,327192435,633,Đường 3 Tháng 2,8,10,Hồ Chí Minh,"633, Đường 3 Tháng 2, 8, 10, Hồ Chí Minh",way:0331dbd79113e1766bb4665e98edfbac3e8da0e1a8d33312d5769d7f3c6169fb,Nam,cu
node,11020091293,Số 1 Tầng 4 A24,Ngõ 385 Hoàng Quốc Việt,Nghĩa Tân,Cầu Giấy,Hà Nội,"Số 1 Tầng 4 A24, Ngõ 385 Hoàng Quốc Việt, Nghĩa Tân, Cầu Giấy, Hà Nội","node:21.0450209,105.7927328",Bac,cu
way,1301591158,14,Ngõ 28 Ông Ích Khiêm,Phường Điện Biên,Quận Ba Đình,Hà Nội,"14, Ngõ 28 Ông Ích Khiêm, Phường Điện Biên, Quận Ba Đình, Hà Nội",way:e4a4177a1667636d50425166d763e95412e857944ce7d22178a0b3dd509ed69b,Bac,cu
way,970823329,1A1 Lô 8A,Lê Hồng Phong,Đằng Giang,Ngo Quyen,Hải Phòng,"1A1 Lô 8A, Lê Hồng Phong, Đằng Giang, Ngo Quyen, Hải Phòng",way:d02c4bc8963e2f792dcd3f726d2c4e6ed1e4795959eef29cbc093832a32996b9,Bac,cu
way,1243078586,4,Ngách 3/1 Phạm Tuấn Tài,Phường Dịch Vọng Hậu,Quận Cầu Giấy,Hà Nội,"4, Ngách 3/1 Phạm Tuấn Tài, Phường Dịch Vọng Hậu, Quận Cầu Giấy, Hà Nội",way:362aae291b7af596a9eb03073d45fddb573cbe7de95db492b61a6f4765169ff9,Bac,cu
node,12906288566,270,Đường Nguyễn Gia Thiều,Phường Tiền Ninh Vệ,Thành phố Bắc Ninh,Bắc Ninh,"270, Đường Nguyễn Gia Thiều, Phường Tiền Ninh Vệ, Thành phố Bắc Ninh, Bắc Ninh","node:21.1812004,106.0659595",Bac,cu
way,1219036276,478,Phố Xã Đàn,Nam Đồng,Đống Đa,Hà Nội,"478, Phố Xã Đàn, Nam Đồng, Đống Đa, Hà Nội",way:4806913209c7b341a24a334c7b71868e19bef34bd4007b071d2e7faf4ab6938d,Bac,cu
way,727570329,54,Phố Liễu Giai,Ngọc Khánh,Ba Đình,Hà Nội,"54, Phố Liễu Giai, Ngọc Khánh, Ba Đình, Hà Nội",way:d3c32c2bc58fbed3c0ddd5cff76b2c39477c488ccf48be9e5a102e7d236dfafa,Bac,cu
way,302770813,238,Bạch Đằng,Phước Ninh,Hải Châu,Đà Nẵng,"238, Bạch Đằng, Phước Ninh, Hải Châu, Đà Nẵng",way:206a34534b417b49c9b5e6a2034777b6acf9e43c5162f2c4ecbf9f67958432f2,Trung,cu
node,12287766479,235,Phố Lương Định Của,Phường Phương Liễu,Thị xã Quế Võ,Bắc Ninh,"235, Phố Lương Định Của, Phường Phương Liễu, Thị xã Quế Võ, Bắc Ninh","node:21.1663169,106.1372952",Bac,cu
node,11683982789,20,Phố Hàng Giấy,Phường Đồng Xuân,Quận Hoàn Kiếm,Hà Nội,"20, Phố Hàng Giấy, Phường Đồng Xuân, Quận Hoàn Kiếm, Hà Nội","node:21.0394780,105.8478879",Bac,cu
node,12956796190,282,Đường Nguyễn Văn Cừ,Phường Võ Cường,Thành phố Bắc Ninh,Bắc Ninh,"282, Đường Nguyễn Văn Cừ, Phường Võ Cường, Thành phố Bắc Ninh, Bắc Ninh","node:21.1713049,106.0506232",Bac,cu
way,306649184,Lô T2,Đường D1,Phường Tân Phú,Quận 9,Hồ Chí Minh,"Lô T2, Đường D1, Phường Tân Phú, Quận 9, Hồ Chí Minh",way:d3c521328f412692799d8c8f86a133beff3d9f624d4772dc8345e8b889cff8fc,Nam,cu
node,12956796265,281,Đường Hoàng Quốc Việt,Phường Thị Cầu,Thành phố Bắc Ninh,Bắc Ninh,"281, Đường Hoàng Quốc Việt, Phường Thị Cầu, Thành phố Bắc Ninh, Bắc Ninh","node:21.1936378,106.0910961",Bac,cu
node,8862858651,117,Đường Nguyễn Dữ,Phường Khuê Trung,Quận Cẩm Lệ,Đà Nẵng,"117, Đường Nguyễn Dữ, Phường Khuê Trung, Quận Cẩm Lệ, Đà Nẵng","node:16.0329052,108.2079396",Trung,cu
way,583612357,54,Ngõ 85 Sài Đồng,Sài Đồng,Long Biên,Hà Nội,"54, Ngõ 85 Sài Đồng, Sài Đồng, Long Biên, Hà Nội",way:63a6698aeabce3056fc14d19c816ac4603e2b7f692edbffb357e9b07cea7b698,Bac,cu
way,581446500,số 17 tổ 17,ngô gia tự,đức giang,Long biên,Hà Nội,"số 17 tổ 17, ngô gia tự, đức giang, Long biên, Hà Nội",way:af74f95b5f249f65f1cb1fc9170ae6292c98a6ec20e89526cfbb96e3db4587fe,Bac,cu
way,1242741586,10,Ngách 61/6 Phạm Tuấn Tài,Phường Cổ Nhuế 1,Quận Bắc Từ Liêm,Hà Nội,"10, Ngách 61/6 Phạm Tuấn Tài, Phường Cổ Nhuế 1, Quận Bắc Từ Liêm, Hà Nội",way:70c6d150cb4f9706d05f6f0e49d8ac00d8337c3d507e33169159a4ceb07f12c5,Bac,cu
way,1210477005,12,Ngách 238/29 Hoàng Quốc Việt,Phường Cổ Nhuế 1,Quận Bắc Từ Liêm,Hà Nội,"12, Ngách 238/29 Hoàng Quốc Việt, Phường Cổ Nhuế 1, Quận Bắc Từ Liêm, Hà Nội",way:f2de108f2bbd02f685e422fb0b83f40d633fe9426678e58b9e7909eb9d49a653,Bac,cu
way,462903370,21,Đồng Nai,15,10,Ho Chi Minh City,"21, Đồng Nai, 15, 10, Ho Chi Minh City",way:f762249f4234b6d250a32b7fc926f7dbfec689d472a10a6dd7b2288f491c5431,Nam,cu
way,1242734034,1,Ngách 61/21 Phạm Tuấn Tài,Phường Cổ Nhuế 1,Quận Bắc Từ Liêm,Hà Nội,"1, Ngách 61/21 Phạm Tuấn Tài, Phường Cổ Nhuế 1, Quận Bắc Từ Liêm, Hà Nội",way:44cbf4f2030511d7f45c8a3877d031593054aa162fe4f01472e3f96a3725ba32,Bac,cu
way,1119744195,27,Phố Phạm Tuấn Tài,Phường Dịch Vọng Hậu,Quận Cầu Giấy,Hà Nội,"27, Phố Phạm Tuấn Tài, Phường Dịch Vọng Hậu, Quận Cầu Giấy, Hà Nội",way:bdb3ce9b12869342ef90ea2959fab510a349ee6c141baeda919d89c545035e14,Bac,cu
way,582758225,25,Ngô Gia Tự,đức giang,Long biên,Hà Nội,"25, Ngô Gia Tự, đức giang, Long biên, Hà Nội",way:6ad9c0554fb05aedcaeec2b90a9c294bd3c5ff4e18671ff0e3c668823acdf9e7,Bac,cu
node,8361081243,31,Hoàng Tăng Bí,Xuân Đỉnh,Bắc Từ Liêm,Hà Nội,"31, Hoàng Tăng Bí, Xuân Đỉnh, Bắc Từ Liêm, Hà Nội","node:21.0821284,105.7835118",Bac,cu
way,1255921550,11C,Phố Phùng Hưng,Phường Hàng Mã,Quận Hoàn Kiếm,Hà Nội,"11C, Phố Phùng Hưng, Phường Hàng Mã, Quận Hoàn Kiếm, Hà Nội",way:a0a8846ddef0740b9dace362d81182daf7a587c9433bdc09745f3a18373ec722,Bac,cu
way,900842197,68,Đường Trường Chinh,Phương Mai,Đống Đa,Hà Nội,"68, Đường Trường Chinh, Phương Mai, Đống Đa, Hà Nội",way:21b7ad7bc3f9b4f63d0ad899ae1f1a301d4219935575fe4dab905bb5e70d6e3e,Bac,cu
node,7056055200,68A,Hoàng Cầu,Ô Chợ Dừa,Đống Đa,Hà Nội,"68A, Hoàng Cầu, Ô Chợ Dừa, Đống Đa, Hà Nội","node:21.0160550,105.8212720",Bac,cu
way,582758195,15,Ngô Gia Tự,đức giang,Long biên,Hà Nội,"15, Ngô Gia Tự, đức giang, Long biên, Hà Nội",way:087f8d08541877d25ff91fcff7539a5851fd2924f9f5414302bafab5f171c177,Bac,cu
way,583607722,8,Ngõ 85 Sài Đồng,Sài Đồng,Long Biên,Hà Nội,"8, Ngõ 85 Sài Đồng, Sài Đồng, Long Biên, Hà Nội",way:977d7b88d659c398e2a4be7970fdf35e69ff3c93906bae28e048e0f40902b193,Bac,cu
node,12107980784,A58,Đường Nội Khu 1,Phường Tân Phú,Quận 7,Thành phố Hồ Chí Minh,"A58, Đường Nội Khu 1, Phường Tân Phú, Quận 7, Thành phố Hồ Chí Minh","node:10.7220566,106.7314463",Nam,cu
node,8447601996,241,Đường Cổ Nhuế,Cổ Nhuế 2,Bắc Từ Liêm,Hà Nội,"241, Đường Cổ Nhuế, Cổ Nhuế 2, Bắc Từ Liêm, Hà Nội","node:21.0636993,105.7797100",Bac,cu
node,12960832904,56,Đường Hoàng Quốc Việt,Phường Thị Cầu,Thành phố Bắc Ninh,Bắc Ninh,"56, Đường Hoàng Quốc Việt, Phường Thị Cầu, Thành phố Bắc Ninh, Bắc Ninh","node:21.1934301,106.0840943",Bac,cu
node,11572079077,9,Ngách 1/84 Phạm Tuấn Tài,Phường Dịch Vọng Hậu,Quận Cầu Giấy,Hà Nội,"9, Ngách 1/84 Phạm Tuấn Tài, Phường Dịch Vọng Hậu, Quận Cầu Giấy, Hà Nội","node:21.0432985,105.7844817",Bac,cu
node,11288366368,6,Phố Chu Văn An,Phường Điện Biên,Quận Ba Đình,Hà Nội,"6, Phố Chu Văn An, Phường Điện Biên, Quận Ba Đình, Hà Nội","node:21.0342818,105.8365145",Bac,cu
node,4551047378,Ngõ 1,Đường Âu Cơ,Quảng An,Tây Hồ,Hà Nội,"Ngõ 1, Đường Âu Cơ, Quảng An, Tây Hồ, Hà Nội","node:21.0579335,105.8338320",Bac,cu
node,4089388467,S20-1,Nguyễn Văn Linh,Tân Phong,Quận 7,Hồ Chí Minh,"S20-1, Nguyễn Văn Linh, Tân Phong, Quận 7, Hồ Chí Minh","node:10.7292804,106.7061103",Nam,cu
way,851724662,408,Trung Mỹ Tây 14A,Tân Chánh HIệp,Quận 12,Hồ Chí Minh,"408, Trung Mỹ Tây 14A, Tân Chánh HIệp, Quận 12, Hồ Chí Minh",way:ab54d0a6e61d66b0b9f1251cebcb454378f8e921e17ca9223cf13e209f029ddc,Nam,cu
way,1239425695,141,Phố Bà Triệu,Lê Đại Hành,Hai Bà Trưng,Hà Nội,"141, Phố Bà Triệu, Lê Đại Hành, Hai Bà Trưng, Hà Nội",way:c212a457533db47ffe0c49a01575b9daf8ed402b507cd4b09db9e37c0db84beb,Bac,cu
way,180075508,12,Phố Trịnh Hoài Đức,Cát Linh,Đống Đa,Hà Nội,"12, Phố Trịnh Hoài Đức, Cát Linh, Đống Đa, Hà Nội",way:5578713335e7d8d0a571d7a7a14564bbd8bfc5d49596fd32e0e5ae33b4d7caa0,Bac,cu
node,12343280022,300,Phố Lương Định Của,Phường Phương Liễu,Thị xã Quế Võ,Bắc Ninh,"300, Phố Lương Định Của, Phường Phương Liễu, Thị xã Quế Võ, Bắc Ninh","node:21.1661655,106.1339399",Bac,cu
way,694886893,1056A,Nguyễn Văn Linh,Tân Phong,Quận 7,Hồ Chí Minh,"1056A, Nguyễn Văn Linh, Tân Phong, Quận 7, Hồ Chí Minh",way:8a789a4eb01972e129ce5c0783ac55c74c8f281088c8aad97e28db0026beddf9,Nam,cu
node,5199300157,126,Lê Lai,Xuân Khánh,Ninh Kiều,Cần Thơ,"126, Lê Lai, Xuân Khánh, Ninh Kiều, Cần Thơ","node:10.0323606,105.7804243",Nam,cu
node,12375051653,205,Phố Lương Định Của,Phường Phương Liễu,Thị xã Quế Võ,Bắc Ninh,"205, Phố Lương Định Của, Phường Phương Liễu, Thị xã Quế Võ, Bắc Ninh","node:21.1663302,106.1392851",Bac,cu
way,1234036431,5,Phố Lý Đạo Thành,Tràng Tiền,Hoàn Kiếm,Hà Nội,"5, Phố Lý Đạo Thành, Tràng Tiền, Hoàn Kiếm, Hà Nội",way:bee4f522ac93baad7e53a6b583e93011e559c920096c9c6a743cb0c71051c794,Bac,cu
way,1255860817,7,Phố Phùng Hưng,Phường Hàng Mã,Quận Hoàn Kiếm,Hà Nội,"7, Phố Phùng Hưng, Phường Hàng Mã, Quận Hoàn Kiếm, Hà Nội",way:43a44cdb291f35e743e545e82e46b253d235d73ed4039b2b83bdeb404a0054bc,Bac,cu
way,852423760,9,Phố Hoà Mã,Ngô Thì Nhậm,Hai Bà Trưng,Hà Nội,"9, Phố Hoà Mã, Ngô Thì Nhậm, Hai Bà Trưng, Hà Nội",way:8a59092449b1ececc926076a71a7c6d464456172f51c95e97bbdd7d07f2fddbf,Bac,cu
way,582091087,35,Ngõ 46 Vũ Xuân Thiều,Sài Đồng,Long Biên,Hà Nội,"35, Ngõ 46 Vũ Xuân Thiều, Sài Đồng, Long Biên, Hà Nội",way:cbc623de4d3ac9ef89a5d5deb645983c51090978d54762d44eaeba20b4ac09d1,Bac,cu
way,1242747182,6,Ngõ 38 Đặng Thùy Trâm,Phường Cổ Nhuế 1,Quận Bắc Từ Liêm,Hà Nội,"6, Ngõ 38 Đặng Thùy Trâm, Phường Cổ Nhuế 1, Quận Bắc Từ Liêm, Hà Nội",way:d0b3578dabbbcad6463ba7f7fec99ae297b8d66990368861eb472bc99bd381c4,Bac,cu
node,9262577635,15,Ngõ 168 Nguyễn Xiển,Phường Hạ Đình,Quận Thanh Xuân,Tp. Hà Nội,"15, Ngõ 168 Nguyễn Xiển, Phường Hạ Đình, Quận Thanh Xuân, Tp. Hà Nội","node:20.9876796,105.8050743",Bac,cu
node,12114066135,07,Đường Mỹ Phú 1B,Phường Tân Phú,Quận 7,Thành phố Hồ Chí Minh,"07, Đường Mỹ Phú 1B, Phường Tân Phú, Quận 7, Thành phố Hồ Chí Minh","node:10.7171680,106.7265685",Nam,cu
way,1036018833,179,Đặng Thùy Trâm,Phường 13,Quận Bình Thạnh,Hồ Chí Minh,"179, Đặng Thùy Trâm, Phường 13, Quận Bình Thạnh, Hồ Chí Minh",way:02a2d8ac7fc324a109b1384b355190e30fc21e2a125379d9fd1ec1532b2010a4,Nam,cu
way,1325259072,14,Đường Mộc Bài 5,Phường Hòa Khánh Nam,Quận Liên Chiểu,Đà Nẵng,"14, Đường Mộc Bài 5, Phường Hòa Khánh Nam, Quận Liên Chiểu, Đà Nẵng",way:5f14b65acc964e349c9c4207a09deb8818c870689cd61f93c2154afafde6c12a,Trung,cu
node,11500070699,91B,Phố Triệu Việt Vương,Nguyễn Du,Hai Bà Trưng,Hà Nội,"91B, Phố Triệu Việt Vương, Nguyễn Du, Hai Bà Trưng, Hà Nội","node:21.0146056,105.8505289",Bac,cu
node,10261572481,2,Ngõ 33 Phan Văn Trường,Dịch Vọng Hậu,Cầu Giấy,Hà Nội,"2, Ngõ 33 Phan Văn Trường, Dịch Vọng Hậu, Cầu Giấy, Hà Nội","node:21.0388973,105.7859537",Bac,cu
way,1258273575,334,Phố Huế,Phố Huế,Hai Bà Trưng,Hà Nội,"334, Phố Huế, Phố Huế, Hai Bà Trưng, Hà Nội",way:b7e80e8e72ccf68cb1aebf3cb0097a1700a8d26fc5ccf54483c6314e8050d17e,Bac,cu
way,502538498,49,Đường Hòa Bình,Tân Thới Hòa,Tân Phú,Ho Chi Minh City,"49, Đường Hòa Bình, Tân Thới Hòa, Tân Phú, Ho Chi Minh City",way:590a4d0359ed8ac096cc3ca3a8aa5de641e244c35d59da1f647d889ef76879cd,Bac,cu
way,1210204582,3,Ngách 234/29 Hoàng Quốc Việt,Phường Cổ Nhuế 1,Quận Bắc Từ Liêm,Hà Nội,"3, Ngách 234/29 Hoàng Quốc Việt, Phường Cổ Nhuế 1, Quận Bắc Từ Liêm, Hà Nội",way:2e8faebae7280f6b9e058e2c9f59d59c2d1fd3379646e449ee447528222ecbfc,Bac,cu
way,1218497907,5,Hẻm 10 Ngách 111 Xã Đàn 2,Nam Đồng,Đống Đa,Hà Nội,"5, Hẻm 10 Ngách 111 Xã Đàn 2, Nam Đồng, Đống Đa, Hà Nội",way:c47bc845a5b34518f19724739f5191348e03662b90fd697a892194276b6f2b5a,Bac,cu
way,1265456163,203,Đường Xuân Thủy,Phường Dịch Vọng Hậu,Quận Cầu Giấy,Hà Nội,"203, Đường Xuân Thủy, Phường Dịch Vọng Hậu, Quận Cầu Giấy, Hà Nội",way:c740d457637faecb89f064f535d7d3681636ef826f104b734c6d0d539ca2aa5b,Bac,cu
way,1243455309,4,Ngách 41/6 Trần Quốc Hoàn,Phường Dịch Vọng Hậu,Quận Cầu Giấy,Hà Nội,"4, Ngách 41/6 Trần Quốc Hoàn, Phường Dịch Vọng Hậu, Quận Cầu Giấy, Hà Nội",way:8e65ee013b073f49e563de480c413e3dd962f4cb4d5de818447059bf02451995,Bac,cu
node,10244038793,4,Quang Trung,Phường 11,Quận Gò Vấp,Thành Phố Hồ Chí Minh,"4, Quang Trung, Phường 11, Quận Gò Vấp, Thành Phố Hồ Chí Minh","node:10.8358170,106.6589930",Nam,cu
way,1118648843,22,Phố Đặng Thùy Trâm,Phường Cổ Nhuế 1,Quận Bắc Từ Liêm,Hà Nội,"22, Phố Đặng Thùy Trâm, Phường Cổ Nhuế 1, Quận Bắc Từ Liêm, Hà Nội",way:a9d06cee9229e48606b7e7a325332fe07148d2ec27405c39482b1e11eb7a4536,Bac,cu
node,11281683528,229,Phố Xã Đàn,Nam Đồng,Đống Đa,Hà Nội,"229, Phố Xã Đàn, Nam Đồng, Đống Đa, Hà Nội","node:21.0163998,105.8315608",Bac,cu
node,5820704496,110,Ngõ 27 Lương Định Của,Phương Mai,Đống Đa,Hà Nội,"110, Ngõ 27 Lương Định Của, Phương Mai, Đống Đa, Hà Nội","node:21.0049967,105.8359505",Bac,cu
node,12960801882,38,Đường Hoàng Quốc Việt,Phường Thị Cầu,Thành phố Bắc Ninh,Bắc Ninh,"38, Đường Hoàng Quốc Việt, Phường Thị Cầu, Thành phố Bắc Ninh, Bắc Ninh","node:21.1933333,106.0832585",Bac,cu
way,1025406188,41B,Phố Lý Thái Tổ,Lý Thái Tổ,Hoàn Kiếm,Hà Nội,"41B, Phố Lý Thái Tổ, Lý Thái Tổ, Hoàn Kiếm, Hà Nội",way:fd76a37793878ee31742c9d5f39c09c11f768aacd0dfd0bfa936d5d21a183482,Bac,cu
way,1253842772,107,Đường Xuân Thủy,Phường Dịch Vọng Hậu,Quận Cầu Giấy,Hà Nội,"107, Đường Xuân Thủy, Phường Dịch Vọng Hậu, Quận Cầu Giấy, Hà Nội",way:1a65104c64bd50f5dd125971cfb8884a06a604cd1ae56393335eda9d21721139,Bac,cu
node,12578701751,340,Đ. Phạm Hùng,Phường 5,Quận 8,Hồ Chí Minh,"340, Đ. Phạm Hùng, Phường 5, Quận 8, Hồ Chí Minh","node:10.7381868,106.6700770",Nam,cu
node,9974294432,342,Phố Thái Hà,Trung Liệt,Đống Đa,Hà Nội,"342, Phố Thái Hà, Trung Liệt, Đống Đa, Hà Nội","node:21.0160716,105.8171397",Bac,cu
node,7055932744,378,Đường Nguyễn Trãi,Thanh xuân Trung,Thanh Xuân,Hà Nội,"378, Đường Nguyễn Trãi, Thanh xuân Trung, Thanh Xuân, Hà Nội","node:20.9940516,105.8063459",Bac,cu
way,1243078561,9,Ngách 3/1 Phạm Tuấn Tài,Phường Dịch Vọng Hậu,Quận Cầu Giấy,Hà Nội,"9, Ngách 3/1 Phạm Tuấn Tài, Phường Dịch Vọng Hậu, Quận Cầu Giấy, Hà Nội",way:56e2f513424d9cb3771eb46cddc29e77b3146463c42460a6d5fcbdb41741d5e1,Bac,cu
node,6546374719,5A,Hoàng Văn Thụ,An Hội,Ninh Kiều,Cần Thơ,"5A, Hoàng Văn Thụ, An Hội, Ninh Kiều, Cần Thơ","node:10.0416103,105.7834655",Nam,cu
node,12956796288,85,Đường Vũ Ninh 34,Phường Vũ Ninh,Thành phố Bắc Ninh,Bắc Ninh,"85, Đường Vũ Ninh 34, Phường Vũ Ninh, Thành phố Bắc Ninh, Bắc Ninh","node:21.1900625,106.0835924",Bac,cu
node,10244021745,60,Lê Hồng Phong,Phường 2,Quận 5,Thành phố Hồ Chí Minh,"60, Lê Hồng Phong, Phường 2, Quận 5, Thành phố Hồ Chí Minh","node:10.7557633,106.6786700",Nam,cu
way,1149665138,M4TT6,Bắc Linh Đàm,Đại Kim,Hoàng Mai,Hà Nội,"M4TT6, Bắc Linh Đàm, Đại Kim, Hoàng Mai, Hà Nội",way:441251b1fbe48480632289a6a3a5c3ae919e732eef9a81d7b7d9da2b1694b200,Bac,cu
node,6448043685,59,Phố Hà Trung,Hàng Bông,Hoàn Kiếm,Hà Nội,"59, Phố Hà Trung, Hàng Bông, Hoàn Kiếm, Hà Nội","node:21.0301410,105.8454024",Bac,cu
node,12114065924,43,Đường Số 19,Phường Tân Phú,Quận 7,Thành phố Hồ Chí Minh,"43, Đường Số 19, Phường Tân Phú, Quận 7, Thành phố Hồ Chí Minh","node:10.7179744,106.7263554",Nam,cu
way,1238050555,21,Phố Tuệ Tĩnh,Nguyễn Du,Hai Bà Trưng,Hà Nội,"21, Phố Tuệ Tĩnh, Nguyễn Du, Hai Bà Trưng, Hà Nội",way:841414b1f269656eebbd5e6a3e7ba406beba9ed832a9c5df4ecff8fd15e9ade8,Bac,cu
node,7467256832,"A1-Fl.5, Km 10",Đường Trần Phú,Mộ Lao,Hà Đông,Hà Nội,"A1-Fl.5, Km 10, Đường Trần Phú, Mộ Lao, Hà Đông, Hà Nội","node:20.9807057,105.7874957",Bac,cu
node,7056042399,40,Ngõ 460 Khương Đình,hạ đình,Thanh Xuân,Hà Nội,"40, Ngõ 460 Khương Đình, hạ đình, Thanh Xuân, Hà Nội","node:20.9861756,105.8112437",Bac,cu
node,12108221580,02,Đường Nội Khu 02,Phường Tân Phú,Quận 7,Thành phố Hồ Chí Minh,"02, Đường Nội Khu 02, Phường Tân Phú, Quận 7, Thành phố Hồ Chí Minh","node:10.7202046,106.7288503",Nam,cu
way,1243464086,32,Phố Trần Quốc Hoàn,Phường Dịch Vọng Hậu,Quận Cầu Giấy,Hà Nội,"32, Phố Trần Quốc Hoàn, Phường Dịch Vọng Hậu, Quận Cầu Giấy, Hà Nội",way:79360db0904c6188731e66c069f6ca41f65cda8606a351b354514ee7e9480c5f,Bac,cu
node,12960827397,5,Đường Rạp Hát,Phường Tiền Ninh Vệ,Thành phố Bắc Ninh,Bắc Ninh,"5, Đường Rạp Hát, Phường Tiền Ninh Vệ, Thành phố Bắc Ninh, Bắc Ninh","node:21.1814628,106.0625915",Bac,cu
node,11281683532,239,Phố Xã Đàn,Nam Đồng,Đống Đa,Hà Nội,"239, Phố Xã Đàn, Nam Đồng, Đống Đa, Hà Nội","node:21.0165172,105.8314302",Bac,cu
way,1243075253,24,Ngách 1/48 Phạm Tuấn Tài,Phường Dịch Vọng Hậu,Quận Cầu Giấy,Hà Nội,"24, Ngách 1/48 Phạm Tuấn Tài, Phường Dịch Vọng Hậu, Quận Cầu Giấy, Hà Nội",way:f7edfcb8d1da2ea39f16931d67fe894152d3b854bb0fab0d913b2843e4cdebf9,Bac,cu
node,5608881105,334,Cầu Giấy,Dịch Vọng,Cầu Giấy,Hà Nội,"334, Cầu Giấy, Dịch Vọng, Cầu Giấy, Hà Nội","node:21.0355601,105.7929013",Bac,cu
node,10982036637,43,Ngõ 61 Phạm Tuấn Tài,Phường Cổ Nhuế 1,Quận Bắc Từ Liêm,Hà Nội,"43, Ngõ 61 Phạm Tuấn Tài, Phường Cổ Nhuế 1, Quận Bắc Từ Liêm, Hà Nội","node:21.0451909,105.7846510",Bac,cu
way,1219919542,80,Đường Mậu Thân,An Nghiệp,Ninh Kiều,Cần Thơ,"80, Đường Mậu Thân, An Nghiệp, Ninh Kiều, Cần Thơ",way:8a16cbc1f914db99cd012a636efdd088e2b22e5a72898d384df69e13c940d668,Nam,cu
node,12964664728,126,Phố Bồ Sơn,Phường Võ Cường,Thành phố Bắc Ninh,Bắc Ninh,"126, Phố Bồ Sơn, Phường Võ Cường, Thành phố Bắc Ninh, Bắc Ninh","node:21.1692252,106.0624079",Bac,cu
way,1219690206,410,Phố Xã Đàn,Nam Đồng,Đống Đa,Hà Nội,"410, Phố Xã Đàn, Nam Đồng, Đống Đa, Hà Nội",way:1bdeb7d1e4a4feb0b99f42682c4cf1bd85cdb2d172f226073b264de833b2d1d2,Bac,cu
node,4531037510,49,Đường Lê Duẩn,Cửa Nam,Hoàn Kiếm,Hà Nội,"49, Đường Lê Duẩn, Cửa Nam, Hoàn Kiếm, Hà Nội","node:21.0238652,105.8411420",Bac,cu
node,9958165421,Lô LK 04-46,Khu đô thị Seoul Ecohome,Lê Lợi,An Dương,Hải Phòng,"Lô LK 04-46, Khu đô thị Seoul Ecohome, Lê Lợi, An Dương, Hải Phòng","node:20.8571491,106.5728800",Bac,cu
way,1102560208,75,Phố Trần Hưng Đạo,Trần Hưng Đạo,Hoàn Kiếm,Hà Nội,"75, Phố Trần Hưng Đạo, Trần Hưng Đạo, Hoàn Kiếm, Hà Nội",way:03a44a418078c237082a5bfbe6b6bcb408c518af1816ffde2ffa1acc38c0043e,Bac,cu
way,719423234,1115,Đường Lê Đức Thọ,Phường 13,Gò Vấp,Hồ Chí Minh,"1115, Đường Lê Đức Thọ, Phường 13, Gò Vấp, Hồ Chí Minh",way:6dc80b944d097e7114db6f525e6914274a195637f8b8ec606c22e2817de55c48,Nam,cu
node,10261572482,8,Ngõ 33 Phan Văn Trường,Dịch Vọng Hậu,Cầu Giấy,Hà Nội,"8, Ngõ 33 Phan Văn Trường, Dịch Vọng Hậu, Cầu Giấy, Hà Nội","node:21.0388999,105.7858272",Bac,cu
node,12902515427,221,Đường Hồ Ngọc Lân,Phường Kinh Bắc,Thành phố Bắc Ninh,Bắc Ninh,"221, Đường Hồ Ngọc Lân, Phường Kinh Bắc, Thành phố Bắc Ninh, Bắc Ninh","node:21.1875271,106.0606516",Bac,cu
way,577203462,17,Đường Lý Thái Tổ,Phường Đông Ngàn,Thành phố Từ Sơn,Bắc Ninh,"17, Đường Lý Thái Tổ, Phường Đông Ngàn, Thành phố Từ Sơn, Bắc Ninh",way:07499c955fbfe30e9a141e7ff914ce34a991b40aab6e25f17cc0a4e5e75cb064,Bac,cu
way,703386732,41-43,Phố Trần Phú,Phường Điện Biên,Quận Ba Đình,Hà Nội,"41-43, Phố Trần Phú, Phường Điện Biên, Quận Ba Đình, Hà Nội",way:0f92e5f8b9da6c22f57542a82ff8e43ab49289a58921e797773e7a18787fb4a8,Bac,cu
node,12960464228,149,Đường Ngô Gia Tự,Phường Vũ Ninh,Thành phố Bắc Ninh,Bắc Ninh,"149, Đường Ngô Gia Tự, Phường Vũ Ninh, Thành phố Bắc Ninh, Bắc Ninh","node:21.1905661,106.0767008",Bac,cu
way,1246805141,15C,Ngõ Bà Triệu,Lê Đại Hành,Hai Bà Trưng,Hà Nội,"15C, Ngõ Bà Triệu, Lê Đại Hành, Hai Bà Trưng, Hà Nội",way:ca8e45b3e35d5270e5009639df315b730dbaa0924a64fc1a1a27fb7ba2f5b935,Bac,cu
way,1301587168,31,Phố Lê Hồng Phong,Phường Điện Biên,Quận Ba Đình,Hà Nội,"31, Phố Lê Hồng Phong, Phường Điện Biên, Quận Ba Đình, Hà Nội",way:61c84928f8cc425ed15238daa34e5085d9e969fb6d1b8607a40796915c4bc0a6,Bac,cu
node,12343751100,273,Phố Lương Định Của,Phường Phương Liễu,Thị xã Quế Võ,Bắc Ninh,"273, Phố Lương Định Của, Phường Phương Liễu, Thị xã Quế Võ, Bắc Ninh","node:21.1661513,106.1345251",Bac,cu
way,568395495,19b,Hẻm 422/14/12A,đức giang,Long biên,Hà Nội,"19b, Hẻm 422/14/12A, đức giang, Long biên, Hà Nội",way:c76266cda4fcf6a0c3fd2ab44e93ba468b1f6e292a380547e7924c9fd6b8ce35,Bac,cu
node,9336181521,"Số 6, LiềK 6B",Phố Nguyễn Văn Lộc,Mỗ Lao,Hà Đông,Hà Nội,"Số 6, LiềK 6B, Phố Nguyễn Văn Lộc, Mỗ Lao, Hà Đông, Hà Nội","node:20.9857616,105.7842254",Bac,cu
way,1243075281,5,Ngách 1/88 Phạm Tuấn Tài,Phường Dịch Vọng Hậu,Quận Cầu Giấy,Hà Nội,"5, Ngách 1/88 Phạm Tuấn Tài, Phường Dịch Vọng Hậu, Quận Cầu Giấy, Hà Nội",way:074e429ee314dbbc7d028c205370cccb2b792bf51ab4bfe9c846593fdcbe9eb9,Bac,cu
node,11568907802,42,Phố Đặng Thùy Trâm,Phường Dịch Vọng Hậu,Quận Cầu Giấy,Hà Nội,"42, Phố Đặng Thùy Trâm, Phường Dịch Vọng Hậu, Quận Cầu Giấy, Hà Nội","node:21.0438508,105.7857060",Bac,cu
node,11649543052,81,Phố Triệu Việt Vương,Nguyễn Du,Hai Bà Trưng,Hà Nội,"81, Phố Triệu Việt Vương, Nguyễn Du, Hai Bà Trưng, Hà Nội","node:21.0153683,105.8505025",Bac,cu
way,684966469,156,Hai Bà Trưng,Tân An,Ninh Kiều,Cần Thơ,"156, Hai Bà Trưng, Tân An, Ninh Kiều, Cần Thơ",way:e9e67ae0994bbc88922e61738a6e12449645a764004af74da7704bd984946faf,Nam,cu
way,1223678214,NT16-18,Ngọc Trai 16,Đa Tốn,Gia Lâm,Hà Nội,"NT16-18, Ngọc Trai 16, Đa Tốn, Gia Lâm, Hà Nội",way:414e84898994299656e11216d0cd3380be928ea38e73f39d7cf82ec5ea2a6687,Bac,cu
way,1246866115,58,Phố Tuệ Tĩnh,Nguyễn Du,Hai Bà Trưng,Hà Nội,"58, Phố Tuệ Tĩnh, Nguyễn Du, Hai Bà Trưng, Hà Nội",way:aae24aa3d83836cbcbd7b8211452d1934899f9648248862ace47c6bef54b976f,Bac,cu
node,12960801871,22,Đường Hoàng Quốc Việt,Phường Thị Cầu,Thành phố Bắc Ninh,Bắc Ninh,"22, Đường Hoàng Quốc Việt, Phường Thị Cầu, Thành phố Bắc Ninh, Bắc Ninh","node:21.1932327,106.0819400",Bac,cu
way,1110478795,49,Đường số 4,Phong Phú,Bình Chánh,Hồ Chí Minh,"49, Đường số 4, Phong Phú, Bình Chánh, Hồ Chí Minh",way:6c6ae6eb38bca36c1787e91accf1f5a8e2a74c9d752cacee8a3f30a1f962717a,Nam,cu
way,1210204597,8,Ngách 234/17 Hoàng Quốc Việt,Phường Cổ Nhuế 1,Quận Bắc Từ Liêm,Hà Nội,"8, Ngách 234/17 Hoàng Quốc Việt, Phường Cổ Nhuế 1, Quận Bắc Từ Liêm, Hà Nội",way:4027b3d57498f9c538a3a7973750a3e50ee36446508ddab1377cd7c9795f8781,Bac,cu
node,5349533186,89,Bành Văn Trân,Phường 7,Quận Tân Bình,Thành phố Hồ Chí Minh,"89, Bành Văn Trân, Phường 7, Quận Tân Bình, Thành phố Hồ Chí Minh","node:10.7883122,106.6587697",Nam,cu
way,692141957,318,Đường Nguyễn Thị Đinh,phường Thạnh Mỹ Lợi,TP. Thủ Đức,TP. Hồ Chí Minh,"318, Đường Nguyễn Thị Đinh, phường Thạnh Mỹ Lợi, TP. Thủ Đức, TP. Hồ Chí Minh",way:e7a5b8832be4e4c6aa111926ff8ff95fed9d6df0eb507f86a653de0638b64912,Nam,cu
way,1242734030,16,Ngõ 421 Hoàng Quốc Việt,Phường Cổ Nhuế 1,Quận Bắc Từ Liêm,Hà Nội,"16, Ngõ 421 Hoàng Quốc Việt, Phường Cổ Nhuế 1, Quận Bắc Từ Liêm, Hà Nội",way:cc6036c0c3bafe04cbcf46bce37f61f8a2bb06929f0552d81ac89a1563fffab0,Bac,cu
way,1216804037,8,Hẻm 4 Ngách 111 Xã Đàn 2,Nam Đồng,Đống Đa,Hà Nội,"8, Hẻm 4 Ngách 111 Xã Đàn 2, Nam Đồng, Đống Đa, Hà Nội",way:e074f377c00e943b49564775bc034a1011d74c048871e286a0fc5fcafa01fdd0,Bac,cu
way,1242956566,78,Ngõ 1 Phạm Tuấn Tài,Phường Dịch Vọng Hậu,Quận Cầu Giấy,Hà Nội,"78, Ngõ 1 Phạm Tuấn Tài, Phường Dịch Vọng Hậu, Quận Cầu Giấy, Hà Nội",way:25d4aadb92e171b883ff87a39d4d5107df8d43d2b086027afd4502ab842dffec,Bac,cu
way,1206365003,147,Đường Hoàng Quốc Việt,Phường Nghĩa Đô,Quận Cầu Giấy,Hà Nội,"147, Đường Hoàng Quốc Việt, Phường Nghĩa Đô, Quận Cầu Giấy, Hà Nội",way:47125a92dcf3f8eff27b9cc46d2d3692d9e4f641e3396664289e3be5f3f7d9a8,Bac,cu
node,10799461464,236,Đồng Khởi,Phú Khương,Bến Tre,Bến Tre,"236, Đồng Khởi, Phú Khương, Bến Tre, Bến Tre","node:10.2541530,106.3703850",Nam,cu
node,3671278938,24b,Phố Tông Đản,Tràng Tiền,Hoàn Kiếm,Hà Nội,"24b, Phố Tông Đản, Tràng Tiền, Hoàn Kiếm, Hà Nội","node:21.0256893,105.8578211",Bac,cu
way,546763583,45,Hoàng Quốc Việt,An Bình,Ninh Kiều,Cần Thơ,"45, Hoàng Quốc Việt, An Bình, Ninh Kiều, Cần Thơ",way:cf0bc41075013000978f492385e7ab88042a665ba3f6c5aee3e017bda4a3e2d1,Nam,cu
way,1214358075,2,Phố Hoa Lư,Lê Đại Hành,Hai Bà Trưng,Hà Nội,"2, Phố Hoa Lư, Lê Đại Hành, Hai Bà Trưng, Hà Nội",way:e8c292910cd138a3b2072c02c1db5edec4eba9b63cff5a72b7b1ec04843a0712,Bac,cu
node,12964664758,108,Đường Khả Lễ,Phường Võ Cường,Thành phố Bắc Ninh,Bắc Ninh,"108, Đường Khả Lễ, Phường Võ Cường, Thành phố Bắc Ninh, Bắc Ninh","node:21.1620970,106.0502786",Bac,cu
node,12114066124,01,Đường Mỹ Phú 1A,Phường Tân Phú,Quận 7,Thành phố Hồ Chí Minh,"01, Đường Mỹ Phú 1A, Phường Tân Phú, Quận 7, Thành phố Hồ Chí Minh","node:10.7177125,106.7267415",Nam,cu
way,568414774,27,hẻm 53/103/25,Đức giang,Long biên,Hà Nội,"27, hẻm 53/103/25, Đức giang, Long biên, Hà Nội",way:866396260910244e8c2d46d89cbd3e90486c6b2eb3521b507c996d9913c229c1,Bac,cu
way,1228785211,31,Nhánh Rẽ Dương Đình Cúc,Tân Kiên,Bình Chánh,Hồ Chí Minh,"31, Nhánh Rẽ Dương Đình Cúc, Tân Kiên, Bình Chánh, Hồ Chí Minh",way:4d89597a868ef140b571c25406e04f4a6202c00d22d5b7f43383373112ffee56,Nam,cu
node,6646675191,322/15,Đường An Dương Vương,Phường 4,Quận 5,Thành phố Hồ Chí Minh,"322/15, Đường An Dương Vương, Phường 4, Quận 5, Thành phố Hồ Chí Minh","node:10.7599404,106.6794454",Nam,cu
node,12667086408,2C,Đường Phù Đổng Thiên Vương,Phường Suối Hoa,Thành phố Bắc Ninh,Bắc Ninh,"2C, Đường Phù Đổng Thiên Vương, Phường Suối Hoa, Thành phố Bắc Ninh, Bắc Ninh","node:21.1882392,106.0730654",Bac,cu
node,8746891238,17,Phố Văn Miếu,Văn Miếu,Đống Đa,Hà Nội,"17, Phố Văn Miếu, Văn Miếu, Đống Đa, Hà Nội","node:21.0294270,105.8368236",Bac,cu
node,8713731721,212,đường Hiệp Hòa,Xã Hiệp Hòa,Quảng Yên,Quảng Ninh,"212, đường Hiệp Hòa, Xã Hiệp Hòa, Quảng Yên, Quảng Ninh","node:20.9528306,106.8035072",Bac,cu
node,11226875743,27,Ngõ 238 Hoàng Quốc Việt,Phường Cổ Nhuế 1,Quận Bắc Từ Liêm,Hà Nội,"27, Ngõ 238 Hoàng Quốc Việt, Phường Cổ Nhuế 1, Quận Bắc Từ Liêm, Hà Nội","node:21.0476194,105.7835086",Bac,cu
way,1175244806,Lô VA,Đường số 24,phường Tân Thuận Đông,7,TP. Hồ Chí Minh,"Lô VA, Đường số 24, phường Tân Thuận Đông, 7, TP. Hồ Chí Minh",way:06a3c5e064a075ecf9ea5cf677b6c6626a5fff77da785018b2bc11ec3520a880,Nam,cu
way,1210204569,10,Ngách 234/35 Hoàng Quốc Việt,Phường Cổ Nhuế 1,Quận Bắc Từ Liêm,Hà Nội,"10, Ngách 234/35 Hoàng Quốc Việt, Phường Cổ Nhuế 1, Quận Bắc Từ Liêm, Hà Nội",way:9be669d85aa401926f34c134c85901a5f7993de495b31be83d485d04ac15478b,Bac,cu
node,12669939042,134,Phố Hà Liễu,Phường Phương Liễu,Thị xã Quế Võ,Bắc Ninh,"134, Phố Hà Liễu, Phường Phương Liễu, Thị xã Quế Võ, Bắc Ninh","node:21.1649484,106.1396332",Bac,cu
way,1223678276,NT10-18,Ngọc Trai 10,Đa Tốn,Gia Lâm,Hà Nội,"NT10-18, Ngọc Trai 10, Đa Tốn, Gia Lâm, Hà Nội",way:59e3b4de4f1ebedd98fb071e35e98a21722affba1573fc4835d4753dce0e11dd,Bac,cu
way,1114717076,2A,Phố Chu Văn An,Phường Điện Biên,Quận Ba Đình,Hà Nội,"2A, Phố Chu Văn An, Phường Điện Biên, Quận Ba Đình, Hà Nội",way:4a1358db7c3d57ddef080fa9b3b39d38582cabf061d80c1e56749f4f387e7701,Bac,cu
way,1119995673,241,Phố Trần Quốc Hoàn,Phường Dịch Vọng Hậu,Quận Cầu Giấy,Hà Nội,"241, Phố Trần Quốc Hoàn, Phường Dịch Vọng Hậu, Quận Cầu Giấy, Hà Nội",way:b6939ecdfe82ccfbe265fefafe7be72e9c697fb83b9c1ec46e72ae12296b0645,Bac,cu
node,7018401646,2/20,Lê Văn Lương,Nhơn Đức,Nhà Bè,Hồ Chí Minh,"2/20, Lê Văn Lương, Nhơn Đức, Nhà Bè, Hồ Chí Minh","node:10.6850723,106.7014566",Nam,cu
node,11372797004,SH12-20,San Hô 12,Đa Tốn,Gia Lâm,Hà Nội,"SH12-20, San Hô 12, Đa Tốn, Gia Lâm, Hà Nội","node:20.9922142,105.9464142",Bac,cu
node,11351098183,NT09-57,Ngọc Trai 9,Đa Tốn,Gia Lâm,Hà Nội,"NT09-57, Ngọc Trai 9, Đa Tốn, Gia Lâm, Hà Nội","node:20.9962708,105.9471347",Bac,cu
way,1313212200,55,Phố Gia Thượng,Ngọc Thụy,Long Biên,Hà Nội,"55, Phố Gia Thượng, Ngọc Thụy, Long Biên, Hà Nội",way:d43f263b96d4d1b89aea9c21c85407994b40fb7088cd28c45820a9ab47cf1a80,Bac,cu
node,3684940919,Tổ dân phố 7,Xóm nhà thờ,Trung sơn trầm,Sơn tây,Hà Nội,"Tổ dân phố 7, Xóm nhà thờ, Trung sơn trầm, Sơn tây, Hà Nội","node:21.1108861,105.4856939",Bac,cu
node,10574785452,67,Đồng Khởi,Phú Khương,Bến Tre,Bến Tre,"67, Đồng Khởi, Phú Khương, Bến Tre, Bến Tre","node:10.2444069,106.3754251",Nam,cu
way,1163872136,30,Đường Thụy Khuê,Thụy Khuê,Tây Hồ,Hà Nội,"30, Đường Thụy Khuê, Thụy Khuê, Tây Hồ, Hà Nội",way:3f1ebcdbaf7f28b1b0cdd1a03b42d75d3b84cc7082bbbca895eb24c8ad7f2e5b,Bac,cu
node,12109870284,31,Đường Số 18,Phường Tân Phú,Quận 7,Thành phố Hồ Chí Minh,"31, Đường Số 18, Phường Tân Phú, Quận 7, Thành phố Hồ Chí Minh","node:10.7209678,106.7288367",Nam,cu
way,704159202,23,Phố Phan Chu Trinh,Phan Chu Trinh,Hoàn Kiếm,Hà Nội,"23, Phố Phan Chu Trinh, Phan Chu Trinh, Hoàn Kiếm, Hà Nội",way:dbb83980ab3457e4852f29f0f02d2d15cabf782046f63d9d5dffe7874eba2035,Bac,cu
node,12960832948,3A,Đường Đấu Mã,Phường Thị Cầu,Thành phố Bắc Ninh,Bắc Ninh,"3A, Đường Đấu Mã, Phường Thị Cầu, Thành phố Bắc Ninh, Bắc Ninh","node:21.1932937,106.0871557",Bac,cu
way,363747811,1,Phố Hoàng Minh Giám,Trung Hòa,Cầu Giấy,Hà Nội,"1, Phố Hoàng Minh Giám, Trung Hòa, Cầu Giấy, Hà Nội",way:8cb71cdb838832ee936bf924be9fd2c2466736ff450ec0d576a5deeb83db18b8,Bac,cu
way,576742594,24,Phố Vạn Hạnh,Phường Đình Bảng,Thành phố Từ Sơn,Bắc Ninh,"24, Phố Vạn Hạnh, Phường Đình Bảng, Thành phố Từ Sơn, Bắc Ninh",way:49c9d828d0ec978d4bf9cf9b71fc897da320ac18290b115613ddff4dd620ac00,Bac,cu
node,11633344451,76,Đường Long Biên 1,Ngọc Lâm,Long Biên,Hà Nội,"76, Đường Long Biên 1, Ngọc Lâm, Long Biên, Hà Nội","node:21.0455652,105.8687748",Bac,cu
way,1243455297,7,Ngách 41/6 Trần Quốc Hoàn,Phường Dịch Vọng Hậu,Quận Cầu Giấy,Hà Nội,"7, Ngách 41/6 Trần Quốc Hoàn, Phường Dịch Vọng Hậu, Quận Cầu Giấy, Hà Nội",way:14d2d32a0d8fc484a2919041dc6ed5e380d2367bef1c9254263985d237f293e7,Bac,cu
node,12896303076,72,Phố Đồng Kỵ 3,Phường Đồng Kỵ,Thành phố Từ Sơn,Bắc Ninh,"72, Phố Đồng Kỵ 3, Phường Đồng Kỵ, Thành phố Từ Sơn, Bắc Ninh","node:21.1375785,105.9444885",Bac,cu
node,12964664730,166,Phố Bồ Sơn,Phường Võ Cường,Thành phố Bắc Ninh,Bắc Ninh,"166, Phố Bồ Sơn, Phường Võ Cường, Thành phố Bắc Ninh, Bắc Ninh","node:21.1684555,106.0608427",Bac,cu
way,808241907,16,Nguyễn Trường Tộ,Phường 12,Quận 4,Thành phố Hồ Chí Minh,"16, Nguyễn Trường Tộ, Phường 12, Quận 4, Thành phố Hồ Chí Minh",way:1ad3d5a650fb725faf284f5dc0cb66ebbcb1360ce0ff0e42c07f9712289e3bab,Nam,cu
way,1110283240,11,Đường số 4A,Phong Phú,Bình Chánh,Hồ Chí Minh,"11, Đường số 4A, Phong Phú, Bình Chánh, Hồ Chí Minh",way:ad917a6c6fa0f01d01bd892becd12e92d2056f71828493884dcbe6333e55a2bb,Nam,cu
node,12960801883,36,Đường Hoàng Quốc Việt,Phường Thị Cầu,Thành phố Bắc Ninh,Bắc Ninh,"36, Đường Hoàng Quốc Việt, Phường Thị Cầu, Thành phố Bắc Ninh, Bắc Ninh","node:21.1933492,106.0831975",Bac,cu
node,6681633042,Số 11,Hẻm 268/21/55 Ngọc Thụy,Gia Thượng,Long Biên,Hà Nội,"Số 11, Hẻm 268/21/55 Ngọc Thụy, Gia Thượng, Long Biên, Hà Nội","node:21.0596852,105.8674798",Bac,cu
way,1310617682,38/3/3,Đường số 3,Phường Trường Thọ,Thành phố Thủ Đức,Thành phố Hồ Chí Minh,"38/3/3, Đường số 3, Phường Trường Thọ, Thành phố Thủ Đức, Thành phố Hồ Chí Minh",way:6ca4ad479a54321cde4375c05155475b919ddddba8c4891c677ea328d6a9f532,Nam,cu
node,7016225076,347,Hoàng Văn Thụ,2,Tân Bình,Thành phố Hồ Chí Minh,"347, Hoàng Văn Thụ, 2, Tân Bình, Thành phố Hồ Chí Minh","node:10.8000734,106.6611118",Nam,cu
way,886615017,9,Phố Vũ Phạm Hàm,Yên Hòa,Cầu Giấy,Hà Nội,"9, Phố Vũ Phạm Hàm, Yên Hòa, Cầu Giấy, Hà Nội",way:4c746b384a0b0c5902cabc024c96d340902b8e9df485dd6612db2d35e0ac5132,Bac,cu
node,11372798762,SH01-26,San Hô 1,Đa Tốn,Gia Lâm,Hà Nội,"SH01-26, San Hô 1, Đa Tốn, Gia Lâm, Hà Nội","node:20.9896012,105.9494854",Bac,cu
node,11633344442,105,Phố Ngọc Lâm,Ngọc Lâm,Long Biên,Hà Nội,"105, Phố Ngọc Lâm, Ngọc Lâm, Long Biên, Hà Nội","node:21.0451438,105.8683931",Bac,cu
node,12093842096,07,Đường Nội Khu Nam Khang,Tân Phú,Quận 7,Thành phố Hồ Chí Minh,"07, Đường Nội Khu Nam Khang, Tân Phú, Quận 7, Thành phố Hồ Chí Minh","node:10.7153581,106.7290494",Nam,cu
node,11601353627,99,Phố Bà Triệu,Nguyễn Du,Hai Bà Trưng,Hà Nội,"99, Phố Bà Triệu, Nguyễn Du, Hai Bà Trưng, Hà Nội","node:21.0164199,105.8494394",Bac,cu
way,1243464079,20,Ngõ 2 Phạm Tuấn Tài,Phường Dịch Vọng Hậu,Quận Cầu Giấy,Hà Nội,"20, Ngõ 2 Phạm Tuấn Tài, Phường Dịch Vọng Hậu, Quận Cầu Giấy, Hà Nội",way:6d0a9d29bf34aa08fafac00b1a452acef094b19354ca378839fb11d5ffed20cb,Bac,cu
way,1223678304,NT08-20,Ngọc Trai 8,Đa Tốn,Gia Lâm,Hà Nội,"NT08-20, Ngọc Trai 8, Đa Tốn, Gia Lâm, Hà Nội",way:d445061a654886d50cb57b8dba729054d22823d2ef644295e8d2a0515848d061,Bac,cu
way,509015326,11,Đường Thành Thái,Phường 14,Quận 10,Thành phố Hồ Chí Minh,"11, Đường Thành Thái, Phường 14, Quận 10, Thành phố Hồ Chí Minh",way:43a2de7fe24f4dcc8cbbda9408b1a5c739a234d8616a0aa6dd6844a0ccfebb69,Nam,cu
way,1238606723,22,Phố Tô Hiến Thành,Nguyễn Du,Hai Bà Trưng,Hà Nội,"22, Phố Tô Hiến Thành, Nguyễn Du, Hai Bà Trưng, Hà Nội",way:422c00e0e6f0dcb1154912f127698d480471326601a149117c0c1486a7fd150e,Bac,cu
way,1253915755,87,Đường Xuân Thủy,Phường Dịch Vọng Hậu,Quận Cầu Giấy,Hà Nội,"87, Đường Xuân Thủy, Phường Dịch Vọng Hậu, Quận Cầu Giấy, Hà Nội",way:60624506dc51ea97ab444af0b257dd46460641fa0978a571707cfe3c9092db77,Bac,cu
way,1242752855,10,Ngõ 3 Phạm Tuấn Tài,Phường Dịch Vọng Hậu,Quận Cầu Giấy,Hà Nội,"10, Ngõ 3 Phạm Tuấn Tài, Phường Dịch Vọng Hậu, Quận Cầu Giấy, Hà Nội",way:411a943cb58d826bb91e91c46d52b5a0bcb70ea0831b206e23f54bc3834a5a37,Bac,cu
way,570574830,D20,Tôn Thất Thuyết,Dịch vọng,Cầu giấy,Hà Nội,"D20, Tôn Thất Thuyết, Dịch vọng, Cầu giấy, Hà Nội",way:b7d9df0ae2e04455dcd6ed1d158383499fd9391656c25227e4b7888dab7cf8ea,Bac,cu
node,6117782112,196,Trần Bạch Đằng,Mỹ An,Ngũ Hành Sơn,Đà Nẵng,"196, Trần Bạch Đằng, Mỹ An, Ngũ Hành Sơn, Đà Nẵng","node:16.0529181,108.2466169",Trung,cu
node,12093842075,14,Đường Nội Khu Nam Khang,Tân Phú,Quận 7,Thành phố Hồ Chí Minh,"14, Đường Nội Khu Nam Khang, Tân Phú, Quận 7, Thành phố Hồ Chí Minh","node:10.7154146,106.7287209",Nam,cu
way,863793837,2,Hẻm 4 Ngách 111 Xã Đàn 2,Nam Đồng,Đống Đa,Hà Nội,"2, Hẻm 4 Ngách 111 Xã Đàn 2, Nam Đồng, Đống Đa, Hà Nội",way:95151d7e1a642a0cc49d5321fdeca4c7c90b4a9177d68c3e3465b76c17e26461,Bac,cu
node,11782452950,154,Phố Huế,Nguyễn Du,Hai Bà Trưng,Hà Nội,"154, Phố Huế, Nguyễn Du, Hai Bà Trưng, Hà Nội","node:21.0152423,105.8513967",Bac,cu
way,1215518862,28A,Đường Điện Biên Phủ,Phường Điện Biên,Quận Ba Đình,Hà Nội,"28A, Đường Điện Biên Phủ, Phường Điện Biên, Quận Ba Đình, Hà Nội",way:e05a4f037daa7ca39455d66cc38ea05e21e35b2f75c8e6175739b9553eb3250d,Bac,cu
way,973215954,1,Phố Xốm,Phú Lâm,Hà Đông,Hà Nội,"1, Phố Xốm, Phú Lâm, Hà Đông, Hà Nội",way:61ad1c59037263deb275c57fb0007b1f6c707e173e2d426924f2d7311a41e35e,Bac,cu
way,583614467,27,Ngõ 121 Sài Đồng,Sài Đồng,Long Biên,Hà Nội,"27, Ngõ 121 Sài Đồng, Sài Đồng, Long Biên, Hà Nội",way:5457f60515bf3e59a696cea8901ac9fc8e4b799cdb43d281fa39e2d4a1265d06,Bac,cu
way,1223691817,NT21-21,Ngọc Trai 21,Đa Tốn,Gia Lâm,Hà Nội,"NT21-21, Ngọc Trai 21, Đa Tốn, Gia Lâm, Hà Nội",way:f648f8918f588798bcb61ce4fce02a1a68bb771daa08fe7a0fb3f27606d30a12,Bac,cu
node,11353539628,NT02-17,Ngọc Trai 2,Đa Tốn,Gia Lâm,Hà Nội,"NT02-17, Ngọc Trai 2, Đa Tốn, Gia Lâm, Hà Nội","node:20.9948707,105.9504613",Bac,cu
way,516774793,36B/41-47,Hẻm 36B Đường 762 Hồng Bàng,Phường 1,Quận 11,Hồ Chí Minh,"36B/41-47, Hẻm 36B Đường 762 Hồng Bàng, Phường 1, Quận 11, Hồ Chí Minh",way:48d0dda42d0753417bc517d3788f27bd15370eb6828aec7dc1a17f6742beaf41,Nam,cu
way,218116225,59,Phố Láng Hạ,Thành Công,Ba Đình,Hà Nội,"59, Phố Láng Hạ, Thành Công, Ba Đình, Hà Nội",way:2cbbd03a7293b227ad671d7bc698812b9cc486d52a0f0285c392edd25d72695e,Bac,cu
way,1367718087,203,Đường Ngô Gia Tự,Phường Vũ Ninh,Thành phố Bắc Ninh,Bắc Ninh,"203, Đường Ngô Gia Tự, Phường Vũ Ninh, Thành phố Bắc Ninh, Bắc Ninh",way:fce379a7924a514199c425ea209e33e1395c5fc59ed70b9e42f52ad792318be2,Bac,cu
way,1110294418,14,Đường số 7,Phong Phú,Bình Chánh,Hồ Chí Minh,"14, Đường số 7, Phong Phú, Bình Chánh, Hồ Chí Minh",way:6231d65ddfac2e22fc8fcdc952727d6a33e7afe4371c3f26a79806df52d6c763,Nam,cu
way,1307206403,106,Phố Huế,Nguyễn Du,Hai Bà Trưng,Hà Nội,"106, Phố Huế, Nguyễn Du, Hai Bà Trưng, Hà Nội",way:ea7240aae27355048eeba75a393108f315b768f84f06511f1f72b68f6199e9de,Bac,cu
way,493155231,E4/52,Quốc lộ 1A,Phường Bình Trị Đông B,Quận Bình Tân,Thành phố Hồ Chí Minh,"E4/52, Quốc lộ 1A, Phường Bình Trị Đông B, Quận Bình Tân, Thành phố Hồ Chí Minh",way:9b9efef540d3a794a9895c4251b82137f60b7cb2b927b2fba6ce8c90396c524c,Nam,cu
node,12906288672,110,Đường Nguyễn Gia Thiều,Phường Suối Hoa,Thành phố Bắc Ninh,Bắc Ninh,"110, Đường Nguyễn Gia Thiều, Phường Suối Hoa, Thành phố Bắc Ninh, Bắc Ninh","node:21.1843238,106.0701045",Bac,cu
node,6543876653,86/36/2B,Lý Tự Trọng,An Cư,Ninh Kiều,Cần Thơ,"86/36/2B, Lý Tự Trọng, An Cư, Ninh Kiều, Cần Thơ","node:10.0340981,105.7814399",Nam,cu
node,11353539603,NT02-48,Ngọc Trai 2,Đa Tốn,Gia Lâm,Hà Nội,"NT02-48, Ngọc Trai 2, Đa Tốn, Gia Lâm, Hà Nội","node:20.9945437,105.9494747",Bac,cu
way,565803552,54,Phố Trần Phú,Phường Điện Biên,Quận Ba Đình,Hà Nội,"54, Phố Trần Phú, Phường Điện Biên, Quận Ba Đình, Hà Nội",way:f5411503d1f21aa1dc5bc2070560ec03e18932b3dc14dfbbb5a3a617507b5ef5,Bac,cu
way,1223678158,NT18-35,Ngọc Trai 18,Đa Tốn,Gia Lâm,Hà Nội,"NT18-35, Ngọc Trai 18, Đa Tốn, Gia Lâm, Hà Nội",way:62ed8af7d879cfb30947062e734aacdd6fa29d684afccae16f32243a29a27054,Bac,cu
way,1117551920,21,Ngõ 61 Phạm Tuấn Tài,Phường Cổ Nhuế 1,Quận Bắc Từ Liêm,Hà Nội,"21, Ngõ 61 Phạm Tuấn Tài, Phường Cổ Nhuế 1, Quận Bắc Từ Liêm, Hà Nội",way:4a5fcea4e01bb0dc119a1dfc766b7feb750eeda48acfb6bd86f0e36624b73410,Bac,cu
way,1157459632,01,Đường Raymondienne,Phường Tân Phú,Quận 7,Thành phố Hồ Chí Minh,"01, Đường Raymondienne, Phường Tân Phú, Quận 7, Thành phố Hồ Chí Minh",way:2b2372e0b93ba04e652625a1d02ad1f1b7439541a4d4bbfa3ceaac68d5fe73a9,Nam,cu
node,10069861776,80,Thống Nhất,Tân Thành,Tân Phú,Hồ Chí Minh,"80, Thống Nhất, Tân Thành, Tân Phú, Hồ Chí Minh","node:10.7911384,106.6329832",Nam,cu
way,910279784,CT3,Ngõ 106 Hoàng Quốc Việt,Cổ Nhuế 1,Bắc Từ Liêm,Hà Nội,"CT3, Ngõ 106 Hoàng Quốc Việt, Cổ Nhuế 1, Bắc Từ Liêm, Hà Nội",way:7aa80a7e47638a21d1acfb5c11222ac43141c81c8c21ca8f96d65a6e3c8a4edf,Bac,cu
node,11675985425,14,Phố Hàng Cót,Phường Hàng Mã,Quận Hoàn Kiếm,Hà Nội,"14, Phố Hàng Cót, Phường Hàng Mã, Quận Hoàn Kiếm, Hà Nội","node:21.0390173,105.8470388",Bac,cu
way,582751763,6A,Ô Cách,Đức Giang,Long Biên,Hà Nội,"6A, Ô Cách, Đức Giang, Long Biên, Hà Nội",way:c9931ebc57e1d03a1e98b783f98cfc912e808e238b6cf40bdecd77dd628cb623,Bac,cu
way,1223678206,NT17-06,Ngọc Trai 17,Đa Tốn,Gia Lâm,Hà Nội,"NT17-06, Ngọc Trai 17, Đa Tốn, Gia Lâm, Hà Nội",way:d3c66ccc42e9895a2a4723adfade6bf93b64fb2a2fe056643029121ea74b7e93,Bac,cu
node,12960832954,7,Đường Đấu Mã,Phường Thị Cầu,Thành phố Bắc Ninh,Bắc Ninh,"7, Đường Đấu Mã, Phường Thị Cầu, Thành phố Bắc Ninh, Bắc Ninh","node:21.1931972,106.0871516",Bac,cu
node,12697808634,3,Đường Lê Thánh Tông,Phường Gia Viên,Quận Ngô Quyền,Thành phố Hải Phòng,"3, Đường Lê Thánh Tông, Phường Gia Viên, Quận Ngô Quyền, Thành phố Hải Phòng","node:20.8664331,106.6927293",Bac,cu
way,1301587171,4,Phố Ông Ích Khiêm,Phường Điện Biên,Quận Ba Đình,Hà Nội,"4, Phố Ông Ích Khiêm, Phường Điện Biên, Quận Ba Đình, Hà Nội",way:3f1e1c7149feccc073eb5ea291488d20f371e82b45e58ada6dcfba1c66f85e2f,Bac,cu
way,880291501,108,Phố Nguyễn Hoàng,Mỹ Đình 2,Nam Từ Liêm,Hà Nội,"108, Phố Nguyễn Hoàng, Mỹ Đình 2, Nam Từ Liêm, Hà Nội",way:e06ff777c3ee5feb42c8f7ad14e080f38855d17876385d81d1638b087961bda2,Bac,cu
node,11212149524,14-15 B10,Phố Phạm Ngọc Thạch,Kim Liên,Đống Đa,Hà Nội,"14-15 B10, Phố Phạm Ngọc Thạch, Kim Liên, Đống Đa, Hà Nội","node:21.0090489,105.8348892",Bac,cu
way,801950748,số 02,Công Trường Công Xã Paris,Bến Nghé,Quận 1,Thành phố Hồ Chí Minh,"số 02, Công Trường Công Xã Paris, Bến Nghé, Quận 1, Thành phố Hồ Chí Minh",way:03d15537cdd96b6aa6a1eb98f4b9f6a026dd8ca5db644941cd5f1d54cb2ed5e3,Nam,cu
way,829864820,28,Long Hưng,Phường 7,Tân Bình,TPHCM,"28, Long Hưng, Phường 7, Tân Bình, TPHCM",way:141b523f8ba6641a81bed8b06e13f3f5b612a0a90bd66ad3674a38d483fa1852,Nam,cu
node,12960833007,65,Đường Vũ Ninh,Phường Vũ Ninh,Thành phố Bắc Ninh,Bắc Ninh,"65, Đường Vũ Ninh, Phường Vũ Ninh, Thành phố Bắc Ninh, Bắc Ninh","node:21.1892493,106.0827733",Bac,cu
way,1226562661,167,Phạm Văn Hai,Phường 5,Tân Bình,Thành phố Hồ Chí Minh,"167, Phạm Văn Hai, Phường 5, Tân Bình, Thành phố Hồ Chí Minh",way:38bd3f3db6cdf457ad7af9a815a55856af555ded0c571cebaef8cc37937e1f07,Nam,cu
way,972031041,CT10A,Đường Phan Trọng Tuệ,Thanh Liệt,Thanh Trì,Hà Nội,"CT10A, Đường Phan Trọng Tuệ, Thanh Liệt, Thanh Trì, Hà Nội",way:f0e3e6a7399a826ed3f93eb69a4af9d7a0e876785097d44dcf782149ac62a704,Bac,cu
way,1308477372,1,Ngõ Bà Triệu,Lê Đại Hành,Hai Bà Trưng,Hà Nội,"1, Ngõ Bà Triệu, Lê Đại Hành, Hai Bà Trưng, Hà Nội",way:450b49dfa08c74fa5fa7ba6f9da619a972252a5d092466fe71bacf35f23c2b59,Bac,cu
way,583891764,15,Ngõ 273 Ngọc Lâm,Ngọc Lâm,Long Biên,Hà Nội,"15, Ngõ 273 Ngọc Lâm, Ngọc Lâm, Long Biên, Hà Nội",way:9ccb76085a5c1f30ccf0b4fe9e4b3eda2b72cfc901e86b4dd37aa5caae613c1b,Bac,cu
node,6543858867,12,Trần Quốc Toản,Tân An,Ninh Kiều,Cần Thơ,"12, Trần Quốc Toản, Tân An, Ninh Kiều, Cần Thơ","node:10.0349415,105.7884874",Nam,cu
node,10261572490,32,Ngõ 31 Phan Văn Trường,Dịch Vọng Hậu,Cầu Giấy,Hà Nội,"32, Ngõ 31 Phan Văn Trường, Dịch Vọng Hậu, Cầu Giấy, Hà Nội","node:21.0387648,105.7854191",Bac,cu
way,582758187,12,422/14/20,đức giang,Long biên,Hà Nội,"12, 422/14/20, đức giang, Long biên, Hà Nội",way:cbad0dba35363747a31b252cd5b8f2de1f90e020b46d6e944bf99d758fd542ae,Bac,cu
node,6546376714,128,Xô Viết Nghệ Tĩnh,An Hội,Ninh Kiều,Cần Thơ,"128, Xô Viết Nghệ Tĩnh, An Hội, Ninh Kiều, Cần Thơ","node:10.0399071,105.7825276",Nam,cu
way,1246805140,63,Phố Tô Hiến Thành,Lê Đại Hành,Hai Bà Trưng,Hà Nội,"63, Phố Tô Hiến Thành, Lê Đại Hành, Hai Bà Trưng, Hà Nội",way:827126781aa4713316987015dc79ec9c49f01eb2e6120dc0f442ea84cd86911a,Bac,cu
node,12582075822,171,Đ. Xuân Thủy,Dịch Vọng Hậu,Cầu Giấy,Hà Nội,"171, Đ. Xuân Thủy, Dịch Vọng Hậu, Cầu Giấy, Hà Nội","node:21.0362183,105.7859434",Bac,cu
way,1205381101,3,Ngách 5/87 Hoàng Quốc Việt,Phường Nghĩa Đô,Quận Cầu Giấy,Hà Nội,"3, Ngách 5/87 Hoàng Quốc Việt, Phường Nghĩa Đô, Quận Cầu Giấy, Hà Nội",way:519ab1736e0b4955e90332c26a7a700d1f951f96d1bc9cbb565891195327681c,Bac,cu
node,10158964415,188,Phố Phó Đức Chính,Nguyễn Trung Trực,Ba Đình,Hà Nội,"188, Phố Phó Đức Chính, Nguyễn Trung Trực, Ba Đình, Hà Nội","node:21.0442652,105.8460809",Bac,cu
way,1334531675,26,Đường Lý Thái Tổ,Phường Đại Phúc,Thành phố Bắc Ninh,Bắc Ninh,"26, Đường Lý Thái Tổ, Phường Đại Phúc, Thành phố Bắc Ninh, Bắc Ninh",way:5b31d25c6032c71f85e42805633b908e7b2d5abb19d97dd9f13a24feef8f0804,Bac,cu
way,622296615,720A,Điện Biên Phủ,22,Bình Thạnh,Ho Chi Minh City,"720A, Điện Biên Phủ, 22, Bình Thạnh, Ho Chi Minh City",way:ed502f12ac616959775b13b1d696611ca5623dff65acf61715623c0e9404762c,Bac,cu
node,8042348010,44B,Phố Lý Thường Kiệt,Trần Hưng Đạo,Hoàn Kiếm,Hà Nội,"44B, Phố Lý Thường Kiệt, Trần Hưng Đạo, Hoàn Kiếm, Hà Nội","node:21.0242595,105.8485818",Bac,cu
way,858190902,29,Đường Đại Cồ Việt,Cầu Dền,Hai Bà Trưng,Hà Nội,"29, Đường Đại Cồ Việt, Cầu Dền, Hai Bà Trưng, Hà Nội",way:2d924d95e6a531ca83a5582b6cbd24bd1566ca9c4e9493facf80c764e910332a,Bac,cu
way,1223678313,NT08-08,Ngọc Trai 8,Đa Tốn,Gia Lâm,Hà Nội,"NT08-08, Ngọc Trai 8, Đa Tốn, Gia Lâm, Hà Nội",way:4451fb1e571a81025b1548e7066e50f90f63100d1476310260617d859e84e3b2,Bac,cu
node,11572079070,23,Ngách 1/88 Phạm Tuấn Tài,Phường Dịch Vọng Hậu,Quận Cầu Giấy,Hà Nội,"23, Ngách 1/88 Phạm Tuấn Tài, Phường Dịch Vọng Hậu, Quận Cầu Giấy, Hà Nội","node:21.0433797,105.7844063",Bac,cu
way,1250665157,131,Phố Phan Văn Trường,Phường Dịch Vọng Hậu,Quận Cầu Giấy,Hà Nội,"131, Phố Phan Văn Trường, Phường Dịch Vọng Hậu, Quận Cầu Giấy, Hà Nội",way:3fc4cb71a85f8fdf7cf172df110e86359ba9e3757eef7ce69cd1b6be6e729a9a,Bac,cu
way,1226393895,SH11-02,San Hô 11,Đa Tốn,Gia Lâm,Hà Nội,"SH11-02, San Hô 11, Đa Tốn, Gia Lâm, Hà Nội",way:2a60417b326fa16eb45545e17ae736dd22aeb6bdf9cd4ae08a8d0e73f2d78e30,Bac,cu
node,10184913014,96,Phố Ái Mộ,Bồ Đề,Long Biên,Hà Nội,"96, Phố Ái Mộ, Bồ Đề, Long Biên, Hà Nội","node:21.0406188,105.8738588",Bac,cu
way,1216505798,102,Ngõ Xã Đàn 2,Nam Đồng,Đống Đa,Hà Nội,"102, Ngõ Xã Đàn 2, Nam Đồng, Đống Đa, Hà Nội",way:bdf6276d431db204d7801bf50b94890be5f18982c6b37f97602f5282377658d7,Bac,cu
way,1117813805,7,Hẻm 61/33/2 Phạm Tuấn Tài,Phường Cổ Nhuế 1,Quận Bắc Từ Liêm,Hà Nội,"7, Hẻm 61/33/2 Phạm Tuấn Tài, Phường Cổ Nhuế 1, Quận Bắc Từ Liêm, Hà Nội",way:f89b864f93ceec34e80d64bf15f27c6c4c24b62a09358eefc84b0234b8afd704,Bac,cu
way,1223678180,NT19-01,Ngọc Trai 19,Đa Tốn,Gia Lâm,Hà Nội,"NT19-01, Ngọc Trai 19, Đa Tốn, Gia Lâm, Hà Nội",way:925db52d8f029a9dfc8e93fce48ed2a7dc1443fa9f249d1d5053e08aa7af7a28,Bac,cu
way,1242956564,84,Ngõ 1 Phạm Tuấn Tài,Phường Dịch Vọng Hậu,Quận Cầu Giấy,Hà Nội,"84, Ngõ 1 Phạm Tuấn Tài, Phường Dịch Vọng Hậu, Quận Cầu Giấy, Hà Nội",way:dc5a8de5f9bbbd1af82d581fea147b534d103a74d8f6fe9e871dc10ce7df0032,Bac,cu
node,3248010584,5D,Nguyễn Siêu,Phường Bến Nghé,Quận 1,Thành phố Hồ Chí Minh,"5D, Nguyễn Siêu, Phường Bến Nghé, Quận 1, Thành phố Hồ Chí Minh","node:10.7777314,106.7045057",Nam,cu
node,11757193574,"Tổ 10, thông Thanh Ly 1",Quốc lộ 1,Bình Nguyên,Thăng Bình,Quảng Nam,"Tổ 10, thông Thanh Ly 1, Quốc lộ 1, Bình Nguyên, Thăng Bình, Quảng Nam","node:15.7642963,108.3421054",Trung,cu
way,1221487858,8,Hải Thượng Lãn Ông,Tân An,Ninh Kiều,Cần Thơ,"8, Hải Thượng Lãn Ông, Tân An, Ninh Kiều, Cần Thơ",way:8ff836586c6954e305a3ccd89b3b37a4ded8f8e1fc2afc4f24c096f1ab179cea,Nam,cu
way,847053724,7,Phố Duy Tân,Dịch Vọng Hậu,Cầu Giấy,Hà Nội,"7, Phố Duy Tân, Dịch Vọng Hậu, Cầu Giấy, Hà Nội",way:e056933bd6664dec741e7f7ce627732b5aaa54e3a73bd6d56f62786e6d7955a8,Bac,cu
way,898226384,113 Sông nhuệ p đức thắng,Sông Nhuệ,Cổ Nhuế,Bắc Từ Liêm,Hà Nội,"113 Sông nhuệ p đức thắng, Sông Nhuệ, Cổ Nhuế, Bắc Từ Liêm, Hà Nội",way:d082ab8ba3bd92fa1d122e2991fccd165f6e28a7b6b83d584eb30fd6586254df,Bac,cu
way,1036443752,80,Đường Lê Văn Thịnh,Phường Suối Hoa,Thành phố Bắc Ninh,Bắc Ninh,"80, Đường Lê Văn Thịnh, Phường Suối Hoa, Thành phố Bắc Ninh, Bắc Ninh",way:ba2ce9b8dc82e1dcc0236b405575856b3995b9e017de8d1b7a94d935a880eff6,Bac,cu
way,1232133461,04,Đào Trí,Phường Phú Thuận,Quận 7,Hồ Chí Minh,"04, Đào Trí, Phường Phú Thuận, Quận 7, Hồ Chí Minh",way:31f053f9e6f191f420a54f54d469fdd547895af18a7fa9f13d661db8f8577278,Nam,cu
way,1217136757,147,Ngõ Xã Đàn 2,Nam Đồng,Đống Đa,Hà Nội,"147, Ngõ Xã Đàn 2, Nam Đồng, Đống Đa, Hà Nội",way:2ad3e22844d0df4cbeedc40c55da51d8480b354c2954313af2115debf63efba0,Bac,cu
node,12553764135,238,Phố Lương Định Của,Phường Phương Liễu,Thị xã Quế Võ,Bắc Ninh,"238, Phố Lương Định Của, Phường Phương Liễu, Thị xã Quế Võ, Bắc Ninh","node:21.1665043,106.1382677",Bac,cu
node,11591740418,52,Phố Tuệ Tĩnh,Nguyễn Du,Hai Bà Trưng,Hà Nội,"52, Phố Tuệ Tĩnh, Nguyễn Du, Hai Bà Trưng, Hà Nội","node:21.0153467,105.8497133",Bac,cu
way,1236553894,173,Phố Bà Triệu,Lê Đại Hành,Hai Bà Trưng,Hà Nội,"173, Phố Bà Triệu, Lê Đại Hành, Hai Bà Trưng, Hà Nội",way:0451f932dd670f03739f50ece2728303750a566d506a060dd219ef1206faa12e,Bac,cu
way,1242737495,1,Ngõ 53 Phạm Tuấn Tài,Phường Cổ Nhuế 1,Quận Bắc Từ Liêm,Hà Nội,"1, Ngõ 53 Phạm Tuấn Tài, Phường Cổ Nhuế 1, Quận Bắc Từ Liêm, Hà Nội",way:efef4e4fad61e7c30b7a09de1226d18ba79d01ca8c2ade67bf9278d12e965bd4,Bac,cu
way,1326470317,Lô 1,cầu Đảo Xanh,Hoà Cường Bắc,Hải Châu,Đà Nẵng,"Lô 1, cầu Đảo Xanh, Hoà Cường Bắc, Hải Châu, Đà Nẵng",way:dbfdc180b0724b91dd5136af93246cb59928fb7c21c0cf8f6ef1e2155fe6f8b9,Trung,cu
way,1116502181,49,Phố Đặng Thùy Trâm,Phường Dịch Vọng Hậu,Quận Cầu Giấy,Hà Nội,"49, Phố Đặng Thùy Trâm, Phường Dịch Vọng Hậu, Quận Cầu Giấy, Hà Nội",way:a917f56bbc77d48221cbed0f1e551d706c1a6debb11e15fc0017d9146d34f9b8,Bac,cu
way,1307206410,110,Phố Huế,Nguyễn Du,Hai Bà Trưng,Hà Nội,"110, Phố Huế, Nguyễn Du, Hai Bà Trưng, Hà Nội",way:c7600689ada23ac2be0640557f6548a54d1646f6720ebbd265be6b56c0c05bd6,Bac,cu
way,891177230,289A,Đường Khuất Duy Tiến,Trung Hòa,Cầu Giấy,Hà Nội,"289A, Đường Khuất Duy Tiến, Trung Hòa, Cầu Giấy, Hà Nội",way:1756af88c4edaf4b79a8b195e77c3a587f8aae1053388a4d713b48b2a9f4a823,Bac,cu
node,11372796989,SH15-03,San Hô 15,Đa Tốn,Gia Lâm,Hà Nội,"SH15-03, San Hô 15, Đa Tốn, Gia Lâm, Hà Nội","node:20.9927204,105.9465839",Bac,cu
node,5375680652,m124,Nguyễn Lương Bằng,Tân Phú,Quận 7,Hồ Chí Minh,"m124, Nguyễn Lương Bằng, Tân Phú, Quận 7, Hồ Chí Minh","node:10.7254175,106.7245671",Nam,cu
node,12107980780,53,Phố Tiểu Nam,Phường Tân Phú,Quận 7,Thành phố Hồ Chí Minh,"53, Phố Tiểu Nam, Phường Tân Phú, Quận 7, Thành phố Hồ Chí Minh","node:10.7214175,106.7301350",Nam,cu
way,750614269,113,Xa Lộ Hà Nội,Phước Long B,Quận 9,Hồ Chí Minh,"113, Xa Lộ Hà Nội, Phước Long B, Quận 9, Hồ Chí Minh",way:c35797e8dfaf2edf36693ea173323ee786482f40f7b03b52e25930cafd3a59f9,Bac,cu
way,582758185,18,422/14/20,đức giang,Long biên,Hà Nội,"18, 422/14/20, đức giang, Long biên, Hà Nội",way:7c452db185b33b06d47eca4f98c789e8f0e1db72dd656e0f5975c021d48d7738,Bac,cu
way,1365437870,8,Ngõ 2 Phố Trần Bình Trọng,Phường Phương Liễu,Thị xã Quế Võ,Bắc Ninh,"8, Ngõ 2 Phố Trần Bình Trọng, Phường Phương Liễu, Thị xã Quế Võ, Bắc Ninh",way:9905019b11852c273ef2a1d104fe3eb95df1a92d3cf94526ba2b11731834d44a,Bac,cu
node,6334894587,1,Phố Văn Miếu,Văn Miếu,Đống Đa,Hà Nội,"1, Phố Văn Miếu, Văn Miếu, Đống Đa, Hà Nội","node:21.0299464,105.8370634",Bac,cu
way,1178052602,331,Đường Ngô Gia Tự,Phường Suối Hoa,Thành phố Bắc Ninh,Bắc Ninh,"331, Đường Ngô Gia Tự, Phường Suối Hoa, Thành phố Bắc Ninh, Bắc Ninh",way:fc3d49f448da0517b26e7ca12e446d96d3c1a25082121f8f2568b5c455507756,Bac,cu
node,11168751402,19,Đường Hoàng Quốc Việt,Phường Nghĩa Đô,Quận Cầu Giấy,Hà Nội,"19, Đường Hoàng Quốc Việt, Phường Nghĩa Đô, Quận Cầu Giấy, Hà Nội","node:21.0459735,105.8045425",Bac,cu
way,961620952,89,Duong Bờ Bao Tân Thắng,Sơn Kỳ,Tân Phú,Hồ Chí Minh,"89, Duong Bờ Bao Tân Thắng, Sơn Kỳ, Tân Phú, Hồ Chí Minh",way:44eb53f915cb6833e9c0b8eca1909d716f86603056b7c7ab94dd67459ec6d5d8,Nam,cu
way,1342049803,130,Lương Định Của,Phường Đông Hòa,Thành phố Dĩ An,Dĩ An - Bình Dương,"130, Lương Định Của, Phường Đông Hòa, Thành phố Dĩ An, Dĩ An - Bình Dương",way:9fbd3c163947910f99a6debc627f892ec4df2b7f52c24fade42cb3a91bab6ebf,Nam,cu
way,961616526,52-54,Hồ Văn Long,Tân Tạo,Bình Tân,Hồ Chí Minh,"52-54, Hồ Văn Long, Tân Tạo, Bình Tân, Hồ Chí Minh",way:6fb6d266dedc202bdb77b8436c54c5cbab3b0446f25ce535d12a29e3028fdc90,Nam,cu
way,1219668275,15,Khu dân cư số 9,Xuân Khánh,Ninh Kiều,Cần Thơ,"15, Khu dân cư số 9, Xuân Khánh, Ninh Kiều, Cần Thơ",way:b307a96ec0d822c8d3fec9e414c1711e0bd13fc7a28aa2c99f72f0aecce05872,Nam,cu
way,1238550107,62,Phố Mai Hắc Đế,Nguyễn Du,Hai Bà Trưng,Hà Nội,"62, Phố Mai Hắc Đế, Nguyễn Du, Hai Bà Trưng, Hà Nội",way:aadcf6b5f23dc2945e1e691a1298c64a2cddbf6ecd4989fad608d16ae8f318a4,Bac,cu
node,12960464294,26,Đường Thanh Sơn,Phường Đáp Cầu,Thành phố Bắc Ninh,Bắc Ninh,"26, Đường Thanh Sơn, Phường Đáp Cầu, Thành phố Bắc Ninh, Bắc Ninh","node:21.2007192,106.0937180",Bac,cu
node,11777757438,250,Đường Độc Lập,Phường Tân Thành,Quận Tân Phú,Thành phố Hồ Chí Minh,"250, Đường Độc Lập, Phường Tân Thành, Quận Tân Phú, Thành phố Hồ Chí Minh","node:10.7928836,106.6296125",Nam,cu
way,1211530671,5,Ngách 238/4 Hoàng Quốc Việt,Phường Cổ Nhuế 1,Quận Bắc Từ Liêm,Hà Nội,"5, Ngách 238/4 Hoàng Quốc Việt, Phường Cổ Nhuế 1, Quận Bắc Từ Liêm, Hà Nội",way:632b5ee9ac4f0dfb59d6b35b0eb228fa63b28322739a77d693f90e7e0c01a173,Bac,cu
way,1211226875,30,Ngõ 643 Phạm Văn Đồng,Phường Cổ Nhuế 1,Quận Bắc Từ Liêm,Hà Nội,"30, Ngõ 643 Phạm Văn Đồng, Phường Cổ Nhuế 1, Quận Bắc Từ Liêm, Hà Nội",way:efc1cb0bd971ebca8e0987cd7ffa5a275aa6f9c1e23b2061a1fe509f82c94c28,Bac,cu
way,1210228265,164,Ngõ Xã Đàn 2,Nam Đồng,Đống Đa,Hà Nội,"164, Ngõ Xã Đàn 2, Nam Đồng, Đống Đa, Hà Nội",way:ad84f9567f589c8f695acc39feb07ad13ecb5c4cd4ec05fbabc6b82b5d32a4da,Bac,cu
way,698683278,49,Đường Điện Biên Phủ,Phường Điện Biên,Quận Ba Đình,Hà Nội,"49, Đường Điện Biên Phủ, Phường Điện Biên, Quận Ba Đình, Hà Nội",way:f02a55c79ff760890bc3d5a0d91b0d2b76650724b09f860bc8828154e15ad4ea,Bac,cu
node,12093851019,04,Đường Nội Khu Mỹ Thái 3,Tân Phú,Quận 7,Thành phố Hồ Chí Minh,"04, Đường Nội Khu Mỹ Thái 3, Tân Phú, Quận 7, Thành phố Hồ Chí Minh","node:10.7148100,106.7290156",Nam,cu
way,1190941789,57B,Phố Đinh Tiên Hoàng,Hàng Bạc,Hoàn Kiếm,Hà Nội,"57B, Phố Đinh Tiên Hoàng, Hàng Bạc, Hoàn Kiếm, Hà Nội",way:d3693047c9f101e54bc6e7c46800bfa8a9cabeae4efadfb84f906d90e9a6e49e,Bac,cu
node,6543961462,14/54B,Hem 14 Ly Tu Trong,An Cư,Ninh Kiều,Cần Thơ,"14/54B, Hem 14 Ly Tu Trong, An Cư, Ninh Kiều, Cần Thơ","node:10.0351139,105.7809386",Nam,cu
node,4349886093,21,Ngô Đức Kế,Tân An,Ninh Kiều,Cần Thơ,"21, Ngô Đức Kế, Tân An, Ninh Kiều, Cần Thơ","node:10.0297913,105.7870397",Nam,cu
way,568395481,số 8,422/11,đức giang,Long biên,Hà Nội,"số 8, 422/11, đức giang, Long biên, Hà Nội",way:4fad4105a368c5a28555562f04c8a24ddb06e54f6356e2aa06ec3df523429f2d,Bac,cu
way,1243088006,20,Ngách 2/7 Đặng Thùy Trâm,Phường Cổ Nhuế 1,Quận Bắc Từ Liêm,Hà Nội,"20, Ngách 2/7 Đặng Thùy Trâm, Phường Cổ Nhuế 1, Quận Bắc Từ Liêm, Hà Nội",way:7d2aebfe1f8745d0386f62566f3a5faeaadc3a1f602bc5a655eef0bf07fe27cb,Bac,cu
node,8957577167,94,Phố Tô Vĩnh Diện,Khương Trung,Thanh Xuân,Hà Nội,"94, Phố Tô Vĩnh Diện, Khương Trung, Thanh Xuân, Hà Nội","node:20.9988127,105.8201338",Bac,cu
node,11652137694,53,Phố Triệu Việt Vương,Nguyễn Du,Hai Bà Trưng,Hà Nội,"53, Phố Triệu Việt Vương, Nguyễn Du, Hai Bà Trưng, Hà Nội","node:21.0161310,105.8505424",Bac,cu
way,1117551922,27,Ngõ 61 Phạm Tuấn Tài,Phường Cổ Nhuế 1,Quận Bắc Từ Liêm,Hà Nội,"27, Ngõ 61 Phạm Tuấn Tài, Phường Cổ Nhuế 1, Quận Bắc Từ Liêm, Hà Nội",way:c1a47a74707e8984afa93a0c7d26570c3c353ee9b694f18e687fc15d6f41b091,Bac,cu
node,10280203895,2,Đường Phạm Văn Đồng,Phường Dịch Vọng Hậu,Quận Cầu Giấy,Hà Nội,"2, Đường Phạm Văn Đồng, Phường Dịch Vọng Hậu, Quận Cầu Giấy, Hà Nội","node:21.0396451,105.7812221",Bac,cu
way,1250665171,103,Phố Phan Văn Trường,Phường Dịch Vọng Hậu,Quận Cầu Giấy,Hà Nội,"103, Phố Phan Văn Trường, Phường Dịch Vọng Hậu, Quận Cầu Giấy, Hà Nội",way:384a0a36f7c66a25c4f3670a207f790707eed178163662b5891638dc009b1dd1,Bac,cu
way,904729834,310,Phố Bà Triệu,Lê Đại Hành,Hai Bà Trưng,Hà Nội,"310, Phố Bà Triệu, Lê Đại Hành, Hai Bà Trưng, Hà Nội",way:34634f09e8681c7cf3b67eb16f6ac1dfb8ccf566bca2a4173a4223dddb4f8ec3,Bac,cu
way,1301591106,12,Ngách 28/2 Ông Ích Khiêm,Phường Điện Biên,Quận Ba Đình,Hà Nội,"12, Ngách 28/2 Ông Ích Khiêm, Phường Điện Biên, Quận Ba Đình, Hà Nội",way:b835aeeb0b24257956d0ccb807259fff1f16998e7cc114d4b28d754a37b8a65d,Bac,cu
way,802431699,13,Ngõ 122 Láng,Thịnh Quang,Đống Đa,Hà Nội,"13, Ngõ 122 Láng, Thịnh Quang, Đống Đa, Hà Nội",way:d4533939c8603531498df5b435270456e1bc97870cfc70f9c2df8df69c9fc3d4,Bac,cu
node,1293275092,231,Đường Nguyễn Trãi,thanh xuân trung,thanh xuân,hà nội,"231, Đường Nguyễn Trãi, thanh xuân trung, thanh xuân, hà nội","node:20.9969560,105.8115930",Bac,cu
node,11212149498,5B7,Phố Phạm Ngọc Thạch,Kim Liên,Đống Đa,Hà Nội,"5B7, Phố Phạm Ngọc Thạch, Kim Liên, Đống Đa, Hà Nội","node:21.0098157,105.8358883",Bac,cu
node,12669939043,138,Phố Hà Liễu,Phường Phương Liễu,Thị xã Quế Võ,Bắc Ninh,"138, Phố Hà Liễu, Phường Phương Liễu, Thị xã Quế Võ, Bắc Ninh","node:21.1650082,106.1394102",Bac,cu
way,1254502159,21,Đường Xuân Thủy,Phường Dịch Vọng Hậu,Quận Cầu Giấy,Hà Nội,"21, Đường Xuân Thủy, Phường Dịch Vọng Hậu, Quận Cầu Giấy, Hà Nội",way:fd1ba52414afff62a277eab11557dc52a296adf696bd25df00c7140118e83113,Bac,cu
way,1223678216,NT17-27,Ngọc Trai 17,Đa Tốn,Gia Lâm,Hà Nội,"NT17-27, Ngọc Trai 17, Đa Tốn, Gia Lâm, Hà Nội",way:3e4f73df0552b9cd03cd4563233938cd72cc1a052a4ce95785025b1d50144c51,Bac,cu
way,860278058,11,Ngõ 557 đường Nguyễn Văn Linh,Sài Đồng,Long Biên,Hà Nội,"11, Ngõ 557 đường Nguyễn Văn Linh, Sài Đồng, Long Biên, Hà Nội",way:b0f70d5044664e476bc2f13e2e6dcfb96a268492527a8e5fc60d3bf9f634f917,Bac,cu
way,1236943092,129,Phố Bùi Thị Xuân,Nguyễn Du,Hai Bà Trưng,Hà Nội,"129, Phố Bùi Thị Xuân, Nguyễn Du, Hai Bà Trưng, Hà Nội",way:f8cd4244487ea222dbe0b3f9c86140f43e58fd3957186f15e62b252d2e377c09,Bac,cu
way,1162970033,20,Đường Thụy Khuê,Thuỵ Khuê,Tây Hồ,Hà Nội,"20, Đường Thụy Khuê, Thuỵ Khuê, Tây Hồ, Hà Nội",way:5779086202e4e332d697d46dd9a21f98c7646a643019e8af8375e636b118b2d0,Bac,cu
node,12578601432,574,QL13,Hiệp Bình Phước,Thủ Đức,Hồ Chí Minh,"574, QL13, Hiệp Bình Phước, Thủ Đức, Hồ Chí Minh","node:10.8495736,106.7186885",Nam,cu
node,11675985421,12C,Phố Hàng Cót,Phường Hàng Mã,Quận Hoàn Kiếm,Hà Nội,"12C, Phố Hàng Cót, Phường Hàng Mã, Quận Hoàn Kiếm, Hà Nội","node:21.0392082,105.8470430",Bac,cu
node,11351081439,NT11-05,Ngọc Trai 11,Đa Tốn,Gia Lâm,Hà Nội,"NT11-05, Ngọc Trai 11, Đa Tốn, Gia Lâm, Hà Nội","node:20.9981789,105.9483004",Bac,cu
node,11211967777,19,Ngõ 234 Hoàng Quốc Việt,Phường Cổ Nhuế 1,Quận Bắc Từ Liêm,Hà Nội,"19, Ngõ 234 Hoàng Quốc Việt, Phường Cổ Nhuế 1, Quận Bắc Từ Liêm, Hà Nội","node:21.0485840,105.7842575",Bac,cu
way,1210228279,190,Ngõ Xã Đàn 2,Nam Đồng,Đống Đa,Hà Nội,"190, Ngõ Xã Đàn 2, Nam Đồng, Đống Đa, Hà Nội",way:c858c107eec1121ca3080b77a4b2cbb31b298a3994b0ac63af0070dca4a55f3e,Bac,cu
way,1234955615,162,Phố Triệu Việt Vương,Nguyễn Du,Hai Bà Trưng,Hà Nội,"162, Phố Triệu Việt Vương, Nguyễn Du, Hai Bà Trưng, Hà Nội",way:264f63dfd2268c24f557cccb96d43fff4fd7f8357cad943dd4e333971940dd50,Bac,cu
node,11572113159,11,Ngõ 2 Phạm Tuấn Tài,Phường Dịch Vọng Hậu,Quận Cầu Giấy,Hà Nội,"11, Ngõ 2 Phạm Tuấn Tài, Phường Dịch Vọng Hậu, Quận Cầu Giấy, Hà Nội","node:21.0420755,105.7865995",Bac,cu
node,11372798748,SH02-15,San Hô 2,Đa Tốn,Gia Lâm,Hà Nội,"SH02-15, San Hô 2, Đa Tốn, Gia Lâm, Hà Nội","node:20.9899724,105.9495747",Bac,cu
node,11478463680,187,Phố Bà Triệu,Lê Đại Hành,Hai Bà Trưng,Hà Nội,"187, Phố Bà Triệu, Lê Đại Hành, Hai Bà Trưng, Hà Nội","node:21.0120882,105.8492832",Bac,cu
way,1223691855,NT07-06,Ngọc Trai 7,Đa Tốn,Gia Lâm,Hà Nội,"NT07-06, Ngọc Trai 7, Đa Tốn, Gia Lâm, Hà Nội",way:a294a5fb75bbf710b677bdef8f0f11806b51ab0035ec067d3358699ca380cc6a,Bac,cu
way,1308407777,8,Phố Bùi Thị Xuân,Nguyễn Du,Hai Bà Trưng,Hà Nội,"8, Phố Bùi Thị Xuân, Nguyễn Du, Hai Bà Trưng, Hà Nội",way:67bcbdc2bf251fab15f0043908149f2e80cf67095852e77b03458493addc2427,Bac,cu
way,1226393880,SH15-30,San Hô 15,Đa Tốn,Gia Lâm,Hà Nội,"SH15-30, San Hô 15, Đa Tốn, Gia Lâm, Hà Nội",way:50be37bcca195c8b2a77b8ff3bd7342467c812a8bb0b54d4e64114c3bc900c16,Bac,cu
way,1164592879,556,Đường Thụy Khuê,Bưởi,Tây Hồ,Hà Nội,"556, Đường Thụy Khuê, Bưởi, Tây Hồ, Hà Nội",way:1bc18a4fa1311aa4e4b807a087fc3167d48ba0efee1afa4ab48d9f210ec385be,Bac,cu
node,5019233922,145,Lê Văn Thịnh,Bình Trưng Tây,2,Hồ Chí Minh,"145, Lê Văn Thịnh, Bình Trưng Tây, 2, Hồ Chí Minh","node:10.7820745,106.7697684",Nam,cu
node,11212149521,9B10,Phố Phạm Ngọc Thạch,Kim Liên,Đống Đa,Hà Nội,"9B10, Phố Phạm Ngọc Thạch, Kim Liên, Đống Đa, Hà Nội","node:21.0091510,105.8350212",Bac,cu
node,12844330047,32,Đường Trần Hưng Đạo,Phường Phố Mới,Thị xã Quế Võ,Bắc Ninh,"32, Đường Trần Hưng Đạo, Phường Phố Mới, Thị xã Quế Võ, Bắc Ninh","node:21.1540829,106.1476711",Bac,cu
way,1209043985,195,Phố Xã Đàn,Nam Đồng,Đống Đa,Hà Nội,"195, Phố Xã Đàn, Nam Đồng, Đống Đa, Hà Nội",way:71f5af92c6d1f6f32c05d323acb590e59aa31abd2542e362a0ecd4e3ae7489c8,Bac,cu
node,6546376716,83,Xô Viết Nghệ Tĩnh,An Hội,Ninh Kiều,Cần Thơ,"83, Xô Viết Nghệ Tĩnh, An Hội, Ninh Kiều, Cần Thơ","node:10.0399321,105.7822674",Nam,cu
way,1061306263,01,Đường Thành Thái,14,10,Thành phố Hồ Chí Minh,"01, Đường Thành Thái, 14, 10, Thành phố Hồ Chí Minh",way:8a4428fd6033695adc065413e1e23385184298e11fc50b5990e3f04b641063b8,Nam,cu
node,12114066173,02,Đường Số 21,Phường Tân Phú,Quận 7,Thành phố Hồ Chí Minh,"02, Đường Số 21, Phường Tân Phú, Quận 7, Thành phố Hồ Chí Minh","node:10.7167936,106.7272872",Nam,cu
node,11564854732,33,Đường Lê Duẩn,Phường Bến Nghé,Quận 1,Thành phố Hồ Chí Minh,"33, Đường Lê Duẩn, Phường Bến Nghé, Quận 1, Thành phố Hồ Chí Minh","node:10.7822346,106.7004026",Nam,cu
way,1265404586,187,Đường Xuân Thủy,Phường Dịch Vọng Hậu,Quận Cầu Giấy,Hà Nội,"187, Đường Xuân Thủy, Phường Dịch Vọng Hậu, Quận Cầu Giấy, Hà Nội",way:b0c481e7f33f611d2d756ae98de3d0db1aeefc103506e7e8afdcb0e5f50f8096,Bac,cu
way,1243464089,26,Phố Trần Quốc Hoàn,Phường Dịch Vọng Hậu,Quận Cầu Giấy,Hà Nội,"26, Phố Trần Quốc Hoàn, Phường Dịch Vọng Hậu, Quận Cầu Giấy, Hà Nội",way:9b0437d40f9b2499e62453bbf57ec504dac91ffc39638b0943820e425dcb0dc2,Bac,cu
node,7922388225,36,Nguyễn Huy Lượng,phường 14,Bình Thạnh,TP Hồ Chí Minh,"36, Nguyễn Huy Lượng, phường 14, Bình Thạnh, TP Hồ Chí Minh","node:10.8055709,106.6962396",Nam,cu
node,6904450115,10,Đường Đỗ Nhuận,Xuân Đỉnh,Tây Hồ,Hà Nội,"10, Đường Đỗ Nhuận, Xuân Đỉnh, Tây Hồ, Hà Nội","node:21.0676759,105.8005476",Bac,cu
node,10248628308,16,Phố Đặng Thùy Trâm,Phường Cổ Nhuế 1,Quận Bắc Từ Liêm,Hà Nội,"16, Phố Đặng Thùy Trâm, Phường Cổ Nhuế 1, Quận Bắc Từ Liêm, Hà Nội","node:21.0447347,105.7845872",Bac,cu
way,581446469,11,422/14/10,đức giang,Long biên,Hà Nội,"11, 422/14/10, đức giang, Long biên, Hà Nội",way:7e3584b4ac0235fe05d3657ed3834588296b44ac1463390ee116e7ac175b96d1,Bac,cu
way,1228994336,6,Phố Hoàng Đạo Thúy,Nhân Chính,Thanh Xuân,Hà Nội,"6, Phố Hoàng Đạo Thúy, Nhân Chính, Thanh Xuân, Hà Nội",way:f120d0453873238a0bc465267cff4ea1041c62483193143a1db5a680194a21a5,Bac,cu
way,1248885716,36,Phố Tuệ Tĩnh,Nguyễn Du,Hai Bà Trưng,Hà Nội,"36, Phố Tuệ Tĩnh, Nguyễn Du, Hai Bà Trưng, Hà Nội",way:0937b8da001cd10de2babc6ad7937a8307cc932aa36ab32348251c417f55957b,Bac,cu
node,12956796284,46,Đường Vũ Ninh,Phường Vũ Ninh,Thành phố Bắc Ninh,Bắc Ninh,"46, Đường Vũ Ninh, Phường Vũ Ninh, Thành phố Bắc Ninh, Bắc Ninh","node:21.1889694,106.0839231",Bac,cu
way,1242845689,39,Ngách 1/48 Phạm Tuấn Tài,Phường Dịch Vọng Hậu,Quận Cầu Giấy,Hà Nội,"39, Ngách 1/48 Phạm Tuấn Tài, Phường Dịch Vọng Hậu, Quận Cầu Giấy, Hà Nội",way:f11fde6873e401163521d704df794e811205222b84cb8b7bcb6f2f411102c763,Bac,cu
node,8442251581,157,Đường Cổ Nhuế,Cổ Nhuế 2,Bắc Từ Liêm,Hà Nội,"157, Đường Cổ Nhuế, Cổ Nhuế 2, Bắc Từ Liêm, Hà Nội","node:21.0623935,105.7804397",Bac,cu
way,1253841061,121,Đường Xuân Thủy,Phường Dịch Vọng Hậu,Quận Cầu Giấy,Hà Nội,"121, Đường Xuân Thủy, Phường Dịch Vọng Hậu, Quận Cầu Giấy, Hà Nội",way:925572374c7bb0212fbe334ad211c362c8537fecb7b4c1138beb70828a09c894,Bac,cu
node,12073543501,14,Phố Lê Hồng Phong,Phường Điện Biên,Quận Ba Đình,Hà Nội,"14, Phố Lê Hồng Phong, Phường Điện Biên, Quận Ba Đình, Hà Nội","node:21.0340961,105.8354328",Bac,cu
way,1365437871,9,Ngõ 2 Phố Trần Bình Trọng,Phường Phương Liễu,Thị xã Quế Võ,Bắc Ninh,"9, Ngõ 2 Phố Trần Bình Trọng, Phường Phương Liễu, Thị xã Quế Võ, Bắc Ninh",way:cfa3785a694007fe4059eb2d07a76af2da8b5b6a5e26822abfcefa6c5b63e26a,Bac,cu
node,4861414901,64,Lê Văn Thiêm,Tân Phong,Quận 7,Hồ Chí Minh,"64, Lê Văn Thiêm, Tân Phong, Quận 7, Hồ Chí Minh","node:10.7311335,106.7079336",Nam,cu
way,1240352423,Ấp 2,Mỹ An,Mỹ An,Thủ Thừa,Long An,"Ấp 2, Mỹ An, Mỹ An, Thủ Thừa, Long An",way:d649e837c4026c638bd2cbb05fb45fbc6c8ef07b204c55c37128444f44a10c37,Nam,cu
way,1243689754,14,Ngõ 133 Nguyễn Phong Sắc,Phường Nghĩa Tân,Quận Cầu Giấy,Hà Nội,"14, Ngõ 133 Nguyễn Phong Sắc, Phường Nghĩa Tân, Quận Cầu Giấy, Hà Nội",way:298cde36e59ea825e9275af72d4e5896e6128091ec28c76a3d948b02c7f59b8d,Bac,cu
way,961616533,119,Hồ Văn Long,Tân Tạo,Bình Tân,Hồ Chí Minh,"119, Hồ Văn Long, Tân Tạo, Bình Tân, Hồ Chí Minh",way:fc9c9d4d1bb6da4a32cd735558968955708bb5b84f07b4a5807578d723603eb2,Nam,cu
node,5485664230,18,Trần Hữu Dục,Mỹ Đình,Nam Từ Liêm,Hà Nội,"18, Trần Hữu Dục, Mỹ Đình, Nam Từ Liêm, Hà Nội","node:21.0298004,105.7635360",Bac,cu
way,1223678186,NT19-17,Ngọc Trai 19,Đa Tốn,Gia Lâm,Hà Nội,"NT19-17, Ngọc Trai 19, Đa Tốn, Gia Lâm, Hà Nội",way:ce0f33c15f4e5da8d5e000f68bd585d81c284dc74ed3fedfe05223fd6ec9b73b,Bac,cu
node,6543905528,54,Ngô Quyền,Tân An,Ninh Kiều,Cần Thơ,"54, Ngô Quyền, Tân An, Ninh Kiều, Cần Thơ","node:10.0353754,105.7848984",Nam,cu
node,12765645731,57,Đường Trần Hưng Đạo,Phường Tiền Ninh Vệ,Thành phố Bắc Ninh,Bắc Ninh,"57, Đường Trần Hưng Đạo, Phường Tiền Ninh Vệ, Thành phố Bắc Ninh, Bắc Ninh","node:21.1809142,106.0645386",Bac,cu
way,1117551921,25,Ngõ 61 Phạm Tuấn Tài,Phường Cổ Nhuế 1,Quận Bắc Từ Liêm,Hà Nội,"25, Ngõ 61 Phạm Tuấn Tài, Phường Cổ Nhuế 1, Quận Bắc Từ Liêm, Hà Nội",way:0b691d885f7b1aa3de60fd72bc313ed13e1b0a3810d0a4e425584cecfae3292e,Bac,cu
way,1153420706,77,Đường Trần Quốc Thảo,Phường 7,Quận 3,Thành Phố Hồ Chí Minh,"77, Đường Trần Quốc Thảo, Phường 7, Quận 3, Thành Phố Hồ Chí Minh",way:576e4d57cd4dc91fdb12cb1ea9d8fdfd7d2aa535f1a41390b07ca7e7a680f2c3,Nam,cu
node,11569613662,18,Ngõ 1 Phạm Tuấn Tài,Phường Dịch Vọng Hậu,Quận Cầu Giấy,Hà Nội,"18, Ngõ 1 Phạm Tuấn Tài, Phường Dịch Vọng Hậu, Quận Cầu Giấy, Hà Nội","node:21.0427002,105.7856445",Bac,cu
way,1339005915,3,Đường Nguyễn Gia Thiều,Phường Suối Hoa,Thành phố Bắc Ninh,Bắc Ninh,"3, Đường Nguyễn Gia Thiều, Phường Suối Hoa, Thành phố Bắc Ninh, Bắc Ninh",way:6087cabf886b03aa184e77f4800dfa421a6ba74b55d5c344a55afa7c0b3f57cb,Bac,cu
node,10736286030,127,Hàm Nghi,Phường Nguyễn Thái Bình,Quận 1,Thành phố Hồ Chí Minh,"127, Hàm Nghi, Phường Nguyễn Thái Bình, Quận 1, Thành phố Hồ Chí Minh","node:10.7707914,106.7003549",Bac,cu
node,5349533185,87,Bành Văn Trân,Phường 7,Quận Tân Bình,Thành phố Hồ Chí Minh,"87, Bành Văn Trân, Phường 7, Quận Tân Bình, Thành phố Hồ Chí Minh","node:10.7883148,106.6588730",Nam,cu
way,565803547,11,Phố Chu Văn An,Phường Điện Biên,Quận Ba Đình,Hà Nội,"11, Phố Chu Văn An, Phường Điện Biên, Quận Ba Đình, Hà Nội",way:25ec073214ed72cb82fe4b173b9af0b0a63fc3312c601baab2af149d44bee5c2,Bac,cu
way,961620944,2,Lê Đình Thụ,Tân Thành,Tân Phú,Hồ Chí Minh,"2, Lê Đình Thụ, Tân Thành, Tân Phú, Hồ Chí Minh",way:9fba45c715e513c1f6ff5c0e61a647f0660d425e7bac3ac25f596c3628dfb78d,Nam,cu
way,1242728711,3,Ngách 61/6 Phạm Tuấn Tài,Phường Cổ Nhuế 1,Quận Bắc Từ Liêm,Hà Nội,"3, Ngách 61/6 Phạm Tuấn Tài, Phường Cổ Nhuế 1, Quận Bắc Từ Liêm, Hà Nội",way:af358b94c8d9855054641c16f5659243dc51a2ee70a53cc1b4cf087efb94df53,Bac,cu
way,957527738,2B,Đường Quang Trung,Yết Kiêu,Hà Đông,Hà Nội,"2B, Đường Quang Trung, Yết Kiêu, Hà Đông, Hà Nội",way:fc0654143a188312d7e2a21f469d328347a6940befdb7d652b4ba00c1415b66c,Bac,cu
way,599955940,2,Hòa Khê,Hòa Sơn,Hòa Vang,Đà Nẵng,"2, Hòa Khê, Hòa Sơn, Hòa Vang, Đà Nẵng",way:18984db6dcc3ef87d282990a7b0122628e6e21bd78597706c4c8a8ae96a1f0bf,Trung,cu
way,961616522,837,Đường Tỉnh Lộ 10,Bình Trị Đông B,Bình Tân,Hồ Chí Minh,"837, Đường Tỉnh Lộ 10, Bình Trị Đông B, Bình Tân, Hồ Chí Minh",way:7d689b55c39faa38094677c2b5e5a079b9e7e0bb0a1c775263d9a0aa8bbf95a8,Nam,cu
node,11568907803,44,Phố Đặng Thùy Trâm,Phường Dịch Vọng Hậu,Quận Cầu Giấy,Hà Nội,"44, Phố Đặng Thùy Trâm, Phường Dịch Vọng Hậu, Quận Cầu Giấy, Hà Nội","node:21.0438221,105.7857489",Bac,cu
node,11633344448,66,Đường Long Biên 1,Ngọc Lâm,Long Biên,Hà Nội,"66, Đường Long Biên 1, Ngọc Lâm, Long Biên, Hà Nội","node:21.0455612,105.8685899",Bac,cu
way,1308407783,75,Phố Bà Triệu,Nguyễn Du,Hai Bà Trưng,Hà Nội,"75, Phố Bà Triệu, Nguyễn Du, Hai Bà Trưng, Hà Nội",way:f34b6757065edc3a247ab5c356dd0f35bae119445f8c4700f07d1cf101c33943,Bac,cu
way,582758218,9,Ngô Gia Tự,đức giang,Long biên,Hà Nội,"9, Ngô Gia Tự, đức giang, Long biên, Hà Nội",way:8a64f1b126785c43bdb6b0eb78907539c5586e015bbb5cda8b1f59b989d261fc,Bac,cu
way,582751693,11,Ngách 4/3 Ô Cách,Đức Giang,Long Biên,Hà Nội,"11, Ngách 4/3 Ô Cách, Đức Giang, Long Biên, Hà Nội",way:068d664843fb871cfb91c6b85eca7575ec491858a60aeccf670dff3106b979de,Bac,cu
way,1163872122,52,Đường Thụy Khuê,Thụy Khuê,Tây Hồ,Hà Nội,"52, Đường Thụy Khuê, Thụy Khuê, Tây Hồ, Hà Nội",way:2e6e3cafc96cfdf750ef33abb9b3c0bec1e1afda896dbe61412a413579f70455,Bac,cu
way,1242956567,80,Ngõ 1 Phạm Tuấn Tài,Phường Dịch Vọng Hậu,Quận Cầu Giấy,Hà Nội,"80, Ngõ 1 Phạm Tuấn Tài, Phường Dịch Vọng Hậu, Quận Cầu Giấy, Hà Nội",way:edc1227163f956e7c7bf733b8049e392cd1ec4497d52dcaed74f203ef2560e0c,Bac,cu
way,582105485,148,Ngô Gia Tự,Đức Giang,Long Biên,Hà Nội,"148, Ngô Gia Tự, Đức Giang, Long Biên, Hà Nội",way:5a0881351239648d8b835b395e2c09b8d9f0e4823ebb99209cb99e340bdb061e,Bac,cu
node,3800422189,297,Phố Trung Kính,Yên hòa,Cầu giấy,Hà nội,"297, Phố Trung Kính, Yên hòa, Cầu giấy, Hà nội","node:21.0210297,105.7911881",Bac,cu
node,7016167904,413,Hoàng Văn Thụ,2,Tân Bình,Thành phố Hồ Chí Minh,"413, Hoàng Văn Thụ, 2, Tân Bình, Thành phố Hồ Chí Minh","node:10.7993111,106.6599987",Nam,cu
node,11422108874,2,Phố Chu Văn An,Phường Điện Biên,Quận Ba Đình,Hà Nội,"2, Phố Chu Văn An, Phường Điện Biên, Quận Ba Đình, Hà Nội","node:21.0346817,105.8365833",Bac,cu
node,11351081424,NT21-15,Ngọc Trai 21,Đa Tốn,Gia Lâm,Hà Nội,"NT21-15, Ngọc Trai 21, Đa Tốn, Gia Lâm, Hà Nội","node:20.9972029,105.9461381",Bac,cu
node,12765645737,164,Đường Hai Bà Trưng,Phường Tiền Ninh Vệ,Thành phố Bắc Ninh,Bắc Ninh,"164, Đường Hai Bà Trưng, Phường Tiền Ninh Vệ, Thành phố Bắc Ninh, Bắc Ninh","node:21.1793692,106.0686333",Bac,cu
way,1229638771,12,Tân Hải,Phường 13,Tân Bình,TP. Hồ Chí Minh,"12, Tân Hải, Phường 13, Tân Bình, TP. Hồ Chí Minh",way:a8071a72fd327c77f3b9288093daa247b9be818fb6f6940007c4468e003f2197,Nam,cu
way,1253915762,73,Đường Xuân Thủy,Phường Dịch Vọng Hậu,Quận Cầu Giấy,Hà Nội,"73, Đường Xuân Thủy, Phường Dịch Vọng Hậu, Quận Cầu Giấy, Hà Nội",way:ead27a62cf25df035ac00233f62dda8ea830ab4ef78fb09089ecfac73f697a63,Bac,cu
way,1118648835,38,Phố Đặng Thùy Trâm,Phường Cổ Nhuế 1,Quận Bắc Từ Liêm,Hà Nội,"38, Phố Đặng Thùy Trâm, Phường Cổ Nhuế 1, Quận Bắc Từ Liêm, Hà Nội",way:6903a34b057159978644ede93bc01dff7b36eae084d8d4deaf01db46c73b700c,Bac,cu
way,1241432288,116,Phố Bùi Thị Xuân,Nguyễn Du,Hai Bà Trưng,Hà Nội,"116, Phố Bùi Thị Xuân, Nguyễn Du, Hai Bà Trưng, Hà Nội",way:2111a20913bb9328d4d2d6cebe91e33d14b10ee06974ad369d1fff3387c2434f,Bac,cu
way,1230610851,57,Phố Trần Phú,Phường Điện Biên,Quận Ba Đình,Hà Nội,"57, Phố Trần Phú, Phường Điện Biên, Quận Ba Đình, Hà Nội",way:ef90744d6e02e3491322d54724f62e8de034431967483f25e9f14150f2b9ecf5,Bac,cu
way,1335865099,Lô P4 A,Đường Trung Tâm,Long Hậu Ward,Huyện Cần Giuộc,Long An,"Lô P4 A, Đường Trung Tâm, Long Hậu Ward, Huyện Cần Giuộc, Long An",way:205b72575bf538049d1f6ca8e656ae78104f413e68786a00d07e3739842fea6e,Nam,cu
node,8993441669,B5-23,đường số 4,KDT Ngọc Bảo Viên,Chánh Lộ,Quảng Ngãi,"B5-23, đường số 4, KDT Ngọc Bảo Viên, Chánh Lộ, Quảng Ngãi","node:15.1105813,108.8014781",Trung,cu
way,1242752812,50,Phố Đặng Thùy Trâm,Phường Dịch Vọng Hậu,Quận Cầu Giấy,Hà Nội,"50, Phố Đặng Thùy Trâm, Phường Dịch Vọng Hậu, Quận Cầu Giấy, Hà Nội",way:e40f6e5c333ef4fdb66eb71b7e14e92df74f4b4566c58f2a9f528ea2925da49e,Bac,cu
way,1206542697,38,Ngách 5/4 Hoàng Quốc Việt,Phường Nghĩa Đô,Quận Cầu Giấy,Hà Nội,"38, Ngách 5/4 Hoàng Quốc Việt, Phường Nghĩa Đô, Quận Cầu Giấy, Hà Nội",way:9648106158af5421c3c836824cb7e5baf5125b6ba1f40b67884f2906a75fc0a6,Bac,cu
way,581446466,19,422/14/10,đức giang,Long biên,Hà Nội,"19, 422/14/10, đức giang, Long biên, Hà Nội",way:00e376dff0d802282169a8b9952c7c4b7a62afe87fa1c194080e309be6638dcc,Bac,cu
node,12956796207,25,Đường Thành Bắc,Phường Tiền Ninh Vệ,Thành phố Bắc Ninh,Bắc Ninh,"25, Đường Thành Bắc, Phường Tiền Ninh Vệ, Thành phố Bắc Ninh, Bắc Ninh","node:21.1794223,106.0578291",Bac,cu
way,1223678209,NT16-06,Ngọc Trai 16,Đa Tốn,Gia Lâm,Hà Nội,"NT16-06, Ngọc Trai 16, Đa Tốn, Gia Lâm, Hà Nội",way:a08f886eeb8201c6591dd4355de77bc45425666fa83b237d1ecfff9b5970ccab,Bac,cu
way,231049358,76,Phố Yên Phụ,Yên Phụ,Tây Hồ,Hà Nội,"76, Phố Yên Phụ, Yên Phụ, Tây Hồ, Hà Nội",way:11e3b19df2437964d9742e8c145761804056405d7fb30f90db3c78be70f6d193,Bac,cu
way,1119995678,231,Phố Trần Quốc Hoàn,Phường Dịch Vọng Hậu,Quận Cầu Giấy,Hà Nội,"231, Phố Trần Quốc Hoàn, Phường Dịch Vọng Hậu, Quận Cầu Giấy, Hà Nội",way:2cfc2f82a7fb814b72d193950ac70fe647cec1c09bd1aecdf8ffac50993742db,Bac,cu
node,12094871161,05,Đường Nội Khu Mỹ Phú 3A,Tân Phú,Quận 7,Thành phố Hồ Chí Minh,"05, Đường Nội Khu Mỹ Phú 3A, Tân Phú, Quận 7, Thành phố Hồ Chí Minh","node:10.7159451,106.7286939",Nam,cu
way,1033748998,4,Đường số 13,Bình Trị Đông B,Bình Tân,Hồ Chí Minh,"4, Đường số 13, Bình Trị Đông B, Bình Tân, Hồ Chí Minh",way:b7b18de34a83de2dafefea59d00c945eed7c68c1c1fdf42cf35f6cc47004603f,Nam,cu
node,7913850769,412,Nguyễn Thị Minh Khai,Phường 5,Quận 3,Thành phố Hồ Chí Minh,"412, Nguyễn Thị Minh Khai, Phường 5, Quận 3, Thành phố Hồ Chí Minh","node:10.7711450,106.6867722",Nam,cu
way,1236943102,107,Phố Bùi Thị Xuân,Nguyễn Du,Hai Bà Trưng,Hà Nội,"107, Phố Bùi Thị Xuân, Nguyễn Du, Hai Bà Trưng, Hà Nội",way:18c93e865817d16b6d0df83683ee174713a84789915c61bdd6426bc00ad16307,Bac,cu
way,708562665,86,Đường Phùng Hưng,Phúc La,Hà Đông,Hà Nội,"86, Đường Phùng Hưng, Phúc La, Hà Đông, Hà Nội",way:ef80e7c3efb6aa983ccbca69c087e87c9dfed718637435d9a85298a293ea7696,Bac,cu
way,863234970,19,Phố Hàng Bài,Hàng Bài,Hoàn Kiếm,Hà Nội,"19, Phố Hàng Bài, Hàng Bài, Hoàn Kiếm, Hà Nội",way:0f8c37a0038e4aabba95a539e5730fb71e6c59cf57091d15f1670df9467cc646,Bac,cu
way,750405764,10,Phổ Quang,Phường 2,Tân Bình,Thành phố Hồ Chí Minh,"10, Phổ Quang, Phường 2, Tân Bình, Thành phố Hồ Chí Minh",way:7b9685330bb002e5245736d38b2666c93d72fc26740e4fc6ef73032e30d125a3,Nam,cu
way,581436797,2A,Ngách 4/5 Ô Cách,Đức Giang,Long Biên,Hà Nội,"2A, Ngách 4/5 Ô Cách, Đức Giang, Long Biên, Hà Nội",way:cfcbbae58fca4f23b1e4f9f859f75d38d34492b8c3c95c2bc001038d808803ab,Bac,cu
way,1242752850,11,Ngõ 50 Đặng Thùy Trâm,Phường Dịch Vọng Hậu,Quận Cầu Giấy,Hà Nội,"11, Ngõ 50 Đặng Thùy Trâm, Phường Dịch Vọng Hậu, Quận Cầu Giấy, Hà Nội",way:8d18b587b25142631ff1e15b6a0838a97ac89242cb5716063c3a195ed7208192,Bac,cu
node,8447602010,305,Đường Cổ Nhuế,Cổ Nhuế 2,Bắc Từ Liêm,Hà Nội,"305, Đường Cổ Nhuế, Cổ Nhuế 2, Bắc Từ Liêm, Hà Nội","node:21.0648221,105.7794184",Bac,cu
way,493222440,45,Trường Sơn,Phường 2,Tân Bình,Thành phố Hồ Chí Minh,"45, Trường Sơn, Phường 2, Tân Bình, Thành phố Hồ Chí Minh",way:c3eacbe1e323845586ca4b3ca001a4e7250fb5dab18f32daa8be83989389e3e7,Nam,cu
node,10261572486,28,Ngõ 33 Phan Văn Trường,Dịch Vọng Hậu,Cầu Giấy,Hà Nội,"28, Ngõ 33 Phan Văn Trường, Dịch Vọng Hậu, Cầu Giấy, Hà Nội","node:21.0389060,105.7854899",Bac,cu
node,10248628306,34,Đường Đặng Thùy Trâm,Phường Cổ Nhuế 1,Quận Bắc Từ Liêm,Hà Nội,"34, Đường Đặng Thùy Trâm, Phường Cổ Nhuế 1, Quận Bắc Từ Liêm, Hà Nội","node:21.0443588,105.7850966",Bac,cu
way,582105450,186,Ngô Gia Tự,Đức Giang,Long Biên,Hà Nội,"186, Ngô Gia Tự, Đức Giang, Long Biên, Hà Nội",way:31550e8116f8faad73b8952474ea89078525ad38886f3d450677bcb8a7732f50,Bac,cu
node,11775022402,1,Phố Trịnh Hoài Đức,Phường Cát Linh,Quận Đống Đa,Hà Nội,"1, Phố Trịnh Hoài Đức, Phường Cát Linh, Quận Đống Đa, Hà Nội","node:21.0311558,105.8328290",Bac,cu
node,12108828824,42,Đường Số 19,Phường Tân Phú,Quận 7,Thành phố Hồ Chí Minh,"42, Đường Số 19, Phường Tân Phú, Quận 7, Thành phố Hồ Chí Minh","node:10.7196289,106.7287233",Nam,cu
node,4686528005,44,Hải Triều,Quán Toan,Hồng Bàng,Hải Phòng,"44, Hải Triều, Quán Toan, Hồng Bàng, Hải Phòng","node:20.8950059,106.6045993",Bac,cu
node,7896403978,5,Xuân Hồng,Phường 4,Tân Bình,Thành phố Hồ Chí Minh,"5, Xuân Hồng, Phường 4, Tân Bình, Thành phố Hồ Chí Minh","node:10.7939599,106.6518789",Nam,cu
node,5304318808,113a,Đường Nguyễn Huệ,"Long Mỹ, xã Long Thành Bắc",huyện Hòa Thành,tỉnh Tây Ninh,"113a, Đường Nguyễn Huệ, Long Mỹ, xã Long Thành Bắc, huyện Hòa Thành, tỉnh Tây Ninh","node:11.2907634,106.1316269",Nam,cu
node,7287589654,104,Đường Hoàng Kế Viêm,Bắc Mỹ Phú,Ngũ Hành Sơn,Đà Nẵng,"104, Đường Hoàng Kế Viêm, Bắc Mỹ Phú, Ngũ Hành Sơn, Đà Nẵng","node:16.0490982,108.2449539",Trung,cu
way,915115703,18,Kha Vạn Cân,An Bình,Dĩ An,Bình Dương,"18, Kha Vạn Cân, An Bình, Dĩ An, Bình Dương",way:bc8ef02a64491406d701530f2c83255091bb04de822d719fa6219c1c9b838b7e,Nam,cu
way,1214358079,120,Đường Lê Duẩn,Cửa Nam,Hoàn Kiếm,Hà Nội,"120, Đường Lê Duẩn, Cửa Nam, Hoàn Kiếm, Hà Nội",way:916f00fa0904831d06fbb959509d9f166e71d2d487eb6a4b8ab0ec2f73371a96,Bac,cu
node,11572113161,21,Ngõ 2 Phạm Tuấn Tài,Phường Dịch Vọng Hậu,Quận Cầu Giấy,Hà Nội,"21, Ngõ 2 Phạm Tuấn Tài, Phường Dịch Vọng Hậu, Quận Cầu Giấy, Hà Nội","node:21.0420744,105.7867854",Bac,cu
way,1220198578,14/3,Hẻm 304,Hưng Lợi,Ninh Kiều,Cần Thơ,"14/3, Hẻm 304, Hưng Lợi, Ninh Kiều, Cần Thơ",way:ca203755db18f8d2c0ab2576b9f68c4a9366b55f455e989c7bd47ce387ec7afa,Nam,cu
node,12360655977,19,Cao Bá Nhạ,Phường Nguyễn Cư Trinh,Quận 1,Thành phố Hồ Chí Minh,"19, Cao Bá Nhạ, Phường Nguyễn Cư Trinh, Quận 1, Thành phố Hồ Chí Minh","node:10.7628447,106.6901652",Nam,cu
node,8357405570,391,Đường Hoàng Tăng Bí,Thụy Phương,Từ Liêm,Hà Nội,"391, Đường Hoàng Tăng Bí, Thụy Phương, Từ Liêm, Hà Nội","node:21.0833527,105.7736374",Bac,cu
node,11629836121,22,Ngõ 61 Phạm Tuấn Tài,Phường Cổ Nhuế 1,Quận Bắc Từ Liêm,Hà Nội,"22, Ngõ 61 Phạm Tuấn Tài, Phường Cổ Nhuế 1, Quận Bắc Từ Liêm, Hà Nội","node:21.0453378,105.7855047",Bac,cu
node,11598930304,115,Phố Bà Triệu,Nguyễn Du,Hai Bà Trưng,Hà Nội,"115, Phố Bà Triệu, Nguyễn Du, Hai Bà Trưng, Hà Nội","node:21.0158976,105.8493764",Bac,cu
node,7656161638,199/14B,Hẻm 199 đường 3/2,11,10,Hồ CHí Minh,"199/14B, Hẻm 199 đường 3/2, 11, 10, Hồ CHí Minh","node:10.7712770,106.6746279",Nam,cu
way,995107054,315,Đường Nguyễn Thị Đinh,Bình Trưng Tây,TP. Thủ Đức,TP. Hồ Chí Minh,"315, Đường Nguyễn Thị Đinh, Bình Trưng Tây, TP. Thủ Đức, TP. Hồ Chí Minh",way:fae5c5eee0006b430ec2c7020977fcd90041339ce72f99c79ac5b1ee379a0c6f,Nam,cu
way,1287488569,Số 4,Ngõ 38 Yên Lãng,Láng Hạ,Đống Đa,Hà Nội,"Số 4, Ngõ 38 Yên Lãng, Láng Hạ, Đống Đa, Hà Nội",way:2a591a63a4f8d42e0b132325bfd972f77fb72c43f1a6d56b5f1121936d33ba6f,Bac,cu
node,11777689743,189,Trần Bình Trọng,Phường 03,Quận 5,Thành phố Hồ Chí Minh,"189, Trần Bình Trọng, Phường 03, Quận 5, Thành phố Hồ Chí Minh","node:10.7587416,106.6803655",Nam,cu
way,1223678205,NT17-08,Ngọc Trai 17,Đa Tốn,Gia Lâm,Hà Nội,"NT17-08, Ngọc Trai 17, Đa Tốn, Gia Lâm, Hà Nội",way:2444a3b3b0b76db555d2bca27049e850e16500dd48a440797c1388f21c17aa73,Bac,cu
node,995391083,24,Phố Tông Đản,Tràng Tiền,Hoàn Kiếm,Hà Nội,"24, Phố Tông Đản, Tràng Tiền, Hoàn Kiếm, Hà Nội","node:21.0255087,105.8579872",Bac,cu
way,1301591133,31,Ngõ 28 Ông Ích Khiêm,Phường Điện Biên,Quận Ba Đình,Hà Nội,"31, Ngõ 28 Ông Ích Khiêm, Phường Điện Biên, Quận Ba Đình, Hà Nội",way:cda09b12cc2079a3b8441c7377958caeb9a10a42e2f838f8d01c7e1e688d55b9,Bac,cu
way,1243689759,5,Ngách 133/22 Nguyễn Phong Sắc,Phường Nghĩa Tân,Quận Cầu Giấy,Hà Nội,"5, Ngách 133/22 Nguyễn Phong Sắc, Phường Nghĩa Tân, Quận Cầu Giấy, Hà Nội",way:4675c17b5e2e839bf99f2952a1e0d7a8622ebdfe289b070e99a64704f2e805bb,Bac,cu
node,12902515442,164,Đường Lê Phụng Hiểu,Phường Tiền Ninh Vệ,Thành phố Bắc Ninh,Bắc Ninh,"164, Đường Lê Phụng Hiểu, Phường Tiền Ninh Vệ, Thành phố Bắc Ninh, Bắc Ninh","node:21.1863733,106.0581752",Bac,cu
node,7934205166,112,Hiền Vương,Phú Thạnh,Tân Phú,Hồ Chí Minh,"112, Hiền Vương, Phú Thạnh, Tân Phú, Hồ Chí Minh","node:10.7814551,106.6265485",Nam,cu
node,11119560780,93,Tân Châu-Tân Thành,Tân Thành,Tân Châu,Tây Ninh,"93, Tân Châu-Tân Thành, Tân Thành, Tân Châu, Tây Ninh","node:11.5144634,106.2923985",Nam,cu
way,1381386786,84,Đường Đấu Mã,Phường Thị Cầu,Thành phố Bắc Ninh,Bắc Ninh,"84, Đường Đấu Mã, Phường Thị Cầu, Thành phố Bắc Ninh, Bắc Ninh",way:5c2f9b13d49a1012ef9c917c43fbec76b56c328263f02fd3e0c170111b63d80a,Bac,cu
node,12960801878,32,Đường Hoàng Quốc Việt,Phường Thị Cầu,Thành phố Bắc Ninh,Bắc Ninh,"32, Đường Hoàng Quốc Việt, Phường Thị Cầu, Thành phố Bắc Ninh, Bắc Ninh","node:21.1933275,106.0831092",Bac,cu
way,1210208315,20,Ngách 234/1 Hoàng Quốc Việt,Phường Cổ Nhuế 1,Quận Bắc Từ Liêm,Hà Nội,"20, Ngách 234/1 Hoàng Quốc Việt, Phường Cổ Nhuế 1, Quận Bắc Từ Liêm, Hà Nội",way:fa389f49da0b67d874745eaba7d081f2a3fa74b2406c2519f1cea684dbb4d2c0,Bac,cu
way,898234057,Xóm 18,Đường Cổ Nhuế,Cổ Nhuế,Bắc Từ Liêm,Hà Nội,"Xóm 18, Đường Cổ Nhuế, Cổ Nhuế, Bắc Từ Liêm, Hà Nội",way:cfa31f6ddcf057f53730adaafc0093ff0a3be1a7ea49e0abdf51b987dbaeec90,Bac,cu
way,1211530670,6,Ngõ 238 Hoàng Quốc Việt,Phường Cổ Nhuế 1,Quận Bắc Từ Liêm,Hà Nội,"6, Ngõ 238 Hoàng Quốc Việt, Phường Cổ Nhuế 1, Quận Bắc Từ Liêm, Hà Nội",way:981df3f1c75984e99c5a1995722f5374de329896375c327bcc07837d23f506c1,Bac,cu
way,1301699234,11A,Phố Ngọc Hà,Phường Đội Cấn,Quận Ba Đình,Hà Nội,"11A, Phố Ngọc Hà, Phường Đội Cấn, Quận Ba Đình, Hà Nội",way:7b1394e4228ab4dae5f11e077ac2bd3b2c03367ac93226fd3e4148dd2a17090b,Bac,cu
way,1219668272,13,Khu dân cư số 9,Xuân Khánh,Ninh Kiều,Cần Thơ,"13, Khu dân cư số 9, Xuân Khánh, Ninh Kiều, Cần Thơ",way:ba97d9434e2bae2ec6b23da68bf6fcfeb86d0a5f8d608a3e9e9588748799281f,Nam,cu
way,1122849211,74,Phố Trần Thái Tông,Phường Dịch Vọng Hậu,Quận Cầu Giấy,Hà Nội,"74, Phố Trần Thái Tông, Phường Dịch Vọng Hậu, Quận Cầu Giấy, Hà Nội",way:d756119df9405b943e95681175773fab608fbe11b5e7ce6e096ae741d3974629,Bac,cu
way,582757849,9,hẻm 53/81/3,Đức giang,Long biên,Hà Nội,"9, hẻm 53/81/3, Đức giang, Long biên, Hà Nội",way:2c303dc6d65fa3a246aacb63a7481a5578e6dad0fca0bba8c3e50ec19d03c374,Bac,cu
node,11372798745,SH02-07,San Hô 2,Đa Tốn,Gia Lâm,Hà Nội,"SH02-07, San Hô 2, Đa Tốn, Gia Lâm, Hà Nội","node:20.9902238,105.9497287",Bac,cu
node,12959529649,23,Ngõ 425 Đường Hoàng Quốc Việt,Phường Đáp Cầu,Thành phố Bắc Ninh,Bắc Ninh,"23, Ngõ 425 Đường Hoàng Quốc Việt, Phường Đáp Cầu, Thành phố Bắc Ninh, Bắc Ninh","node:21.1994443,106.0934503",Bac,cu
way,1210477010,4,Ngách 238/29 Hoàng Quốc Việt,Phường Cổ Nhuế 1,Quận Bắc Từ Liêm,Hà Nội,"4, Ngách 238/29 Hoàng Quốc Việt, Phường Cổ Nhuế 1, Quận Bắc Từ Liêm, Hà Nội",way:b9e7f95c0806b0f26648ff8cbd35daeb6756bcb130c97b3b80c3feb74a9e9727,Bac,cu
way,1368997054,21,Kênh Nước Đen,Bình Hưng Hoà A,Bình Tân,Hồ Chí Minh,"21, Kênh Nước Đen, Bình Hưng Hoà A, Bình Tân, Hồ Chí Minh",way:b92e5c4a69af060b18810654d28d3d85f780534e168e5b9017540e7044dccf6b,Nam,cu
node,6746108497,Tầng G3 Toà Nhà B4,Phố Phạm Ngọc Thạch,Kim Liên,Đống Đa,Hà Nội,"Tầng G3 Toà Nhà B4, Phố Phạm Ngọc Thạch, Kim Liên, Đống Đa, Hà Nội","node:21.0083245,105.8342788",Bac,cu
node,11697674109,1A,Phố Thái Phiên,Phố Huế,Hai Bà Trưng,Hà Nội,"1A, Phố Thái Phiên, Phố Huế, Hai Bà Trưng, Hà Nội","node:21.0103852,105.8512738",Bac,cu
node,5349533163,851/2,Hẻm 851 Cách mạng tháng 8,Phường 7,Quận Tân Bình,Thành phố Hồ Chí Minh,"851/2, Hẻm 851 Cách mạng tháng 8, Phường 7, Quận Tân Bình, Thành phố Hồ Chí Minh","node:10.7887246,106.6605923",Nam,cu
node,993196996,36,Đường Trần Hưng Đạo,Phường Phố Mới,Thị xã Quế Võ,Bắc Ninh,"36, Đường Trần Hưng Đạo, Phường Phố Mới, Thị xã Quế Võ, Bắc Ninh","node:21.1539715,106.1480254",Bac,cu
way,1110289844,7,Đường số 4A,Phong Phú,Bình Chánh,Hồ Chí Minh,"7, Đường số 4A, Phong Phú, Bình Chánh, Hồ Chí Minh",way:653759ccac8344f82375c2335574cd96f4066eb0c5f0d46894d2886015a64815,Nam,cu
node,12114066137,03,Đường Mỹ Phú 1B,Phường Tân Phú,Quận 7,Thành phố Hồ Chí Minh,"03, Đường Mỹ Phú 1B, Phường Tân Phú, Quận 7, Thành phố Hồ Chí Minh","node:10.7173178,106.7268167",Nam,cu
way,914126563,1,Phố Cầu Bây,Sài Đồng,Long Biên,Hà Nội,"1, Phố Cầu Bây, Sài Đồng, Long Biên, Hà Nội",way:2dbc679ea1dd2db704ebde6aa3f0b2ebf7a7c45c31fc2a5af94610f80ae209cb,Bac,cu
node,10799419110,517,Đồng Khởi,Phú Khương,Bến Tre,Bến Tre,"517, Đồng Khởi, Phú Khương, Bến Tre, Bến Tre","node:10.2510936,106.3727347",Nam,cu
node,11299136756,422,Phố Xã Đàn,Nam Đồng,Đống Đa,Hà Nội,"422, Phố Xã Đàn, Nam Đồng, Đống Đa, Hà Nội","node:21.0156784,105.8331390",Bac,cu
way,1210488391,16,Ngách 238/25 Hoàng Quốc Việt,Phường Cổ Nhuế 1,Quận Bắc Từ Liêm,Hà Nội,"16, Ngách 238/25 Hoàng Quốc Việt, Phường Cổ Nhuế 1, Quận Bắc Từ Liêm, Hà Nội",way:7b1446637edbf3d66d6a64ea377aabe463a43591bd925f4990dee91b56db7eab,Bac,cu
way,933939411,7,Đường Lê Văn Hiến,Đức Thắng,Bắc Từ Liêm,Hà Nội,"7, Đường Lê Văn Hiến, Đức Thắng, Bắc Từ Liêm, Hà Nội",way:101f839be42f0e7450e2ee0768ffb964bd92b7fe6d0f25ba6465143b494c9e17,Bac,cu
node,11347083332,145/1/17,Đỗ Xuân Hợp,Phước Long B,Thủ Đức,Hồ Chí Minh,"145/1/17, Đỗ Xuân Hợp, Phước Long B, Thủ Đức, Hồ Chí Minh","node:10.8290189,106.7691812",Nam,cu
node,12094871171,04,Đường Nội Khu Mỹ Phú 3B,Tân Phú,Quận 7,Thành phố Hồ Chí Minh,"04, Đường Nội Khu Mỹ Phú 3B, Tân Phú, Quận 7, Thành phố Hồ Chí Minh","node:10.7157937,106.7288535",Nam,cu
node,12898560075,86,Đường Hai Bà Trưng,Phường Suối Hoa,Thành phố Bắc Ninh,Bắc Ninh,"86, Đường Hai Bà Trưng, Phường Suối Hoa, Thành phố Bắc Ninh, Bắc Ninh","node:21.1830187,106.0726404",Bac,cu
way,1243087994,15,Ngõ 2 Đặng Thùy Trâm,Phường Cổ Nhuế 1,Quận Bắc Từ Liêm,Hà Nội,"15, Ngõ 2 Đặng Thùy Trâm, Phường Cổ Nhuế 1, Quận Bắc Từ Liêm, Hà Nội",way:5e0086968e5c1e00977991b95bfb3f87f13d3ee62fd00703117a443527322d29,Bac,cu
way,821395356,175,Phố Tây Sơn,Trung Liệt,Đống Đa,Hà Nội,"175, Phố Tây Sơn, Trung Liệt, Đống Đa, Hà Nội",way:29b1235533654f5721e03f135b68c4343d6f1d1e2b5e85e1ea20b0e4234d0bb4,Bac,cu
node,11299136725,436,Phố Xã Đàn,Nam Đồng,Đống Đa,Hà Nội,"436, Phố Xã Đàn, Nam Đồng, Đống Đa, Hà Nội","node:21.0159619,105.8328411",Bac,cu
node,8363307405,526,Cổ nhuế,Cổ Nhuế,Bắc Từ Liêm,Hà Nội,"526, Cổ nhuế, Cổ Nhuế, Bắc Từ Liêm, Hà Nội","node:21.0711458,105.7772687",Bac,cu
way,699752876,294,Đường Võ Nguyên Giáp,Mỹ An,Ngũ Hành Sơn,Đà Nẵng,"294, Đường Võ Nguyên Giáp, Mỹ An, Ngũ Hành Sơn, Đà Nẵng",way:945d5172f207b11dd7343e1b89e80e02f2cf5fe16f5bb8aa56a7b72e4c828477,Trung,cu
way,1301707636,5,Phố Ngọc Hà,Phường Đội Cấn,Quận Ba Đình,Hà Nội,"5, Phố Ngọc Hà, Phường Đội Cấn, Quận Ba Đình, Hà Nội",way:7e770adda63338c4626023cba57b54b88e0b8e40d990de49903cf329ea39b1af,Bac,cu
node,6688293360,370,Đường Nguyễn Trãi,Thanh Xuân Trung,Thanh Xuân,Hà Nội,"370, Đường Nguyễn Trãi, Thanh Xuân Trung, Thanh Xuân, Hà Nội","node:20.9943485,105.8067668",Bac,cu
way,991653241,45,Đường Trịnh Khắc Lập,phường Thạnh Mỹ Lợi,TP. Thủ Đức,TP. Hồ Chí Minh,"45, Đường Trịnh Khắc Lập, phường Thạnh Mỹ Lợi, TP. Thủ Đức, TP. Hồ Chí Minh",way:92a6442072f6c25fe71f4140247dc4d135be2753f92bad82a541a8f592c926f6,Nam,cu
node,12769479487,73,Đường Trần Hưng Đạo,Phường Đại Phúc,Thành phố Bắc Ninh,Bắc Ninh,"73, Đường Trần Hưng Đạo, Phường Đại Phúc, Thành phố Bắc Ninh, Bắc Ninh","node:21.1756152,106.0775572",Bac,cu
way,358051927,273,Nguyễn Văn Trỗi,Phường 10,Phú Nhuận,Hồ Chí Minh,"273, Nguyễn Văn Trỗi, Phường 10, Phú Nhuận, Hồ Chí Minh",way:9c5230402bc60976ffb9551d28d3b46854abf70b46b3ce4e8a20cd1dbba8b8bf,Nam,cu
way,860721515,657,Đường Lạc Long Quân,Xuân La,Tây Hồ,Hà Nội,"657, Đường Lạc Long Quân, Xuân La, Tây Hồ, Hà Nội",way:d7df06e8589f77ee6e62e6c85890473736864d8a570222813b8b080877d0192a,Bac,cu
node,6543958552,138C,Lý Tự Trọng,An Cư,Ninh Kiều,Cần Thơ,"138C, Lý Tự Trọng, An Cư, Ninh Kiều, Cần Thơ","node:10.0334716,105.7810578",Nam,cu
node,11649543051,79A,Phố Triệu Việt Vương,Nguyễn Du,Hai Bà Trưng,Hà Nội,"79A, Phố Triệu Việt Vương, Nguyễn Du, Hai Bà Trưng, Hà Nội","node:21.0154445,105.8505041",Bac,cu
way,409093413,13,Lê Thánh Tôn,Bến Nghé,Quận 1,Thành Phố Hồ Chí Minh,"13, Lê Thánh Tôn, Bến Nghé, Quận 1, Thành Phố Hồ Chí Minh",way:de931a04acb1e3e1ed7bcd75441e448ccaae8cf9d540bc5d0ec1fdec71a454f2,Nam,cu
way,1223691965,NT01-16,Ngọc Trai 1,Đa Tốn,Gia Lâm,Hà Nội,"NT01-16, Ngọc Trai 1, Đa Tốn, Gia Lâm, Hà Nội",way:6a81c7486f11cb6749051e172bd9db5a171a10f457cad169be607d05f6193226,Bac,cu
way,583609046,34,Ngõ 85 Sài Đồng,Sài Đồng,Long Biên,Hà Nội,"34, Ngõ 85 Sài Đồng, Sài Đồng, Long Biên, Hà Nội",way:3e3228419536977bd40a6020112e22289c30eb0d82e24695e656ace0a1f78ccb,Bac,cu
node,9789470768,8 ngõ 178,Phố Quan Nhân,Nhân Chính,Thanh Xuân,Hà Nội,"8 ngõ 178, Phố Quan Nhân, Nhân Chính, Thanh Xuân, Hà Nội","node:21.0034874,105.8107186",Bac,cu
node,12369462480,195,Phố Lương Định Của,Phường Phương Liễu,Thị xã Quế Võ,Bắc Ninh,"195, Phố Lương Định Của, Phường Phương Liễu, Thị xã Quế Võ, Bắc Ninh","node:21.1663534,106.1398334",Bac,cu
node,7273837885,67A,Đường Trương Định,Trương Định,Hai Bà Trưng,Hà Nội,"67A, Đường Trương Định, Trương Định, Hai Bà Trưng, Hà Nội","node:20.9939786,105.8499861",Bac,cu
way,1238606725,26,Phố Tô Hiến Thành,Nguyễn Du,Hai Bà Trưng,Hà Nội,"26, Phố Tô Hiến Thành, Nguyễn Du, Hai Bà Trưng, Hà Nội",way:8c005d3bd6583b0c479659ad298fc56a7c85dd768ce2320b146ac0e2da443e19,Bac,cu
way,900842196,72,Đường Trường Chinh,Phương Mai,Đống Đa,Hà Nội,"72, Đường Trường Chinh, Phương Mai, Đống Đa, Hà Nội",way:9a893e2fe49a99f156b2dcc90d93ed0cf641803a2aabeaa706c9edd616952cf7,Bac,cu
way,1210479416,39-41,Ngách 238/11 Hoàng Quốc Việt,Phường Cổ Nhuế 1,Quận Bắc Từ Liêm,Hà Nội,"39-41, Ngách 238/11 Hoàng Quốc Việt, Phường Cổ Nhuế 1, Quận Bắc Từ Liêm, Hà Nội",way:310e650a7f34d785f8dc9d6df183cd6b739294be021231e4e0add51fc69490c0,Bac,cu
way,874998842,5A,Đường Lê Đức Thọ,Mai Dịch,Cầu Giấy,Hà Nội,"5A, Đường Lê Đức Thọ, Mai Dịch, Cầu Giấy, Hà Nội",way:8a05e000a34acf5a6c1206968daca1b16595aa517bd102fd175abe3dfc734ebe,Bac,cu
node,8361075491,34,Đường Hoàng Tăng Bí,Thụy Phương,Từ Liêm,Hà Nội,"34, Đường Hoàng Tăng Bí, Thụy Phương, Từ Liêm, Hà Nội","node:21.0836980,105.7769325",Bac,cu
way,1254312255,37,Đường Xuân Thủy,Phường Dịch Vọng Hậu,Quận Cầu Giấy,Hà Nội,"37, Đường Xuân Thủy, Phường Dịch Vọng Hậu, Quận Cầu Giấy, Hà Nội",way:37e06c7862bd358d3c2b073f297deebf95e67ad6a2cbee1cccfb663bed118f29,Bac,cu
way,1250665155,135,Phố Phan Văn Trường,Phường Dịch Vọng Hậu,Quận Cầu Giấy,Hà Nội,"135, Phố Phan Văn Trường, Phường Dịch Vọng Hậu, Quận Cầu Giấy, Hà Nội",way:aa16238a1aeb33e027ad571a1cde2891ff77f02f0df5c5121289e99ac41a01eb,Bac,cu
way,1115007470,29,Ngách 31 Ngõ 167 Tây Sơn,Quang Trung,Đống Đa,Hà Nội,"29, Ngách 31 Ngõ 167 Tây Sơn, Quang Trung, Đống Đa, Hà Nội",way:8d14e0531f7aee413199fc58ee5e517ea6c2c2824a48044c52713ea38983446d,Bac,cu
way,1219438134,442,Phố Xã Đàn,Nam Đồng,Đống Đa,Hà Nội,"442, Phố Xã Đàn, Nam Đồng, Đống Đa, Hà Nội",way:f35a0c5c4327b6478430997bb1e4646986cd4dad68618c3d3c9f15f879e834c0,Bac,cu
way,1238050541,95,Phố Triệu Việt Vương,Nguyễn Du,Hai Bà Trưng,Hà Nội,"95, Phố Triệu Việt Vương, Nguyễn Du, Hai Bà Trưng, Hà Nội",way:c4a253face7f8b89360a33d6ff676170853a52da0ea51322e05b6e8199b81d72,Bac,cu
way,1263648274,9A,Đường Thạnh Xuân 13,Thạnh Xuân,Quận 12,Hồ Chí Minh,"9A, Đường Thạnh Xuân 13, Thạnh Xuân, Quận 12, Hồ Chí Minh",way:d851674e844ba501e59eecf3989f88d83f260e489429bd7d57a1964b6dcaceb8,Nam,cu
node,11463192511,155,Phố Bùi Thị Xuân,Nguyễn Du,Hai Bà Trưng,Hà Nội,"155, Phố Bùi Thị Xuân, Nguyễn Du, Hai Bà Trưng, Hà Nội","node:21.0129963,105.8500647",Bac,cu
way,1226393883,SH11-30,San Hô 11,Đa Tốn,Gia Lâm,Hà Nội,"SH11-30, San Hô 11, Đa Tốn, Gia Lâm, Hà Nội",way:838113d7b63bf62afce25a1b0c36226c2822505c7668e626fbaa88d23babeba8,Bac,cu
node,11372798703,SH07-10,San Hô 7,Đa Tốn,Gia Lâm,Hà Nội,"SH07-10, San Hô 7, Đa Tốn, Gia Lâm, Hà Nội","node:20.9914799,105.9483545",Bac,cu
node,12093880589,27,Đường Nội Khu Mỹ Phú 3A,Tân Phú,Quận 7,Thành phố Hồ Chí Minh,"27, Đường Nội Khu Mỹ Phú 3A, Tân Phú, Quận 7, Thành phố Hồ Chí Minh","node:10.7154317,106.7278867",Nam,cu
way,1164592866,580,Đường Thụy Khuê,Bưởi,Tây Hồ,Hà Nội,"580, Đường Thụy Khuê, Bưởi, Tây Hồ, Hà Nội",way:afefaf60f769a1a09642419a77ef0f3cde9d93234cb59acceffdf44cc8e911f0,Bac,cu
way,964908484,10A,Võng Thị,Bưởi,Tây Hồ,Hà Nội,"10A, Võng Thị, Bưởi, Tây Hồ, Hà Nội",way:d8544d66580af55d4bf3320671aaa115c1699e633763720ec4839dd81252eed4,Bac,cu
way,1042970731,28-30,Đường Số 2,Tân Phong,Quận 7,Hồ Chí Minh,"28-30, Đường Số 2, Tân Phong, Quận 7, Hồ Chí Minh",way:dd45d7ceb5cf6b3eb4b5e7f118415c731cfd3e196a924d2afbda54d337f3c671,Nam,cu
way,856455249,521,Đường Kinh Dương Vương,An Lạc,Bình Tân,Thành phố Hồ Chí Minh,"521, Đường Kinh Dương Vương, An Lạc, Bình Tân, Thành phố Hồ Chí Minh",way:59c4f420d56c9d10bb037029c2f4afa2e803a9af98b126a240ca9b6000138717,Nam,cu
node,11353528103,NT05-22,Ngọc Trai 5,Đa Tốn,Gia Lâm,Hà Nội,"NT05-22, Ngọc Trai 5, Đa Tốn, Gia Lâm, Hà Nội","node:20.9959278,105.9498866",Bac,cu
way,581446472,7,422/14/10,đức giang,Long biên,Hà Nội,"7, 422/14/10, đức giang, Long biên, Hà Nội",way:ec106d844c31b67044e99af263fe9e4fa569f41c62c32c32aa0e0e0e9f74b1b7,Bac,cu
way,1305275402,16,Phố Cao Bá Quát,Phường Điện Biên,Quận Ba Đình,Hà Nội,"16, Phố Cao Bá Quát, Phường Điện Biên, Quận Ba Đình, Hà Nội",way:a3b6a36df116561b7d6b5a59906733de8ce396a0ad3cec15f84d18301a1aade9,Bac,cu
node,8921994124,402,Đường Đại lộ Bình Dương,Phú Lợi,Thủ Dầu Một,Thủ Dầu Một,"402, Đường Đại lộ Bình Dương, Phú Lợi, Thủ Dầu Một, Thủ Dầu Một","node:10.9860497,106.6658542",Nam,cu
way,1117810232,36,Ngõ 61 Phạm Tuấn Tài,Phường Cổ Nhuế 1,Quận Bắc Từ Liêm,Hà Nội,"36, Ngõ 61 Phạm Tuấn Tài, Phường Cổ Nhuế 1, Quận Bắc Từ Liêm, Hà Nội",way:17d65254c37ccd92acee9b10f9c78dcc4606019a7bf5a880a75c694fa3db1a97,Bac,cu
node,5662890248,60,Phố Đại La,Đồng Tâm,Hai Bà Trưng,Hà nội,"60, Phố Đại La, Đồng Tâm, Hai Bà Trưng, Hà nội","node:20.9965696,105.8452069",Bac,cu
way,971346632,16,Đường Hoàng Hoa Thám,Tân Chính,Thanh Khê,Đà Nẵng,"16, Đường Hoàng Hoa Thám, Tân Chính, Thanh Khê, Đà Nẵng",way:a793ad0ddf408499ca5b6be23d5ccb67019ef1201b9e22fbf3e8d003381b0f9a,Trung,cu
way,1088732730,180,Nguyễn Tất Thành,Tân Phú,Tân Phú,Đồng Nai,"180, Nguyễn Tất Thành, Tân Phú, Tân Phú, Đồng Nai",way:62dc309bd67d4064f34cdeb35fc3a3c620929d947753a5f42e790a4317792c00,Nam,cu
way,1223678318,NT09-01,Ngọc Trai 9,Đa Tốn,Gia Lâm,Hà Nội,"NT09-01, Ngọc Trai 9, Đa Tốn, Gia Lâm, Hà Nội",way:0a0f9e83ebfb290697fa676b05b66118e4c48bcaeafc44e5d6a6470d7c77bd3f,Bac,cu
node,12093880580,45,Đường Nội Khu Mỹ Phú 3A,Tân Phú,Quận 7,Thành phố Hồ Chí Minh,"45, Đường Nội Khu Mỹ Phú 3A, Tân Phú, Quận 7, Thành phố Hồ Chí Minh","node:10.7151311,106.7273854",Nam,cu
node,5201843221,41A,Phố Lý Thái Tổ,Lý Thái Tổ,Hoàn Kiếm,Hà Nội,"41A, Phố Lý Thái Tổ, Lý Thái Tổ, Hoàn Kiếm, Hà Nội","node:21.0288112,105.8557491",Bac,cu
way,1148463248,18,Phố Huỳnh Thúc Kháng,Láng Hạ,Đống Đa,Hà Nội,"18, Phố Huỳnh Thúc Kháng, Láng Hạ, Đống Đa, Hà Nội",way:ee01649a44184642784369834d3af2bb43b820432720ffc6a82b466b809a5aa8,Bac,cu
node,12574056506,100M-N-O-P,Đ. Hùng Vương,Phường 9,Quận 5,Hồ Chí Minh,"100M-N-O-P, Đ. Hùng Vương, Phường 9, Quận 5, Hồ Chí Minh","node:10.7579256,106.6696539",Nam,cu
way,1243410500,8,Ngách 2/21 Đặng Thùy Trâm,Phường Cổ Nhuế 1,Quận Bắc Từ Liêm,Hà Nội,"8, Ngách 2/21 Đặng Thùy Trâm, Phường Cổ Nhuế 1, Quận Bắc Từ Liêm, Hà Nội",way:a2ae0aea96f4fb0dc7a365020995c62153cb0adb9298ab963ab4a8f758c8d894,Bac,cu
way,1209043980,185,Phố Xã Đàn,Nam Đồng,Đống Đa,Hà Nội,"185, Phố Xã Đàn, Nam Đồng, Đống Đa, Hà Nội",way:7d34baa53d37c4e8037b448b45646ad9e049ae639260d07b64e5a93bbb16db91,Bac,cu
way,420287598,260,Phan Văn Khoẻ,Phường 5,Quận 6,Hồ Chí Minh,"260, Phan Văn Khoẻ, Phường 5, Quận 6, Hồ Chí Minh",way:8e9af5506428f7cd9658cc6fa2bd4795edf980bdbe0d6c2445109625fbd7c0e8,Nam,cu
node,12351163332,14,Phố Tôn Thất Thuyết,Phường Phương Liễu,Thị xã Quế Võ,Bắc Ninh,"14, Phố Tôn Thất Thuyết, Phường Phương Liễu, Thị xã Quế Võ, Bắc Ninh","node:21.1653716,106.1356672",Bac,cu
way,1243974877,14,Ngõ 445 Hoàng Quốc Việt,Phường Cổ Nhuế 1,Quận Bắc Từ Liêm,Hà Nội,"14, Ngõ 445 Hoàng Quốc Việt, Phường Cổ Nhuế 1, Quận Bắc Từ Liêm, Hà Nội",way:5d8bebbb20e57aa58aba742c83437584b307139512e648254576bea93eedcabd,Bac,cu
way,1311486304,58,Đường Long Biên 1,Ngọc Lâm,Long Biên,Hà Nội,"58, Đường Long Biên 1, Ngọc Lâm, Long Biên, Hà Nội",way:7b16dd71c1e40239ee10fd6ed066662d2d60923f92aae99def371663dc4209c4,Bac,cu
node,6543746496,104,Phan Đình Phùng,Tân An,Ninh Kiều,Cần Thơ,"104, Phan Đình Phùng, Tân An, Ninh Kiều, Cần Thơ","node:10.0297923,105.7863264",Nam,cu
node,11353528102,NT05-16,Ngọc Trai 5,Đa Tốn,Gia Lâm,Hà Nội,"NT05-16, Ngọc Trai 5, Đa Tốn, Gia Lâm, Hà Nội","node:20.9960830,105.9501130",Bac,cu
node,11348884470,23,Đường Nguyễn Nghĩa Lập,Trần nguyên Hãn,Tp Bắc Giang,Bắc Giang,"23, Đường Nguyễn Nghĩa Lập, Trần nguyên Hãn, Tp Bắc Giang, Bắc Giang","node:21.2894888,106.1958277",Bac,cu
way,996823171,5,Sử Hy Nhan,Thạnh Mỹ Lợi,TP. Thủ Đức,TP. Hồ Chí Minh,"5, Sử Hy Nhan, Thạnh Mỹ Lợi, TP. Thủ Đức, TP. Hồ Chí Minh",way:23c09bc4bd87707cc08caf178f13bb85730ea73367ed7a231abab09a30d7a061,Nam,cu
node,11542312671,146,Đường Nguyễn Văn Hưởng,Phường Bình Thọ,Thành phố Thủ Đức,Thành phố Hồ Chí Minh,"146, Đường Nguyễn Văn Hưởng, Phường Bình Thọ, Thành phố Thủ Đức, Thành phố Hồ Chí Minh","node:10.8121950,106.7257813",Nam,cu
node,10840926295,62/38,Thạnh Lộc 13,Thạnh Lộc,12,Hồ Chí Minh,"62/38, Thạnh Lộc 13, Thạnh Lộc, 12, Hồ Chí Minh","node:10.8751125,106.6803903",Nam,cu
node,10147782182,191,Đường Ðiện Biên Phủ,Phường 6,Quận 3,Hồ Chí Minh City,"191, Đường Ðiện Biên Phủ, Phường 6, Quận 3, Hồ Chí Minh City","node:10.7863954,106.6937161",Nam,cu
node,11563431192,64,Ngõ 61 Phạm Tuấn Tài,Phường Cổ Nhuế 1,Quận Bắc Từ Liêm,Hà Nội,"64, Ngõ 61 Phạm Tuấn Tài, Phường Cổ Nhuế 1, Quận Bắc Từ Liêm, Hà Nội","node:21.0453466,105.7845821",Bac,cu
way,1253312189,36C,Phố Mai Hắc Đế,Nguyễn Du,Hai Bà Trưng,Hà Nội,"36C, Phố Mai Hắc Đế, Nguyễn Du, Hai Bà Trưng, Hà Nội",way:a6a5183e75bd9c4e201d8727b9fb642df1dff97bc497f7d35c2bbd06cd1e954b,Bac,cu
way,1210204591,20,Ngách 234/17 Hoàng Quốc Việt,Phường Cổ Nhuế 1,Quận Bắc Từ Liêm,Hà Nội,"20, Ngách 234/17 Hoàng Quốc Việt, Phường Cổ Nhuế 1, Quận Bắc Từ Liêm, Hà Nội",way:810b14e7ce21dbd87c600e4d1558a2838bb51ca63f1bb8d6504c9fb5e9e6739b,Bac,cu
way,583607719,14,Ngõ 85 Sài Đồng,Sài Đồng,Long Biên,Hà Nội,"14, Ngõ 85 Sài Đồng, Sài Đồng, Long Biên, Hà Nội",way:feaa9e0b3223d803e74e1b3d65a2a2c41e94cc9e77a67a973d862d973af4463b,Bac,cu
way,1250665190,69,Phố Phan Văn Trường,Phường Dịch Vọng Hậu,Quận Cầu Giấy,Hà Nội,"69, Phố Phan Văn Trường, Phường Dịch Vọng Hậu, Quận Cầu Giấy, Hà Nội",way:d75629ac51d68f36142fb1a8027ea06028f8c1fd0bdecb9319f79c533ac00c3e,Bac,cu
way,1238550112,74,Phố Mai Hắc Đế,Nguyễn Du,Hai Bà Trưng,Hà Nội,"74, Phố Mai Hắc Đế, Nguyễn Du, Hai Bà Trưng, Hà Nội",way:10c23d62b1cca5072182bd013b203d56ed9fe8d91431f58bea0a9c93ee5931f4,Bac,cu
node,10158392774,Số 5,Đường Trần Hoàn,Phường Đằng Hải,Hai An,Thành phố Hải Phòng,"Số 5, Đường Trần Hoàn, Phường Đằng Hải, Hai An, Thành phố Hải Phòng","node:20.8346589,106.7235803",Bac,cu
node,11500070709,40,Phố Mai Hắc Đế,Nguyễn Du,Hai Bà Trưng,Hà Nội,"40, Phố Mai Hắc Đế, Nguyễn Du, Hai Bà Trưng, Hà Nội","node:21.0147907,105.8508505",Bac,cu
way,700621003,17,Phố Lý Nam Đế,Phường Hàng Mã,Quận Hoàn Kiếm,Hà Nội,"17, Phố Lý Nam Đế, Phường Hàng Mã, Quận Hoàn Kiếm, Hà Nội",way:9a99259b0da8550de49ff6e5e5e6b01e9a1293c28547be01bdf57c12c1b9670c,Bac,cu
node,6546317072,16B1,Mậu Thân,An Nghiệp,Ninh Kiều,Cần Thơ,"16B1, Mậu Thân, An Nghiệp, Ninh Kiều, Cần Thơ","node:10.0398969,105.7689622",Nam,cu
way,1368114773,119A,Đường Âu Cơ,Phường Kinh Bắc,Thành phố Bắc Ninh,Bắc Ninh,"119A, Đường Âu Cơ, Phường Kinh Bắc, Thành phố Bắc Ninh, Bắc Ninh",way:7869a070e6d20dae53e90ef7d33fc8bdd9b936014ae776575a755a2df93f493a,Bac,cu
node,11350814187,NT18-15,Ngọc Trai 18,Đa Tốn,Gia Lâm,Hà Nội,"NT18-15, Ngọc Trai 18, Đa Tốn, Gia Lâm, Hà Nội","node:20.9997729,105.9466434",Bac,cu
node,11301620122,40A,Đường Đê La Thành,Nam Đồng,Đống Đa,Hà Nội,"40A, Đường Đê La Thành, Nam Đồng, Đống Đa, Hà Nội","node:21.0148309,105.8340887",Bac,cu
way,1243087993,11,Ngõ 2 Đặng Thùy Trâm,Phường Cổ Nhuế 1,Quận Bắc Từ Liêm,Hà Nội,"11, Ngõ 2 Đặng Thùy Trâm, Phường Cổ Nhuế 1, Quận Bắc Từ Liêm, Hà Nội",way:cff64b56e56db9baa8ee3ac971cabc1d237733ef4067931a074c4f7506b8a387,Bac,cu
node,12587073356,246,Trần Phú,TT. Diêu Trì,Tuy Phước,Bình Định,"246, Trần Phú, TT. Diêu Trì, Tuy Phước, Bình Định","node:13.8090163,109.1473983",Trung,cu
way,1102508646,168,Đường Khuất Duy Tiến,Thanh Xuân Trung,Thanh Xuân,Hà Nội,"168, Đường Khuất Duy Tiến, Thanh Xuân Trung, Thanh Xuân, Hà Nội",way:2532ccfd747cbb493356198237a01b4d4af4734f9ee8a4ad44e04f3323457634,Bac,cu
node,11482335143,177,Phố Bà Triệu,Lê Đại Hành,Hai Bà Trưng,Hà Nội,"177, Phố Bà Triệu, Lê Đại Hành, Hai Bà Trưng, Hà Nội","node:21.0124709,105.8492779",Bac,cu
node,11351081385,NT16-09,Ngọc Trai 16,Đa Tốn,Gia Lâm,Hà Nội,"NT16-09, Ngọc Trai 16, Đa Tốn, Gia Lâm, Hà Nội","node:20.9991475,105.9473325",Bac,cu
way,1243078585,6,Ngách 3/1 Phạm Tuấn Tài,Phường Dịch Vọng Hậu,Quận Cầu Giấy,Hà Nội,"6, Ngách 3/1 Phạm Tuấn Tài, Phường Dịch Vọng Hậu, Quận Cầu Giấy, Hà Nội",way:65b585ad779aab5e4ea4981d8f45b4b4eac160cbe01185101e4a37f7b445e55e,Bac,cu
way,698683280,5,Phố Chùa Một Cột,Phường Điện Biên,Quận Ba Đình,Hà Nội,"5, Phố Chùa Một Cột, Phường Điện Biên, Quận Ba Đình, Hà Nội",way:5e3347d1ac87d42abb9e0992bf71ff8ae227a349beeaad038f83a9c390e78e95,Bac,cu
node,6543787747,22,Phan Bội Châu,Tân An,Ninh Kiều,Cần Thơ,"22, Phan Bội Châu, Tân An, Ninh Kiều, Cần Thơ","node:10.0317087,105.7876115",Nam,cu
way,581446479,10,422/14/10,đức giang,Long biên,Hà Nội,"10, 422/14/10, đức giang, Long biên, Hà Nội",way:0b397378eca641be6c4633ddadec1a8c73c6f632606855ecf0da7ece34923221,Bac,cu
node,12584844580,1826,ĐT825,Tân Tạo,Bình Tân,Hồ Chí Minh,"1826, ĐT825, Tân Tạo, Bình Tân, Hồ Chí Minh","node:10.7621092,106.5699754",Nam,cu
way,1253312195,26,Phố Tuệ Tĩnh,Nguyễn Du,Hai Bà Trưng,Hà Nội,"26, Phố Tuệ Tĩnh, Nguyễn Du, Hai Bà Trưng, Hà Nội",way:227c10b5478612ba5e085482dd48e741e61029f7dee5cdcc4e58d7854f11cae9,Bac,cu
node,3684899299,23,Trần Đại Nghĩa,Đồng Tâm,Trương ĐỊnh,Hà nội,"23, Trần Đại Nghĩa, Đồng Tâm, Trương ĐỊnh, Hà nội","node:20.9969779,105.8459666",Bac,cu
way,1223691950,NT01-26,Ngọc Trai 1,Đa Tốn,Gia Lâm,Hà Nội,"NT01-26, Ngọc Trai 1, Đa Tốn, Gia Lâm, Hà Nội",way:f4f2dba3a2f3833c35191318d641966c72393fc32e68b266111c5365b923222b,Bac,cu
node,11416873270,9,Ngõ Chợ Khâm Thiên,Khâm Thiên,Đống Đa,Hà Nội,"9, Ngõ Chợ Khâm Thiên, Khâm Thiên, Đống Đa, Hà Nội","node:21.0187082,105.8393586",Bac,cu
node,8756974703,Số 32,Kho Sáu Vạn Điểm,Vạn Điểm,Thường Tín,Hà Nội,"Số 32, Kho Sáu Vạn Điểm, Vạn Điểm, Thường Tín, Hà Nội","node:20.7760134,105.9089442",Bac,cu
way,958618334,7,Đường Mỹ Đình,Mỹ Đình 2,Nam Từ Liêm,Hà Nội,"7, Đường Mỹ Đình, Mỹ Đình 2, Nam Từ Liêm, Hà Nội",way:73db301b82a54fde221ead4cde3d99bd61a76d4a2e41242313afe39c8f05f539,Bac,cu
way,1219914946,159,Khu dân cư số 9,Xuân Khánh,Ninh Kiều,Cần Thơ,"159, Khu dân cư số 9, Xuân Khánh, Ninh Kiều, Cần Thơ",way:c49247ffcb5f53b6c5c983e9a209324edc6585cc17f16e99142848d12c43e160,Nam,cu
node,10129864868,647,Phố Kim Mã,Ngọc Khánh,Ba Đình,Hà Nội,"647, Phố Kim Mã, Ngọc Khánh, Ba Đình, Hà Nội","node:21.0291148,105.8066682",Bac,cu
node,9383075018,Toà nhà CT1,Phố Trần Văn Lai,Mỹ Đình,Nam Từ Liêm,Hà Nội,"Toà nhà CT1, Phố Trần Văn Lai, Mỹ Đình, Nam Từ Liêm, Hà Nội","node:21.0153211,105.7749992",Bac,cu
node,5349533176,59,Bành Văn Trân,Phường 7,Quận Tân Bình,Thành phố Hồ Chí Minh,"59, Bành Văn Trân, Phường 7, Quận Tân Bình, Thành phố Hồ Chí Minh","node:10.7883109,106.6594537",Nam,cu
node,12108828825,40,Đường Số 19,Phường Tân Phú,Quận 7,Thành phố Hồ Chí Minh,"40, Đường Số 19, Phường Tân Phú, Quận 7, Thành phố Hồ Chí Minh","node:10.7197120,106.7288604",Nam,cu
way,1217136764,133,Ngõ Xã Đàn 2,Nam Đồng,Đống Đa,Hà Nội,"133, Ngõ Xã Đàn 2, Nam Đồng, Đống Đa, Hà Nội",way:244116beaeae0c049cae5f2fad18a49412caa4b1b6ea5c05da9e6525d753f1f1,Bac,cu
way,1242845695,8,Ngách 1/96 Phạm Tuấn Tài,Phường Dịch Vọng Hậu,Quận Cầu Giấy,Hà Nội,"8, Ngách 1/96 Phạm Tuấn Tài, Phường Dịch Vọng Hậu, Quận Cầu Giấy, Hà Nội",way:abc3e5284caa91e02a91e3362b89963d72fab674cb8e897b479b95fd8a25b63e,Bac,cu
way,1254353707,22,Phố Lê Đại Hành,Lê Đại Hành,Hai Bà Trưng,Hà Nội,"22, Phố Lê Đại Hành, Lê Đại Hành, Hai Bà Trưng, Hà Nội",way:08398fd4663bab6671f00b5a8656fdc9db7eef5efa09a1c2de639e8767ad124b,Bac,cu
way,1210477003,18,Ngách 238/29 Hoàng Quốc Việt,Phường Cổ Nhuế 1,Quận Bắc Từ Liêm,Hà Nội,"18, Ngách 238/29 Hoàng Quốc Việt, Phường Cổ Nhuế 1, Quận Bắc Từ Liêm, Hà Nội",way:4c4e019203a5044ce9e49a5e242d58b774d3c430fca3b78137b0ca936cc98589,Bac,cu
node,12287766477,239,Phố Lương Định Của,Phường Phương Liễu,Thị xã Quế Võ,Bắc Ninh,"239, Phố Lương Định Của, Phường Phương Liễu, Thị xã Quế Võ, Bắc Ninh","node:21.1663130,106.1370873",Bac,cu
node,4311854914,39,Phố Nguyễn Hữu Huân,Lý Thái Tổ,Hoàn Kiếm,Hà Nội,"39, Phố Nguyễn Hữu Huân, Lý Thái Tổ, Hoàn Kiếm, Hà Nội","node:21.0336060,105.8546223",Bac,cu
way,1223678174,NT16-40,Ngọc Trai 16,Đa Tốn,Gia Lâm,Hà Nội,"NT16-40, Ngọc Trai 16, Đa Tốn, Gia Lâm, Hà Nội",way:5c78afde15f55cd1a376fd2ebd546b41297246fe88cd7e4548cf56585bbf4415,Bac,cu
node,12094871159,09,Đường Nội Khu Mỹ Phú 3A,Tân Phú,Quận 7,Thành phố Hồ Chí Minh,"09, Đường Nội Khu Mỹ Phú 3A, Tân Phú, Quận 7, Thành phố Hồ Chí Minh","node:10.7158788,106.7285844",Nam,cu
node,12960394089,22,Ngõ 195 Đường Vũ Ninh,Phường Vũ Ninh,Thành phố Bắc Ninh,Bắc Ninh,"22, Ngõ 195 Đường Vũ Ninh, Phường Vũ Ninh, Thành phố Bắc Ninh, Bắc Ninh","node:21.1906330,106.0786452",Bac,cu
way,1230887042,27-29,Phố Trần Phú,Phường Điện Biên,Quận Ba Đình,Hà Nội,"27-29, Phố Trần Phú, Phường Điện Biên, Quận Ba Đình, Hà Nội",way:aece51b13961de138ef41fc30f4614c5f2c906ea6a1274d8402cb090ad03a887,Bac,cu
node,11525260455,406A,Đ. Lê Trọng Tấn,Tây Thạnh,Tân Phú,Hồ Chí Minh,"406A, Đ. Lê Trọng Tấn, Tây Thạnh, Tân Phú, Hồ Chí Minh","node:10.8084846,106.6186347",Nam,cu
node,11212195507,7B14,Phố Phạm Ngọc Thạch,Kim Liên,Đống Đa,Hà Nội,"7B14, Phố Phạm Ngọc Thạch, Kim Liên, Đống Đa, Hà Nội","node:21.0087717,105.8345925",Bac,cu
way,1241432290,112,Phố Bùi Thị Xuân,Nguyễn Du,Hai Bà Trưng,Hà Nội,"112, Phố Bùi Thị Xuân, Nguyễn Du, Hai Bà Trưng, Hà Nội",way:2ffe7644152aa07abb457ec5a596d5ae2b14ae61504860b7c6f31036ed17748b,Bac,cu
node,12600870439,254A,Phố Lương Định Của,Phường Phương Liễu,Thị xã Quế Võ,Bắc Ninh,"254A, Phố Lương Định Của, Phường Phương Liễu, Thị xã Quế Võ, Bắc Ninh","node:21.1664608,106.1373286",Bac,cu
node,12934281702,65,Đường Bà Chúa Kho,Phường Thị Cầu,Thành phố Bắc Ninh,Bắc Ninh,"65, Đường Bà Chúa Kho, Phường Thị Cầu, Thành phố Bắc Ninh, Bắc Ninh","node:21.1974003,106.0832162",Bac,cu
way,1234955625,161,Phố Bùi Thị Xuân,Nguyễn Du,Hai Bà Trưng,Hà Nội,"161, Phố Bùi Thị Xuân, Nguyễn Du, Hai Bà Trưng, Hà Nội",way:3e948a739736775384a07663181dc36ea96b29cd9b6dd5ea68c94117e3287b70,Bac,cu
node,11659613087,39,Đường Xuân Thủy,Phường Dịch Vọng Hậu,Quận Cầu Giấy,Hà Nội,"39, Đường Xuân Thủy, Phường Dịch Vọng Hậu, Quận Cầu Giấy, Hà Nội","node:21.0362712,105.7885541",Bac,cu
way,1220684250,7,Khu dân cư số 9,Xuân Khánh,Ninh Kiều,Cần Thơ,"7, Khu dân cư số 9, Xuân Khánh, Ninh Kiều, Cần Thơ",way:17621d9831d82d6ae5b733f31444e82e76439ff38bf8623de5a64825717f614b,Nam,cu
way,1223678211,NT16-10,Ngọc Trai 16,Đa Tốn,Gia Lâm,Hà Nội,"NT16-10, Ngọc Trai 16, Đa Tốn, Gia Lâm, Hà Nội",way:34672e2e3cdc8f14558c3eea49582e06e396610e00ebbafab483925eea2270e5,Bac,cu
way,373719796,330,Nguyễn Trọng Tuyển,Phường 2,Tân Bình,Thành phố Hồ Chí Minh,"330, Nguyễn Trọng Tuyển, Phường 2, Tân Bình, Thành phố Hồ Chí Minh",way:79551e22039e01ce2bb6e465b46794209cd75e3bf3ac3c767a21fbc026da74c0,Nam,cu
node,11294478689,342/16,Tầm Vu,Hưng Lợi,Ninh Kiều,Cần Thơ,"342/16, Tầm Vu, Hưng Lợi, Ninh Kiều, Cần Thơ","node:10.0180288,105.7721873",Nam,cu
node,10198711515,2,Phố Mai Anh Tuấn,Phường Ô Chợ Dừa,Quận Đống Đa,Hà Nội,"2, Phố Mai Anh Tuấn, Phường Ô Chợ Dừa, Quận Đống Đa, Hà Nội","node:21.0182105,105.8237429",Bac,cu
node,12809299264,14G,Đường Lê Văn Thịnh,Phường Suối Hoa,Thành phố Bắc Ninh,Bắc Ninh,"14G, Đường Lê Văn Thịnh, Phường Suối Hoa, Thành phố Bắc Ninh, Bắc Ninh","node:21.1804880,106.0766789",Bac,cu
way,977795587,8,Phố Lê Trọng Tấn,Định Công,Thanh Xuân,Hà Nội,"8, Phố Lê Trọng Tấn, Định Công, Thanh Xuân, Hà Nội",way:b048fab1460bda6d8d933473990de2c9f4589598bc22f4fe35c8c669a381c47f,Bac,cu
way,1210479408,26,Ngách 238/25 Hoàng Quốc Việt,Phường Cổ Nhuế 1,Quận Bắc Từ Liêm,Hà Nội,"26, Ngách 238/25 Hoàng Quốc Việt, Phường Cổ Nhuế 1, Quận Bắc Từ Liêm, Hà Nội",way:20875c2e959c14a33c5ed42cc2438505d6da0b49776f96f3f8a25e192d4f2e82,Bac,cu
node,6645617788,371D,Đường Nguyễn Cảnh Chân,Phường Nguyễn Cư Trinh,Quận 1,Thành phố Hồ Chí Minh,"371D, Đường Nguyễn Cảnh Chân, Phường Nguyễn Cư Trinh, Quận 1, Thành phố Hồ Chí Minh","node:10.7600848,106.6859042",Nam,cu
way,1235776392,84,Phố Mai Hắc Đế,Nguyễn Du,Hai Bà Trưng,Hà Nội,"84, Phố Mai Hắc Đế, Nguyễn Du, Hai Bà Trưng, Hà Nội",way:094d378a3121f99932de2b69057751ea9ad98eda194d9f80cfc5f8768480b116,Bac,cu
way,1223678258,NT11-12,Ngọc Trai 11,Đa Tốn,Gia Lâm,Hà Nội,"NT11-12, Ngọc Trai 11, Đa Tốn, Gia Lâm, Hà Nội",way:082c4656a60cd7d568a0ab0fa90d6d1d5526eb0aaa76d94dcc1e3962c04c26b3,Bac,cu
node,11372720531,SH15-16,San Hô 15,Đa Tốn,Gia Lâm,Hà Nội,"SH15-16, San Hô 15, Đa Tốn, Gia Lâm, Hà Nội","node:20.9925438,105.9461377",Bac,cu
node,11586961126,80,Phố Trần Quốc Hoàn,Phường Dịch Vọng Hậu,Quận Cầu Giấy,Hà Nội,"80, Phố Trần Quốc Hoàn, Phường Dịch Vọng Hậu, Quận Cầu Giấy, Hà Nội","node:21.0418587,105.7850381",Bac,cu
node,10799378372,25,Đồng Khởi,Phú Khương,Bến Tre,Bến Tre,"25, Đồng Khởi, Phú Khương, Bến Tre, Bến Tre","node:10.2475685,106.3755037",Nam,cu
way,1087647927,25,Phố Lý Thường Kiệt,Phan Chu Trinh,Hoàn Kiếm,Hà Nội,"25, Phố Lý Thường Kiệt, Phan Chu Trinh, Hoàn Kiếm, Hà Nội",way:adee59bdaecd31484d092aca4bd7d4449588c33c6900a3d91a6d8525c8816228,Bac,cu
node,6546280982,72,Xô Viết Nghệ Tĩnh,An Hội,Ninh Kiều,Cần Thơ,"72, Xô Viết Nghệ Tĩnh, An Hội, Ninh Kiều, Cần Thơ","node:10.0388642,105.7835236",Nam,cu
way,307245769,31,Núi Thành,Phường 13,Tân Bình,Thành phố Hồ Chí Minh,"31, Núi Thành, Phường 13, Tân Bình, Thành phố Hồ Chí Minh",way:e8f5d687e6620cdb769466ec9252f022601d6da703cc15b8e1395309c9a40738,Nam,cu
way,693895939,564,Trương Gia Mô,phường Thạnh Mỹ Lợi,Quận 2,TP. Hồ Chí Minh,"564, Trương Gia Mô, phường Thạnh Mỹ Lợi, Quận 2, TP. Hồ Chí Minh",way:969d80abc4ff9bf741f950c5b2f6145caa5e2d86de4a09d4cf8c09154c25b4a8,Nam,cu
way,327097644,106,Đường số 23,Phường 11,Quận 6,Thành phố Hồ Chí Minh,"106, Đường số 23, Phường 11, Quận 6, Thành phố Hồ Chí Minh",way:1889c4673c064b2a814d12bb9c4d874443c581593a146e8e3b798824e72fa0f8,Nam,cu
node,6658319844,51,Phố Văn Miếu,Văn Miếu,Đống Đa,Hà Nội,"51, Phố Văn Miếu, Văn Miếu, Đống Đa, Hà Nội","node:21.0278292,105.8361832",Bac,cu
way,1216770912,6,Ngách 111 Ngõ Xã Đàn 2,Nam Đồng,Đống Đa,Hà Nội,"6, Ngách 111 Ngõ Xã Đàn 2, Nam Đồng, Đống Đa, Hà Nội",way:1a8c92cfb8b358ab6346d3340a30db5f09b07d196a56b20916fd39b3e4287293,Bac,cu
way,346515136,3,Lê Lợi,Phường 4,Gò Vấp,Hồ Chí Minh,"3, Lê Lợi, Phường 4, Gò Vấp, Hồ Chí Minh",way:41306ccef0b49f839d98a39a717d5c8e390e807227feda6c3f572ab0d53f0de3,Nam,cu
way,258272007,Lot W.29-30-31a,Tân Thuận,Tân Thuận Đông,7,Hồ Chí Minh,"Lot W.29-30-31a, Tân Thuận, Tân Thuận Đông, 7, Hồ Chí Minh",way:760ed4d6caa268530b6e4a846f54c2777029a61be96818eaae59be4ad67ca655,Nam,cu
way,819758680,Lô E3,Đường D2,Long Thạnh Mỹ,Quận 9,Hồ Chí Minh,"Lô E3, Đường D2, Long Thạnh Mỹ, Quận 9, Hồ Chí Minh",way:c717b84c83e62326be80bc00fd906494c8022552b17824f6b49233ac174bcf19,Nam,cu
node,12788200819,173,Phố Lê Đình Tấn,Phường Vũ Ninh,Thành phố Bắc Ninh,Bắc Ninh,"173, Phố Lê Đình Tấn, Phường Vũ Ninh, Thành phố Bắc Ninh, Bắc Ninh","node:21.1837385,106.0825525",Bac,cu
way,1031048350,7,Đường Lý Thái Tổ,Phường Suối Hoa,Thành phố Bắc Ninh,Bắc Ninh,"7, Đường Lý Thái Tổ, Phường Suối Hoa, Thành phố Bắc Ninh, Bắc Ninh",way:344d0bc27411d3bb1e3472f2301a7c74721267a91b171f5a606e5ba7d7c5725a,Bac,cu
node,12960857503,17,Đường Rạp Hát,Phường Tiền Ninh Vệ,Thành phố Bắc Ninh,Bắc Ninh,"17, Đường Rạp Hát, Phường Tiền Ninh Vệ, Thành phố Bắc Ninh, Bắc Ninh","node:21.1816364,106.0628775",Bac,cu
way,1233984101,7,Phố Lê Phụng Hiểu,Tràng Tiền,Hoàn Kiếm,Hà Nội,"7, Phố Lê Phụng Hiểu, Tràng Tiền, Hoàn Kiếm, Hà Nội",way:2c02c9800dde716ac44a2a7029d0d30d891edc82d944dc27c203ac1c1e4492d7,Bac,cu
way,1333228950,42,Đường Nguyễn Gia Thiều,Phường Suối Hoa,Thành phố Bắc Ninh,Bắc Ninh,"42, Đường Nguyễn Gia Thiều, Phường Suối Hoa, Thành phố Bắc Ninh, Bắc Ninh",way:4c73344d9946233ff9f751059c37bc243b6a2b8a12412648555f92d09ce9bc88,Bac,cu
way,661161629,465,Đường Lý Thường Kiệt,Phường Châu Khê,Thành phố Từ Sơn,Bắc Ninh,"465, Đường Lý Thường Kiệt, Phường Châu Khê, Thành phố Từ Sơn, Bắc Ninh",way:e6e36dd15c78248e992a9e16b4b457d42331e406f9bfcf5d540edc86622a3255,Bac,cu
way,791993483,326A,Đường Nguyễn Trọng Tuyển,Phường 1,Tân Bình,Thành phố Hồ Chí Minh,"326A, Đường Nguyễn Trọng Tuyển, Phường 1, Tân Bình, Thành phố Hồ Chí Minh",way:8f167f50783f6d181d68bcd093a96c9b50a641969bd9837e780f17d6ad658bc7,Nam,cu
way,1239425716,147,Phố Bà Triệu,Lê Đại Hành,Hai Bà Trưng,Hà Nội,"147, Phố Bà Triệu, Lê Đại Hành, Hai Bà Trưng, Hà Nội",way:4b537d26aedbcdb801d4d3a6e14b0758b3fa626b4e6ed57d7361b9f1f8509c9b,Bac,cu
node,2256217990,69,Mã Mây,Hang Buồm,Hoan Kiem,Hà Nội,"69, Mã Mây, Hang Buồm, Hoan Kiem, Hà Nội","node:21.0347487,105.8535038",Bac,cu
node,6543961461,230,Huỳnh Cương,An Cư,Ninh Kiều,Cần Thơ,"230, Huỳnh Cương, An Cư, Ninh Kiều, Cần Thơ","node:10.0352237,105.7807775",Nam,cu
node,12114066121,07,Đường Mỹ Phú 1A,Phường Tân Phú,Quận 7,Thành phố Hồ Chí Minh,"07, Đường Mỹ Phú 1A, Phường Tân Phú, Quận 7, Thành phố Hồ Chí Minh","node:10.7174878,106.7263685",Nam,cu
way,242310973,532,Đường Lý Thái Tổ,Phường 10,Quận 10,Thành phố Hồ Chí Minh,"532, Đường Lý Thái Tổ, Phường 10, Quận 10, Thành phố Hồ Chí Minh",way:4ca34deb3032641410d34a91039f440294b4f98ba951a2d7b328c8766549f5da,Nam,cu
node,11372797021,SH11-12,San Hô 11,Đa Tốn,Gia Lâm,Hà Nội,"SH11-12, San Hô 11, Đa Tốn, Gia Lâm, Hà Nội","node:20.9922240,105.9468950",Bac,cu
node,7911354171,237/4/66,Hẻm 237/4 Hòa Bình,Hiệp Tân,Tân Phú,Hồ Chí Minh,"237/4/66, Hẻm 237/4 Hòa Bình, Hiệp Tân, Tân Phú, Hồ Chí Minh","node:10.7715605,106.6237120",Bac,cu
way,125591144,5,Đường Hoàng Minh Giám,Phường 9,Phú Nhuận,Hồ Chí Minh,"5, Đường Hoàng Minh Giám, Phường 9, Phú Nhuận, Hồ Chí Minh",way:6523bcd239459821975251463557c1edf619927b327ae318a7a5695239dcfef7,Nam,cu
way,847053725,5,Phố Duy Tân,Dịch Vọng Hậu,Cầu Giấy,Hà Nội,"5, Phố Duy Tân, Dịch Vọng Hậu, Cầu Giấy, Hà Nội",way:296e2a492fa25313d74e49cb92fc41a712b149282fcd46c3c64d02c3e38b2b66,Bac,cu
node,11351098171,NT22-10,Ngọc Trai 22,Đa Tốn,Gia Lâm,Hà Nội,"NT22-10, Ngọc Trai 22, Đa Tốn, Gia Lâm, Hà Nội","node:20.9960772,105.9460959",Bac,cu
node,11766369969,7,Nguyễn Thái Bình,Phường 04,Quận Tân Bình,Thành phố Hồ Chí Minh,"7, Nguyễn Thái Bình, Phường 04, Quận Tân Bình, Thành phố Hồ Chí Minh","node:10.8003967,106.6597746",Bac,cu
way,1234867619,178,Phố Triệu Việt Vương,Nguyễn Du,Hai Bà Trưng,Hà Nội,"178, Phố Triệu Việt Vương, Nguyễn Du, Hai Bà Trưng, Hà Nội",way:eae3df54a4d0a684bca9a2670a994cb8f6a88b595a092d4dad4daac0953be91a,Bac,cu
way,225539499,211,đường 30/4,Hưng Lợi,Ninh Kiều,Cần Thơ,"211, đường 30/4, Hưng Lợi, Ninh Kiều, Cần Thơ",way:4798e1b87c6fc8f032a82f9466bc89a25e7095f4e365722360f1cd6cea440e78,Nam,cu
way,1219036290,125,Đường Đê La Thành,Nam Đồng,Đống Đa,Hà Nội,"125, Đường Đê La Thành, Nam Đồng, Đống Đa, Hà Nội",way:944913f0031b753ac246d27467aa12d15c1a4880438a76c77ee16105d9ec3b2e,Bac,cu
node,11160784323,39,Bùi Thị Xuân,Thị trấn Ma Đa Guôi,Huyện Đạ Huoai,Tỉnh Lâm Đồng,"39, Bùi Thị Xuân, Thị trấn Ma Đa Guôi, Huyện Đạ Huoai, Tỉnh Lâm Đồng","node:11.3849068,107.5414121",Trung,cu
way,316829173,193,Bùi Thị Xuân,Phường 1,Tân Bình,Hồ Chí Minh,"193, Bùi Thị Xuân, Phường 1, Tân Bình, Hồ Chí Minh",way:34efaced38149769e3a15005ff3edd78588e1f8b930d254e645585906b3449df,Nam,cu
node,6591425214,31,Phố Hai Bà Trưng,Hàng Bài,Hoàn Kiếm,Hà Nội,"31, Phố Hai Bà Trưng, Hàng Bài, Hoàn Kiếm, Hà Nội","node:21.0243921,105.8515468",Bac,cu
way,858242835,10A,Phố Phạm Ngọc Thạch,Kim Liên,Đống Đa,Hà Nội,"10A, Phố Phạm Ngọc Thạch, Kim Liên, Đống Đa, Hà Nội",way:5892d54f7b80819dfb5c14e2fe3345baf2b07a8f48bc96e954666c576214b834,Bac,cu
way,961345449,27,Đường Chu Văn An,Phường 1,Quận 6,Hồ Chí Minh,"27, Đường Chu Văn An, Phường 1, Quận 6, Hồ Chí Minh",way:49d94d31ca738edd0b05b11ed88559ed6e8386ec2e707758a2f6f7b2858427bb,Nam,cu
node,11372796991,SH15-07,San Hô 15,Đa Tốn,Gia Lâm,Hà Nội,"SH15-07, San Hô 15, Đa Tốn, Gia Lâm, Hà Nội","node:20.9925608,105.9464806",Bac,cu
node,11409351638,426,Đường Hoàng Hoa Thám,bích động,việt yên,bắc giang,"426, Đường Hoàng Hoa Thám, bích động, việt yên, bắc giang","node:21.2733318,106.1007564",Bac,cu
way,1218063998,492,Phố Xã Đàn,Nam Đồng,Đống Đa,Hà Nội,"492, Phố Xã Đàn, Nam Đồng, Đống Đa, Hà Nội",way:299ed3f69f3a08dc045097dafbc807b2d121e766ee03142a243da9662dba8a6b,Bac,cu
way,199148848,191,Đường La Thành,Láng Thượng,Đống Đa,Hà Nội,"191, Đường La Thành, Láng Thượng, Đống Đa, Hà Nội",way:6375ab9deb697ef6b38b7fc4572dc8f239f1713e3df5151d8bd36f5ffdfa13de,Bac,cu
node,12114066141,06,Đường Mỹ Phú 1C,Phường Tân Phú,Quận 7,Thành phố Hồ Chí Minh,"06, Đường Mỹ Phú 1C, Phường Tân Phú, Quận 7, Thành phố Hồ Chí Minh","node:10.7170071,106.7268387",Nam,cu
node,11353528159,NT03-27,Ngọc Trai 3,Đa Tốn,Gia Lâm,Hà Nội,"NT03-27, Ngọc Trai 3, Đa Tốn, Gia Lâm, Hà Nội","node:20.9951630,105.9500944",Bac,cu
node,3199452412,4,Trần Văn Khéo,Cái khế,Ninh kiều,Cần Thơ,"4, Trần Văn Khéo, Cái khế, Ninh kiều, Cần Thơ","node:10.0432828,105.7825212",Nam,cu
node,7858099395,19,Đường 53,Tân Phong,Quận 7,Hồ Chí Minh,"19, Đường 53, Tân Phong, Quận 7, Hồ Chí Minh","node:10.7382015,106.7083526",Nam,cu
node,11351081423,NT21-07,Ngọc Trai 21,Đa Tốn,Gia Lâm,Hà Nội,"NT21-07, Ngọc Trai 21, Đa Tốn, Gia Lâm, Hà Nội","node:20.9973318,105.9463278",Bac,cu
way,1243105435,15,Ngõ 3 Phạm Tuấn Tài,Phường Dịch Vọng Hậu,Quận Cầu Giấy,Hà Nội,"15, Ngõ 3 Phạm Tuấn Tài, Phường Dịch Vọng Hậu, Quận Cầu Giấy, Hà Nội",way:a9a1a409b4cb4a7bd168bd06d87ba572009e73f9808bec3e3877741ac2868f40,Bac,cu
node,11601645095,26,Phố Bùi Thị Xuân,Nguyễn Du,Hai Bà Trưng,Hà Nội,"26, Phố Bùi Thị Xuân, Nguyễn Du, Hai Bà Trưng, Hà Nội","node:21.0167091,105.8497579",Bac,cu
way,961616537,621,Tân Kỳ Tân Quý,Bình Hưng Hòa A,Bình Tân,Hồ Chí Minh,"621, Tân Kỳ Tân Quý, Bình Hưng Hòa A, Bình Tân, Hồ Chí Minh",way:06e1d2265367166da5cc3dd57a1680373d75e2bad2fb53382916549a92f11642,Nam,cu
way,1244514175,12,Phố Đặng Thùy Trâm,Phường Cổ Nhuế 1,Quận Bắc Từ Liêm,Hà Nội,"12, Phố Đặng Thùy Trâm, Phường Cổ Nhuế 1, Quận Bắc Từ Liêm, Hà Nội",way:438fcfdb3de7f771a4639fef24dec9717b43b234fd4962b4dfcbb79bb0f6bea0,Bac,cu
node,11572076301,10,Ngách 1/88 Phạm Tuấn Tài,Phường Dịch Vọng Hậu,Quận Cầu Giấy,Hà Nội,"10, Ngách 1/88 Phạm Tuấn Tài, Phường Dịch Vọng Hậu, Quận Cầu Giấy, Hà Nội","node:21.0434797,105.7846574",Bac,cu
way,588347161,243a,La Thành,Láng Thượng,Đống Đa,Hà Nội,"243a, La Thành, Láng Thượng, Đống Đa, Hà Nội",way:3e73c4f88b50862a810aae47756af0fa20838269c3b53e29369c06351d2f3bb8,Bac,cu
node,11372798761,SH01-24,San Hô 1,Đa Tốn,Gia Lâm,Hà Nội,"SH01-24, San Hô 1, Đa Tốn, Gia Lâm, Hà Nội","node:20.9896871,105.9495341",Bac,cu
node,11240619610,128,Đường Xuân Thủy,Phường Dịch Vọng Hậu,Quận Cầu Giấy,Hà Nội,"128, Đường Xuân Thủy, Phường Dịch Vọng Hậu, Quận Cầu Giấy, Hà Nội","node:21.0368134,105.7854064",Bac,cu
way,1255921545,18,Phố Hàng Cót,Phường Hàng Mã,Quận Hoàn Kiếm,Hà Nội,"18, Phố Hàng Cót, Phường Hàng Mã, Quận Hoàn Kiếm, Hà Nội",way:4a61651f76f3a815ac757f78c56f224cf3c0b08505c86a81f6fdc679fdcc5a5d,Bac,cu
node,8921958488,27,Đại lộ Bình Dương,Phú Thọ,Thủ Dầu Một,Thủ Dầu Một,"27, Đại lộ Bình Dương, Phú Thọ, Thủ Dầu Một, Thủ Dầu Một","node:10.9646425,106.6865635",Bac,cu
node,6641126739,Số 25,Phố Tân Mai,Tân Mai,Hoàng Mai,Hà Nội,"Số 25, Phố Tân Mai, Tân Mai, Hoàng Mai, Hà Nội","node:20.9835067,105.8504516",Bac,cu
way,643140430,70/1A,Trần Văn Ơn,Tân Sơn Nhì,Tân Phú,Hồ Chí Minh,"70/1A, Trần Văn Ơn, Tân Sơn Nhì, Tân Phú, Hồ Chí Minh",way:8cc9680af224ad566fc51d2bcea185cb894a108712b75a080e0d0ff983bdb963,Nam,cu
way,1301707678,46A,Phố Sơn Tây,Phường Điện Biên,Quận Ba Đình,Hà Nội,"46A, Phố Sơn Tây, Phường Điện Biên, Quận Ba Đình, Hà Nội",way:f8734a011600c53c60569518edf645c0f7f04dedcb240c5ce945dce11c21aaf8,Bac,cu
node,11625397942,118,Phố Triệu Việt Vương,Nguyễn Du,Hai Bà Trưng,Hà Nội,"118, Phố Triệu Việt Vương, Nguyễn Du, Hai Bà Trưng, Hà Nội","node:21.0147122,105.8502911",Bac,cu
node,8442251579,155,Đường Cổ Nhuế,Cổ Nhuế 2,Bắc Từ Liêm,Hà Nội,"155, Đường Cổ Nhuế, Cổ Nhuế 2, Bắc Từ Liêm, Hà Nội","node:21.0623493,105.7804605",Bac,cu
node,11056321986,2,Đường Số 31,Khu dân cư An Phú,Quận 7,Hồ Chí Minh,"2, Đường Số 31, Khu dân cư An Phú, Quận 7, Hồ Chí Minh","node:10.7365876,106.7120245",Nam,cu
way,863793808,87D,Phố Thợ Nhuộm,Trần Hưng Đạo,Hoàn Kiếm,Hà Nội,"87D, Phố Thợ Nhuộm, Trần Hưng Đạo, Hoàn Kiếm, Hà Nội",way:a226a9b8e24f82da4a8611bc2281a74128094db22c4c59035dc569f1445b996f,Bac,cu
node,12672907317,9,Phố Đào Duy Anh,Phương Mai,Đống Đa,Hà Nội,"9, Phố Đào Duy Anh, Phương Mai, Đống Đa, Hà Nội","node:21.0086890,105.8380821",Bac,cu
way,1007516847,421,Đường Hoàng Quốc Việt,Phường Cổ Nhuế 1,Quận Bắc Từ Liêm,Hà Nội,"421, Đường Hoàng Quốc Việt, Phường Cổ Nhuế 1, Quận Bắc Từ Liêm, Hà Nội",way:7e3d88606dd238bc11e1de1c7d05b0bc7c685e8a324a5344400efea2d9ca8c4e,Bac,cu
node,8042347995,53,Phố Quang Trung,Nguyễn Du,Hai Bà Trưng,Hà Nội,"53, Phố Quang Trung, Nguyễn Du, Hai Bà Trưng, Hà Nội","node:21.0185631,105.8477159",Bac,cu
node,10784651162,314,Đồng Văn Cống,Phường 7,Bến Tre,Bến Tre,"314, Đồng Văn Cống, Phường 7, Bến Tre, Bến Tre","node:10.2342967,106.3583571",Nam,cu
way,1264582880,32,Đường Nguyễn Khánh Toàn,Phường Quan Hoa,Quận Cầu Giấy,Hà Nội,"32, Đường Nguyễn Khánh Toàn, Phường Quan Hoa, Quận Cầu Giấy, Hà Nội",way:860cabe60d8ad715d5ff9967567d1519526727d0d042a029d086dcf7997d965b,Bac,cu
node,12094871162,03,Đường Nội Khu Mỹ Phú 3A,Tân Phú,Quận 7,Thành phố Hồ Chí Minh,"03, Đường Nội Khu Mỹ Phú 3A, Tân Phú, Quận 7, Thành phố Hồ Chí Minh","node:10.7159763,106.7287454",Nam,cu
way,1243464091,22,Phố Trần Quốc Hoàn,Phường Dịch Vọng Hậu,Quận Cầu Giấy,Hà Nội,"22, Phố Trần Quốc Hoàn, Phường Dịch Vọng Hậu, Quận Cầu Giấy, Hà Nội",way:af2f36c9af79a7b50dfcf8162a5ebf9d67700ce391a74dfc28ea69dfa7748f1b,Bac,cu
node,11832121841,1,Phó Đức Chính,Phường Nguyễn Thái Bình,Quận 1,Thành phố Hồ Chí Minh,"1, Phó Đức Chính, Phường Nguyễn Thái Bình, Quận 1, Thành phố Hồ Chí Minh","node:10.7672117,106.7010736",Bac,cu
way,1243461489,10,Ngõ 12 Phạm Tuấn Tài,Phường Dịch Vọng Hậu,Quận Cầu Giấy,Hà Nội,"10, Ngõ 12 Phạm Tuấn Tài, Phường Dịch Vọng Hậu, Quận Cầu Giấy, Hà Nội",way:c28f59b5b2bd71886885eded5a6dbff6897dba3a6ac0000fee6f21dd6dee520a,Bac,cu
way,1243088014,1,Ngách 2/21 Đặng Thùy Trâm,Phường Cổ Nhuế 1,Quận Bắc Từ Liêm,Hà Nội,"1, Ngách 2/21 Đặng Thùy Trâm, Phường Cổ Nhuế 1, Quận Bắc Từ Liêm, Hà Nội",way:1594a38b8e821eaa8d14940fdfdcec8b036df413c0374e7b11768512122d24e1,Bac,cu
way,1243464084,42,Phố Trần Quốc Hoàn,Phường Dịch Vọng Hậu,Quận Cầu Giấy,Hà Nội,"42, Phố Trần Quốc Hoàn, Phường Dịch Vọng Hậu, Quận Cầu Giấy, Hà Nội",way:8b26914660dd1a2d010379c4fadd83bf56bf88c075200f011b95158c07d604b9,Bac,cu
node,11572142341,8,Phố Trần Quốc Hoàn,Phường Dịch Vọng Hậu,Quận Cầu Giấy,Hà Nội,"8, Phố Trần Quốc Hoàn, Phường Dịch Vọng Hậu, Quận Cầu Giấy, Hà Nội","node:21.0418244,105.7870297",Bac,cu
node,8624261430,29,Đường Doãn Uẩn,Khuê Mỹ,Ngũ Hành Sơn,Đà Nẵng,"29, Đường Doãn Uẩn, Khuê Mỹ, Ngũ Hành Sơn, Đà Nẵng","node:16.0346103,108.2437554",Trung,cu
node,11056160162,734,Trần Cao Vân,Xuân Hà,Thanh Khê,Đà Nẵng,"734, Trần Cao Vân, Xuân Hà, Thanh Khê, Đà Nẵng","node:16.0718374,108.1866077",Trung,cu
node,10982272878,15,Dương Thị Mười,Hiệp Thành,quận 12,thành phố Hồ Chí Minh,"15, Dương Thị Mười, Hiệp Thành, quận 12, thành phố Hồ Chí Minh","node:10.8763131,106.6406947",Nam,cu
way,1040487972,20,Phố Cao Bá Quát,Phường Điện Biên,Quận Ba Đình,Hà Nội,"20, Phố Cao Bá Quát, Phường Điện Biên, Quận Ba Đình, Hà Nội",way:e76ef9402fd63f0ae688e9f4cebdd072e02cf1022fc2dd923620ac5465451c12,Bac,cu
way,961345456,35,Đường Bình Thới,Phường 11,Quận 11,Thành Phố Hồ Chí Minh,"35, Đường Bình Thới, Phường 11, Quận 11, Thành Phố Hồ Chí Minh",way:d657047df26698325340afa98434004c983d192d7fbd9c5d10e95d24c303fcc6,Nam,cu
way,1209043991,207,Phố Xã Đàn,Nam Đồng,Đống Đa,Hà Nội,"207, Phố Xã Đàn, Nam Đồng, Đống Đa, Hà Nội",way:0257758c4858e7f5c76d5971e9175e650dee139b0abcd748af2933584cb3e609,Bac,cu
way,1211508857,1,Ngách 643/9 Phạm Văn Đồng,Phường Cổ Nhuế 1,Quận Bắc Từ Liêm,Hà Nội,"1, Ngách 643/9 Phạm Văn Đồng, Phường Cổ Nhuế 1, Quận Bắc Từ Liêm, Hà Nội",way:279ca13abc35bf1dd048dbb250da8b05daa560349dd472ec22ddb313bdfa3997,Bac,cu
way,1120009567,457,Đường Hoàng Quốc Việt,Phường Cổ Nhuế 1,Quận Bắc Từ Liêm,Hà Nội,"457, Đường Hoàng Quốc Việt, Phường Cổ Nhuế 1, Quận Bắc Từ Liêm, Hà Nội",way:d77e932b8c7fb3184229fab2e14f42f2cdf1c487b8d7ecc9ba2b63ab792c2afb,Bac,cu
node,11184772688,30,Đường Tân Thắng,Phường Sơn Kỳ,Quận Tân Phú,Thành phố Hồ Chí Minh,"30, Đường Tân Thắng, Phường Sơn Kỳ, Quận Tân Phú, Thành phố Hồ Chí Minh","node:10.8013943,106.6186522",Nam,cu
node,10706315908,ĐH Lâm nghiệp,Đường Hồ Chí Minh,Xuân Mai,Chương Mỹ,Hà Nội,"ĐH Lâm nghiệp, Đường Hồ Chí Minh, Xuân Mai, Chương Mỹ, Hà Nội","node:20.9114485,105.5729470",Bac,cu
way,940668409,25,Phố Giang Văn Minh,Kim Mã,Ba Đình,Hà Nội,"25, Phố Giang Văn Minh, Kim Mã, Ba Đình, Hà Nội",way:df95d7d492eebdd27e168666b6744a5469274636689220636fbf1f96b9a63c63,Bac,cu
node,12750063817,161-163,Đường Trần Hưng Đạo,Phường Tiền Ninh Vệ,Thành phố Bắc Ninh,Bắc Ninh,"161-163, Đường Trần Hưng Đạo, Phường Tiền Ninh Vệ, Thành phố Bắc Ninh, Bắc Ninh","node:21.1800486,106.0666902",Bac,cu
node,12116589721,43,Phố Nguyễn Du,Nguyễn Du,Hai Bà Trưng,Hà Nội,"43, Phố Nguyễn Du, Nguyễn Du, Hai Bà Trưng, Hà Nội","node:21.0185218,105.8497899",Bac,cu
way,188114259,10,Đường Tân Trào,Phường Tân Phú,Quận 7,Thành phố Hồ Chí Minh,"10, Đường Tân Trào, Phường Tân Phú, Quận 7, Thành phố Hồ Chí Minh",way:c4072a9a4540328f78990a04a6113eb6dcc5aa4742b35065db860618bf1842b1,Nam,cu
node,12094871169,08,Đường Nội Khu Mỹ Phú 3B,Tân Phú,Quận 7,Thành phố Hồ Chí Minh,"08, Đường Nội Khu Mỹ Phú 3B, Tân Phú, Quận 7, Thành phố Hồ Chí Minh","node:10.7157263,106.7287421",Nam,cu
way,570570880,185,Phố Nguyễn Lương Bằng,Quang Trung,Đống Đa,Hà Nội,"185, Phố Nguyễn Lương Bằng, Quang Trung, Đống Đa, Hà Nội",way:20ca465cf7e085bb6bee6395d21c9d414b484d4fcccbae6a44e4ab07dba11982,Bac,cu
way,1242845669,3,Ngách 1/96 Phạm Tuấn Tài,Phường Dịch Vọng Hậu,Quận Cầu Giấy,Hà Nội,"3, Ngách 1/96 Phạm Tuấn Tài, Phường Dịch Vọng Hậu, Quận Cầu Giấy, Hà Nội",way:da24532c86b10872264a728e2048763f89a12a2fd68822b9e91affa7e2304e4a,Bac,cu
way,1250665195,59,Phố Phan Văn Trường,Phường Dịch Vọng Hậu,Quận Cầu Giấy,Hà Nội,"59, Phố Phan Văn Trường, Phường Dịch Vọng Hậu, Quận Cầu Giấy, Hà Nội",way:7f1ca8cb12f3844792751f6e2eceeb6e7e413e822f3a91262e4f0eb68d93b87b,Bac,cu
way,1214358088,126,Đường Lê Duẩn,Cửa Nam,Hoàn Kiếm,Hà Nội,"126, Đường Lê Duẩn, Cửa Nam, Hoàn Kiếm, Hà Nội",way:4f95a715aeb842fc544aba90811fd300ee4d3735b8b366d47dab44b71a0a99c9,Bac,cu
node,11563368956,443,Đường Hoàng Quốc Việt,Phường Cổ Nhuế 1,Quận Bắc Từ Liêm,Hà Nội,"443, Đường Hoàng Quốc Việt, Phường Cổ Nhuế 1, Quận Bắc Từ Liêm, Hà Nội","node:21.0459030,105.7854307",Bac,cu
way,1241980323,199,Nguyễn Hoàng,An Phú,Thành phố Thủ Đức,Thành phố Hồ Chí Minh,"199, Nguyễn Hoàng, An Phú, Thành phố Thủ Đức, Thành phố Hồ Chí Minh",way:4e2dfef5b8cd6fd52db98e98002ae6e63fd3adeb9b2b15ff3a5e96279eac00af,Nam,cu
node,10860208391,77,Phố Phùng Hưng,Hàng Mã,Hoàn Kiếm,Hà Nội,"77, Phố Phùng Hưng, Hàng Mã, Hoàn Kiếm, Hà Nội","node:21.0364989,105.8462128",Bac,cu
way,1325598553,172,Đường Nguyễn Duy Trinh,Phường Hòa Hải,Quận Ngũ Hành Sơn,Đà Nẵng,"172, Đường Nguyễn Duy Trinh, Phường Hòa Hải, Quận Ngũ Hành Sơn, Đà Nẵng",way:cef804a3e1e0cbd955ed5c78790174388a7f28f63cd8a0e210c0eb70e65a0ee7,Trung,cu
way,1218401583,27,Khu dân cư số 9,Xuân Khánh,Ninh Kiều,Cần Thơ,"27, Khu dân cư số 9, Xuân Khánh, Ninh Kiều, Cần Thơ",way:0c63f77dfd781ff22efa637dd7934d9585b9c9e8a9ed7d23908f8bf8c24c8d70,Nam,cu
way,966101129,19,Đường Lê Văn Lương,Nhân Chính,Thanh Xuân,Hà Nội,"19, Đường Lê Văn Lương, Nhân Chính, Thanh Xuân, Hà Nội",way:a0ec75703351a642ba64ade1f003e9fc9bd5fcf428c92734c09380bab29cab9c,Bac,cu
node,12108828753,19,Đường Nội Khu 04,Phường Tân Phú,Quận 7,Thành phố Hồ Chí Minh,"19, Đường Nội Khu 04, Phường Tân Phú, Quận 7, Thành phố Hồ Chí Minh","node:10.7201063,106.7282379",Nam,cu
node,11212910085,655,Đường Phạm Văn Đồng,Phường Cổ Nhuế 1,Quận Bắc Từ Liêm,Hà Nội,"655, Đường Phạm Văn Đồng, Phường Cổ Nhuế 1, Quận Bắc Từ Liêm, Hà Nội","node:21.0473521,105.7820469",Bac,cu
way,1118396864,142,Ngõ 95 Phố Vũ Xuân Thiều,Sài Đồng,Long Biên,Hà Nội,"142, Ngõ 95 Phố Vũ Xuân Thiều, Sài Đồng, Long Biên, Hà Nội",way:68461c3482a408d8bc7c896f0417d9829e1aaf495e4f00c6f821150c8aab86d2,Bac,cu
way,1308407799,45,Phố Nguyễn Du,Nguyễn Du,Hai Bà Trưng,Hà Nội,"45, Phố Nguyễn Du, Nguyễn Du, Hai Bà Trưng, Hà Nội",way:3c131e5d9f15fea124b29d8fb03b1ee8b0f3790ccfc98d6fb6e1c2ea4b629014,Bac,cu
way,1365437854,6,Ngõ 2 Phố Trần Bình Trọng,Phường Phương Liễu,Thị xã Quế Võ,Bắc Ninh,"6, Ngõ 2 Phố Trần Bình Trọng, Phường Phương Liễu, Thị xã Quế Võ, Bắc Ninh",way:f7e6a2031b3477be339888175fd646ded6ef82d31af260115d7431b3b81be588,Bac,cu
way,1350675522,67,Lê Văn Thiêm,Tân Phong,Quận 7,Hồ Chí Minh,"67, Lê Văn Thiêm, Tân Phong, Quận 7, Hồ Chí Minh",way:a4f3d63fc2710d79eb07054d4a13980b48fc72a3e37a047c8b3740e93520c0c3,Nam,cu
way,1242747190,9,Ngõ 26 Đặng Thùy Trâm,Phường Cổ Nhuế 1,Quận Bắc Từ Liêm,Hà Nội,"9, Ngõ 26 Đặng Thùy Trâm, Phường Cổ Nhuế 1, Quận Bắc Từ Liêm, Hà Nội",way:6535a5258d091d5e38b1a80c226e0b142f2fa1eabc134824ebfb64776fd25d0f,Bac,cu
node,12902515429,304,Đường Thiên Đức,Phường Tiền Ninh Vệ,Thành phố Bắc Ninh,Bắc Ninh,"304, Đường Thiên Đức, Phường Tiền Ninh Vệ, Thành phố Bắc Ninh, Bắc Ninh","node:21.1865233,106.0610424",Bac,cu
node,11486942480,38,Phố Tô Hiến Thành,Nguyễn Du,Hai Bà Trưng,Hà Nội,"38, Phố Tô Hiến Thành, Nguyễn Du, Hai Bà Trưng, Hà Nội","node:21.0136124,105.8502139",Bac,cu
node,11372796993,SH15-11,San Hô 15,Đa Tốn,Gia Lâm,Hà Nội,"SH15-11, San Hô 15, Đa Tốn, Gia Lâm, Hà Nội","node:20.9924012,105.9463823",Bac,cu
node,11486942496,119,Phố Bùi Thị Xuân,Nguyễn Du,Hai Bà Trưng,Hà Nội,"119, Phố Bùi Thị Xuân, Nguyễn Du, Hai Bà Trưng, Hà Nội","node:21.0144668,105.8500204",Bac,cu
way,330071251,19A,Đường Cộng Hòa,12,Tân Bình,Hồ Chí Minh,"19A, Đường Cộng Hòa, 12, Tân Bình, Hồ Chí Minh",way:7137390294c24132a836890302e433d7fcf2e2225b6c731e4c7a95173bdc44d0,Nam,cu
node,12108221585,12,Đường Nội Khu 02,Phường Tân Phú,Quận 7,Thành phố Hồ Chí Minh,"12, Đường Nội Khu 02, Phường Tân Phú, Quận 7, Thành phố Hồ Chí Minh","node:10.7200424,106.7285844",Nam,cu
way,1218308247,4,Phố Lê Hồng Phong,Phường Điện Biên,Quận Ba Đình,Hà Nội,"4, Phố Lê Hồng Phong, Phường Điện Biên, Quận Ba Đình, Hà Nội",way:639b6af8635306d4c5110bae193a2006b7e40c4673976e988211200db6d56e9c,Bac,cu
way,1325606968,79/7,Đường Trần Quý Cáp,Phường Khuê Trung,Quận Cẩm Lệ,Đà Nẵng,"79/7, Đường Trần Quý Cáp, Phường Khuê Trung, Quận Cẩm Lệ, Đà Nẵng",way:d45554e5d2e14dba27b8665b977c83d02c057e5dde3c0477d4f77039ade02741,Trung,cu
node,6986697628,63,Ngõ Thái Hà,Láng Hạ,Đống Đa,Hà Nội,"63, Ngõ Thái Hà, Láng Hạ, Đống Đa, Hà Nội","node:21.0145467,105.8153735",Bac,cu
way,1301591108,16,Ngách 28/2 Ông Ích Khiêm,Phường Điện Biên,Quận Ba Đình,Hà Nội,"16, Ngách 28/2 Ông Ích Khiêm, Phường Điện Biên, Quận Ba Đình, Hà Nội",way:5bec78fd64931a179e4a631e4c21e1b9199b5f2175529412e7d8471a9dea426c,Bac,cu
way,1382317129,1/1,Đường Tân Thới Nhất 17,Phường Tân Thới Nhất,Quận 12,Thành phố Hồ Chí Minh,"1/1, Đường Tân Thới Nhất 17, Phường Tân Thới Nhất, Quận 12, Thành phố Hồ Chí Minh",way:cd66635b32203a006d447c307a9ae7041d3862b94d9462344aa48d40dda21b4d,Nam,cu
node,12278163292,75,Bình An 7,Hoa Cường Bắc,Hải Châu,Đà Nẵng,"75, Bình An 7, Hoa Cường Bắc, Hải Châu, Đà Nẵng","node:16.0427355,108.2151834",Trung,cu
node,11212195521,22B14,Phố Phạm Ngọc Thạch,Kim Liên,Đống Đa,Hà Nội,"22B14, Phố Phạm Ngọc Thạch, Kim Liên, Đống Đa, Hà Nội","node:21.0083355,105.8341594",Bac,cu
node,6546344078,7,Xô Viết Nghệ Tĩnh,Tân An,Ninh Kiều,Cần Thơ,"7, Xô Viết Nghệ Tĩnh, Tân An, Ninh Kiều, Cần Thơ","node:10.0377333,105.7843286",Nam,cu
way,1324951952,82,Đường Nguyễn Trung Trực,Phường An Hải Bắc,Quận Sơn Trà,Đà Nẵng,"82, Đường Nguyễn Trung Trực, Phường An Hải Bắc, Quận Sơn Trà, Đà Nẵng",way:f7ac92ed8a63ed36d547eb1d88503da647f767b236fddcd3863b1d849ce1c682,Trung,cu
node,12803576003,141P,Võ Nguyên Giáp,Khu Phố 3,Thủ Đức,Hồ Chí Minh,"141P, Võ Nguyên Giáp, Khu Phố 3, Thủ Đức, Hồ Chí Minh","node:10.8106214,106.7600662",Nam,cu
way,1223691944,NT01-32,Ngọc Trai 1,Đa Tốn,Gia Lâm,Hà Nội,"NT01-32, Ngọc Trai 1, Đa Tốn, Gia Lâm, Hà Nội",way:277a6043a4c4f031807b4100714810bb4421435b2d5c15de345c1503b7911001,Bac,cu
way,846853511,11,Phố Duy Tân,Dịch Vọng Hậu,Cầu Giấy,Hà Nội,"11, Phố Duy Tân, Dịch Vọng Hậu, Cầu Giấy, Hà Nội",way:0ce39ce5aef3f0bf865fd3fce8fbb394a633e4ac8760e0ce98218f6217a36d09,Bac,cu
way,1163872130,36,Đường Thụy Khuê,Thụy Khuê,Tây Hồ,Hà Nội,"36, Đường Thụy Khuê, Thụy Khuê, Tây Hồ, Hà Nội",way:aab283aa65ba1af8cc44dab510f2806a806bc51c949124993d7fb5a59d7b4378,Bac,cu
way,1320370249,159-163,Hàm Nghi,Phường Nguyễn Thái Bình,Quận 1,Thành phố Hồ Chí Minh,"159-163, Hàm Nghi, Phường Nguyễn Thái Bình, Quận 1, Thành phố Hồ Chí Minh",way:4d83ce04ffdd98f3f53f267bba6047349010f964747e04af6a5c9e37714ca288,Bac,cu
node,7941577495,188,Đường Lê Hồng Phong,Phường 4,Quận 5,Thành phố Hồ Chí Minh,"188, Đường Lê Hồng Phong, Phường 4, Quận 5, Thành phố Hồ Chí Minh","node:10.7592419,106.6776196",Nam,cu
node,7916535458,259,Lê Văn Lương,Tân Quy,Quận 7,Hồ Chí Minh,"259, Lê Văn Lương, Tân Quy, Quận 7, Hồ Chí Minh","node:10.7445836,106.7043264",Nam,cu
way,582757787,35,Ngõ 53 Đức Giang,Đức giang,Long biên,Hà Nội,"35, Ngõ 53 Đức Giang, Đức giang, Long biên, Hà Nội",way:5d2bd178b7760d734952431e756abd7ba19e5639a86dbc3b524c2aff6917413f,Bac,cu
way,1233838164,51,Phố Lý Thái Tổ,Tràng Tiền,Hoàn Kiếm,Hà Nội,"51, Phố Lý Thái Tổ, Tràng Tiền, Hoàn Kiếm, Hà Nội",way:f7348133089edb7ea6735a34816580e0985fe9c6f66e46b38ff645fa29215ba9,Bac,cu
way,568394245,"Số 12 , 12A",Ngách 640/21 Nguyễn Văn Cừ,Gia Thụy,Long Biên,Hà Nội,"Số 12 , 12A, Ngách 640/21 Nguyễn Văn Cừ, Gia Thụy, Long Biên, Hà Nội",way:062f6534c6424396252c230eec5c120d2c41e71332a79976e721215946eb7805,Bac,cu
node,11353539595,NT03-53,Ngọc Trai 3,Đa Tốn,Gia Lâm,Hà Nội,"NT03-53, Ngọc Trai 3, Đa Tốn, Gia Lâm, Hà Nội","node:20.9944949,105.9491584",Bac,cu
way,419464713,50 Lô V,Cư xá Phú Lâm D,Phường 10,Quận 6,Hồ Chí Minh,"50 Lô V, Cư xá Phú Lâm D, Phường 10, Quận 6, Hồ Chí Minh",way:acad8a1173328ce70e62c93b632ecc28f9e55dd9f962af0072ae221572886196,Nam,cu
way,1255503501,8,Phố Lê Đại Hành,Lê Đại Hành,Hai Bà Trưng,Hà Nội,"8, Phố Lê Đại Hành, Lê Đại Hành, Hai Bà Trưng, Hà Nội",way:e2ee1dbe0bea4cb8c81c9aa78ce0f133909c5eace75e8885367e057b5166d245,Bac,cu
node,4102073152,Số 1 nghách 58/45 phố Trần Binh,Hồ Tùng Mậu,Mai Dịch,Cầu Giấy,Hà Nội,"Số 1 nghách 58/45 phố Trần Binh, Hồ Tùng Mậu, Mai Dịch, Cầu Giấy, Hà Nội","node:21.0357409,105.7741707",Bac,cu
node,7018311605,61,Đường số 1,Khu phố 2,Quận 9,Hồ Chí Minh,"61, Đường số 1, Khu phố 2, Quận 9, Hồ Chí Minh","node:10.8042329,106.7906552",Nam,cu
way,583612364,1,Hẻm 85/40/1 Sài Đồng,Sài Đồng,Long Biên,Hà Nội,"1, Hẻm 85/40/1 Sài Đồng, Sài Đồng, Long Biên, Hà Nội",way:49d06d94b35b445e86e39ae46ac8d77212083df518777bda3274dc57d7d1a0e7,Bac,cu
way,1239043552,43,Phố Tuệ Tĩnh,Nguyễn Du,Hai Bà Trưng,Hà Nội,"43, Phố Tuệ Tĩnh, Nguyễn Du, Hai Bà Trưng, Hà Nội",way:c4320f808ba99e07a6b00218ab25db70f17dc9774384271d89444e77b18f0b76,Bac,cu
node,6789730187,401,Võ Văn Tần,Phường 5,Quận 3,Thành phố Hồ Chí Minh,"401, Võ Văn Tần, Phường 5, Quận 3, Thành phố Hồ Chí Minh","node:10.7704054,106.6844794",Nam,cu
way,693058157,274,Đường Võ Nguyên Giáp,Mỹ An,Ngũ Hành Sơn,Đà Nẵng,"274, Đường Võ Nguyên Giáp, Mỹ An, Ngũ Hành Sơn, Đà Nẵng",way:8788fe34f1c638fc41f65bec24a32798aef83d3fd1daa485aa7497fb9df11198,Trung,cu
way,1156022371,71,Hoàng Văn Thái,Phường Tân Phú,Quận 7,Thành phố Hồ Chí Minh,"71, Hoàng Văn Thái, Phường Tân Phú, Quận 7, Thành phố Hồ Chí Minh",way:bddad898eff86a8b79ca8177f0586e0a7d3bbf115c3c471ac4ebe8b91122707f,Nam,cu
node,11633344431,135,Phố Ngọc Lâm,Ngọc Lâm,Long Biên,Hà Nội,"135, Phố Ngọc Lâm, Ngọc Lâm, Long Biên, Hà Nội","node:21.0453967,105.8688288",Bac,cu
way,1243464078,18,Ngõ 2 Phạm Tuấn Tài,Phường Dịch Vọng Hậu,Quận Cầu Giấy,Hà Nội,"18, Ngõ 2 Phạm Tuấn Tài, Phường Dịch Vọng Hậu, Quận Cầu Giấy, Hà Nội",way:49975d1f11a865a07b8c0679ad4375b4f845a90d9cb8a9f6e88b42958ad4c20c,Bac,cu
way,1215108836,785/1,Hẻm 785 Lũy Bán Bích,Phú Thọ Hòa,Tân Phú,Phường Phú Thọ Hòa,"785/1, Hẻm 785 Lũy Bán Bích, Phú Thọ Hòa, Tân Phú, Phường Phú Thọ Hòa",way:52ed4d03d3f58f2116a0c3a22eff131336cac6c00276543f8ce8ac7986fa2201,Bac,cu
node,11348772193,208,Phạm Thái Bường,Phường Tân Phong,Quận 7,Tp. Hồ Chí Minh,"208, Phạm Thái Bường, Phường Tân Phong, Quận 7, Tp. Hồ Chí Minh","node:10.7274680,106.7099326",Nam,cu
way,861296600,27-29,Phố Phan Chu Trinh,Phan Chu Trinh,Hoàn Kiếm,Hà Nội,"27-29, Phố Phan Chu Trinh, Phan Chu Trinh, Hoàn Kiếm, Hà Nội",way:4d24299efd0dfbe8cafdae31d1f9b5000f0cc7cf8b75c8de5bce83c0fdedbc0a,Bac,cu
way,638537793,2,Dương Đình Nghệ,Phường 8,Quận 11,Hồ Chí Minh,"2, Dương Đình Nghệ, Phường 8, Quận 11, Hồ Chí Minh",way:efb30c1ed9208eaecd7d8e76aa1f35e7ef55c64519c42b9c6a4517a222d49ea0,Nam,cu
way,874039742,173,Đường Xuân Thủy,Dịch Vọng Hậu,Cầu Giấy,Hà Nội,"173, Đường Xuân Thủy, Dịch Vọng Hậu, Cầu Giấy, Hà Nội",way:74606d659e66ed502ec41463d6b598a4ea293d38f4cdfe3e40797ff582134e91,Bac,cu
way,1202470072,37,Phố Nguyễn Bỉnh Khiêm,Lê Đại Hành,Hai Bà Trưng,Hà Nội,"37, Phố Nguyễn Bỉnh Khiêm, Lê Đại Hành, Hai Bà Trưng, Hà Nội",way:bb1d0a7404882c6970de9858c29244a2e1f133c8fbebbc28010701090911585e,Bac,cu
node,12471457282,1,Ngõ 224 Phố Lương Định Của,Phường Phương Liễu,Thị xã Quế Võ,Bắc Ninh,"1, Ngõ 224 Phố Lương Định Của, Phường Phương Liễu, Thị xã Quế Võ, Bắc Ninh","node:21.1668413,106.1388338",Bac,cu
way,1306341342,28V,Hẻm 482/10 Nơ Trang Long,Phường 13,Quận Bình Thạnh,Thành phố Hồ Chí Minh,"28V, Hẻm 482/10 Nơ Trang Long, Phường 13, Quận Bình Thạnh, Thành phố Hồ Chí Minh",way:496b7b99da849cc66a77cbde6bdf8b96f538369216d8e1515a7d54cc82a9f351,Nam,cu
node,6850919386,18-B7,Phạm Ngọc Thạch,Kim Liên,Đống Đa,Hà Nội,"18-B7, Phạm Ngọc Thạch, Kim Liên, Đống Đa, Hà Nội","node:21.0095922,105.8355703",Bac,cu
node,11351081382,NT16-17,Ngọc Trai 16,Đa Tốn,Gia Lâm,Hà Nội,"NT16-17, Ngọc Trai 16, Đa Tốn, Gia Lâm, Hà Nội","node:20.9990164,105.9471488",Bac,cu
way,1365437882,16,Phố Trần Bình Trọng,Phường Phương Liễu,Thị xã Quế Võ,Bắc Ninh,"16, Phố Trần Bình Trọng, Phường Phương Liễu, Thị xã Quế Võ, Bắc Ninh",way:b9a83bb5926b71e0a075a8851180c2f44ec639283dbb1e969d587e6261c5b32d,Bac,cu
way,1243075267,35,Ngõ 3 Phạm Tuấn Tài,Phường Dịch Vọng Hậu,Quận Cầu Giấy,Hà Nội,"35, Ngõ 3 Phạm Tuấn Tài, Phường Dịch Vọng Hậu, Quận Cầu Giấy, Hà Nội",way:378f78ec663ae95af4c9a6d049ea3c7fd34f5cf1ad731734f2b4c5ff4242751a,Bac,cu
way,991591096,25,Đường Trịnh Khắc Lập,phường Thạnh Mỹ Lợi,TP. Thủ Đức,TP. Hồ Chí Minh,"25, Đường Trịnh Khắc Lập, phường Thạnh Mỹ Lợi, TP. Thủ Đức, TP. Hồ Chí Minh",way:1041486596631afd6434123ea247f470aa5ec8308e9b8719fb581b58dc73e5e3,Nam,cu
way,1120014197,86,Ngõ 87 Yên Nghĩa,Phường Yên Nghĩa,Quận Hà Đông,Hà Nội,"86, Ngõ 87 Yên Nghĩa, Phường Yên Nghĩa, Quận Hà Đông, Hà Nội",way:ec617634ee1ec53de8263aef1e4ebe2b825894f67b4d9499579c0f98559d2172,Bac,cu
way,938437548,30,Đường Cầu Bươu,Tân Triều,Thanh Trì,Hà Nội,"30, Đường Cầu Bươu, Tân Triều, Thanh Trì, Hà Nội",way:1030602891a2c88919a8e07230a27b8c19705fb674896e8937ea121bd4557009,Bac,cu
way,704153620,75,Phố Đinh Tiên Hoàng,Tràng Tiền,Hoàn Kiếm,Hà Nội,"75, Phố Đinh Tiên Hoàng, Tràng Tiền, Hoàn Kiếm, Hà Nội",way:098ebed6d38b98231c029dbdfdc0877b2f6b382352bb9747f9c3f6fab0f8fea0,Bac,cu
node,12917463288,34,Đường Khả Lễ,Phường Võ Cường,Thành phố Bắc Ninh,Bắc Ninh,"34, Đường Khả Lễ, Phường Võ Cường, Thành phố Bắc Ninh, Bắc Ninh","node:21.1612638,106.0537018",Bac,cu
way,1243455281,66,Ngõ 6 Trần Quốc Hoàn,Phường Dịch Vọng Hậu,Quận Cầu Giấy,Hà Nội,"66, Ngõ 6 Trần Quốc Hoàn, Phường Dịch Vọng Hậu, Quận Cầu Giấy, Hà Nội",way:42bb3aedf78f0a5e0c7e9d74b11d2f80fdd5103bafc0a7d0c3c1671942f2dccc,Bac,cu
way,1224811988,95,Khu dân cư số 9,Xuân Khánh,Ninh Kiều,Cần Thơ,"95, Khu dân cư số 9, Xuân Khánh, Ninh Kiều, Cần Thơ",way:a8524df4f1c39984598274ee051f9621bf363b4dd01b884609e07936cc9a0c23,Nam,cu
way,1337759918,129,Đường Lý Thường Kiệt,Phường Châu Khê,Thành phố Từ Sơn,Bắc Ninh,"129, Đường Lý Thường Kiệt, Phường Châu Khê, Thành phố Từ Sơn, Bắc Ninh",way:5f4d566630a7188219d0812da463f6071b2205537af4df13f232af496fd07791,Bac,cu
way,840074805,183,Phố Nguyễn Lương Bằng,Quang Trung,Đống Đa,Hà Nội,"183, Phố Nguyễn Lương Bằng, Quang Trung, Đống Đa, Hà Nội",way:648e67f570a94e406202b85480b06187be4fb69f648a42a556a6b2eb45aeb3ec,Bac,cu
way,1235776397,135,Phố Triệu Việt Vương,Nguyễn Du,Hai Bà Trưng,Hà Nội,"135, Phố Triệu Việt Vương, Nguyễn Du, Hai Bà Trưng, Hà Nội",way:d33c0b63b3cf8ca325a9d592684032424314672080de3adb5daf1ab6cd2e9a1f,Bac,cu
way,1242845673,100,Ngõ 1 Phạm Tuấn Tài,Phường Dịch Vọng Hậu,Quận Cầu Giấy,Hà Nội,"100, Ngõ 1 Phạm Tuấn Tài, Phường Dịch Vọng Hậu, Quận Cầu Giấy, Hà Nội",way:8fa07154b68cbc25a3b845edeef6d9bd9e2b9bc1c9ba1add0e8d137c8da5e518,Bac,cu
node,11572079075,11,Ngách 1/84 Phạm Tuấn Tài,Phường Dịch Vọng Hậu,Quận Cầu Giấy,Hà Nội,"11, Ngách 1/84 Phạm Tuấn Tài, Phường Dịch Vọng Hậu, Quận Cầu Giấy, Hà Nội","node:21.0432981,105.7845209",Bac,cu
node,11415163457,18,Phố Cao Bá Quát,Phường Điện Biên,Quận Ba Đình,Hà Nội,"18, Phố Cao Bá Quát, Phường Điện Biên, Quận Ba Đình, Hà Nội","node:21.0302338,105.8400440",Bac,cu
node,12188488691,4,Đường Thanh Niên,Phạm Văn Hai,Bình Chánh,Thành phố Hồ Chí Minh,"4, Đường Thanh Niên, Phạm Văn Hai, Bình Chánh, Thành phố Hồ Chí Minh","node:10.8315367,106.5253262",Nam,cu
node,12902515436,72,Phố Yên Mẫn,Phường Kinh Bắc,Thành phố Bắc Ninh,Bắc Ninh,"72, Phố Yên Mẫn, Phường Kinh Bắc, Thành phố Bắc Ninh, Bắc Ninh","node:21.1887546,106.0579498",Bac,cu
node,12109870276,16,Đường Nội Khu 04,Phường Tân Phú,Quận 7,Thành phố Hồ Chí Minh,"16, Đường Nội Khu 04, Phường Tân Phú, Quận 7, Thành phố Hồ Chí Minh","node:10.7201436,106.7280327",Nam,cu
way,1307081404,120,Phố Huế,Nguyễn Du,Hai Bà Trưng,Hà Nội,"120, Phố Huế, Nguyễn Du, Hai Bà Trưng, Hà Nội",way:987326ac8f32bd370bdc759b3b01ab192944f5c955bb9e051f428a2dd1e3e39d,Bac,cu
way,1249181222,86,Phố Triệu Việt Vương,Nguyễn Du,Hai Bà Trưng,Hà Nội,"86, Phố Triệu Việt Vương, Nguyễn Du, Hai Bà Trưng, Hà Nội",way:4d4baab2ba3de66e569ca7c4753fdac03a436118328acfa98e7b8082da4514fb,Bac,cu
node,7676211857,Ngõ 144,Quan Nhân,Nhân Chính,Thanh Xuân,Hà Nội,"Ngõ 144, Quan Nhân, Nhân Chính, Thanh Xuân, Hà Nội","node:21.0044730,105.8106113",Bac,cu
way,1210204607,23,Ngách 234/29 Hoàng Quốc Việt,Phường Cổ Nhuế 1,Quận Bắc Từ Liêm,Hà Nội,"23, Ngách 234/29 Hoàng Quốc Việt, Phường Cổ Nhuế 1, Quận Bắc Từ Liêm, Hà Nội",way:50ab3f7892b3511d94fd5a7963ca9d808baa68a29d9e8d8d1204b62e54131b06,Bac,cu
node,12289833850,264,Phố Lương Định Của,Phường Phương Liễu,Thị xã Quế Võ,Bắc Ninh,"264, Phố Lương Định Của, Phường Phương Liễu, Thị xã Quế Võ, Bắc Ninh","node:21.1664060,106.1365827",Bac,cu
node,12093842093,13,Đường Nội Khu Nam Khang,Tân Phú,Quận 7,Thành phố Hồ Chí Minh,"13, Đường Nội Khu Nam Khang, Tân Phú, Quận 7, Thành phố Hồ Chí Minh","node:10.7152587,106.7288848",Nam,cu
way,961345441,206,Đường Phạm Văn Chí,Phường 4,Quận 6,Hồ Chí Minh,"206, Đường Phạm Văn Chí, Phường 4, Quận 6, Hồ Chí Minh",way:247826bce43852b4381ab60f9702103e2f31346a11ef284305da6c3f125adb93,Nam,cu
way,304959970,108,Thống Nhất,Tân Thành,Tân Phú,Hồ Chí Minh,"108, Thống Nhất, Tân Thành, Tân Phú, Hồ Chí Minh",way:b4164335d7792b8d77d97e9698eadb6b3529635e3b0a64cd84d76ba8d7c15820,Nam,cu
way,1216811098,19,Ngách 129 Ngõ Xã Đàn 2,Nam Đồng,Đống Đa,Hà Nội,"19, Ngách 129 Ngõ Xã Đàn 2, Nam Đồng, Đống Đa, Hà Nội",way:e96e97fe6122fbee075e8f0fc677dbeb83868c2e038821daf71c874f3d6387d4,Bac,cu
way,1205127382,25,Đường Hoàng Quốc Việt,Phường Nghĩa Đô,Quận Cầu Giấy,Hà Nội,"25, Đường Hoàng Quốc Việt, Phường Nghĩa Đô, Quận Cầu Giấy, Hà Nội",way:97863ef11df59f90adfc4523a8499d3340e9b0d8308cb9162ca8bb0e437c2a39,Bac,cu
way,302764000,9,Cách Mạng Tháng Tám,Khuê Trung,Cẩm Lệ,Đà Nẵng,"9, Cách Mạng Tháng Tám, Khuê Trung, Cẩm Lệ, Đà Nẵng",way:5f5dc70067b77bd67dce346301895daae30de352e644b90543016cba6cc17102,Trung,cu
node,7368365142,93,Đường Lý Nhân Tông,Khuê Trung,Cẩm Lệ,Đà Nẵng,"93, Đường Lý Nhân Tông, Khuê Trung, Cẩm Lệ, Đà Nẵng","node:16.0333473,108.2099707",Trung,cu
way,1365437872,11,Ngõ 2 Phố Trần Bình Trọng,Phường Phương Liễu,Thị xã Quế Võ,Bắc Ninh,"11, Ngõ 2 Phố Trần Bình Trọng, Phường Phương Liễu, Thị xã Quế Võ, Bắc Ninh",way:e46f920ccf68484be80fb3f8f04dc1e996d8b7c3b81fd4ba28f2d28393dc9a66,Bac,cu
way,1238550116,50,Phố Mai Hắc Đế,Nguyễn Du,Hai Bà Trưng,Hà Nội,"50, Phố Mai Hắc Đế, Nguyễn Du, Hai Bà Trưng, Hà Nội",way:dd5d829ea74e861ae03aa043431f776f7a019942af4ea970355b156eb0a2e2f9,Bac,cu
node,12329915330,1A,Đường Võ Cường 10,Phường Võ Cường,Thành phố Bắc Ninh,Bắc Ninh,"1A, Đường Võ Cường 10, Phường Võ Cường, Thành phố Bắc Ninh, Bắc Ninh","node:21.1718755,106.0554790",Bac,cu
way,856455220,961,Đường Hậu Giang,Phường 11,Quận 6,Phường 11,"961, Đường Hậu Giang, Phường 11, Quận 6, Phường 11",way:1434d0fd9311e4e35ff8b0ac659e1152a296b9f8fc9c7a6f4fa685a3f68b51a6,Nam,cu
way,1205381119,45,Đường Hoàng Quốc Việt,Phường Nghĩa Đô,Quận Cầu Giấy,Hà Nội,"45, Đường Hoàng Quốc Việt, Phường Nghĩa Đô, Quận Cầu Giấy, Hà Nội",way:0c2d397615925b43a9354408085a254611921d646a77e289320425920af934ce,Bac,cu
way,1158639496,1,Phố Phương Mai,Phương Mai,Đống Đa,Hà Nội,"1, Phố Phương Mai, Phương Mai, Đống Đa, Hà Nội",way:88db89fb68200d4dc33820dc1cffd23e97c473ecda7cb824c973024b8a3a37ac,Bac,cu
node,12959529652,498,Đường Hoàng Quốc Việt,Phường Đáp Cầu,Thành phố Bắc Ninh,Bắc Ninh,"498, Đường Hoàng Quốc Việt, Phường Đáp Cầu, Thành phố Bắc Ninh, Bắc Ninh","node:21.1981820,106.0938778",Bac,cu
node,12114065923,45,Đường Số 19,Phường Tân Phú,Quận 7,Thành phố Hồ Chí Minh,"45, Đường Số 19, Phường Tân Phú, Quận 7, Thành phố Hồ Chí Minh","node:10.7178838,106.7262070",Nam,cu
way,847053723,9,Phố Duy Tân,Dịch Vọng Hậu,Cầu Giấy,Hà Nội,"9, Phố Duy Tân, Dịch Vọng Hậu, Cầu Giấy, Hà Nội",way:8986314f6b7cec07384edfae0644561a760f2ad337eb788f02ab3a101f6f2525,Bac,cu
node,4965375435,151,Võ Văn Ngân,Phường Linh Chiểu,Quận Thủ Đức,Hồ Chí Minh,"151, Võ Văn Ngân, Phường Linh Chiểu, Quận Thủ Đức, Hồ Chí Minh","node:10.8505777,106.7615222",Nam,cu
node,12960949019,7/28,Thành Thái,Phường 14,Quận 10,Hồ Chí Minh,"7/28, Thành Thái, Phường 14, Quận 10, Hồ Chí Minh","node:10.7694867,106.6636405",Nam,cu
node,12764557264,74,Đường Nguyễn Gia Thiều,Phường Suối Hoa,Thành phố Bắc Ninh,Bắc Ninh,"74, Đường Nguyễn Gia Thiều, Phường Suối Hoa, Thành phố Bắc Ninh, Bắc Ninh","node:21.1856411,106.0718479",Bac,cu
way,1320451475,84,Phó Đức Chính,Phường Nguyễn Thái Bình,Quận 1,Thành phố Hồ Chí Minh,"84, Phó Đức Chính, Phường Nguyễn Thái Bình, Quận 1, Thành phố Hồ Chí Minh",way:3f2e05b2ea4f6dbdd2627c23ad9edbafd7d274c2df4b9a3ad11164a7b56e7ec4,Bac,cu
way,1223678288,NT09-06,Ngọc Trai 9,Đa Tốn,Gia Lâm,Hà Nội,"NT09-06, Ngọc Trai 9, Đa Tốn, Gia Lâm, Hà Nội",way:752767c1e18e7a6e90d892eeaadfebd141e8f11eddd93703519cf7fe7ff9e0ab,Bac,cu
way,1126535523,39,Ngách 259/55 Đường Phú Diễn,Phú diễn,Bắc Từ Liêm,Hà nội,"39, Ngách 259/55 Đường Phú Diễn, Phú diễn, Bắc Từ Liêm, Hà nội",way:aef0524c868a26e158bf88839c81d3ed09b4e688e19176b37997362442c30e7c,Bac,cu
node,12836900460,69,Phố Lãng Yên,Thanh Lương,Hai Bà Trưng,Hà Nội,"69, Phố Lãng Yên, Thanh Lương, Hai Bà Trưng, Hà Nội","node:21.0088990,105.8662428",Bac,cu
way,576742591,37,Phố Nguyễn Văn Trỗi,Phường Đình Bảng,Thành phố Từ Sơn,Bắc Ninh,"37, Phố Nguyễn Văn Trỗi, Phường Đình Bảng, Thành phố Từ Sơn, Bắc Ninh",way:f1ea0b6ac70aef25bdae1703baf0e0e6254f0feca0391fb956ad9430eedd2d7f,Bac,cu
node,11683982772,13,Phố Hàng Cót,Phường Hàng Mã,Quận Hoàn Kiếm,Hà Nội,"13, Phố Hàng Cót, Phường Hàng Mã, Quận Hoàn Kiếm, Hà Nội","node:21.0392977,105.8472548",Bac,cu
way,1289842481,19C,Phố Ngọc Hà,Ngọc Hà,Ba Đình,Hà Nội,"19C, Phố Ngọc Hà, Ngọc Hà, Ba Đình, Hà Nội",way:3c9c26c9cbe5cb65bae36e9048591fd1ffe9b9319e9fcf2cfe151e1d49749a8c,Bac,cu
way,995198434,437,Đường Nguyễn Thị Đinh,Cát Lái,TP. Thủ Đức,TP. Hồ Chí Minh,"437, Đường Nguyễn Thị Đinh, Cát Lái, TP. Thủ Đức, TP. Hồ Chí Minh",way:7df0ee44c28daa946c22cbb95842a6b2a9f85948cd2ab9f3d7b02f3851e1399c,Nam,cu
node,11200436073,6,Phố Kim Đồng,Giáp Bát,Hoàng Mai,Hà Nội,"6, Phố Kim Đồng, Giáp Bát, Hoàng Mai, Hà Nội","node:20.9833258,105.8424762",Bac,cu
way,582091079,51,Ngõ 46 Vũ Xuân Thiều,Sài Đồng,Long Biên,Hà Nội,"51, Ngõ 46 Vũ Xuân Thiều, Sài Đồng, Long Biên, Hà Nội",way:7bc815b0ef54cdc5b0d3f444e9bfff13cf03676834b5a4e062cf997315e6b8a2,Bac,cu
node,7856383102,2,Phố Vân Hồ 3,Lê Đại Hành,Hai Bà Trưng,Hà Nội,"2, Phố Vân Hồ 3, Lê Đại Hành, Hai Bà Trưng, Hà Nội","node:21.0103393,105.8464544",Bac,cu
node,12960832957,5B,Đường Đấu Mã,Phường Thị Cầu,Thành phố Bắc Ninh,Bắc Ninh,"5B, Đường Đấu Mã, Phường Thị Cầu, Thành phố Bắc Ninh, Bắc Ninh","node:21.1929135,106.0871602",Bac,cu
way,944825024,47-49,Phố Văn Miếu,Văn Miếu,Đống Đa,Hà Nội,"47-49, Phố Văn Miếu, Văn Miếu, Đống Đa, Hà Nội",way:9dd199a87242c6eeb3f8cac3676a7c4f34795f76015548bc35a8384d70161a6d,Bac,cu
node,12944060219,3,Đường Bình Than,Phường Đại Phúc,Thành phố Bắc Ninh,Bắc Ninh,"3, Đường Bình Than, Phường Đại Phúc, Thành phố Bắc Ninh, Bắc Ninh","node:21.1763513,106.0742717",Bac,cu
node,11353539639,NT02-39,Ngọc Trai 2,Đa Tốn,Gia Lâm,Hà Nội,"NT02-39, Ngọc Trai 2, Đa Tốn, Gia Lâm, Hà Nội","node:20.9941214,105.9493794",Bac,cu
node,8915286099,"Tầng 5, Tháp A",88 Láng Hạ,Láng Hạ,Đống Đa,Hà Nội,"Tầng 5, Tháp A, 88 Láng Hạ, Láng Hạ, Đống Đa, Hà Nội","node:21.0123068,105.8110781",Bac,cu
way,1210204610,11,Ngõ 234 Hoàng Quốc Việt,Phường Cổ Nhuế 1,Quận Bắc Từ Liêm,Hà Nội,"11, Ngõ 234 Hoàng Quốc Việt, Phường Cổ Nhuế 1, Quận Bắc Từ Liêm, Hà Nội",way:1ab345bc690a5e872a6cdd9624f942766424806510f72158a71643f1805647ed,Bac,cu
way,1206542703,15,Ngách 5/87 Hoàng Quốc Việt,Phường Nghĩa Đô,Quận Cầu Giấy,Hà Nội,"15, Ngách 5/87 Hoàng Quốc Việt, Phường Nghĩa Đô, Quận Cầu Giấy, Hà Nội",way:7a03e88edb0952b5d12fbb2ad0827ec03738a0879c93d58510a67f88110d1422,Bac,cu
way,583891763,17,Ngõ 273 Ngọc Lâm,Ngọc Lâm,Long Biên,Hà Nội,"17, Ngõ 273 Ngọc Lâm, Ngọc Lâm, Long Biên, Hà Nội",way:4443350048270ac1f6eb28b3fa9da02046a46c1217b598961a5dd8c86aed739c,Bac,cu
way,302904473,258,Đường Bạch Đằng,Phước Ninh,Hải Châu,Đà Nẵng,"258, Đường Bạch Đằng, Phước Ninh, Hải Châu, Đà Nẵng",way:48ac40ea904e94d3f603b9ef870db38bcfb9fd7c74759a70868e31f14f4f0f09,Trung,cu
node,11675985423,12G,Phố Hàng Cót,Phường Hàng Mã,Quận Hoàn Kiếm,Hà Nội,"12G, Phố Hàng Cót, Phường Hàng Mã, Quận Hoàn Kiếm, Hà Nội","node:21.0391097,105.8470397",Bac,cu
node,12844330050,463,Đường Trần Hưng Đạo,Phường Phượng Mao,Thị xã Quế Võ,Bắc Ninh,"463, Đường Trần Hưng Đạo, Phường Phượng Mao, Thị xã Quế Võ, Bắc Ninh","node:21.1543679,106.1461528",Bac,cu
way,582091083,43,Ngõ 46 Vũ Xuân Thiều,Sài Đồng,Long Biên,Hà Nội,"43, Ngõ 46 Vũ Xuân Thiều, Sài Đồng, Long Biên, Hà Nội",way:5d0950320a769ba96be1bdc9c186a9ffd816597109c0700391b9e290b213d95f,Bac,cu
node,12896305306,77,Phố Nguyễn Văn Trỗi,Phường Đình Bảng,Thành phố Từ Sơn,Bắc Ninh,"77, Phố Nguyễn Văn Trỗi, Phường Đình Bảng, Thành phố Từ Sơn, Bắc Ninh","node:21.1094435,105.9512040",Bac,cu
way,1348666908,64,Phố Vũ Kiệt,Phường Tiền Ninh Vệ,Thành phố Bắc Ninh,Bắc Ninh,"64, Phố Vũ Kiệt, Phường Tiền Ninh Vệ, Thành phố Bắc Ninh, Bắc Ninh",way:3042a402bd4431e3ce1a1bcf0125e216f1de271c57d21f745f76816823d9b547,Bac,cu
node,12956796295,37,Ngõ 195 Đường Vũ Ninh,Phường Vũ Ninh,Thành phố Bắc Ninh,Bắc Ninh,"37, Ngõ 195 Đường Vũ Ninh, Phường Vũ Ninh, Thành phố Bắc Ninh, Bắc Ninh","node:21.1896281,106.0778768",Bac,cu
node,12956796289,81,Đường Vũ Ninh,Phường Vũ Ninh,Thành phố Bắc Ninh,Bắc Ninh,"81, Đường Vũ Ninh, Phường Vũ Ninh, Thành phố Bắc Ninh, Bắc Ninh","node:21.1902906,106.0837254",Bac,cu
node,11653040772,2,Phố Mai Hắc Đế,Nguyễn Du,Hai Bà Trưng,Hà Nội,"2, Phố Mai Hắc Đế, Nguyễn Du, Hai Bà Trưng, Hà Nội","node:21.0164982,105.8507782",Bac,cu
way,1166293260,528,Đường Thụy Khuê,Bưởi,Tây Hồ,Hà Nội,"528, Đường Thụy Khuê, Bưởi, Tây Hồ, Hà Nội",way:651d1a7b1d508ca9d00036d5e7bb8b74df63c67c6b0cc8c61ce7a17085a3a4e0,Bac,cu
node,12667086407,2F,Đường Phù Đổng Thiên Vương,Phường Suối Hoa,Thành phố Bắc Ninh,Bắc Ninh,"2F, Đường Phù Đổng Thiên Vương, Phường Suối Hoa, Thành phố Bắc Ninh, Bắc Ninh","node:21.1881947,106.0731775",Bac,cu
way,314483929,154,Lê Lợi,Hải Châu 1,Hải Châu,Đà Nẵng,"154, Lê Lợi, Hải Châu 1, Hải Châu, Đà Nẵng",way:29711adfd57eeca2dce67625c635ae2ef9ed188e045987cae0b270094ab6c2a9,Trung,cu
node,11351081395,NT19-07,Ngọc Trai 19,Đa Tốn,Gia Lâm,Hà Nội,"NT19-07, Ngọc Trai 19, Đa Tốn, Gia Lâm, Hà Nội","node:20.9979187,105.9460387",Bac,cu
node,6545240634,744,Đường Ngô Gia Tự,Phường Tiền Ninh Vệ,Thành phố Bắc Ninh,Bắc Ninh,"744, Đường Ngô Gia Tự, Phường Tiền Ninh Vệ, Thành phố Bắc Ninh, Bắc Ninh","node:21.1813548,106.0631142",Bac,cu
way,1301699235,11,Phố Ngọc Hà,Phường Đội Cấn,Quận Ba Đình,Hà Nội,"11, Phố Ngọc Hà, Phường Đội Cấn, Quận Ba Đình, Hà Nội",way:f67c4e97ad3195a127a31f85c85a2fba3f7aef96be7772345ba95cf9918aee36,Bac,cu
way,1104102837,5,Phố Linh Đường,Hoàng Liệt,Hoàng Mai,Hà Nội,"5, Phố Linh Đường, Hoàng Liệt, Hoàng Mai, Hà Nội",way:f13444ff6ba08ee40d6925920d5f4ab7d54d6d78d2ccf00f3be0940acea40c73,Bac,cu
node,12093842092,15,Đường Nội Khu Nam Khang,Tân Phú,Quận 7,Thành phố Hồ Chí Minh,"15, Đường Nội Khu Nam Khang, Tân Phú, Quận 7, Thành phố Hồ Chí Minh","node:10.7152265,106.7288316",Nam,cu
way,1242734029,14,Ngõ 421 Hoàng Quốc Việt,Phường Cổ Nhuế 1,Quận Bắc Từ Liêm,Hà Nội,"14, Ngõ 421 Hoàng Quốc Việt, Phường Cổ Nhuế 1, Quận Bắc Từ Liêm, Hà Nội",way:8aa8efcf80c8dc75879e87c0011a01e79bb4f2ca6ad1b34c0b89d501046f8ee6,Bac,cu
way,509640842,213,Lê Trọng Tấn,Sơn Kỳ,Tân Phú,Hồ Chí Minh,"213, Lê Trọng Tấn, Sơn Kỳ, Tân Phú, Hồ Chí Minh",way:b6d0619a34aa954ec37d6f113250d9517563be750025ff8e5a97484a3b2e25c1,Nam,cu
way,1320451484,62,Lê Công Kiều,Phường Nguyễn Thái Bình,Quận 1,Thành phố Hồ Chí Minh,"62, Lê Công Kiều, Phường Nguyễn Thái Bình, Quận 1, Thành phố Hồ Chí Minh",way:53cd8607d2af816775830a52121cd40efa3c69ec3b6ccc6c6b0835535466ce30,Bac,cu
node,7055177450,12A,Đường số 32,Tân Bình,Bắc Tân Uyên,Bình Dương,"12A, Đường số 32, Tân Bình, Bắc Tân Uyên, Bình Dương","node:11.1560893,106.7047005",Nam,cu
way,1117554115,3,Ngách 61/39 Phạm Tuấn Tài,Phường Cổ Nhuế 1,Quận Bắc Từ Liêm,Hà Nội,"3, Ngách 61/39 Phạm Tuấn Tài, Phường Cổ Nhuế 1, Quận Bắc Từ Liêm, Hà Nội",way:f25fcd491f76663e6d6f0123e712540798dcb2e3607f0787f9a75162464da507,Bac,cu
way,1210478396,19,Ngách 238/11 Hoàng Quốc Việt,Phường Cổ Nhuế 1,Quận Bắc Từ Liêm,Hà Nội,"19, Ngách 238/11 Hoàng Quốc Việt, Phường Cổ Nhuế 1, Quận Bắc Từ Liêm, Hà Nội",way:9fb671c042f0bb481415f7fa0c476760a9628ef6752729cde2f6fc82185aba24,Bac,cu
way,977795572,173,Đường Trường Chinh,Khương Mai,Thanh Xuân,Hà Nội,"173, Đường Trường Chinh, Khương Mai, Thanh Xuân, Hà Nội",way:9bcbf5fa9766f5e1dd47251c73f8d134bcdb1ac2c073159c1e7a2a22e1d71ed1,Bac,cu
node,11691256821,348,Phố Huế,Phố Huế,Hai Bà Trưng,Hà Nội,"348, Phố Huế, Phố Huế, Hai Bà Trưng, Hà Nội","node:21.0098045,105.8512652",Bac,cu
way,1152673321,1034,Đường Cách Mạng Tháng 8,Phường 4,Quận Tân Bình,Thành phố Hồ Chí Minh,"1034, Đường Cách Mạng Tháng 8, Phường 4, Quận Tân Bình, Thành phố Hồ Chí Minh",way:828f4eca6078a3ec9b62bc7cb0bf023d3937545ac7586ace4ec5568b2d49d8f7,Nam,cu
node,4007177418,số 31,Trung tâm xã Bắc Hồng ( gần UBND xã ),xã Bắc Hồng,Đông Anh,Hà Nội,"số 31, Trung tâm xã Bắc Hồng ( gần UBND xã ), xã Bắc Hồng, Đông Anh, Hà Nội","node:21.1793802,105.8061734",Bac,cu
node,12960464235,163,Đường Ngô Gia Tự,Phường Vũ Ninh,Thành phố Bắc Ninh,Bắc Ninh,"163, Đường Ngô Gia Tự, Phường Vũ Ninh, Thành phố Bắc Ninh, Bắc Ninh","node:21.1904371,106.0764558",Bac,cu
node,12581521043,344-346,Đ. 3 Tháng 2,Phường 12,Quận 10,Hồ Chí Minh,"344-346, Đ. 3 Tháng 2, Phường 12, Quận 10, Hồ Chí Minh","node:10.7697074,106.6703739",Nam,cu
node,8906156035,161,Đường Xuân La,Xuân Đỉnh,Tây Hồ,Hà Nội,"161, Đường Xuân La, Xuân Đỉnh, Tây Hồ, Hà Nội","node:21.0673752,105.8010399",Bac,cu
way,1210228276,184,Ngõ Xã Đàn 2,Nam Đồng,Đống Đa,Hà Nội,"184, Ngõ Xã Đàn 2, Nam Đồng, Đống Đa, Hà Nội",way:0556c2a46970658a66e1c169f6f1a8502b2a786366df19001802407b6feb9220,Bac,cu
way,1117622662,6,Phố Trần Quốc Hoàn,Dịch Vọng Hậu,Cầu Giấy,Hà Nội,"6, Phố Trần Quốc Hoàn, Dịch Vọng Hậu, Cầu Giấy, Hà Nội",way:0d4303939f286d7835c5389bb57a620e5933fb6cd5e08b571e4b1fe2f8a57106,Bac,cu
node,11351081399,NT15-01,Ngọc Trai 15,Đa Tốn,Gia Lâm,Hà Nội,"NT15-01, Ngọc Trai 15, Đa Tốn, Gia Lâm, Hà Nội","node:20.9990034,105.9479258",Bac,cu
way,1056368107,188,Đường Nguyễn Đăng Đạo,Phường Đại Phúc,Thành phố Bắc Ninh,Bắc Ninh,"188, Đường Nguyễn Đăng Đạo, Phường Đại Phúc, Thành phố Bắc Ninh, Bắc Ninh",way:aba9cec35df9f2fee9ce7b90a17c2038a916d0e9addf13ff9c00d4c8dd16d2b6,Bac,cu
node,11351081426,NT21-19,Ngọc Trai 21,Đa Tốn,Gia Lâm,Hà Nội,"NT21-19, Ngọc Trai 21, Đa Tốn, Gia Lâm, Hà Nội","node:20.9971179,105.9460198",Bac,cu
way,1243455315,15,Ngõ 6 Trần Quốc Hoàn,Phường Dịch Vọng Hậu,Quận Cầu Giấy,Hà Nội,"15, Ngõ 6 Trần Quốc Hoàn, Phường Dịch Vọng Hậu, Quận Cầu Giấy, Hà Nội",way:5ea1bb3601e21ad85654f1473700eb4f3fa8bca04fe410b730f6d3c444677b1e,Bac,cu
node,8447602007,299,Đường Cổ Nhuế,Cổ Nhuế 2,Bắc Từ Liêm,Hà Nội,"299, Đường Cổ Nhuế, Cổ Nhuế 2, Bắc Từ Liêm, Hà Nội","node:21.0647762,105.7794095",Bac,cu
node,12845423664,547,Đường Rừng Sác,Xã Bình Khánh,Cần Giờ,Hồ Chí Minh,"547, Đường Rừng Sác, Xã Bình Khánh, Cần Giờ, Hồ Chí Minh","node:10.6620547,106.7791933",Nam,cu
way,547931031,58/6,Chấn Hưng,Phường 6,Tân Bình,Hồ Chí Minh,"58/6, Chấn Hưng, Phường 6, Tân Bình, Hồ Chí Minh",way:d5ddf579432cc76cc7177c93b0df9a3a0a910443fb74423519cc47adc52d27b8,Nam,cu
way,708941783,161,Đường Trần Phú,Mộ Lao,Hà Đông,Hà Nội,"161, Đường Trần Phú, Mộ Lao, Hà Đông, Hà Nội",way:f0136c785cdb563bee33b669058d1b9c683fd7d5786dc5bd488e0d665efd0ab7,Bac,cu
node,11372720524,SH16-17,San Hô 16,Đa Tốn,Gia Lâm,Hà Nội,"SH16-17, San Hô 16, Đa Tốn, Gia Lâm, Hà Nội","node:20.9924597,105.9459242",Bac,cu
way,870823032,59,Đường Xuân Diệu,Quảng An,Tây Hồ,Hà Nội,"59, Đường Xuân Diệu, Quảng An, Tây Hồ, Hà Nội",way:432d0e0c936da9f994659e71d6a946454dc6519c43665760a2f6020200c5e065,Bac,cu
way,863793836,4,Ngách 111 Ngõ Xã Đàn 2,Nam Đồng,Đống Đa,Hà Nội,"4, Ngách 111 Ngõ Xã Đàn 2, Nam Đồng, Đống Đa, Hà Nội",way:2c728d6b9eb53fe08c4a93134ddd3e0bc85f8b4ac6e42dc3422e163980d9c9c0,Bac,cu
way,1242737479,57,Phố Phạm Tuấn Tài,Phường Cổ Nhuế 1,Quận Bắc Từ Liêm,Hà Nội,"57, Phố Phạm Tuấn Tài, Phường Cổ Nhuế 1, Quận Bắc Từ Liêm, Hà Nội",way:139bc72ca62a66281ac808677c42cd57cdc6b2cb10615ca2f3d7c548d6c8d9f6,Bac,cu
way,1188652050,83,Phố Nguyễn Trãi,Phường Máy Tơ,Quận Ngô Quyền,Thành phố Hải Phòng,"83, Phố Nguyễn Trãi, Phường Máy Tơ, Quận Ngô Quyền, Thành phố Hải Phòng",way:7cba39243fa9f20e6d7918e0fc927057ff379da7cee71492fb4d94bb16115c04,Bac,cu
way,1229853772,130-132,Đường Hồng Hà,Phường 9,Phú Nhuận,Thành phố Hồ Chí Minh,"130-132, Đường Hồng Hà, Phường 9, Phú Nhuận, Thành phố Hồ Chí Minh",way:cd2d98e8f199c99222b868ac61322b156d5fde058c6623332d5efeb2bbf134b4,Nam,cu
way,582105474,170,Ngô Gia Tự,Đức Giang,Long Biên,Hà Nội,"170, Ngô Gia Tự, Đức Giang, Long Biên, Hà Nội",way:49c6c3125acc6daeba58a439155caf5cd4b4210f07045adfef68e94dabd59def,Bac,cu
way,860278057,149,Ngõ 765 đường Nguyễn Văn Linh,Sài Đồng,Long Biên,Hà Nội,"149, Ngõ 765 đường Nguyễn Văn Linh, Sài Đồng, Long Biên, Hà Nội",way:444a4bc66ee585cdf7aed311f62329be1870a13e7da523c0198cc740a5e777d2,Bac,cu
way,1163872124,48,Đường Thụy Khuê,Thụy Khuê,Tây Hồ,Hà Nội,"48, Đường Thụy Khuê, Thụy Khuê, Tây Hồ, Hà Nội",way:ca6d39a862042c40d727352df4635aa8afd8e0e96108a2825c247bfeebc33892,Bac,cu
way,839886262,55,Phố Lê Đại Hành,Lê Đại Hành,Hai Bà Trưng,Hà Nội,"55, Phố Lê Đại Hành, Lê Đại Hành, Hai Bà Trưng, Hà Nội",way:2210c713d3c0433104e4cb1b8d77165dcf0fd856c4fca583cf41701f437626ad,Bac,cu
way,1328111766,268,Phố Lương Định Của,Phường Phương Liễu,Thị xã Quế Võ,Bắc Ninh,"268, Phố Lương Định Của, Phường Phương Liễu, Thị xã Quế Võ, Bắc Ninh",way:192d721bf50bd5399d567279f840a7e71a69e24513db7f4e7e413767263c7642,Bac,cu
way,1244840001,28,Ngõ 133 Nguyễn Phong Sắc,Phường Nghĩa Tân,Quận Cầu Giấy,Hà Nội,"28, Ngõ 133 Nguyễn Phong Sắc, Phường Nghĩa Tân, Quận Cầu Giấy, Hà Nội",way:3bad95b45e93beb43aa3240be56ba42b49364939ec639d5b42766119e7eadd82,Bac,cu
way,1307206409,112,Phố Huế,Nguyễn Du,Hai Bà Trưng,Hà Nội,"112, Phố Huế, Nguyễn Du, Hai Bà Trưng, Hà Nội",way:1608e55d99adec76db5f9267e830da32c102166719fca0a3b34333e5b1fde48f,Bac,cu
node,11505669848,125,Phố Triệu Việt Vương,Nguyễn Du,Hai Bà Trưng,Hà Nội,"125, Phố Triệu Việt Vương, Nguyễn Du, Hai Bà Trưng, Hà Nội","node:21.0138677,105.8505892",Bac,cu
way,1162012869,2,Hàm Nghi,Phường Bến Nghé,Quận 1,Thành phố Hồ Chí Minh,"2, Hàm Nghi, Phường Bến Nghé, Quận 1, Thành phố Hồ Chí Minh",way:8efe347fdd6c784a7b0ed8ce0c6ff2fb5b9cd42d19aab773b102448af369e34b,Nam,cu
way,430615283,53,Võ Trường Toản,Thảo Điền,Thành Phố Thủ Đức,Hồ Chí Minh,"53, Võ Trường Toản, Thảo Điền, Thành Phố Thủ Đức, Hồ Chí Minh",way:a7c23ff6448d5ea5bbd426806826cdbc91730dcd9b80f0e80cab1e122a6bb2a9,Nam,cu
way,1243455318,7,Ngõ 6 Trần Quốc Hoàn,Phường Dịch Vọng Hậu,Quận Cầu Giấy,Hà Nội,"7, Ngõ 6 Trần Quốc Hoàn, Phường Dịch Vọng Hậu, Quận Cầu Giấy, Hà Nội",way:09119af0e2775ca64d013173f427dfa52df28dd7cfbcd168f916a0ed99a10a4b,Bac,cu
node,12960394092,5,Ngõ 195 Đường Vũ Ninh,Phường Vũ Ninh,Thành phố Bắc Ninh,Bắc Ninh,"5, Ngõ 195 Đường Vũ Ninh, Phường Vũ Ninh, Thành phố Bắc Ninh, Bắc Ninh","node:21.1911877,106.0789554",Bac,cu
way,1301591094,20,Phố Ông Ích Khiêm,Phường Điện Biên,Quận Ba Đình,Hà Nội,"20, Phố Ông Ích Khiêm, Phường Điện Biên, Quận Ba Đình, Hà Nội",way:1043ffcf0ff8cf76fbf44c1fc6dee066b1063224d0f699a87fda7059bcb0a3b4,Bac,cu
way,1093068708,23,Tô Ngọc Vân,Phường Trường Thọ,TP.Thủ Đức,Hồ Chí Minh,"23, Tô Ngọc Vân, Phường Trường Thọ, TP.Thủ Đức, Hồ Chí Minh",way:a0117fa70ad94e7d86f71f5e31026e2a432cd1becb57be05f3b055af2550e8e2,Nam,cu
way,1210204577,35,Ngõ 234 Hoàng Quốc Việt,Phường Cổ Nhuế 1,Quận Bắc Từ Liêm,Hà Nội,"35, Ngõ 234 Hoàng Quốc Việt, Phường Cổ Nhuế 1, Quận Bắc Từ Liêm, Hà Nội",way:d30796eb5a381ccd3100b330787598486817676cdb233555c026e88494aa297b,Bac,cu
node,11353528106,NT05-24,Ngọc Trai 5,Đa Tốn,Gia Lâm,Hà Nội,"NT05-24, Ngọc Trai 5, Đa Tốn, Gia Lâm, Hà Nội","node:20.9958787,105.9498287",Bac,cu
way,1242728668,7,Ngách 61/44 Phạm Tuấn Tài,Phường Cổ Nhuế 1,Quận Bắc Từ Liêm,Hà Nội,"7, Ngách 61/44 Phạm Tuấn Tài, Phường Cổ Nhuế 1, Quận Bắc Từ Liêm, Hà Nội",way:2a64a7ab2c11b8fc6976ae78113adfd3b0c57f3867c558d27eb915979c0591ec,Bac,cu
way,904729836,42,Phố Lê Đại Hành,Lê Đại Hành,Hai Bà Trưng,Hà Nội,"42, Phố Lê Đại Hành, Lê Đại Hành, Hai Bà Trưng, Hà Nội",way:47e47ad7bd17d7bd7e6b9d3e6817ca68ff99f23437b0d28a3c0888d090a7eea9,Bac,cu
way,1254507011,8,Phố Trần Thái Tông,Phường Dịch Vọng Hậu,Quận Cầu Giấy,Hà Nội,"8, Phố Trần Thái Tông, Phường Dịch Vọng Hậu, Quận Cầu Giấy, Hà Nội",way:5e0c1c62374e048e0c16ba04f01157f65914877e5ffdcf141073b151bf09232c,Bac,cu
node,6778229224,402-404,Đường Trần Hưng Ðạo,11,5,tp.hcm,"402-404, Đường Trần Hưng Ðạo, 11, 5, tp.hcm","node:10.7520802,106.6599619",Nam,cu
way,1211508859,22,Ngách 234/35 Hoàng Quốc Việt,Phường Cổ Nhuế 1,Quận Bắc Từ Liêm,Hà Nội,"22, Ngách 234/35 Hoàng Quốc Việt, Phường Cổ Nhuế 1, Quận Bắc Từ Liêm, Hà Nội",way:58f5a60c9631fc946b23ae33b666183ecef4255fe503c8fc47b53a4dda3b6e47,Bac,cu
node,7083401152,75,Bắc Sơn,Chúc Sơn,Chương Mỹ,Hà Nội,"75, Bắc Sơn, Chúc Sơn, Chương Mỹ, Hà Nội","node:20.9225073,105.7023850",Bac,cu
way,1223691961,NT01-06,Ngọc Trai 1,Đa Tốn,Gia Lâm,Hà Nội,"NT01-06, Ngọc Trai 1, Đa Tốn, Gia Lâm, Hà Nội",way:d4839e0b7b8faa796f358858a2dd8847a922915077aff40795a00ade95f3345e,Bac,cu
way,1242818120,4,Ngõ 3 Phạm Tuấn Tài,Phường Dịch Vọng Hậu,Quận Cầu Giấy,Hà Nội,"4, Ngõ 3 Phạm Tuấn Tài, Phường Dịch Vọng Hậu, Quận Cầu Giấy, Hà Nội",way:c14a1614069d37d22d88a77ed75b03d473f502bed52505a2d8dda60b52a5c17f,Bac,cu
node,9551695378,100,Phố Vũ Phạm Hàm,Trung Hòa,Cầu Giấy,Hà Nội,"100, Phố Vũ Phạm Hàm, Trung Hòa, Cầu Giấy, Hà Nội","node:21.0171361,105.7985636",Bac,cu
way,1237224648,136,Phố Triệu Việt Vương,Nguyễn Du,Hai Bà Trưng,Hà Nội,"136, Phố Triệu Việt Vương, Nguyễn Du, Hai Bà Trưng, Hà Nội",way:2d1ce310110229501dcb6890342ec7fda13ae4232246908a1ae8a7294570f8a6,Bac,cu
node,5732982640,D12/9,"khu phố Bình Thuận 2,phường Thuận Giao,TX.Thuận An, Tỉnh Bình Dương",Thuân Giao,Thuận An,Thuân An,"D12/9, khu phố Bình Thuận 2,phường Thuận Giao,TX.Thuận An, Tỉnh Bình Dương, Thuân Giao, Thuận An, Thuân An","node:10.9611726,106.7168519",Trung,cu
way,993528060,21A,Đường Trịnh Khắc Lập,phường Thạnh Mỹ Lợi,TP. Thủ Đức,TP. Hồ Chí Minh,"21A, Đường Trịnh Khắc Lập, phường Thạnh Mỹ Lợi, TP. Thủ Đức, TP. Hồ Chí Minh",way:9fa638a676e85c4cdcf040b35beb080e6d29959c40c06c0f2487265da4e7531d,Nam,cu
way,1255668166,18,Phố Lê Đại Hành,Lê Đại Hành,Hai Bà Trưng,Hà Nội,"18, Phố Lê Đại Hành, Lê Đại Hành, Hai Bà Trưng, Hà Nội",way:bf46d5fdd83af4e9abe5bbc0f2c29fe8b121a1c1f98487c5ac03ec6e021c57ec,Bac,cu
way,1024232138,30,Đường Đa Phúc,Sóc Sơn,Sóc Sơn,Hà Nội,"30, Đường Đa Phúc, Sóc Sơn, Sóc Sơn, Hà Nội",way:0c8b710d1de0c1802fec8c6988e633e647e78b38d8fd62bb1099a2d995085385,Bac,cu
way,1288202239,343,Đường Bình Đông,Phường 13,Quận 8,Thành phố Hồ Chí Minh,"343, Đường Bình Đông, Phường 13, Quận 8, Thành phố Hồ Chí Minh",way:dd97450ada0113aec6795519501a29b141610dfc3bc0b815075757ecdea74eb8,Nam,cu
way,1211226872,36,Ngõ 643 Phạm Văn Đồng,Phường Cổ Nhuế 1,Quận Bắc Từ Liêm,Hà Nội,"36, Ngõ 643 Phạm Văn Đồng, Phường Cổ Nhuế 1, Quận Bắc Từ Liêm, Hà Nội",way:b7baa52161eb42afd0671e4a7702ca10d7417fe49b1dc86d815c8b7aa49f6bd0,Bac,cu
node,11353539629,NT02-19,Ngọc Trai 2,Đa Tốn,Gia Lâm,Hà Nội,"NT02-19, Ngọc Trai 2, Đa Tốn, Gia Lâm, Hà Nội","node:20.9948084,105.9503748",Bac,cu
node,6799050124,Số 1 Lô A Chợ Nha Mân,Quốc Lộ 80,Tân Nhuận Đông,Châu Thành,Đồng Tháp,"Số 1 Lô A Chợ Nha Mân, Quốc Lộ 80, Tân Nhuận Đông, Châu Thành, Đồng Tháp","node:10.2700565,105.8296942",Nam,cu
way,1119995677,233,Phố Trần Quốc Hoàn,Phường Dịch Vọng Hậu,Quận Cầu Giấy,Hà Nội,"233, Phố Trần Quốc Hoàn, Phường Dịch Vọng Hậu, Quận Cầu Giấy, Hà Nội",way:94ca2e1478a2ebcb4e946df3a4bf25f8f4272787ff0c87db6753aa158ab11090,Bac,cu
node,8746891269,25,Phố Văn Miếu,Văn Miếu,Đống Đa,Hà Nội,"25, Phố Văn Miếu, Văn Miếu, Đống Đa, Hà Nội","node:21.0292479,105.8367644",Bac,cu
node,12960857531,36,Đường Huyền Quang,Phường Tiền Ninh Vệ,Thành phố Bắc Ninh,Bắc Ninh,"36, Đường Huyền Quang, Phường Tiền Ninh Vệ, Thành phố Bắc Ninh, Bắc Ninh","node:21.1785392,106.0613362",Bac,cu
node,12942587588,X26,Đường số 12,KDC Công ty 8,Quận Cái Răng,Thành Phố Cần Thơ,"X26, Đường số 12, KDC Công ty 8, Quận Cái Răng, Thành Phố Cần Thơ","node:10.0138645,105.7886637",Nam,cu
node,12917522130,292,Đường Ngô Gia Tự,Phường Tiền Ninh Vệ,Thành phố Bắc Ninh,Bắc Ninh,"292, Đường Ngô Gia Tự, Phường Tiền Ninh Vệ, Thành phố Bắc Ninh, Bắc Ninh","node:21.1843739,106.0669598",Bac,cu
node,9670303103,"NL12, Biệt thự Ngân Long",đường Nguyễn Hữu Thọ,Phước Kiển,Nhà Bè,Hồ Chí Minh,"NL12, Biệt thự Ngân Long, đường Nguyễn Hữu Thọ, Phước Kiển, Nhà Bè, Hồ Chí Minh","node:10.7192789,106.7025882",Nam,cu
node,10799420615,568,Ca Văn Thỉnh,Phú Khương,Bến Tre,Bến Tre,"568, Ca Văn Thỉnh, Phú Khương, Bến Tre, Bến Tre","node:10.2502029,106.3779693",Nam,cu
way,953737979,140,Vọng Hà,Chương Dương Độ,Hoàn Kiếm,Hà Nội,"140, Vọng Hà, Chương Dương Độ, Hoàn Kiếm, Hà Nội",way:f1702fc6dd56b4c62f5d53fefc26ade9480bffcab67552767729c0811383a95c,Bac,cu
way,1253325081,75,Phố Triệu Việt Vương,Nguyễn Du,Hai Bà Trưng,Hà Nội,"75, Phố Triệu Việt Vương, Nguyễn Du, Hai Bà Trưng, Hà Nội",way:1b6d58aec18af61276590061da3f600256c869bff10f94c3ecc62310ef1384d4,Bac,cu
way,1242486487,45,Trần Lựu,An Phú,Thành phố Thủ Đức,Thành phố Hồ Chí Minh,"45, Trần Lựu, An Phú, Thành phố Thủ Đức, Thành phố Hồ Chí Minh",way:3c0fe9ba79cf7fa64bdacd6644a816de75499b1699efcd38b9ffa94c649904e1,Nam,cu
way,1365437888,4,Ngõ 42 Phố Trần Bình Trọng,Phường Phương Liễu,Thị xã Quế Võ,Bắc Ninh,"4, Ngõ 42 Phố Trần Bình Trọng, Phường Phương Liễu, Thị xã Quế Võ, Bắc Ninh",way:1004503ac05ddb71a620b963bbc3420d3dbfe1598550667e29e8fdfc779ce919,Bac,cu
way,871186114,99,Phố Tân Mai,Tân Mai,Hoàng Mai,Hà Nội,"99, Phố Tân Mai, Tân Mai, Hoàng Mai, Hà Nội",way:06180d3e2fb7943fffe23d4fe13f1a95ddea6d1b47afdba0b63ecf64acdcedae,Bac,cu
way,1243077136,10,Ngách 1/48 Phạm Tuấn Tài,Phường Dịch Vọng Hậu,Quận Cầu Giấy,Hà Nội,"10, Ngách 1/48 Phạm Tuấn Tài, Phường Dịch Vọng Hậu, Quận Cầu Giấy, Hà Nội",way:55446f3b1bcc2271d8910f2192d4f83232036710d3479a332d1f33669dfeb2d2,Bac,cu
node,12896618415,485,Đường Lý Thường Kiệt,Phường Châu Khê,Thành phố Từ Sơn,Bắc Ninh,"485, Đường Lý Thường Kiệt, Phường Châu Khê, Thành phố Từ Sơn, Bắc Ninh","node:21.1229490,105.9192399",Bac,cu
node,5349359426,80,Bành Văn Trân,Phường 7,Quận Tân Bình,Thành phố Hồ Chí Minh,"80, Bành Văn Trân, Phường 7, Quận Tân Bình, Thành phố Hồ Chí Minh","node:10.7884020,106.6581509",Nam,cu
way,914297410,29,Đường Cổ Bi,Cổ Bi,Gia Lâm,Hà Nội,"29, Đường Cổ Bi, Cổ Bi, Gia Lâm, Hà Nội",way:60d1047304ba99cc73006934f2d7a984f5515208ba9e143dd31561db84dfed73,Bac,cu
way,424682855,28B,Khu Phố Phước Thới,Thị Trấn Đất Đỏ,Huyện Đất Đỏ,Bà Rịa - Vũng Tàu,"28B, Khu Phố Phước Thới, Thị Trấn Đất Đỏ, Huyện Đất Đỏ, Bà Rịa - Vũng Tàu",way:0abd2d41d5f358b93c26c6928580057da026182a1b3640c37752d0ab1ee4c0af,Nam,cu
way,693441028,289,Đường Nguyễn Công Trứ,Phước Mỹ,Sơn Trà,Đà Nẵng,"289, Đường Nguyễn Công Trứ, Phước Mỹ, Sơn Trà, Đà Nẵng",way:0bf52fab6fafdd8122ae7d413caaf4da5710fec85b010562a854280fcbe75e8a,Trung,cu
way,504152888,491,Đường Hậu Giang,Phường 11,Quận 6,Phường 11,"491, Đường Hậu Giang, Phường 11, Quận 6, Phường 11",way:74769a1d30b2cb802661b997d1e6738266ccf7ce5bd26a26f28bf26e24b397f0,Nam,cu
way,1118638699,439,Đường Hoàng Quốc Việt,Phường Cổ Nhuế 1,Quận Bắc Từ Liêm,Hà Nội,"439, Đường Hoàng Quốc Việt, Phường Cổ Nhuế 1, Quận Bắc Từ Liêm, Hà Nội",way:e6e3adb79f9aad239f6957ce468a9791fe0036b353795fe480241893af3f3106,Bac,cu
node,10248661410,17,Phố Đặng Thùy Trâm,Phường Cổ Nhuế 1,Quận Bắc Từ Liêm,Hà Nội,"17, Phố Đặng Thùy Trâm, Phường Cổ Nhuế 1, Quận Bắc Từ Liêm, Hà Nội","node:21.0450951,105.7845237",Bac,cu
way,593623583,57,Phố Quang Trung,Nguyễn Du,Hai Bà Trưng,Hà Nội,"57, Phố Quang Trung, Nguyễn Du, Hai Bà Trưng, Hà Nội",way:7fe3ad9ab929e2804e07df84e4a39aef0a907f3d55f79da33e1048c75997eb82,Bac,cu
node,12114066172,01,Đường Mỹ Phú 1C,Phường Tân Phú,Quận 7,Thành phố Hồ Chí Minh,"01, Đường Mỹ Phú 1C, Phường Tân Phú, Quận 7, Thành phố Hồ Chí Minh","node:10.7170635,106.7271292",Nam,cu
way,1313212538,10-11,Hẻm 268/21/55 Ngọc Thụy,Gia Thượng,Long Biên,Hà Nội,"10-11, Hẻm 268/21/55 Ngọc Thụy, Gia Thượng, Long Biên, Hà Nội",way:12f9f7a3a98382dc43e7b5cb07d07b86de7b7cfa5b2cb2d5cee0e79a1285da45,Bac,cu
way,1365437880,12,Phố Trần Bình Trọng,Phường Phương Liễu,Thị xã Quế Võ,Bắc Ninh,"12, Phố Trần Bình Trọng, Phường Phương Liễu, Thị xã Quế Võ, Bắc Ninh",way:f78bf296eedf24a6724c724e036a020b1ae7fc797d1bd2ba4f886cb0eb94c21d,Bac,cu
node,12285414222,1149,Đường Quang Trung,Phường Phố Mới,Thị xã Quế Võ,Bắc Ninh,"1149, Đường Quang Trung, Phường Phố Mới, Thị xã Quế Võ, Bắc Ninh","node:21.1566157,106.1517352",Bac,cu
way,1223678150,NT18-06,Ngọc Trai 18,Đa Tốn,Gia Lâm,Hà Nội,"NT18-06, Ngọc Trai 18, Đa Tốn, Gia Lâm, Hà Nội",way:53bf7e8569ea30dec10a136bdb58b05f3c752093d0a46301827c20a3c51ffc12,Bac,cu
node,11353539584,NT03-75,Ngọc Trai 3,Đa Tốn,Gia Lâm,Hà Nội,"NT03-75, Ngọc Trai 3, Đa Tốn, Gia Lâm, Hà Nội","node:20.9939511,105.9483576",Bac,cu
way,846853053,Lô D25,Ngõ 7 Tôn Thất Thuyết,Dịch Vọng Hậu,Cầu Giấy,Hà Nội,"Lô D25, Ngõ 7 Tôn Thất Thuyết, Dịch Vọng Hậu, Cầu Giấy, Hà Nội",way:e25abfc9930c4127ed69e479ff34cf6ca8e0637dd5265f7cf7a5f5f0d325ecce,Bac,cu
way,961616544,1014/88/9,Hẻm 1014/88 Tân Kỳ Tân Quý,Bình Hưng Hòa,Bình Tân,Hồ Chí Minh,"1014/88/9, Hẻm 1014/88 Tân Kỳ Tân Quý, Bình Hưng Hòa, Bình Tân, Hồ Chí Minh",way:faee88367ef5b619d77b5d4b3142385836a1e82c1e9de6413482111a79bbc87c,Nam,cu
way,1194896186,2,Quốc lộ 1,Xuâ Hưng,Xuân Lộc,Đồng Nai,"2, Quốc lộ 1, Xuâ Hưng, Xuân Lộc, Đồng Nai",way:f649dac6ddf45e586a5ed686ae30fab033e32128c17a31056c7a767c677c86e8,Nam,cu
way,1189843705,18,Trần Phú,Thuận Nam,Hàm Thuận Nam,Bình Thuận,"18, Trần Phú, Thuận Nam, Hàm Thuận Nam, Bình Thuận",way:267002ca64f6513b484cfab9490e407129a7b2067ae304319d8bc9c1f9b210d3,Trung,cu
way,1263049471,Lot Vb20a2,Đường số 24,Tân Thuận Đông,Quận 7,Thành phố Hồ Chí Minh,"Lot Vb20a2, Đường số 24, Tân Thuận Đông, Quận 7, Thành phố Hồ Chí Minh",way:5f685fc00e4ee5db3688ad1050bfc87cfb14b489d31db160d6b5d70e5bb5af16,Nam,cu
node,12964664786,156,Đường Khả Lễ,Phường Võ Cường,Thành phố Bắc Ninh,Bắc Ninh,"156, Đường Khả Lễ, Phường Võ Cường, Thành phố Bắc Ninh, Bắc Ninh","node:21.1627374,106.0476628",Bac,cu
node,5123623921,261,Núi Ngọc,Thị trấn Cát Bà,Huyện Cát Hải,Thành phố Hải Phòng,"261, Núi Ngọc, Thị trấn Cát Bà, Huyện Cát Hải, Thành phố Hải Phòng","node:20.7245697,107.0522917",Bac,cu
way,1217136743,171,Ngõ Xã Đàn 2,Nam Đồng,Đống Đa,Hà Nội,"171, Ngõ Xã Đàn 2, Nam Đồng, Đống Đa, Hà Nội",way:0cce0205a7f86679277a322068d359eed7020fb3cc56300ebf5c0dcea1c28d6d,Bac,cu
way,568395480,14,ngô gia tự,đức giang,Long biên,Hà Nội,"14, ngô gia tự, đức giang, Long biên, Hà Nội",way:29233198f4d49d40f6e4a959dc15e5275115b26a97f69cf9ae2840b3bbdc6c9c,Bac,cu
way,1226393894,SH15-01,San Hô 15,Đa Tốn,Gia Lâm,Hà Nội,"SH15-01, San Hô 15, Đa Tốn, Gia Lâm, Hà Nội",way:74635f09fd70f49710a087d85c24b0488f38ea02d6cb96a1bc44d77c4e9ce8a8,Bac,cu
way,241213931,81,Phố Nguyễn Trãi,Phường Máy Tơ,Quận Ngô Quyền,Thành phố Hải Phòng,"81, Phố Nguyễn Trãi, Phường Máy Tơ, Quận Ngô Quyền, Thành phố Hải Phòng",way:3c6b5770c0838c67f6b5492d42e42bdcb015fd4da18d12a8f01086b348d8aee7,Bac,cu
way,1247335556,64,Phố Bùi Thị Xuân,Nguyễn Du,Hai Bà Trưng,Hà Nội,"64, Phố Bùi Thị Xuân, Nguyễn Du, Hai Bà Trưng, Hà Nội",way:c3e261a2340bbd383e26853ce1096a0e2036cd6a26dcf4ac5c942276e994a4db,Bac,cu
node,11353528096,NT06-35,Ngọc Trai 6,Đa Tốn,Gia Lâm,Hà Nội,"NT06-35, Ngọc Trai 6, Đa Tốn, Gia Lâm, Hà Nội","node:20.9957142,105.9492888",Bac,cu
way,1242752849,16,Ngõ 62 Đặng Thuỳ Trâm,Phường Dịch Vọng Hậu,Quận Cầu Giấy,Hà Nội,"16, Ngõ 62 Đặng Thuỳ Trâm, Phường Dịch Vọng Hậu, Quận Cầu Giấy, Hà Nội",way:aebc100808e28d7f25b6252fedb183b42b481a91c8a5bc4aaf257a019e425cff,Bac,cu
node,12960801880,42,Đường Hoàng Quốc Việt,Phường Thị Cầu,Thành phố Bắc Ninh,Bắc Ninh,"42, Đường Hoàng Quốc Việt, Phường Thị Cầu, Thành phố Bắc Ninh, Bắc Ninh","node:21.1933363,106.0833934",Bac,cu
way,1117548696,8,Ngõ 445 Hoàng Quốc Việt,Phường Cổ Nhuế 1,Quận Bắc Từ Liêm,Hà Nội,"8, Ngõ 445 Hoàng Quốc Việt, Phường Cổ Nhuế 1, Quận Bắc Từ Liêm, Hà Nội",way:658bf73848963f743205877a4bf856177e37797fe4d97248137802904de5ce56,Bac,cu
way,1218063982,159,Đường Đê La Thành,Nam Đồng,Đống Đa,Hà Nội,"159, Đường Đê La Thành, Nam Đồng, Đống Đa, Hà Nội",way:6517d74d5dd012f0954415365b3192b2ac6a5c924f4f991cc55935c12087b797,Bac,cu
way,1223691851,NT08-48,Ngọc Trai 8,Đa Tốn,Gia Lâm,Hà Nội,"NT08-48, Ngọc Trai 8, Đa Tốn, Gia Lâm, Hà Nội",way:0eb5eb86304e2e44f52702814ac96c10734a16ca777f32778431c175d6a94958,Bac,cu
node,5485666060,18,Nguyễn Chí Thanh,Ngọc Khánh,Quận Ba Đình,Hà Nội,"18, Nguyễn Chí Thanh, Ngọc Khánh, Quận Ba Đình, Hà Nội","node:21.0292540,105.8123132",Bac,cu
node,11697674112,9,Phố Thái Phiên,Phố Huế,Hai Bà Trưng,Hà Nội,"9, Phố Thái Phiên, Phố Huế, Hai Bà Trưng, Hà Nội","node:21.0104166,105.8510325",Bac,cu
node,12956796184,359,Đường Nguyễn Văn Cừ,Phường Võ Cường,Thành phố Bắc Ninh,Bắc Ninh,"359, Đường Nguyễn Văn Cừ, Phường Võ Cường, Thành phố Bắc Ninh, Bắc Ninh","node:21.1700667,106.0492438",Bac,cu
way,1117548693,2,Ngõ 445 Hoàng Quốc Việt,Phường Cổ Nhuế 1,Quận Bắc Từ Liêm,Hà Nội,"2, Ngõ 445 Hoàng Quốc Việt, Phường Cổ Nhuế 1, Quận Bắc Từ Liêm, Hà Nội",way:161e63ea9cba52e0e7e9df08e40218b51a64bfd73d1b59f07bef05cc73d78825,Bac,cu
node,11672849007,128,Phố Mai Hắc Đế,Lê Đại Hành,Hai Bà Trưng,Hà Nội,"128, Phố Mai Hắc Đế, Lê Đại Hành, Hai Bà Trưng, Hà Nội","node:21.0097525,105.8505627",Bac,cu
node,12934281668,20,Đường Bà Chúa Kho,Phường Thị Cầu,Thành phố Bắc Ninh,Bắc Ninh,"20, Đường Bà Chúa Kho, Phường Thị Cầu, Thành phố Bắc Ninh, Bắc Ninh","node:21.1966024,106.0838024",Bac,cu
node,11212149506,19B7,Phố Phạm Ngọc Thạch,Kim Liên,Đống Đa,Hà Nội,"19B7, Phố Phạm Ngọc Thạch, Kim Liên, Đống Đa, Hà Nội","node:21.0095702,105.8355423",Bac,cu
way,316633363,129,Đường Phó Cơ Điều,Phường 6,Quận 11,Thành phố Hồ Chí Minh,"129, Đường Phó Cơ Điều, Phường 6, Quận 11, Thành phố Hồ Chí Minh",way:09b6cdf1713a1bec526e6aa835be3ea04c61761d2382650b6762508712294ae7,Nam,cu
way,1236943080,131,Phố Bùi Thị Xuân,Nguyễn Du,Hai Bà Trưng,Hà Nội,"131, Phố Bùi Thị Xuân, Nguyễn Du, Hai Bà Trưng, Hà Nội",way:9a106a6a4b6fc66b451277276487add9e2087138c99ca35e7927e6e5c36db99d,Bac,cu
node,11586915426,24,Ngách 421/4 Hoàng Quốc Việt,Phường Cổ Nhuế 1,Quận Bắc Từ Liêm,Hà Nội,"24, Ngách 421/4 Hoàng Quốc Việt, Phường Cổ Nhuế 1, Quận Bắc Từ Liêm, Hà Nội","node:21.0455600,105.7852488",Bac,cu
node,12809299266,187,Đường Lý Thái Tông,Phường Suối Hoa,Thành phố Bắc Ninh,Bắc Ninh,"187, Đường Lý Thái Tông, Phường Suối Hoa, Thành phố Bắc Ninh, Bắc Ninh","node:21.1808921,106.0757094",Bac,cu
way,1046096964,7,Phố Nguyễn Xuân Nham,Yên Hòa,Cầu Giấy,Hà Nội,"7, Phố Nguyễn Xuân Nham, Yên Hòa, Cầu Giấy, Hà Nội",way:602eb444123b1e6d427ce29e4926fb3c1b11328f82464ea9c55c3ea4f5b8306c,Bac,cu
node,12703954442,6,Tân Chánh Hiệp 35,Phường Tân Chánh Hiệp,Quận 12,Thành phố Hồ Chí Minh,"6, Tân Chánh Hiệp 35, Phường Tân Chánh Hiệp, Quận 12, Thành phố Hồ Chí Minh","node:10.8576004,106.6200087",Nam,cu
way,840583720,193C,Phố Bà Triệu,Lê Đại Hành,Hai Bà Trưng,Hà Nội,"193C, Phố Bà Triệu, Lê Đại Hành, Hai Bà Trưng, Hà Nội",way:fa2e7628682d822562617be9b357dae17da8b181dd9ea09b734fd48d6231cc33,Bac,cu
way,1368998575,39,Lê Thúc Hoạch,Phú Thọ Hòa,Tân Phú,Hồ Chí Minh,"39, Lê Thúc Hoạch, Phú Thọ Hòa, Tân Phú, Hồ Chí Minh",way:925f117b61a6d5f0264cb0ed2ad41fe1954ebe087af7a271b1bf42dffa8af469,Bac,cu
way,705136273,722,Tân Kỳ Tân Quý,Bình Hưng Hòa A,Bình Tân,Hồ Chí Minh City,"722, Tân Kỳ Tân Quý, Bình Hưng Hòa A, Bình Tân, Hồ Chí Minh City",way:05e2340494224c942e87bd9808c09399e3fa1e1d051e7b81221540ef55859558,Nam,cu
node,7055927580,87,Phố Hạ Đình,thanh xuân trung,thanh xuân,hà nội,"87, Phố Hạ Đình, thanh xuân trung, thanh xuân, hà nội","node:20.9906455,105.8070949",Bac,cu
node,12284833615,153,Nguyễn Sơn,Phú Thạnh,Tân Phú,Hồ Chí Minh,"153, Nguyễn Sơn, Phú Thạnh, Tân Phú, Hồ Chí Minh","node:10.7821656,106.6284574",Nam,cu
way,1243692787,92,Phố Nghĩa Tân,Phường Nghĩa Tân,Quận Cầu Giấy,Hà Nội,"92, Phố Nghĩa Tân, Phường Nghĩa Tân, Quận Cầu Giấy, Hà Nội",way:7b0afd66b161573dd95a2fbd86d7b9788f75d4cb712aeb2a49e0fd1ca9aad824,Bac,cu
node,11571556932,23,Ngõ 3 Phạm Tuấn Tài,Phường Dịch Vọng Hậu,Quận Cầu Giấy,Hà Nội,"23, Ngõ 3 Phạm Tuấn Tài, Phường Dịch Vọng Hậu, Quận Cầu Giấy, Hà Nội","node:21.0433255,105.7854321",Bac,cu
node,12093880578,49,Đường Nội Khu Mỹ Phú 3A,Tân Phú,Quận 7,Thành phố Hồ Chí Minh,"49, Đường Nội Khu Mỹ Phú 3A, Tân Phú, Quận 7, Thành phố Hồ Chí Minh","node:10.7150664,106.7272776",Nam,cu
node,12906250577,602/45B,Điện Biên Phủ,Phường 22,quận Bình Thạnh,Thành phố Hồ Chí Minh,"602/45B, Điện Biên Phủ, Phường 22, quận Bình Thạnh, Thành phố Hồ Chí Minh","node:10.7972234,106.7172313",Bac,cu
node,11563562480,53,Phố Phạm Tuấn Tài,Phường Cổ Nhuế 1,Quận Bắc Từ Liêm,Hà Nội,"53, Phố Phạm Tuấn Tài, Phường Cổ Nhuế 1, Quận Bắc Từ Liêm, Hà Nội","node:21.0450460,105.7862740",Bac,cu
way,973912210,16,Phố Quần Ngụa,Liễu Giai,Ba Đình,Hà Nội,"16, Phố Quần Ngụa, Liễu Giai, Ba Đình, Hà Nội",way:6649620be82b230b3b0aaa0e57508e6f6cfd1bee4964fa5a67446b8b679df165,Bac,cu
node,8489646330,15,Đường Cổ Bi,Cổ Bi,Gia Lâm,Hà Nội,"15, Đường Cổ Bi, Cổ Bi, Gia Lâm, Hà Nội","node:21.0215075,105.9381630",Bac,cu
node,9766396708,49,Minh Mạng,Hoà Quý,Ngũ Hành Sơn,Đà Nẵng,"49, Minh Mạng, Hoà Quý, Ngũ Hành Sơn, Đà Nẵng","node:16.0077322,108.2409807",Trung,cu
way,1242956592,22,Ngách 1/52 Phạm Tuấn Tài,Phường Dịch Vọng Hậu,Quận Cầu Giấy,Hà Nội,"22, Ngách 1/52 Phạm Tuấn Tài, Phường Dịch Vọng Hậu, Quận Cầu Giấy, Hà Nội",way:d25d90779b125fdf5cee9b2b78ad16fdab4d06591b455682f259c5ef491357e2,Bac,cu
way,583891759,24,Mặt hồ tai trâu,Ngọc Lâm,Long Biên,Hà Nội,"24, Mặt hồ tai trâu, Ngọc Lâm, Long Biên, Hà Nội",way:2f0f65316ffafbe812e2998003e2450392813440388f6b6baea24165e5233455,Bac,cu
node,10202631285,10b,Phố Tràng Thi,Hàng Trống,Hoàn Kiếm,Hà Nội,"10b, Phố Tràng Thi, Hàng Trống, Hoàn Kiếm, Hà Nội","node:21.0268750,105.8492402",Bac,cu
node,12765645732,122-124,Đường Trần Hưng Đạo,Phường Tiền Ninh Vệ,Thành phố Bắc Ninh,Bắc Ninh,"122-124, Đường Trần Hưng Đạo, Phường Tiền Ninh Vệ, Thành phố Bắc Ninh, Bắc Ninh","node:21.1801112,106.0658817",Bac,cu
way,179997030,195,Ngõ Xã Đàn 2,Nam Đồng,Đống Đa,Hà Nội,"195, Ngõ Xã Đàn 2, Nam Đồng, Đống Đa, Hà Nội",way:3db99cdf9f937b8ccfbc58bb533d94168dd7d899610481b47fe7130d3721a367,Bac,cu
node,11372797027,SH11-26,San Hô 11,Đa Tốn,Gia Lâm,Hà Nội,"SH11-26, San Hô 11, Đa Tốn, Gia Lâm, Hà Nội","node:20.9918132,105.9466401",Bac,cu
way,1306133334,263,Đường Nguyễn Văn Lượng,Phường 10,Gò Vấp,TP.HCM,"263, Đường Nguyễn Văn Lượng, Phường 10, Gò Vấp, TP.HCM",way:1081fb619bbb34d1d5432e31cb30b9a48fc1d64a146bc1062980a14219feab56,Nam,cu
node,11672849005,130A,Phố Mai Hắc Đế,Lê Đại Hành,Hai Bà Trưng,Hà Nội,"130A, Phố Mai Hắc Đế, Lê Đại Hành, Hai Bà Trưng, Hà Nội","node:21.0096687,105.8505637",Bac,cu
node,11572142336,20,Phố Trần Quốc Hoàn,Phường Dịch Vọng Hậu,Quận Cầu Giấy,Hà Nội,"20, Phố Trần Quốc Hoàn, Phường Dịch Vọng Hậu, Quận Cầu Giấy, Hà Nội","node:21.0418026,105.7868051",Bac,cu
node,7018310425,15/3C,Bùi Văn Ngữ 128,ấp Đông Tổ,Hóc Môn,Hồ Chí Minh,"15/3C, Bùi Văn Ngữ 128, ấp Đông Tổ, Hóc Môn, Hồ Chí Minh","node:10.8712127,106.6191450",Nam,cu
way,1321676779,119-125,Hàm Nghi,Phường Nguyễn Thái Bình,Quận 1,Thành phố Hồ Chí Minh,"119-125, Hàm Nghi, Phường Nguyễn Thái Bình, Quận 1, Thành phố Hồ Chí Minh",way:6a0280c6afa7ecc75e06887ac7604a7f8096f6155fcfd58b7cbe56cabeaaadef,Bac,cu
node,11615961403,73,Phố Bùi Thị Xuân,Nguyễn Du,Hai Bà Trưng,Hà Nội,"73, Phố Bùi Thị Xuân, Nguyễn Du, Hai Bà Trưng, Hà Nội","node:21.0160952,105.8499994",Bac,cu
way,1219690226,384,Phố Xã Đàn,Nam Đồng,Đống Đa,Hà Nội,"384, Phố Xã Đàn, Nam Đồng, Đống Đa, Hà Nội",way:cd08709df6e0ad43e8b319014307783adfae5fe6f78ebc457b06b4a632dbe89f,Bac,cu
way,1243075287,2,Ngách 3/29 Phạm Tuấn Tài,Phường Dịch Vọng Hậu,Quận Cầu Giấy,Hà Nội,"2, Ngách 3/29 Phạm Tuấn Tài, Phường Dịch Vọng Hậu, Quận Cầu Giấy, Hà Nội",way:d781f23b3a891f92690c7cf4bf73b35c3982b5e5671050bbc38e7be1b605fe78,Bac,cu
node,12117241051,3A,Ngõ Bà Triệu,Lê Đại Hành,Hai Bà Trưng,Hà Nội,"3A, Ngõ Bà Triệu, Lê Đại Hành, Hai Bà Trưng, Hà Nội","node:21.0124370,105.8487786",Bac,cu
node,11346786868,590/2/29,Phan Văn Trị,Phường 7,Q. Gò Vấp,TP.HCM,"590/2/29, Phan Văn Trị, Phường 7, Q. Gò Vấp, TP.HCM","node:10.8304167,106.6803017",Nam,cu
way,581495621,"sn 34, tổ 22",Phố Nguyễn Sơn,Bồ Đề,Long Biên,Hà Nội,"sn 34, tổ 22, Phố Nguyễn Sơn, Bồ Đề, Long Biên, Hà Nội",way:33537c2ec49ef02b31efe5056eccaa2641a1cf5b9eb2bc47da3b49515de6aa59,Bac,cu
node,8696462747,3251,Quốc lộ 1A,Xuân Phú,Xuân Lộc,Đồng Nai,"3251, Quốc lộ 1A, Xuân Phú, Xuân Lộc, Đồng Nai","node:10.9032812,107.3067021",Nam,cu
way,1268595656,45B,Phố Mai Hắc Đế,Nguyễn Du,Hai Bà Trưng,Hà Nội,"45B, Phố Mai Hắc Đế, Nguyễn Du, Hai Bà Trưng, Hà Nội",way:683db6976219665c946b8a5f9d8a6c01609674241fdfc4cbf24f1ab6367732d1,Bac,cu
node,12543126094,55,Nguyễn Đức Cảnh,Phường Tân Phong,Quận 7,Hồ Chí Minh,"55, Nguyễn Đức Cảnh, Phường Tân Phong, Quận 7, Hồ Chí Minh","node:10.7269011,106.7088470",Nam,cu
node,7056038703,6/20 Ngách 44,Ngõ 460 Khương Đình,hạ đình,Thanh Xuân,Hà Nội,"6/20 Ngách 44, Ngõ 460 Khương Đình, hạ đình, Thanh Xuân, Hà Nội","node:20.9867533,105.8110908",Bac,cu
node,11285174886,165/10c,Hẻm 165/10c,Phú Thọ Hòa,Tân Phú,Hồ Chí Minh,"165/10c, Hẻm 165/10c, Phú Thọ Hòa, Tân Phú, Hồ Chí Minh","node:10.7877656,106.6308505",Bac,cu
node,7461343334,62A,Phạm Ngọc Thạch,6,3,Hồ Chí Minh City,"62A, Phạm Ngọc Thạch, 6, 3, Hồ Chí Minh City","node:10.7862270,106.6923637",Nam,cu
way,856455190,369,Đường Đặng Nguyên Cẩn,Phường 13,Quận 6,Thành phố Hồ Chí Minh,"369, Đường Đặng Nguyên Cẩn, Phường 13, Quận 6, Thành phố Hồ Chí Minh",way:f975df6ced4b56cbd15325d1bab5ce0679242fa8ee40848ec2f1ae85d0d90a46,Nam,cu
way,605385257,T2-4,"Đường D1, Khu Công Nghệ Cao",Phường Tân Phú,Quận 9,Hồ Chí Minh,"T2-4, Đường D1, Khu Công Nghệ Cao, Phường Tân Phú, Quận 9, Hồ Chí Minh",way:d54e001b8a0bcf33834dada08da23abb176c836b4523b54ad5479ce8620fa75d,Nam,cu
way,1321676775,32,Lê Công Kiều,Phường Nguyễn Thái Bình,Quận 1,Thành phố Hồ Chí Minh,"32, Lê Công Kiều, Phường Nguyễn Thái Bình, Quận 1, Thành phố Hồ Chí Minh",way:c81f12e168fb67e1f305f31bb7239c191dba87b6db874f8b1c7f11cba001cf57,Bac,cu
way,1321676771,40,Lê Công Kiều,Phường Nguyễn Thái Bình,Quận 1,Thành phố Hồ Chí Minh,"40, Lê Công Kiều, Phường Nguyễn Thái Bình, Quận 1, Thành phố Hồ Chí Minh",way:1b0361997b7cefc967a0ae4f7c19f28082359810b1c1246848e11fdf63bb0965,Bac,cu
node,12956796230,228,Đường Hoàng Quốc Việt,Phường Thị Cầu,Thành phố Bắc Ninh,Bắc Ninh,"228, Đường Hoàng Quốc Việt, Phường Thị Cầu, Thành phố Bắc Ninh, Bắc Ninh","node:21.1934045,106.0905847",Bac,cu
node,11468643066,112B,Phố Mai Hắc Đế,Nguyễn Du,Hai Bà Trưng,Hà Nội,"112B, Phố Mai Hắc Đế, Nguyễn Du, Hai Bà Trưng, Hà Nội","node:21.0120572,105.8508953",Bac,cu
way,860294720,103,Phố Khâm Thiên,Khâm Thiên,Đống Đa,Hà Nội,"103, Phố Khâm Thiên, Khâm Thiên, Đống Đa, Hà Nội",way:a774a535cffd1c24086b757fb7cb52e10e878f75833c0ff45b5a8e4da313a18e,Bac,cu
way,1410477500,3,Đường Phúc Sơn,Phường Vũ Ninh,Thành phố Bắc Ninh,Bắc Ninh,"3, Đường Phúc Sơn, Phường Vũ Ninh, Thành phố Bắc Ninh, Bắc Ninh",way:d7b76985a8a24ac243f7dccee60b2c1283550bb7a32aaf3c4b0723c3c92052b2,Bac,cu
node,8442251584,173,Đường Cổ Nhuế,Cổ Nhuế 2,Bắc Từ Liêm,Hà Nội,"173, Đường Cổ Nhuế, Cổ Nhuế 2, Bắc Từ Liêm, Hà Nội","node:21.0625568,105.7803531",Bac,cu
node,11024941625,302,Đường Lê Văn Sỹ,phường 1,Quận Tân Bình,Thành phố Hồ Chí Minh,"302, Đường Lê Văn Sỹ, phường 1, Quận Tân Bình, Thành phố Hồ Chí Minh","node:10.7968395,106.6652846",Nam,cu
way,1088736396,3,Phố Nguyễn Xuân Linh,Trung Hòa,Cầu Giấy,Hà Nội,"3, Phố Nguyễn Xuân Linh, Trung Hòa, Cầu Giấy, Hà Nội",way:2f7f084d18be0ed99dbdca05464d01e24a5a2f555f797f03d3b7bab1dfaea6f2,Bac,cu
node,9005878157,Km 13,Đường Ngọc Hồi,"Km 13 Đ. Ngọc Hồi, Ngọc Hồi, Thanh Trì, Hà Nội 100000, Vietnam","Km 13 Đ. Ngọc Hồi, Ngọc Hồi, Thanh Trì, Hà Nội 100000, Vietnam",Hanoi,"Km 13, Đường Ngọc Hồi, Km 13 Đ. Ngọc Hồi, Ngọc Hồi, Thanh Trì, Hà Nội 100000, Vietnam, Km 13 Đ. Ngọc Hồi, Ngọc Hồi, Thanh Trì, Hà Nội 100000, Vietnam, Hanoi","node:20.9301069,105.8481456",Bac,cu
way,1301587172,45,Phố Lê Hồng Phong,Phường Điện Biên,Quận Ba Đình,Hà Nội,"45, Phố Lê Hồng Phong, Phường Điện Biên, Quận Ba Đình, Hà Nội",way:ba620151bda21b4d6e1b5107a7462b2389b212d92eccd5981a51b18428335cc4,Bac,cu
node,11353539642,NT02-45,Ngọc Trai 2,Đa Tốn,Gia Lâm,Hà Nội,"NT02-45, Ngọc Trai 2, Đa Tốn, Gia Lâm, Hà Nội","node:20.9939599,105.9491587",Bac,cu
node,12094871167,12,Đường Nội Khu Mỹ Phú 3B,Tân Phú,Quận 7,Thành phố Hồ Chí Minh,"12, Đường Nội Khu Mỹ Phú 3B, Tân Phú, Quận 7, Thành phố Hồ Chí Minh","node:10.7156598,106.7286321",Nam,cu
way,377308559,39,Lương Trúc Đàm,Hiệp Tân,Tân Phú,Hồ Chí Minh,"39, Lương Trúc Đàm, Hiệp Tân, Tân Phú, Hồ Chí Minh",way:2c94f43ad8b23d1e2eabebcf346c8b308c9bc286ed56925d8fd79807a81d7bea,Nam,cu
way,1242734040,15,Ngách 61/21 Phạm Tuấn Tài,Phường Cổ Nhuế 1,Quận Bắc Từ Liêm,Hà Nội,"15, Ngách 61/21 Phạm Tuấn Tài, Phường Cổ Nhuế 1, Quận Bắc Từ Liêm, Hà Nội",way:dd81a8bf951380d21e4ad79aa7c0b2727b77fa752dbf626848d7ec47d291d360,Bac,cu
node,12944542957,158,Đường Trần Hưng Đạo,Phường Tiền Ninh Vệ,Thành phố Bắc Ninh,Bắc Ninh,"158, Đường Trần Hưng Đạo, Phường Tiền Ninh Vệ, Thành phố Bắc Ninh, Bắc Ninh","node:21.1797675,106.0667684",Bac,cu
node,7074125895,208/5,Hùng Vương,1,Bạc Liêu,Bạc Liêu,"208/5, Hùng Vương, 1, Bạc Liêu, Bạc Liêu","node:9.2961602,105.7245801",Nam,cu
node,12896618414,483,Đường Lý Thường Kiệt,Phường Châu Khê,Thành phố Từ Sơn,Bắc Ninh,"483, Đường Lý Thường Kiệt, Phường Châu Khê, Thành phố Từ Sơn, Bắc Ninh","node:21.1229600,105.9193053",Bac,cu
way,582070523,không có,Ngách 640/21 Nguyễn Văn Cừ,Gia Thụy,Long Biên,Hà Nội,"không có, Ngách 640/21 Nguyễn Văn Cừ, Gia Thụy, Long Biên, Hà Nội",way:8245129434c4e9f5f89d1d654e311e1f55b24444cb525f7bf96e27144e53ed1f,Bac,cu
way,1249564975,72,Phố Triệu Việt Vương,Nguyễn Du,Hai Bà Trưng,Hà Nội,"72, Phố Triệu Việt Vương, Nguyễn Du, Hai Bà Trưng, Hà Nội",way:922ac8f413e0a326b8c9c467e81a16ff84452a1b83f0e5f968567df34e7ec34a,Bac,cu
way,583612367,16,Hẻm 85/40/1 Sài Đồng,Sài Đồng,Long Biên,Hà Nội,"16, Hẻm 85/40/1 Sài Đồng, Sài Đồng, Long Biên, Hà Nội",way:045afdca5b346f99b9d134197e91d1a27dc13532213991ab1468bfd8e58a1401,Bac,cu
node,5253649813,20,3/2,Xuân Khánh,Ninh Kiều,Cần Thơ,"20, 3/2, Xuân Khánh, Ninh Kiều, Cần Thơ","node:10.0320250,105.7742710",Nam,cu
way,1242845677,61,Ngõ 3 Phạm Tuấn Tài,Phường Dịch Vọng Hậu,Quận Cầu Giấy,Hà Nội,"61, Ngõ 3 Phạm Tuấn Tài, Phường Dịch Vọng Hậu, Quận Cầu Giấy, Hà Nội",way:f666fd6eec8fb097507a717fa48d35204eaaa8e278b43ff6541984e112b64fc1,Bac,cu
node,11586645353,2,Phố Đặng Thùy Trâm,Phường Cổ Nhuế 1,Quận Bắc Từ Liêm,Hà Nội,"2, Phố Đặng Thùy Trâm, Phường Cổ Nhuế 1, Quận Bắc Từ Liêm, Hà Nội","node:21.0454820,105.7837304",Bac,cu
node,11372798710,SH07-26,San Hô 7,Đa Tốn,Gia Lâm,Hà Nội,"SH07-26, San Hô 7, Đa Tốn, Gia Lâm, Hà Nội","node:20.9909204,105.9479956",Bac,cu
way,991654496,308,Đường Nguyễn Thị Đinh,phường Thạnh Mỹ Lợi,TP. Thủ Đức,TP. Hồ Chí Minh,"308, Đường Nguyễn Thị Đinh, phường Thạnh Mỹ Lợi, TP. Thủ Đức, TP. Hồ Chí Minh",way:96894379b0bb30cbc2ac12bbe8b17593c8a73a1718995f4d859ebb49f0b90e71,Nam,cu
node,5626543435,2,Phố Vũ Kiệt,Phường Tiền Ninh Vệ,Thành phố Bắc Ninh,Bắc Ninh,"2, Phố Vũ Kiệt, Phường Tiền Ninh Vệ, Thành phố Bắc Ninh, Bắc Ninh","node:21.1825609,106.0656471",Bac,cu
node,5349533191,74,Bành Văn Trân,Phường 7,Quận Tân Bình,Thành phố Hồ Chí Minh,"74, Bành Văn Trân, Phường 7, Quận Tân Bình, Thành phố Hồ Chí Minh","node:10.7884018,106.6582802",Nam,cu
node,12960464222,137,Đường Ngô Gia Tự,Phường Vũ Ninh,Thành phố Bắc Ninh,Bắc Ninh,"137, Đường Ngô Gia Tự, Phường Vũ Ninh, Thành phố Bắc Ninh, Bắc Ninh","node:21.1906843,106.0769674",Bac,cu
way,904729850,25,Phố Đoàn Trần Nghiệp,Lê Đại Hành,Hai Bà Trưng,Hà Nội,"25, Phố Đoàn Trần Nghiệp, Lê Đại Hành, Hai Bà Trưng, Hà Nội",way:4b251a0accea9a0fc50162dffd4f96c645f0d3c0e5c70870f1e1a9956f5551ba,Bac,cu
node,11372797012,SH12-09,San Hô 12,Đa Tốn,Gia Lâm,Hà Nội,"SH12-09, San Hô 12, Đa Tốn, Gia Lâm, Hà Nội","node:20.9922764,105.9467706",Bac,cu
node,9788576207,25 An Sinh,Ngõ 208 Trần Cung,Phường Cổ Nhuế 1,Quận Bắc Từ Liêm,Hà Nội,"25 An Sinh, Ngõ 208 Trần Cung, Phường Cổ Nhuế 1, Quận Bắc Từ Liêm, Hà Nội","node:21.0511017,105.7907820",Bac,cu
way,966677780,19,Phố Trúc Khê,Láng Hạ,Đống Đa,Hà Nội,"19, Phố Trúc Khê, Láng Hạ, Đống Đa, Hà Nội",way:0a6024ab87ae4984a8924e66a069e18925fe99632343eb8ab429c06a6584a23d,Bac,cu
node,12960857523,43,Phố Yên Mẫn,Phường Kinh Bắc,Thành phố Bắc Ninh,Bắc Ninh,"43, Phố Yên Mẫn, Phường Kinh Bắc, Thành phố Bắc Ninh, Bắc Ninh","node:21.1882974,106.0600324",Bac,cu
node,10720709014,80,Nguyễn Văn Trỗi,Phường 8,Phú Nhuận,Hồ Chí Minh,"80, Nguyễn Văn Trỗi, Phường 8, Phú Nhuận, Hồ Chí Minh","node:10.7963197,106.6746478",Nam,cu
node,12093851009,19,Đường Nội Khu Mỹ Thái 3,Tân Phú,Quận 7,Thành phố Hồ Chí Minh,"19, Đường Nội Khu Mỹ Thái 3, Tân Phú, Quận 7, Thành phố Hồ Chí Minh","node:10.7152349,106.7293480",Nam,cu
way,502742299,57,Đường Cổ Bi,Cổ Bi,Gia Lâm,Hà Nội,"57, Đường Cổ Bi, Cổ Bi, Gia Lâm, Hà Nội",way:00603b2175529a2b2dca031f8188dac62c0f6af44e6b076446218b3b04c903f6,Bac,cu
way,852052702,23,Phố Duy Tân,Mỹ Đình 2,Nam Từ Liêm,Hà Nội,"23, Phố Duy Tân, Mỹ Đình 2, Nam Từ Liêm, Hà Nội",way:a171f1dd066dda9dd656a5ea060e5c777a73c32face87a72d5d6a64eb15cba00,Bac,cu
way,1226401356,SH-08,Đường San Hô,Đa Tốn,Gia Lâm,Hà Nội,"SH-08, Đường San Hô, Đa Tốn, Gia Lâm, Hà Nội",way:bdeb97954173803307ac803936f7b04acc609bf3a96eba3440cd81a3630b36af,Bac,cu
way,480700929,1,Đường Đỗ Trọng Vỹ,Phường Tiền Ninh Vệ,Thành phố Bắc Ninh,Bắc Ninh,"1, Đường Đỗ Trọng Vỹ, Phường Tiền Ninh Vệ, Thành phố Bắc Ninh, Bắc Ninh",way:ddca3cb0e9f717817250964cd22feb8bb49450c7dd41cdeecb81c9c961ac751f,Bac,cu
way,1226393947,SH15-06,San Hô 15,Đa Tốn,Gia Lâm,Hà Nội,"SH15-06, San Hô 15, Đa Tốn, Gia Lâm, Hà Nội",way:2f82567e9bdfdce0eeafcdf0e6842bb08123c766e5a17daac6f9e1fda66b0d8c,Bac,cu
node,5485667564,3/325,Phố Giảng Võ,Chợ Dừa,Đống Đa,Hà Nội,"3/325, Phố Giảng Võ, Chợ Dừa, Đống Đa, Hà Nội","node:21.0237006,105.8205593",Bac,cu
node,3673636116,Bờ Bắc Sông Trà,gần nhà hàng Đông Dương,Dưới cầu Trường Xuân 300m,TP.Quảng Ngãi,Quảng Ngãi,"Bờ Bắc Sông Trà, gần nhà hàng Đông Dương, Dưới cầu Trường Xuân 300m, TP.Quảng Ngãi, Quảng Ngãi","node:15.1477581,108.7756246",Trung,cu
way,262966603,68,Nguyễn Văn Trỗi,Phường 8,Phú Nhuận,Hồ Chí Minh,"68, Nguyễn Văn Trỗi, Phường 8, Phú Nhuận, Hồ Chí Minh",way:3e01e4d3b77fe9fe4187937c89d421c62789c714c898332be19ec7ba537ba294,Nam,cu
node,5609998744,90,Đường Kim Giang,Đại Kim,Hoàng Mai,Hà Nội,"90, Đường Kim Giang, Đại Kim, Hoàng Mai, Hà Nội","node:20.9823231,105.8159267",Bac,cu
node,6546305398,29,Mậu Thân,An Nghiệp,Ninh Kiều,Cần Thơ,"29, Mậu Thân, An Nghiệp, Ninh Kiều, Cần Thơ","node:10.0402382,105.7679083",Nam,cu
way,1243075261,41,Ngõ 3 Phạm Tuấn Tài,Phường Dịch Vọng Hậu,Quận Cầu Giấy,Hà Nội,"41, Ngõ 3 Phạm Tuấn Tài, Phường Dịch Vọng Hậu, Quận Cầu Giấy, Hà Nội",way:448684a71422f24f4cb83119b1e8f2756739c3b4d82db60e68c6cbd04aa4bcd8,Bac,cu
node,11374776247,9A,Đường Thạnh Xuân 14,Thạnh Xuân,Quận 12,Hồ Chí Minh,"9A, Đường Thạnh Xuân 14, Thạnh Xuân, Quận 12, Hồ Chí Minh","node:10.8660980,106.6651519",Nam,cu
way,882611080,44,Đường Đậu Quang Lĩnh,Hoà Xuân,Cẩm Lệ,Đà Nẵng,"44, Đường Đậu Quang Lĩnh, Hoà Xuân, Cẩm Lệ, Đà Nẵng",way:f78b79709b882527e986a8ea6d206f14b5bbf3c886d5174410f7c6a2fd3978d2,Trung,cu
node,11212195506,65,Phố Phạm Ngọc Thạch,Kim Liên,Đống Đa,Hà Nội,"65, Phố Phạm Ngọc Thạch, Kim Liên, Đống Đa, Hà Nội","node:21.0087906,105.8346209",Bac,cu
way,1040496853,42,Phố Trần Phú,Phường Điện Biên,Quận Ba Đình,Hà Nội,"42, Phố Trần Phú, Phường Điện Biên, Quận Ba Đình, Hà Nội",way:dcbc76280e8b2ca9290f2b6e90ce4be9f1ecabec011b5d7e093b3a4a8b92948b,Bac,cu
node,12960832977,93,Đường Đấu Mã,Phường Thị Cầu,Thành phố Bắc Ninh,Bắc Ninh,"93, Đường Đấu Mã, Phường Thị Cầu, Thành phố Bắc Ninh, Bắc Ninh","node:21.1898092,106.0863927",Bac,cu
way,1153459806,5B,Đường Võ Văn Tần,Phường 6,Quận 3,Thành Phố Hồ Chí Minh,"5B, Đường Võ Văn Tần, Phường 6, Quận 3, Thành Phố Hồ Chí Minh",way:e5d2eecea1fdd8066a12a8ebd10ab6ef4ca15b18a5efa11b3e0179437a763e2e,Nam,cu
node,12917522127,387,Đường Ngô Gia Tự,Phường Tiền Ninh Vệ,Thành phố Bắc Ninh,Bắc Ninh,"387, Đường Ngô Gia Tự, Phường Tiền Ninh Vệ, Thành phố Bắc Ninh, Bắc Ninh","node:21.1838551,106.0667956",Bac,cu
node,10098130622,521H,Đường Nguyễn Trãi,Thanh Xuân Nam,Thanh Xuân,Hà Nội,"521H, Đường Nguyễn Trãi, Thanh Xuân Nam, Thanh Xuân, Hà Nội","node:20.9868580,105.7970406",Bac,cu
node,11572113157,12,Ngõ 2 Phạm Tuấn Tài,Phường Dịch Vọng Hậu,Quận Cầu Giấy,Hà Nội,"12, Ngõ 2 Phạm Tuấn Tài, Phường Dịch Vọng Hậu, Quận Cầu Giấy, Hà Nội","node:21.0419774,105.7867026",Bac,cu
node,12956796212,1,Ngõ 41 Đường Trần Hưng Đạo,Phường Tiền Ninh Vệ,Thành phố Bắc Ninh,Bắc Ninh,"1, Ngõ 41 Đường Trần Hưng Đạo, Phường Tiền Ninh Vệ, Thành phố Bắc Ninh, Bắc Ninh","node:21.1811325,106.0642504",Bac,cu
node,12093880562,02,Đường Nội Khu Mỹ Phú 3C,Tân Phú,Quận 7,Thành phố Hồ Chí Minh,"02, Đường Nội Khu Mỹ Phú 3C, Tân Phú, Quận 7, Thành phố Hồ Chí Minh","node:10.7148814,106.7273934",Nam,cu
way,582757793,1,hẻm 53/103/25,Đức giang,Long biên,Hà Nội,"1, hẻm 53/103/25, Đức giang, Long biên, Hà Nội",way:b0e7567033668e8f8ed3f0e27d97b7730d44bcd12ea1a81e091268d5e4c7010b,Bac,cu
way,1086185741,43,Phố Trần Quốc Toản,Trần Hưng Đạo,Hoàn Kiếm,Hà Nội,"43, Phố Trần Quốc Toản, Trần Hưng Đạo, Hoàn Kiếm, Hà Nội",way:0e032e519357f5d9d0d3ffe12403a1d426fa72d62edd56d7b4236833c34a01a3,Bac,cu
way,849491244,63,Đường Lê Văn Lương,Trung Hòa,Cầu Giấy,Hà Nội,"63, Đường Lê Văn Lương, Trung Hòa, Cầu Giấy, Hà Nội",way:37d8a64df529910b5a0d415c270a4f53765ff5dbdfce3fa8295bb4f9368dcb2a,Bac,cu
node,12373937788,252,Phố Lương Định Của,Phường Phương Liễu,Thị xã Quế Võ,Bắc Ninh,"252, Phố Lương Định Của, Phường Phương Liễu, Thị xã Quế Võ, Bắc Ninh","node:21.1664594,106.1374718",Bac,cu
node,10126209677,B7 Bis,Phố Trần Đại Nghĩa,Bách Khoa,Hai Bà Trưng,Hà Nội,"B7 Bis, Phố Trần Đại Nghĩa, Bách Khoa, Hai Bà Trưng, Hà Nội","node:21.0056674,105.8459133",Bac,cu
way,897165900,18,Ngõ 4 Đặng Văn Ngữ,Trung Tự,Đống Đa,Hà Nội,"18, Ngõ 4 Đặng Văn Ngữ, Trung Tự, Đống Đa, Hà Nội",way:b15bce88050c975225ee48857dc4471088732f2af7aa61d092961f7886211c7c,Bac,cu
node,10039482275,46/35,Đường Thạnh Lộc 15,Thạnh Lộc,12,Hồ Chí Minh,"46/35, Đường Thạnh Lộc 15, Thạnh Lộc, 12, Hồ Chí Minh","node:10.8631109,106.6858062",Nam,cu
node,10747475499,294,Võ Nguyên Giáp,Bắc Mỹ Phú,Ngũ Hành Sơn,Đà Nẵng,"294, Võ Nguyên Giáp, Bắc Mỹ Phú, Ngũ Hành Sơn, Đà Nẵng","node:16.0515244,108.2485711",Trung,cu
node,12092826929,10A,Phố Khúc Hạo,Phường Điện Biên,Quận Ba Đình,Hà Nội,"10A, Phố Khúc Hạo, Phường Điện Biên, Quận Ba Đình, Hà Nội","node:21.0318993,105.8368576",Bac,cu
node,12114066120,09,Đường Mỹ Phú 1A,Phường Tân Phú,Quận 7,Thành phố Hồ Chí Minh,"09, Đường Mỹ Phú 1A, Phường Tân Phú, Quận 7, Thành phố Hồ Chí Minh","node:10.7174129,106.7262441",Nam,cu
way,1314179477,77,Đường Trần Bạch Đằng,Bắc Mỹ Phú,Ngũ Hành Sơn,Đà Nẵng,"77, Đường Trần Bạch Đằng, Bắc Mỹ Phú, Ngũ Hành Sơn, Đà Nẵng",way:dd8abb52e904a3515b3c6fc91f396be56663ba0a4d8b867accdd7dc7bcc4f5c3,Trung,cu
node,10202577386,61,Ngõ 82 Chùa Láng,Láng Thượng,Đống Đa,Hà Nội,"61, Ngõ 82 Chùa Láng, Láng Thượng, Đống Đa, Hà Nội","node:21.0251840,105.8053337",Bac,cu
node,11568871424,6,Ngách 38/6 Đặng Thùy Trâm,Phường Cổ Nhuế 1,Quận Bắc Từ Liêm,Hà Nội,"6, Ngách 38/6 Đặng Thùy Trâm, Phường Cổ Nhuế 1, Quận Bắc Từ Liêm, Hà Nội","node:21.0442668,105.7849362",Bac,cu
node,7686942401,58,Đường Hoàng Diệu,Phường 12,Quận 4,Thành phố Hồ Chí Minh,"58, Đường Hoàng Diệu, Phường 12, Quận 4, Thành phố Hồ Chí Minh","node:10.7647004,106.7059021",Nam,cu
way,581436825,14,Ngách 4/5 Ô Cách,Đức Giang,Long Biên,Hà Nội,"14, Ngách 4/5 Ô Cách, Đức Giang, Long Biên, Hà Nội",way:bfc3fc35972fb31a4d5fd0d71547110a612ed47c05421f9b64e46da07ac3ffce,Bac,cu
way,1208800256,6,Phố Đào Duy Anh,Phương Liên,Đống Đa,Hà Nội,"6, Phố Đào Duy Anh, Phương Liên, Đống Đa, Hà Nội",way:9ae564538361b2be768197797c51eba1c9e008d772973064220d9423e5548f09,Bac,cu
node,11281683521,223,Phố Xã Đàn,Nam Đồng,Đống Đa,Hà Nội,"223, Phố Xã Đàn, Nam Đồng, Đống Đa, Hà Nội","node:21.0163375,105.8316387",Bac,cu
node,11571556934,19,Ngõ 3 Phạm Tuấn Tài,Phường Dịch Vọng Hậu,Quận Cầu Giấy,Hà Nội,"19, Ngõ 3 Phạm Tuấn Tài, Phường Dịch Vọng Hậu, Quận Cầu Giấy, Hà Nội","node:21.0432764,105.7855006",Bac,cu
way,650062370,198,Đường Lý Thường Kiệt,Phường Châu Khê,Thành phố Từ Sơn,Bắc Ninh,"198, Đường Lý Thường Kiệt, Phường Châu Khê, Thành phố Từ Sơn, Bắc Ninh",way:c328f93f9dbb6976e8db8b2403e0c550a277337fdba9ba6b61c22b116a4b5b47,Bac,cu
node,5485756823,105 D3,Trần Huy Liệu,Giảng Võ,Quận Ba Đình,Hà Nội,"105 D3, Trần Huy Liệu, Giảng Võ, Quận Ba Đình, Hà Nội","node:21.0271124,105.8222498",Bac,cu
way,37933050,1A,Phố Tràng Tiền,Tràng Tiền,Hoàn Kiếm,Hà Nội,"1A, Phố Tràng Tiền, Tràng Tiền, Hoàn Kiếm, Hà Nội",way:03d2a56820e717b41f1111be19d0138bef6294d2255b6c961bc687a0235296d6,Bac,cu
way,1320451483,64,Lê Công Kiều,Phường Nguyễn Thái Bình,Quận 1,Thành phố Hồ Chí Minh,"64, Lê Công Kiều, Phường Nguyễn Thái Bình, Quận 1, Thành phố Hồ Chí Minh",way:b52475eff520acac0d8037b3ce451414d420d16d759b19f110f969267f691267,Bac,cu
way,693899844,5,Trịnh Khắc Lập,phường Thạnh Mỹ Lợi,TP. Thủ Đức,Hồ Chí Minh,"5, Trịnh Khắc Lập, phường Thạnh Mỹ Lợi, TP. Thủ Đức, Hồ Chí Minh",way:5823b780fe85f3ac189ff72a0c4149f72a0b31ba9c972a6f70a98aeedaf989a6,Nam,cu
node,3765138858,166,Hung Vuong,Phường An Hội,TP. Bến Tre,Bến Tre,"166, Hung Vuong, Phường An Hội, TP. Bến Tre, Bến Tre","node:10.2345808,106.3741617",Nam,cu
node,11462471452,172,Phố Triệu Việt Vương,Nguyễn Du,Hai Bà Trưng,Hà Nội,"172, Phố Triệu Việt Vương, Nguyễn Du, Hai Bà Trưng, Hà Nội","node:21.0125550,105.8503221",Bac,cu
node,12584579391,334,P. Bà Triệu,Lê Đại Hành,Hai Bà Trưng,Hà Nội,"334, P. Bà Triệu, Lê Đại Hành, Hai Bà Trưng, Hà Nội","node:21.0097201,105.8488770",Bac,cu
node,12407471222,110,Phố Trang Liệt 3,Phường Trang Hạ,Thành phố Từ Sơn,Bắc Ninh,"110, Phố Trang Liệt 3, Phường Trang Hạ, Thành phố Từ Sơn, Bắc Ninh","node:21.1205561,105.9473862",Bac,cu
node,6543740118,2,Hải Thượng Lãn Ông,Tân An,Ninh Kiều,Cần Thơ,"2, Hải Thượng Lãn Ông, Tân An, Ninh Kiều, Cần Thơ","node:10.0302027,105.7871466",Nam,cu
node,12287840341,193,Phố Lương Định Của,Phường Phương Liễu,Thị xã Quế Võ,Bắc Ninh,"193, Phố Lương Định Của, Phường Phương Liễu, Thị xã Quế Võ, Bắc Ninh","node:21.1659799,106.1402689",Bac,cu
node,729406487,279,Hải Phòng,Tân Chính,Thanh Khê,Đà Nẵng,"279, Hải Phòng, Tân Chính, Thanh Khê, Đà Nẵng","node:16.0707542,108.2092543",Bac,cu
node,10799359955,139,Đồng Khởi,Phú Khương,Bến Tre,Bến Tre,"139, Đồng Khởi, Phú Khương, Bến Tre, Bến Tre","node:10.2464573,106.3745233",Nam,cu
node,11564316605,75,Đường Đặng Thùy Trâm,Phường Dịch Vọng Hậu,Quận Cầu Giấy,Hà Nội,"75, Đường Đặng Thùy Trâm, Phường Dịch Vọng Hậu, Quận Cầu Giấy, Hà Nội","node:21.0439020,105.7860914",Bac,cu
node,6543870311,7,Ngô Quyền,Tân An,Ninh Kiều,Cần Thơ,"7, Ngô Quyền, Tân An, Ninh Kiều, Cần Thơ","node:10.0339220,105.7879966",Nam,cu
way,593632330,Ngách 33,Ngõ Tân Lạc,Đồng Tâm,Hai Bà Trưng,Hà nội,"Ngách 33, Ngõ Tân Lạc, Đồng Tâm, Hai Bà Trưng, Hà nội",way:a65351d5746d3e3db607e9768550d27c7eb3eddeae5e500a9a2c6bac6247b9b7,Bac,cu
way,755108520,58,Phố Tố Hữu,Trung Văn,Nam Từ Liêm,Hà Nội,"58, Phố Tố Hữu, Trung Văn, Nam Từ Liêm, Hà Nội",way:abe9fb3f2cc4359628dfdc95cf6bd3933ca6b5b2c7ebf362b81a0b9139ec13ea,Bac,cu
way,1166150907,390,Đường Thụy Khuê,Phường Bưởi,Tây Hồ,Hà Nội,"390, Đường Thụy Khuê, Phường Bưởi, Tây Hồ, Hà Nội",way:5f9fecf326365bf8840d56dee787c3e2229263ed9a5c5c602510544872605dcb,Bac,cu
way,1235472351,97,Trường Chinh,Phường 12,Tân Bình,Thành phố Hồ Chí Minh,"97, Trường Chinh, Phường 12, Tân Bình, Thành phố Hồ Chí Minh",way:797f7069713e15624d6eede89ad5a93a1b8a962bab13f1218836f242ed2fcfd3,Nam,cu
way,1219690233,372,Phố Xã Đàn,Nam Đồng,Đống Đa,Hà Nội,"372, Phố Xã Đàn, Nam Đồng, Đống Đa, Hà Nội",way:d3c6000009b7708e1c40d6683fa79aa5f2289aab025db8410f8270d6e57ab8a8,Bac,cu
node,5372135858,ngõ 2,Xuân Diệu,Bắc Hà,đường Phan Đình Phùng,tp Hà Tĩnh,"ngõ 2, Xuân Diệu, Bắc Hà, đường Phan Đình Phùng, tp Hà Tĩnh","node:18.3408174,105.8986880",Trung,cu
node,7888858696,89,Đường Tiểu La,Hòa Cường Bắc,Hải Châu,Đà Nẵng,"89, Đường Tiểu La, Hòa Cường Bắc, Hải Châu, Đà Nẵng","node:16.0456054,108.2192579",Trung,cu
way,1216505788,98B,Ngõ Xã Đàn 2,Nam Đồng,Đống Đa,Hà Nội,"98B, Ngõ Xã Đàn 2, Nam Đồng, Đống Đa, Hà Nội",way:659ae0e033362a90d3aefcdbc2039468b52b3a1f67498efda1c0386fd478b5da,Bac,cu
way,1223691844,NT08-28,Ngọc Trai 8,Đa Tốn,Gia Lâm,Hà Nội,"NT08-28, Ngọc Trai 8, Đa Tốn, Gia Lâm, Hà Nội",way:9c9daacb736b3871679315ec7ba2e0dead03b57ffc0ccb32f28a9e59b0d8edaa,Bac,cu
node,6543883130,6-8-10-12,Hai Bà Trưng,Tân An,Ninh Kiều,Cần Thơ,"6-8-10-12, Hai Bà Trưng, Tân An, Ninh Kiều, Cần Thơ","node:10.0347130,105.7887395",Nam,cu
node,12902515441,215,Đường Thiên Đức,Phường Tiền Ninh Vệ,Thành phố Bắc Ninh,Bắc Ninh,"215, Đường Thiên Đức, Phường Tiền Ninh Vệ, Thành phố Bắc Ninh, Bắc Ninh","node:21.1864446,106.0584387",Bac,cu
node,12819732615,78,Trần Phú,Thị Trấn Cầu Quan,Huyện Tiểu Cần,Tỉnh Trà Vinh,"78, Trần Phú, Thị Trấn Cầu Quan, Huyện Tiểu Cần, Tỉnh Trà Vinh","node:9.7678025,106.1279317",Nam,cu
node,11568829085,28,Ngõ 3 Phạm Tuấn Tài,Phường Cổ Nhuế 1,Quận Bắc Từ Liêm,Hà Nội,"28, Ngõ 3 Phạm Tuấn Tài, Phường Cổ Nhuế 1, Quận Bắc Từ Liêm, Hà Nội","node:21.0440039,105.7848476",Bac,cu
way,516774845,96,Đường số 3,Bình Trị Đông B,Bình Tân,Hồ Chí Minh,"96, Đường số 3, Bình Trị Đông B, Bình Tân, Hồ Chí Minh",way:5fd9ac804363981d23bd995d3b2830cd50b25e70c2459eab11c07c9756281f2c,Nam,cu
node,11353528089,NT06-11,Ngọc Trai 6,Đa Tốn,Gia Lâm,Hà Nội,"NT06-11, Ngọc Trai 6, Đa Tốn, Gia Lâm, Hà Nội","node:20.9962636,105.9500789",Bac,cu
way,582091076,57,Ngõ 46 Vũ Xuân Thiều,Sài Đồng,Long Biên,Hà Nội,"57, Ngõ 46 Vũ Xuân Thiều, Sài Đồng, Long Biên, Hà Nội",way:54e2b91701934e033dfbbc40eced679d3419964dd5aa2b2303476c7260b72b7b,Bac,cu
way,1242728697,6,Ngách 421/4 Hoàng Quốc Việt,Phường Cổ Nhuế 1,Quận Bắc Từ Liêm,Hà Nội,"6, Ngách 421/4 Hoàng Quốc Việt, Phường Cổ Nhuế 1, Quận Bắc Từ Liêm, Hà Nội",way:6f7044542f71bdd147a89fabb7a23c3b79e529d87e82d040d0c62e3ce85a7f3d,Bac,cu
way,1242728675,15,Ngõ 445 Hoàng Quốc Việt,Phường Cổ Nhuế 1,Quận Bắc Từ Liêm,Hà Nội,"15, Ngõ 445 Hoàng Quốc Việt, Phường Cổ Nhuế 1, Quận Bắc Từ Liêm, Hà Nội",way:8d253c9160a423a96dc328cd0c4774e4443a21fc48c846c7736e11e1f9d43544,Bac,cu
way,1301684972,2,Ngõ 77 Lê Hồng Phong,Phường Điện Biên,Quận Ba Đình,Hà Nội,"2, Ngõ 77 Lê Hồng Phong, Phường Điện Biên, Quận Ba Đình, Hà Nội",way:a0a7f4b51131c791bccb4cd947f5c9ae227518bc13deae0b8766802aa727a236,Bac,cu
way,1110283232,67,Đường số 4,Phong Phú,Bình Chánh,Hồ Chí Minh,"67, Đường số 4, Phong Phú, Bình Chánh, Hồ Chí Minh",way:b1d3af7b6c5f38fbd9ac2d9aa9cf1f218c8de8217e98c3c31aca567436de67a1,Nam,cu
node,12960394094,87,Đường Ngô Gia Tự,Phường Vũ Ninh,Thành phố Bắc Ninh,Bắc Ninh,"87, Đường Ngô Gia Tự, Phường Vũ Ninh, Thành phố Bắc Ninh, Bắc Ninh","node:21.1915256,106.0788048",Bac,cu
way,593647007,459C,Bạch Mai,Trương Định,Hai Bà Trưng,Hà Nội,"459C, Bạch Mai, Trương Định, Hai Bà Trưng, Hà Nội",way:57cc22655fc4699f93aa70115888dc0606c16f53dfcabf54fa421caf8c6f2909,Bac,cu
node,11572546708,18,Phố Phạm Tuấn Tài,Phường Dịch Vọng Hậu,Quận Cầu Giấy,Hà Nội,"18, Phố Phạm Tuấn Tài, Phường Dịch Vọng Hậu, Quận Cầu Giấy, Hà Nội","node:21.0427604,105.7863960",Bac,cu
node,5609999114,1A,Phố Hồ Đắc Di,Nam Đồng,Đống Đa,Hà Nội,"1A, Phố Hồ Đắc Di, Nam Đồng, Đống Đa, Hà Nội","node:21.0111154,105.8305996",Bac,cu
node,6880982196,2,Phố Hoàng Đạo Thúy,Nhân Chính,Thanh Xuân,Hà Nội,"2, Phố Hoàng Đạo Thúy, Nhân Chính, Thanh Xuân, Hà Nội","node:21.0054365,105.8040976",Bac,cu
node,11350189253,82-84,Đường Nguyễn Nghĩa Lập,Thọ Xương,Tp Bắc Giang,Bắc Giang,"82-84, Đường Nguyễn Nghĩa Lập, Thọ Xương, Tp Bắc Giang, Bắc Giang","node:21.2901185,106.1941376",Bac,cu
node,11601353636,51-53-55,Phố Trần Nhân Tông,Nguyễn Du,Hai Bà Trưng,Hà Nội,"51-53-55, Phố Trần Nhân Tông, Nguyễn Du, Hai Bà Trưng, Hà Nội","node:21.0168006,105.8494660",Bac,cu
node,11463192514,159,Phố Bùi Thị Xuân,Nguyễn Du,Hai Bà Trưng,Hà Nội,"159, Phố Bùi Thị Xuân, Nguyễn Du, Hai Bà Trưng, Hà Nội","node:21.0128836,105.8499762",Bac,cu
way,944796962,27C,Phố Văn Miếu,Văn Miếu,Đống Đa,Hà Nội,"27C, Phố Văn Miếu, Văn Miếu, Đống Đa, Hà Nội",way:ff27d6bcbc09c8bbe42a624a7afb371f316e36bded950a9eb2b8f767d7722fc6,Bac,cu
node,11350814180,NT18-34,Ngọc Trai 18,Đa Tốn,Gia Lâm,Hà Nội,"NT18-34, Ngọc Trai 18, Đa Tốn, Gia Lâm, Hà Nội","node:20.9990921,105.9451487",Bac,cu
node,6543787746,4,Phan Bội Châu,Tân An,Ninh Kiều,Cần Thơ,"4, Phan Bội Châu, Tân An, Ninh Kiều, Cần Thơ","node:10.0316742,105.7878439",Nam,cu
way,1242752830,18,Ngõ 3 Phạm Tuấn Tài,Phường Dịch Vọng Hậu,Quận Cầu Giấy,Hà Nội,"18, Ngõ 3 Phạm Tuấn Tài, Phường Dịch Vọng Hậu, Quận Cầu Giấy, Hà Nội",way:0116712f92df82c61233b4bb39d42435f44098547638791a355fdfc1ba82852e,Bac,cu
node,12956796215,3,Ngõ 233 Đường Trần Hưng Đạo,Phường Tiền Ninh Vệ,Thành phố Bắc Ninh,Bắc Ninh,"3, Ngõ 233 Đường Trần Hưng Đạo, Phường Tiền Ninh Vệ, Thành phố Bắc Ninh, Bắc Ninh","node:21.1797717,106.0678015",Bac,cu
node,12114066129,10,Đường Mỹ Phú 1B,Phường Tân Phú,Quận 7,Thành phố Hồ Chí Minh,"10, Đường Mỹ Phú 1B, Phường Tân Phú, Quận 7, Thành phố Hồ Chí Minh","node:10.7171851,106.7263861",Nam,cu
way,1254507012,10,Phố Trần Thái Tông,Phường Dịch Vọng Hậu,Quận Cầu Giấy,Hà Nội,"10, Phố Trần Thái Tông, Phường Dịch Vọng Hậu, Quận Cầu Giấy, Hà Nội",way:7357670e2243e0017533e4302d935f45892a3b078be484951ba7cc2ab5576b56,Bac,cu
way,1035930664,6,Đường Nguyễn Tri Phương,Phường Quán Thánh,Quận Ba Đình,Hà Nội,"6, Đường Nguyễn Tri Phương, Phường Quán Thánh, Quận Ba Đình, Hà Nội",way:a4924c4c9aa5ab48644b2ae7cf63421d675a92dd2c391857b01863ef97c68ffc,Bac,cu
node,12306243935,1,Đường Ngô Sĩ Liên,Phường Kinh Bắc,Thành phố Bắc Ninh,Bắc Ninh,"1, Đường Ngô Sĩ Liên, Phường Kinh Bắc, Thành phố Bắc Ninh, Bắc Ninh","node:21.1916413,106.0655978",Bac,cu
way,428442274,595,Đường Kinh Dương Vương,Phường An Lạc,Quận Bình Tân,Thành phố Hồ Chí Minh,"595, Đường Kinh Dương Vương, Phường An Lạc, Quận Bình Tân, Thành phố Hồ Chí Minh",way:b82f51d1af07d452453a653b8daafc497b38a9851d5925285e2b3c3b6d21b042,Nam,cu
node,6657302657,692/4B,Đường Đông Thành,Phường Tân Đông Hiệp,Thi xã Dĩ An,Bình Dương,"692/4B, Đường Đông Thành, Phường Tân Đông Hiệp, Thi xã Dĩ An, Bình Dương","node:10.9230601,106.7686184",Nam,cu
way,582072503,"sn 20, tổ 13",Hẻm 640/20/12 Nguyễn Văn Cừ,Gia Thụy,Long Biên,Hà Nội,"sn 20, tổ 13, Hẻm 640/20/12 Nguyễn Văn Cừ, Gia Thụy, Long Biên, Hà Nội",way:83ee2e5d6876edd084dd346df4a0cfef8069356c15493a7fbd389ffbbbf8199b,Bac,cu
node,11968232201,25/60,Hẻm 25 Đường Nguyễn Bỉnh Khiêm,Phường Bến Nghé,Quận 1,Thành phố Hồ Chí Minh,"25/60, Hẻm 25 Đường Nguyễn Bỉnh Khiêm, Phường Bến Nghé, Quận 1, Thành phố Hồ Chí Minh","node:10.7875609,106.7044026",Nam,cu
way,695966191,2,Đường Độc Lập,Phường Quán Thánh,Quận Ba Đình,Hà Nội,"2, Đường Độc Lập, Phường Quán Thánh, Quận Ba Đình, Hà Nội",way:2a860b19a7398d636520a2b568a39167b0f25a14b7a092c3ee709e8b1206655a,Bac,cu
node,11571556924,51,Ngõ 3 Phạm Tuấn Tài,Phường Dịch Vọng Hậu,Quận Cầu Giấy,Hà Nội,"51, Ngõ 3 Phạm Tuấn Tài, Phường Dịch Vọng Hậu, Quận Cầu Giấy, Hà Nội","node:21.0438806,105.7847432",Bac,cu
way,1301591104,8,Ngách 28/2 Ông Ích Khiêm,Phường Điện Biên,Quận Ba Đình,Hà Nội,"8, Ngách 28/2 Ông Ích Khiêm, Phường Điện Biên, Quận Ba Đình, Hà Nội",way:6eda1a3b8dbad383dec2f9d3c02bb99aa40ed6752b09d1446dd03306620f0dd5,Bac,cu
node,8163615939,64,Ngõ 102 Trường Chinh,Phương Mai,Đống Đa,Hà Nội,"64, Ngõ 102 Trường Chinh, Phương Mai, Đống Đa, Hà Nội","node:21.0008391,105.8376456",Bac,cu
way,1242728673,21,Ngách 421/4 Hoàng Quốc Việt,Phường Cổ Nhuế 1,Quận Bắc Từ Liêm,Hà Nội,"21, Ngách 421/4 Hoàng Quốc Việt, Phường Cổ Nhuế 1, Quận Bắc Từ Liêm, Hà Nội",way:6f84bc369f0f64c66d6c6059c8a830a4b5dd92f5e6d9c520d97e10ff8e642cb8,Bac,cu
way,1255860818,8,Phố Hàng Cót,Phường Hàng Mã,Quận Hoàn Kiếm,Hà Nội,"8, Phố Hàng Cót, Phường Hàng Mã, Quận Hoàn Kiếm, Hà Nội",way:65a7983aa0cf8322b59b17f93de9a377d06deaff34f0f89af5db902536daca58,Bac,cu
way,397785964,459,Tôn Đức Thắng,Hoà Khánh Nam,Liên Chiểu,Đà Nẵng,"459, Tôn Đức Thắng, Hoà Khánh Nam, Liên Chiểu, Đà Nẵng",way:93bdb2bfde77ddfccbc4e39d246b019a90c5524c4228508fe4e326a722feab2a,Trung,cu
node,3051958634,3,Ngõ 107A Tôn Đức Thắng,Đống Đa,Hà Nội,Hà Nội,"3, Ngõ 107A Tôn Đức Thắng, Đống Đa, Hà Nội, Hà Nội","node:21.0239756,105.8327453",Bac,cu
way,1233984100,9,Phố Lê Phụng Hiểu,Tràng Tiền,Hoàn Kiếm,Hà Nội,"9, Phố Lê Phụng Hiểu, Tràng Tiền, Hoàn Kiếm, Hà Nội",way:05817f7db90dcdcb2eff7635c97095fa6215a866d6539b37dd25d4020c717678,Bac,cu
way,700145152,66,Phố Nguyễn Thái Học,Phường Điện Biên,Quận Ba Đình,Hà Nội,"66, Phố Nguyễn Thái Học, Phường Điện Biên, Quận Ba Đình, Hà Nội",way:f27cb2dabe8657436167bd0cfedfaaef0a1c08bc0bcac98cee3ad658e90c581c,Bac,cu
node,11601353645,40,Phố Bùi Thị Xuân,Nguyễn Du,Hai Bà Trưng,Hà Nội,"40, Phố Bùi Thị Xuân, Nguyễn Du, Hai Bà Trưng, Hà Nội","node:21.0163662,105.8496815",Bac,cu
way,1243464093,18,Phố Trần Quốc Hoàn,Phường Dịch Vọng Hậu,Quận Cầu Giấy,Hà Nội,"18, Phố Trần Quốc Hoàn, Phường Dịch Vọng Hậu, Quận Cầu Giấy, Hà Nội",way:6542e0b0549d227a67ed37642e254cede90d41d26234e8b17834f4b06a51f370,Bac,cu
way,1303292971,22,Ngõ 77 Lê Hồng Phong,Phường Điện Biên,Quận Ba Đình,Hà Nội,"22, Ngõ 77 Lê Hồng Phong, Phường Điện Biên, Quận Ba Đình, Hà Nội",way:019366965156eba2289431cc4ec39e7737fc3e642ee142d66c546661b72e57b4,Bac,cu
way,1035102509,280,Nguyễn Văn Tạo,Long Thới,Nhà Bè,Hồ Chí Minh,"280, Nguyễn Văn Tạo, Long Thới, Nhà Bè, Hồ Chí Minh",way:3e37a4375c03dac4fc5c7bad2c3d8f57ed2d77d0aad94705dab23998bfbd05a8,Nam,cu
way,570573493,100,Đường Hồ Tùng Mậu,Mai Dịch,Cầu Giấy,Hà Nội,"100, Đường Hồ Tùng Mậu, Mai Dịch, Cầu Giấy, Hà Nội",way:fcc099ba1f0b3ae5ac5e5c408ef6e62e47c66af6eac65a073513dd5e41a17049,Bac,cu
way,1243689778,8,Ngách 133/24 Nguyễn Phong Sắc,Phường Nghĩa Tân,Quận Cầu Giấy,Hà Nội,"8, Ngách 133/24 Nguyễn Phong Sắc, Phường Nghĩa Tân, Quận Cầu Giấy, Hà Nội",way:0e2c29e718dacd6675ac0192c50bc2b49bc4b8fac7716d50b2c5e5eed2a5faba,Bac,cu
way,1171507363,200,Đường Nguyễn Thị Nhung,Hiệp Bình Phước,Thành phố Thủ Đức,Thành phố Hồ Chí Minh,"200, Đường Nguyễn Thị Nhung, Hiệp Bình Phước, Thành phố Thủ Đức, Thành phố Hồ Chí Minh",way:3463da74eb73f300c5ddbccd9f42953ff9fefdb46bc200d9bef24eaa25f555d7,Nam,cu
way,1211613041,37,Ngách 643/9 Phạm Văn Đồng,Phường Cổ Nhuế 1,Quận Bắc Từ Liêm,Hà Nội,"37, Ngách 643/9 Phạm Văn Đồng, Phường Cổ Nhuế 1, Quận Bắc Từ Liêm, Hà Nội",way:e9a20ccf08927d6e289ee712fb2244dc4124abfda6c017801c75a517fab1033a,Bac,cu
way,605774020,10 Đ,Mai Chí Thọ,Thủ Thiêm,Quận 2,Thành phố Hồ Chí Minh,"10 Đ, Mai Chí Thọ, Thủ Thiêm, Quận 2, Thành phố Hồ Chí Minh",way:f4c8734c869d5e4cc24da66cd3baa491138d0c6943d9daf27e2b4e81fdfc25d6,Nam,cu
way,1164592872,568,Đường Thụy Khuê,Bưởi,Tây Hồ,Hà Nội,"568, Đường Thụy Khuê, Bưởi, Tây Hồ, Hà Nội",way:19c5951b7c0c721b69ea3bb4440203ea59be2ff735dc090f081379d67d83c687,Bac,cu
node,11372797007,SH12-26,San Hô 12,Đa Tốn,Gia Lâm,Hà Nội,"SH12-26, San Hô 12, Đa Tốn, Gia Lâm, Hà Nội","node:20.9920152,105.9462854",Bac,cu
node,11353528162,NT03-33,Ngọc Trai 3,Đa Tốn,Gia Lâm,Hà Nội,"NT03-33, Ngọc Trai 3, Đa Tốn, Gia Lâm, Hà Nội","node:20.9950291,105.9499024",Bac,cu
node,12188505577,42,Liên Ấn 2-6,Vĩnh Lộc A,Bình Chánh,Thành phố Hồ Chí Minh,"42, Liên Ấn 2-6, Vĩnh Lộc A, Bình Chánh, Thành phố Hồ Chí Minh","node:10.8203964,106.5433422",Nam,cu
way,581436754,122,Ngô Gia Tự,Đức Giang,Long Biên,Hà Nội,"122, Ngô Gia Tự, Đức Giang, Long Biên, Hà Nội",way:32536f08698e8571494cd04a2299e741ba51d40da3327f998de7e6b63add6b39,Bac,cu
node,12114066126,04,Đường Mỹ Phú 1B,Phường Tân Phú,Quận 7,Thành phố Hồ Chí Minh,"04, Đường Mỹ Phú 1B, Phường Tân Phú, Quận 7, Thành phố Hồ Chí Minh","node:10.7174108,106.7267568",Nam,cu
node,12091378684,55B,Phố Trần Phú,Phường Điện Biên,Quận Ba Đình,Hà Nội,"55B, Phố Trần Phú, Phường Điện Biên, Quận Ba Đình, Hà Nội","node:21.0312764,105.8366322",Bac,cu
way,848915398,1E,Đường Trường Chinh,Phương Liệt,Thanh Xuân,Hà Nội,"1E, Đường Trường Chinh, Phương Liệt, Thanh Xuân, Hà Nội",way:0f5a49e01b651f07ee3c2c522a784c8553d3abb5da6d365793bb9a694384bece,Bac,cu
node,11353528142,NT03-30,Ngọc Trai 3,Đa Tốn,Gia Lâm,Hà Nội,"NT03-30, Ngọc Trai 3, Đa Tốn, Gia Lâm, Hà Nội","node:20.9953592,105.9498971",Bac,cu
node,11263842280,179,Phố Xã Đàn,Nam Đồng,Đống Đa,Hà Nội,"179, Phố Xã Đàn, Nam Đồng, Đống Đa, Hà Nội","node:21.0151296,105.8329247",Bac,cu
way,1134518957,59,Phan Đình Phùng,4,Thành Phố Bến Tre,Bến Tre,"59, Phan Đình Phùng, 4, Thành Phố Bến Tre, Bến Tre",way:3b6e4d1827e64c617020ea28d3e366d33e9a4953fdac9e6c8d63a991802ef838,Nam,cu
way,1246072768,8,Ngõ 2 Đặng Thùy Trâm,Phường Cổ Nhuế 1,Quận Bắc Từ Liêm,Hà Nội,"8, Ngõ 2 Đặng Thùy Trâm, Phường Cổ Nhuế 1, Quận Bắc Từ Liêm, Hà Nội",way:d755e717827b5ef0cb46c40ddb61def7b492e84c7ba56b9b32c5021c67ded9e5,Bac,cu
way,1243088005,14,Ngách 2/7 Đặng Thùy Trâm,Phường Cổ Nhuế 1,Quận Bắc Từ Liêm,Hà Nội,"14, Ngách 2/7 Đặng Thùy Trâm, Phường Cổ Nhuế 1, Quận Bắc Từ Liêm, Hà Nội",way:808984780cf62853b632bf1f085955ef69b5cf46936dbb1d0c2798ce4bebbc7c,Bac,cu
way,1153472328,1,Đường Võ Văn Tần,Phường 6,Quận 3,Thành Phố Hồ Chí Minh,"1, Đường Võ Văn Tần, Phường 6, Quận 3, Thành Phố Hồ Chí Minh",way:611f85e93e70387e3622a4977da887b6002315e7eae0863b61c4542bd53a0a14,Nam,cu
node,12389716289,437,Đường Âu Cơ,Nhật Tân,Tây Hồ,Hà Nội,"437, Đường Âu Cơ, Nhật Tân, Tây Hồ, Hà Nội","node:21.0776970,105.8202739",Bac,cu
way,1243075277,1,Ngách 1/88 Phạm Tuấn Tài,Phường Dịch Vọng Hậu,Quận Cầu Giấy,Hà Nội,"1, Ngách 1/88 Phạm Tuấn Tài, Phường Dịch Vọng Hậu, Quận Cầu Giấy, Hà Nội",way:02c2b3437c2459fdfa1b931a1cb928a31c0fb6cce6f09e01791b45bd124750df,Bac,cu
way,854573873,94,Phan Đăng Lưu,Phường 5,Phú Nhuận,Hồ Chí Minh,"94, Phan Đăng Lưu, Phường 5, Phú Nhuận, Hồ Chí Minh",way:54c5101d93867ba1efb811bd511f23cb57f1f0cbe4c184806cbe639d8fa2e5a7,Nam,cu
node,3844123780,183A,Chùa Thông,Sơn Lộc,Sơn Tây,Hà Nội,"183A, Chùa Thông, Sơn Lộc, Sơn Tây, Hà Nội","node:21.1213151,105.4993490",Bac,cu
way,1301707654,32C,Phố Sơn Tây,Phường Điện Biên,Quận Ba Đình,Hà Nội,"32C, Phố Sơn Tây, Phường Điện Biên, Quận Ba Đình, Hà Nội",way:650e5f183869cdf37409d846d1126748191b44ad7c478e67cb9cf78b42c7f28f,Bac,cu
way,1243077148,48,Ngõ 1 Phạm Tuấn Tài,Phường Dịch Vọng Hậu,Quận Cầu Giấy,Hà Nội,"48, Ngõ 1 Phạm Tuấn Tài, Phường Dịch Vọng Hậu, Quận Cầu Giấy, Hà Nội",way:570bc47a843008a515c57130a241f30eb91631a817f6ce7b9dff6a3e4569a8fd,Bac,cu
node,12944060222,51,Đường Trần Hưng Đạo,Phường Đại Phúc,Thành phố Bắc Ninh,Bắc Ninh,"51, Đường Trần Hưng Đạo, Phường Đại Phúc, Thành phố Bắc Ninh, Bắc Ninh","node:21.1760675,106.0764462",Bac,cu
node,4201910743,Sô 77 / Ngõ 583,Vũ Tông Phan,Khương Đình,Thanh Xuân,Thủ đô Hà Nội,"Sô 77 / Ngõ 583, Vũ Tông Phan, Khương Đình, Thanh Xuân, Thủ đô Hà Nội","node:20.9841348,105.8159973",Bac,cu
way,1166029515,420,Đường Thụy Khuê,Phường Bưởi,Tây Hồ,Hà Nội,"420, Đường Thụy Khuê, Phường Bưởi, Tây Hồ, Hà Nội",way:c127b6f2c949ac4b92c960c319fafaa4c35c8ca34ac8cc598a6580b213ae92a5,Bac,cu
node,12420093014,219/23,Đường Số 5,Bình Hưng Hòa,Bình Tân,Hồ Chí Minh,"219/23, Đường Số 5, Bình Hưng Hòa, Bình Tân, Hồ Chí Minh","node:10.8069442,106.6053035",Nam,cu
node,3731314986,29 ngõ 355,Xuân Đỉnh,Phường Xuân Đỉnh,Bắc Từ Liêm,Hà Nội,"29 ngõ 355, Xuân Đỉnh, Phường Xuân Đỉnh, Bắc Từ Liêm, Hà Nội","node:21.0711467,105.7896390",Bac,cu
node,7055951552,45,"ngõ 335, nguyễn trãi",Thanh xuân Trung,Thanh Xuân,Hà Nội,"45, ngõ 335, nguyễn trãi, Thanh xuân Trung, Thanh Xuân, Hà Nội","node:20.9916998,105.8041807",Bac,cu
way,1036030814,4,Phạm Văn Chiêu,Phường 8,Gò Vấp,Hồ Chí Minh,"4, Phạm Văn Chiêu, Phường 8, Gò Vấp, Hồ Chí Minh",way:872a0798a0c2748e53cd0d7e16ab31d5328938a4e6d7ecbbcd7ac762acea1016,Nam,cu
node,6514917718,120,Lê Văn Thịnh,Bình Trưng Tây,2,Hồ Chí Minh,"120, Lê Văn Thịnh, Bình Trưng Tây, 2, Hồ Chí Minh","node:10.7836512,106.7690729",Nam,cu
way,1185863352,3,Phố Hoàng Tích Trí,Kim Liên,Đống Đa,Hà Nội,"3, Phố Hoàng Tích Trí, Kim Liên, Đống Đa, Hà Nội",way:546f0075782b9df4837f27c77ce7f40af60747d7c63361cd94e4e0fd59c9c0dc,Bac,cu
node,11697674105,322,Phố Huế,Phố Huế,Hai Bà Trưng,Hà Nội,"322, Phố Huế, Phố Huế, Hai Bà Trưng, Hà Nội","node:21.0103640,105.8514359",Bac,cu
node,12096628672,số 03,Phố Nguyễn Thị Định,Trung Hòa,Cầu Giấy,Hà Nội,"số 03, Phố Nguyễn Thị Định, Trung Hòa, Cầu Giấy, Hà Nội","node:21.0128547,105.8034410",Bac,cu
way,1243078552,22,Ngõ 1 Phạm Tuấn Tài,Phường Dịch Vọng Hậu,Quận Cầu Giấy,Hà Nội,"22, Ngõ 1 Phạm Tuấn Tài, Phường Dịch Vọng Hậu, Quận Cầu Giấy, Hà Nội",way:c8751a0c137b9b927303af4468d011e5fbb0216926500ae4429f273ffc912f8f,Bac,cu
way,698018237,3,Phố Chùa Một Cột,Phường Điện Biên,Quận Ba Đình,Hà Nội,"3, Phố Chùa Một Cột, Phường Điện Biên, Quận Ba Đình, Hà Nội",way:6e25771830278a4f772fba61bf86ff261c2ea7aa47c33d26fcf3b4b87c862b18,Bac,cu
node,11758839350,346,Hai Tháng Chín,Hòa Cường Bắc,Hải Châu,Đà Nẵng,"346, Hai Tháng Chín, Hòa Cường Bắc, Hải Châu, Đà Nẵng","node:16.0389193,108.2234461",Trung,cu
way,1258273555,1B,Phố Thái Phiên,Phố Huế,Hai Bà Trưng,Hà Nội,"1B, Phố Thái Phiên, Phố Huế, Hai Bà Trưng, Hà Nội",way:bcbb4fd807a361ebf6f7ad27616bda3f287dad6431ef89b6874ff6f7e275fb1b,Bac,cu
node,6397830946,259B,Hai Bà Trưng,Ward 6,District 3,Hồ Chí Minh City,"259B, Hai Bà Trưng, Ward 6, District 3, Hồ Chí Minh City","node:10.7873703,106.6923927",Nam,cu
way,958579321,48,Đường Ỷ Lan,Dương Xá,Gia Lâm,Hà Nội,"48, Đường Ỷ Lan, Dương Xá, Gia Lâm, Hà Nội",way:faed0ce583fdcc1465d00c4d9f6712c548bed1f7ac902aaa1fc2d6bcce3309e6,Bac,cu
way,1249565003,67,Phố Bùi Thị Xuân,Nguyễn Du,Hai Bà Trưng,Hà Nội,"67, Phố Bùi Thị Xuân, Nguyễn Du, Hai Bà Trưng, Hà Nội",way:1084ea36daeb48a7d70478c9ac4099bca9d717e0637cd36f2b8a662e3ec4f83c,Bac,cu
way,291965160,I2,Đường D1,Phường Tân Phú,Quận 9,Thành phố Hồ Chí Minh,"I2, Đường D1, Phường Tân Phú, Quận 9, Thành phố Hồ Chí Minh",way:10cbaa25d19b17f6abc0dcdef71b6d4dfd5eab02694368e41b505e17e223ad11,Nam,cu
way,703386693,7,Đường Nguyễn Trí Phương,Phường Điện Biên,Quận Ba Đình,Hà Nội,"7, Đường Nguyễn Trí Phương, Phường Điện Biên, Quận Ba Đình, Hà Nội",way:d167358cf112cd6753e06dd83a1adf30845b46a7b3f8f794de6f292d90fbb983,Bac,cu
node,5485791896,8,Phố Nguyễn Công Hoan,Giảng Võ,Quận Ba Đình,Hà Nội,"8, Phố Nguyễn Công Hoan, Giảng Võ, Quận Ba Đình, Hà Nội","node:21.0271780,105.8171936",Bac,cu
node,8823695658,18,Đường Hoàng Quốc Việt,Nghĩa Đô,Cầu Giấy,Hà Nội,"18, Đường Hoàng Quốc Việt, Nghĩa Đô, Cầu Giấy, Hà Nội","node:21.0481520,105.8011776",Bac,cu
node,12108221587,16,Đường Nội Khu 02,Phường Tân Phú,Quận 7,Thành phố Hồ Chí Minh,"16, Đường Nội Khu 02, Phường Tân Phú, Quận 7, Thành phố Hồ Chí Minh","node:10.7199744,106.7284730",Nam,cu
way,504157831,1,Đường số 4,Tân Túc,Bình Chánh,Hồ Chí Minh,"1, Đường số 4, Tân Túc, Bình Chánh, Hồ Chí Minh",way:aa3579d320f07b63eba6a5e528662963055c8781b470b035ddddde9c66d07ad4,Nam,cu
node,6639129715,55,Ngõ 16 Hoàng Cầu,Phường Ô Chợ Dừa,Quận Đống Đa,Tp Hà Nội,"55, Ngõ 16 Hoàng Cầu, Phường Ô Chợ Dừa, Quận Đống Đa, Tp Hà Nội","node:21.0207962,105.8239402",Bac,cu
way,1164597717,518,Đường Thụy Khuê,Bưởi,Tây Hồ,Hà Nội,"518, Đường Thụy Khuê, Bưởi, Tây Hồ, Hà Nội",way:2869624fd9e642e331c0e0e052c598db03b2fccc414cde1f28a0a79285900e3d,Bac,cu
way,1239043543,59,Phố Tuệ Tĩnh,Nguyễn Du,Hai Bà Trưng,Hà Nội,"59, Phố Tuệ Tĩnh, Nguyễn Du, Hai Bà Trưng, Hà Nội",way:6be761a8c9384c12c4cd4c78648c1f51597130eba5a223d5f681785880a64f85,Bac,cu
node,11350814193,NT17-24,Ngọc Trai 17,Đa Tốn,Gia Lâm,Hà Nội,"NT17-24, Ngọc Trai 17, Đa Tốn, Gia Lâm, Hà Nội","node:20.9990916,105.9459471",Bac,cu
way,888643947,33,Phố Mạc Thái Tổ,Yên Hòa,Cầu Giấy,Hà Nội,"33, Phố Mạc Thái Tổ, Yên Hòa, Cầu Giấy, Hà Nội",way:e17a6cbc0edf8d758600a3618f0ef72f8456121ce2ce78c18c43346099daafb2,Bac,cu
way,1223678242,NT12-08,Ngọc Trai 12,Đa Tốn,Gia Lâm,Hà Nội,"NT12-08, Ngọc Trai 12, Đa Tốn, Gia Lâm, Hà Nội",way:0a4640a413dd4f9e4851b32343ff39b88a509ecf2c1c62f84c8d0a8d903bc7b6,Bac,cu
node,12093851035,68,Đường Số 23,Tân Phú,Quận 7,Thành phố Hồ Chí Minh,"68, Đường Số 23, Tân Phú, Quận 7, Thành phố Hồ Chí Minh","node:10.7148228,106.7295334",Nam,cu
way,1042578069,43-45,Lê Văn Thiêm,Tân Phong,Quận 7,Hồ Chí Minh,"43-45, Lê Văn Thiêm, Tân Phong, Quận 7, Hồ Chí Minh",way:d899a540f5f2babb0d651b7acd24b838596bd647ba7ceba6e39dc44633400e60,Nam,cu
node,6682554071,20,Ngõ 211 Xã Đàn,Nam Đồng,Đống Đa,Hà Nội,"20, Ngõ 211 Xã Đàn, Nam Đồng, Đống Đa, Hà Nội","node:21.0154980,105.8319741",Bac,cu
way,1219936091,104 A3,Ngách 111 Ngõ Xã Đàn 2,Nam Đồng,Đống Đa,Hà Nội,"104 A3, Ngách 111 Ngõ Xã Đàn 2, Nam Đồng, Đống Đa, Hà Nội",way:b9d869c0d04e3979f8a159ca89f4749f5b1544c1ede2d516d1896171b7275e1b,Bac,cu
way,549509804,3,DN6,Tân Hưng Thuận,12,Hồ Chí Minh,"3, DN6, Tân Hưng Thuận, 12, Hồ Chí Minh",way:8f4ab279ec44f740805eadc30e518c1fcafa0ae18811df620e62775aef056480,Nam,cu
way,904135114,28,Phố Phan Bội Châu,Cửa Nam,Hoàn Kiếm,Hà Nội,"28, Phố Phan Bội Châu, Cửa Nam, Hoàn Kiếm, Hà Nội",way:ed2f27122dc1442d8ecada3a115f22f283c2e6d8329805231b6865a727a052b6,Bac,cu
way,369668989,870,Trường Sa,Phường 14,Quận 3,Hồ Chí Minh,"870, Trường Sa, Phường 14, Quận 3, Hồ Chí Minh",way:8dedff3b753dde0ebd57894d5178590e1485d5f942699bfd9c2b0ea9cd04c8bd,Nam,cu
node,12109870283,02,Đường Nội Khu 04,Phường Tân Phú,Quận 7,Thành phố Hồ Chí Minh,"02, Đường Nội Khu 04, Phường Tân Phú, Quận 7, Thành phố Hồ Chí Minh","node:10.7207225,106.7289898",Nam,cu
node,10229741470,204,Đường Hòa Bình,Hiệp Tân,Tân Phú,Hồ Chí Minh,"204, Đường Hòa Bình, Hiệp Tân, Tân Phú, Hồ Chí Minh","node:10.7711740,106.6299894",Bac,cu
way,1188652051,85,Đường Nguyễn Trãi,Phường Máy Tơ,Quận Ngô Quyền,Thành phố Hải Phòng,"85, Đường Nguyễn Trãi, Phường Máy Tơ, Quận Ngô Quyền, Thành phố Hải Phòng",way:aedaf6974aec024ce5339ec47d02fe36fda139014ae7dfabca4b0ad680c4d6d8,Bac,cu
way,508741159,504/58C,Đường Kinh Dương Vương,An Lạc A,Bình Tân,Hồ Chí Minh,"504/58C, Đường Kinh Dương Vương, An Lạc A, Bình Tân, Hồ Chí Minh",way:04e50c91d554dcc45264a3c39aee05b1d9dbebf9b22583e06db792093f0bfcc0,Nam,cu
node,12105870159,108,Phố Huế,Nguyễn Du,Hai Bà Trưng,Hà Nội,"108, Phố Huế, Nguyễn Du, Hai Bà Trưng, Hà Nội","node:21.0164233,105.8512167",Bac,cu
node,12109870280,08,Đường Nội Khu 04,Phường Tân Phú,Quận 7,Thành phố Hồ Chí Minh,"08, Đường Nội Khu 04, Phường Tân Phú, Quận 7, Thành phố Hồ Chí Minh","node:10.7204738,106.7285787",Nam,cu
node,7597735069,126,Phan Đình Phùng,Phường 2,Phú Nhuận,Sài Gòn,"126, Phan Đình Phùng, Phường 2, Phú Nhuận, Sài Gòn","node:10.7947180,106.6834838",Nam,cu
way,581436813,8,Ngách 4/5 Ô Cách,Đức Giang,Long Biên,Hà Nội,"8, Ngách 4/5 Ô Cách, Đức Giang, Long Biên, Hà Nội",way:892db6bc5a08d66adf7484b2f68b159b8f50de87f22b74344ebb0341d787e2cb,Bac,cu
node,12906288575,204,Đường Nguyễn Gia Thiều,Phường Tiền Ninh Vệ,Thành phố Bắc Ninh,Bắc Ninh,"204, Đường Nguyễn Gia Thiều, Phường Tiền Ninh Vệ, Thành phố Bắc Ninh, Bắc Ninh","node:21.1827229,106.0679964",Bac,cu
way,960099353,128,Đường Võ Chí Công,"Xuân La, tây Hồ, Hà Nội",Tây Hồ,Hà Nội,"128, Đường Võ Chí Công, Xuân La, tây Hồ, Hà Nội, Tây Hồ, Hà Nội",way:6d221181b9cc37f59d18cae23045e2bed25b795b7a8b368123d466691770f4a3,Bac,cu
way,1215063368,23,Đường Nguyễn Khang,Trung Hòa,Cầu Giấy,Hà Nội,"23, Đường Nguyễn Khang, Trung Hòa, Cầu Giấy, Hà Nội",way:f1f39be9f70c2d95b672c369f1303385ae3627ed6336437cf2e11ae81a2a7543,Bac,cu
node,7265347998,1083,Đường Ngô Quyền,An Hải Đông,Sơn Trà,Đà Nẵng,"1083, Đường Ngô Quyền, An Hải Đông, Sơn Trà, Đà Nẵng","node:16.0574473,108.2357980",Trung,cu
way,1304775421,31,Đường Hùng Vương,Phường Điện Biên,Quận Ba Đình,Hà Nội,"31, Đường Hùng Vương, Phường Điện Biên, Quận Ba Đình, Hà Nội",way:7c214ca5b8daff538953c596048ecd5757af54b0bb08eb7fe2f3b1a8fb543784,Bac,cu
node,11550598107,511,Tỉnh Lộ 10,Phường An Lạc A,Quận Bình Tân,Thành phố Hồ Chí Minh,"511, Tỉnh Lộ 10, Phường An Lạc A, Quận Bình Tân, Thành phố Hồ Chí Minh","node:10.7574936,106.6187015",Nam,cu
node,11290667666,17,Ngõ 211 Xã Đàn,Nam Đồng,Đống Đa,Hà Nội,"17, Ngõ 211 Xã Đàn, Nam Đồng, Đống Đa, Hà Nội","node:21.0156643,105.8320814",Bac,cu
node,9848212249,279,Trần Phú - Bến Cam,Phước Thiền,Nhơn Trạch,Đồng Nai,"279, Trần Phú - Bến Cam, Phước Thiền, Nhơn Trạch, Đồng Nai","node:10.7490239,106.9242045",Nam,cu
node,12523022626,269,Đường Nguyễn Công Hãng,Phường Kinh Bắc,Thành phố Bắc Ninh,Bắc Ninh,"269, Đường Nguyễn Công Hãng, Phường Kinh Bắc, Thành phố Bắc Ninh, Bắc Ninh","node:21.1850785,106.0669111",Bac,cu
way,684969245,97,Phan Đình Phùng,Tân An,Ninh Kiều,Cần Thơ,"97, Phan Đình Phùng, Tân An, Ninh Kiều, Cần Thơ",way:5348c3796f6cae258a1c17c99794be965053f2052d9460cd67571238466a0522,Nam,cu
way,1219726043,101B,Ngõ Xã Đàn 2,Nam Đồng,Đống Đa,Hà Nội,"101B, Ngõ Xã Đàn 2, Nam Đồng, Đống Đa, Hà Nội",way:9a7bf067e330d6074b689edb6bd98136b451f3594417ead7d344f66bf9c01750,Bac,cu
way,1197730144,36,Phố Cát Linh,Cát Linh,Đống Đa,Hà Nội,"36, Phố Cát Linh, Cát Linh, Đống Đa, Hà Nội",way:0f332d994a0646a8dcff9314eb69c983d37736196fac89895b8d123e8ce90d7b,Bac,cu
way,516774772,111,Dương Thị Mười,Tân Chánh Hiệp,12,Hồ Chí Minh,"111, Dương Thị Mười, Tân Chánh Hiệp, 12, Hồ Chí Minh",way:40faaa42c03132ed29f1ede9eb79dc44fadc7cb26798041ceee6e2184f2e4f54,Nam,cu
way,1114717074,7,Phố Bà Huyện Thanh Quan,Phường Điện Biên,Quận Ba Đình,Hà Nội,"7, Phố Bà Huyện Thanh Quan, Phường Điện Biên, Quận Ba Đình, Hà Nội",way:ab8189d6303acda3d136d51160f4e6d6713c1ee669d7f0a826947ae31f4dacdb,Bac,cu
way,977795569,431,Đường Tam Trinh,Hoàng Văn Thụ,Hoàng Mai,Hà Nội,"431, Đường Tam Trinh, Hoàng Văn Thụ, Hoàng Mai, Hà Nội",way:381357ea96f5b1144ce31e31a344620f2a1c78f6997a9a828e43865073df5943,Bac,cu
way,1235442359,112D,Phố Mai Hắc Đế,Nguyễn Du,Hai Bà Trưng,Hà Nội,"112D, Phố Mai Hắc Đế, Nguyễn Du, Hai Bà Trưng, Hà Nội",way:f3c010da7185da06cb8931c799e3330c6b7c414c13a9dbaf26721fb9f58a7447,Bac,cu
node,6543876441,62,Hai Bà Trưng,Tân An,Ninh Kiều,Cần Thơ,"62, Hai Bà Trưng, Tân An, Ninh Kiều, Cần Thơ","node:10.0335311,105.7882084",Nam,cu
way,941450645,1,Ngõ 108 - Bùi Xương Trạch,Khương Đình,Thanh Xuân,Hà Nội,"1, Ngõ 108 - Bùi Xương Trạch, Khương Đình, Thanh Xuân, Hà Nội",way:434ba1a5982d2f389347ba4cf5997c7a8a0534dc5f9fbb38fabc6f929f57ecfc,Bac,cu
node,12250687111,123,Đoàn Nguyễn Tuấn,Tân Quý Tây,Bình Chánh,Thành phố Hồ Chí Minh,"123, Đoàn Nguyễn Tuấn, Tân Quý Tây, Bình Chánh, Thành phố Hồ Chí Minh","node:10.6672518,106.5916226",Nam,cu
way,1342039811,163,Lương Định Của,Phường Đông Hòa,Thành phố Dĩ An,Dĩ An - Bình Dương,"163, Lương Định Của, Phường Đông Hòa, Thành phố Dĩ An, Dĩ An - Bình Dương",way:bfc5ebf430a3dafef6ef454bdfb376348a5cc23627ead9be3feecff3f24117d2,Nam,cu
way,509172794,145,Đường Độc Lập,Tân Thành,Tân Phú,Hồ Chí Minh,"145, Đường Độc Lập, Tân Thành, Tân Phú, Hồ Chí Minh",way:0b72cdda2dbcc4ee24f61772b63731638edde1defe342340f21e2819cb002299,Nam,cu
way,1243077137,8,Ngách 1/48 Phạm Tuấn Tài,Phường Dịch Vọng Hậu,Quận Cầu Giấy,Hà Nội,"8, Ngách 1/48 Phạm Tuấn Tài, Phường Dịch Vọng Hậu, Quận Cầu Giấy, Hà Nội",way:436b093205aff43a8ece01f7083a632f014e7e9a1e19240b16d029e9f2d2ff81,Bac,cu
way,1243464073,8,Ngõ 2 Phạm Tuấn Tài,Phường Dịch Vọng Hậu,Quận Cầu Giấy,Hà Nội,"8, Ngõ 2 Phạm Tuấn Tài, Phường Dịch Vọng Hậu, Quận Cầu Giấy, Hà Nội",way:8ceeccfbf165f816b75ab6f50d885a5f507128ff0bf857474cedc622fb784b74,Bac,cu
way,863793801,50A,Phố Bà Triệu,Hàng Bài,Hoàn Kiếm,Hà Nội,"50A, Phố Bà Triệu, Hàng Bài, Hoàn Kiếm, Hà Nội",way:806a1f19bce801deae62308553104418942354ac54d4cd9daa4c66e686f75d22,Bac,cu
node,11372798686,SH09-15,San Hô 9,Đa Tốn,Gia Lâm,Hà Nội,"SH09-15, San Hô 9, Đa Tốn, Gia Lâm, Hà Nội","node:20.9916000,105.9477995",Bac,cu
way,1348010212,112,Phố Lý Chiêu Hoàng,Phường Suối Hoa,Thành phố Bắc Ninh,Bắc Ninh,"112, Phố Lý Chiêu Hoàng, Phường Suối Hoa, Thành phố Bắc Ninh, Bắc Ninh",way:4336dee8459d3d94454b330c8bb7894227e155067902b129255e973ec30a4ac3,Bac,cu
way,1303292972,24,Ngõ 77 Lê Hồng Phong,Phường Điện Biên,Quận Ba Đình,Hà Nội,"24, Ngõ 77 Lê Hồng Phong, Phường Điện Biên, Quận Ba Đình, Hà Nội",way:a18deb0db1369afc251c3a568e60e0ea602d7e52312be9808d4b9aef14e3a0cd,Bac,cu
way,1110283234,33,Đường số 4A,Phong Phú,Bình Chánh,Hồ Chí Minh,"33, Đường số 4A, Phong Phú, Bình Chánh, Hồ Chí Minh",way:c327672f83eca424b913d22c71c80d47eeaf21ca4b9b329ded5fbb6a2764aaa3,Nam,cu
node,11722296604,24,Đường Tuệ Tĩnh,Nam Thành,Thành phố Ninh Bình,Ninh Bình,"24, Đường Tuệ Tĩnh, Nam Thành, Thành phố Ninh Bình, Ninh Bình","node:20.2451689,105.9694694",Bac,cu
way,961616523,1,Đường số 33,Bình Trị Đông B,Bình Tân,Hồ Chí Minh,"1, Đường số 33, Bình Trị Đông B, Bình Tân, Hồ Chí Minh",way:1a5ec444ab153781f985aa00e5d0a01240652fd24b27469d8f94c7ecb237e8d3,Nam,cu
node,12956796198,4,Ngõ 282 Đường Nguyễn Văn Cừ,Phường Võ Cường,Thành phố Bắc Ninh,Bắc Ninh,"4, Ngõ 282 Đường Nguyễn Văn Cừ, Phường Võ Cường, Thành phố Bắc Ninh, Bắc Ninh","node:21.1716506,106.0504078",Bac,cu
way,309723868,7,Phố Đinh Tiên Hoàng,Phường Hàng Trống,Quận Hoàn Kiếm,Hà Nội,"7, Phố Đinh Tiên Hoàng, Phường Hàng Trống, Quận Hoàn Kiếm, Hà Nội",way:da984dd50ba5e022a51f401faaa6b992418091f74b5c8536128cb8312f5b43cb,Bac,cu
node,11353539598,NT03-45,Ngọc Trai 3,Đa Tốn,Gia Lâm,Hà Nội,"NT03-45, Ngọc Trai 3, Đa Tốn, Gia Lâm, Hà Nội","node:20.9946540,105.9493681",Bac,cu
node,11372798684,SH09-09,San Hô 9,Đa Tốn,Gia Lâm,Hà Nội,"SH09-09, San Hô 9, Đa Tốn, Gia Lâm, Hà Nội","node:20.9917204,105.9478723",Bac,cu
way,1236943083,127A,Phố Bùi Thị Xuân,Nguyễn Du,Hai Bà Trưng,Hà Nội,"127A, Phố Bùi Thị Xuân, Nguyễn Du, Hai Bà Trưng, Hà Nội",way:703b0cfe4796ab35cc286b640ac81495693916e91df5e320c3732060e05d7436,Bac,cu
way,392709330,413,Đường Giải Phóng,phương liệt,Hai Bà Trưng,Hà Nội,"413, Đường Giải Phóng, phương liệt, Hai Bà Trưng, Hà Nội",way:e9542a919e5114a3ae9fa88fea047eaf63500e771af964cc33a6dcce2bfea959,Bac,cu
way,583612363,48,Ngõ 85 Sài Đồng,Sài Đồng,Long Biên,Hà Nội,"48, Ngõ 85 Sài Đồng, Sài Đồng, Long Biên, Hà Nội",way:794eb032b13bbf242303186f515e9426f7f47b12962b3883cbc24e081433486d,Bac,cu
node,11372720529,SH15-10,San Hô 15,Đa Tốn,Gia Lâm,Hà Nội,"SH15-10, San Hô 15, Đa Tốn, Gia Lâm, Hà Nội","node:20.9926921,105.9462274",Bac,cu
way,1242737525,10,Ngõ 33 Phạm Tuấn Tài,Phường Dịch Vọng Hậu,Quận Cầu Giấy,Hà Nội,"10, Ngõ 33 Phạm Tuấn Tài, Phường Dịch Vọng Hậu, Quận Cầu Giấy, Hà Nội",way:21cc8af9b458f2329b7969f0fd7b02a2d67e7de5a2d399b434366ca40212497f,Bac,cu
node,12959529628,21,Đường Đấu Mã,Phường Thị Cầu,Thành phố Bắc Ninh,Bắc Ninh,"21, Đường Đấu Mã, Phường Thị Cầu, Thành phố Bắc Ninh, Bắc Ninh","node:21.1926055,106.0870936",Bac,cu
way,1243088011,7,Ngách 2/21 Đặng Thùy Trâm,Phường Cổ Nhuế 1,Quận Bắc Từ Liêm,Hà Nội,"7, Ngách 2/21 Đặng Thùy Trâm, Phường Cổ Nhuế 1, Quận Bắc Từ Liêm, Hà Nội",way:490135415056b7e5c0b9beb0cd98d07548cae31426a9aed0bebbbb5907222cdb,Bac,cu
way,1307277939,104B,Phố Huế,Nguyễn Du,Hai Bà Trưng,Hà Nội,"104B, Phố Huế, Nguyễn Du, Hai Bà Trưng, Hà Nội",way:2b281e1e61cf64d9314299d08362668a7a32e6a88007a5cd397a1897f769d267,Bac,cu
way,1351852257,431,Đường Nguyễn Văn Cừ,Phường Võ Cường,Thành phố Bắc Ninh,Bắc Ninh,"431, Đường Nguyễn Văn Cừ, Phường Võ Cường, Thành phố Bắc Ninh, Bắc Ninh",way:96583c604a0c8a423ef9a79db5a0aaf69176c329b50d7da9472f1be25b744bbc,Bac,cu
node,12944455858,187,Đường Trần Hưng Đạo,Phường Tiền Ninh Vệ,Thành phố Bắc Ninh,Bắc Ninh,"187, Đường Trần Hưng Đạo, Phường Tiền Ninh Vệ, Thành phố Bắc Ninh, Bắc Ninh","node:21.1799653,106.0669282",Bac,cu
node,12956796275,30,Phố Nguyễn Nhân Bỉ,Phường Thị Cầu,Thành phố Bắc Ninh,Bắc Ninh,"30, Phố Nguyễn Nhân Bỉ, Phường Thị Cầu, Thành phố Bắc Ninh, Bắc Ninh","node:21.1936483,106.0942497",Bac,cu
node,5485657726,122,Phố Linh Lang,Cống Vị,Quận Ba Đình,Hà Nội,"122, Phố Linh Lang, Cống Vị, Quận Ba Đình, Hà Nội","node:21.0327287,105.8095646",Bac,cu
node,11556689533,12,Phố Phạm Tuấn Tài,Phường Dịch Vọng Hậu,Quận Cầu Giấy,Hà Nội,"12, Phố Phạm Tuấn Tài, Phường Dịch Vọng Hậu, Quận Cầu Giấy, Hà Nội","node:21.0423756,105.7863191",Bac,cu
way,895806282,D11,Phố Trần Thái Tông,Dịch Vọng Hậu,Cầu Giấy,Hà Nội,"D11, Phố Trần Thái Tông, Dịch Vọng Hậu, Cầu Giấy, Hà Nội",way:6d7994d75eca2ed00b9d0731d7c4b078f3cd90b03a3c2374b264a0f9b61c0ff5,Bac,cu
node,11372798729,SH05-24,San Hô 5,Đa Tốn,Gia Lâm,Hà Nội,"SH05-24, San Hô 5, Đa Tốn, Gia Lâm, Hà Nội","node:20.9908170,105.9483980",Bac,cu
node,12960857532,29,Đường Huyền Quang,Phường Tiền Ninh Vệ,Thành phố Bắc Ninh,Bắc Ninh,"29, Đường Huyền Quang, Phường Tiền Ninh Vệ, Thành phố Bắc Ninh, Bắc Ninh","node:21.1786732,106.0614049",Bac,cu
way,1249181212,98,Phố Triệu Việt Vương,Nguyễn Du,Hai Bà Trưng,Hà Nội,"98, Phố Triệu Việt Vương, Nguyễn Du, Hai Bà Trưng, Hà Nội",way:ed79838198276f1a6bed656fd09babcf65cb2aa2dd4f30683080bffd03a54608,Bac,cu
way,1210204562,17,Ngách 643/9/28 Phạm Văn Đồng,Phường Cổ Nhuế 1,Quận Bắc Từ Liêm,Hà Nội,"17, Ngách 643/9/28 Phạm Văn Đồng, Phường Cổ Nhuế 1, Quận Bắc Từ Liêm, Hà Nội",way:7b88288aa64e59339ad0bce420f9172537d40d5b519fd35e65d836dbdb6bddfe,Bac,cu
way,1242845672,98,Ngõ 1 Phạm Tuấn Tài,Phường Dịch Vọng Hậu,Quận Cầu Giấy,Hà Nội,"98, Ngõ 1 Phạm Tuấn Tài, Phường Dịch Vọng Hậu, Quận Cầu Giấy, Hà Nội",way:844908ca356d4e890e62fa36775783730e0128305c324eec76c5bbf4f0e9c881,Bac,cu
way,1254312244,61,Đường Xuân Thủy,Phường Dịch Vọng Hậu,Quận Cầu Giấy,Hà Nội,"61, Đường Xuân Thủy, Phường Dịch Vọng Hậu, Quận Cầu Giấy, Hà Nội",way:cf1f2202689da6e8ae1ff6405593185a5ea7948a8b16a73c0a5fd369761196ad,Bac,cu
node,12108828835,05,Đường Nội Khu 02,Phường Tân Phú,Quận 7,Thành phố Hồ Chí Minh,"05, Đường Nội Khu 02, Phường Tân Phú, Quận 7, Thành phố Hồ Chí Minh","node:10.7201230,106.7289901",Nam,cu
way,583118587,14,422/11,đức giang,Long biên,Hà Nội,"14, 422/11, đức giang, Long biên, Hà Nội",way:a0d313aa152dc907b7849ccb0dff15cc521a69c50b69bdd3170fc9bebef2150c,Bac,cu
node,12902508325,798,Đường Đấu Mã,Phường Đại Phúc,Thành phố Bắc Ninh,Bắc Ninh,"798, Đường Đấu Mã, Phường Đại Phúc, Thành phố Bắc Ninh, Bắc Ninh","node:21.1778531,106.0807358",Bac,cu
way,1238606720,16,Phố Tô Hiến Thành,Nguyễn Du,Hai Bà Trưng,Hà Nội,"16, Phố Tô Hiến Thành, Nguyễn Du, Hai Bà Trưng, Hà Nội",way:9da58c71362f9821ca83ebd7b7690e2975fc04d56ce261cdcbf3c71b8ca5dff3,Bac,cu
node,12404899418,16,Ngõ 22 Phố Tôn Thất Thuyết,Phường Phương Liễu,Thị xã Quế Võ,Bắc Ninh,"16, Ngõ 22 Phố Tôn Thất Thuyết, Phường Phương Liễu, Thị xã Quế Võ, Bắc Ninh","node:21.1647072,106.1349363",Bac,cu
node,9584173118,48,Đường Lý Anh Tông,Phường Võ Cường,Thành phố Bắc Ninh,Bắc Ninh,"48, Đường Lý Anh Tông, Phường Võ Cường, Thành phố Bắc Ninh, Bắc Ninh","node:21.1691673,106.0542228",Bac,cu
node,6417997442,16Bis,Đồng Khởi,Tân An,Ninh Kiều,Cần Thơ,"16Bis, Đồng Khởi, Tân An, Ninh Kiều, Cần Thơ","node:10.0314513,105.7846795",Nam,cu
way,582105473,172,Ngô Gia Tự,Đức Giang,Long Biên,Hà Nội,"172, Ngô Gia Tự, Đức Giang, Long Biên, Hà Nội",way:07b7e42a36fc0803b0a695393adb4a26f82c417c6cdee4328adba3e3507e03ff,Bac,cu
node,7055951553,522,Đường Nguyễn Trãi,Thanh xuân Trung,Thanh Xuân,Hà Nội,"522, Đường Nguyễn Trãi, Thanh xuân Trung, Thanh Xuân, Hà Nội","node:20.9922582,105.8035527",Bac,cu
way,1242956599,8,Ngách 1/52 Phạm Tuấn Tài,Phường Dịch Vọng Hậu,Quận Cầu Giấy,Hà Nội,"8, Ngách 1/52 Phạm Tuấn Tài, Phường Dịch Vọng Hậu, Quận Cầu Giấy, Hà Nội",way:9460a7864d543124508fd631460df5784c4abaf13a0c98d31a7547219752029c,Bac,cu
node,12104684986,118,Phố Huế,Nguyễn Du,Hai Bà Trưng,Hà Nội,"118, Phố Huế, Nguyễn Du, Hai Bà Trưng, Hà Nội","node:21.0161197,105.8512368",Bac,cu
node,11353528119,NT05-25,Ngọc Trai 5,Đa Tốn,Gia Lâm,Hà Nội,"NT05-25, Ngọc Trai 5, Đa Tốn, Gia Lâm, Hà Nội","node:20.9956051,105.9499280",Bac,cu
node,12570522863,85c,Tran Bach Dang,Bắc Mỹ Phú,Ngũ Hành Sơn,Đà Nẵng,"85c, Tran Bach Dang, Bắc Mỹ Phú, Ngũ Hành Sơn, Đà Nẵng","node:16.0502900,108.2475067",Trung,cu
way,136256050,173C,Đường Trường Chinh,Khương Mai,Thanh Xuân,Hà Nội,"173C, Đường Trường Chinh, Khương Mai, Thanh Xuân, Hà Nội",way:aeb415c8489d7abc217e4b435c7b60ed0910503402b9a66d06b299da6c62973a,Bac,cu
node,12797172232,123,Đường Trương Định,Phường Phượng Mao,Thị xã Quế Võ,Bắc Ninh,"123, Đường Trương Định, Phường Phượng Mao, Thị xã Quế Võ, Bắc Ninh","node:21.1604441,106.1463428",Bac,cu
way,712570087,139,Đường Phan Huy Ích,Phường 15,Tân Bình,Hồ Chí Minh,"139, Đường Phan Huy Ích, Phường 15, Tân Bình, Hồ Chí Minh",way:d268ac23bdb848a37eb1e590bb51700b50553446ccd789df95e6d544efe13485,Nam,cu
node,12108828829,32,Đường Số 19,Phường Tân Phú,Quận 7,Thành phố Hồ Chí Minh,"32, Đường Số 19, Phường Tân Phú, Quận 7, Thành phố Hồ Chí Minh","node:10.7200440,106.7294085",Nam,cu
node,12553764150,94,Phố Lương Định Của,Phường Phương Liễu,Thị xã Quế Võ,Bắc Ninh,"94, Phố Lương Định Của, Phường Phương Liễu, Thị xã Quế Võ, Bắc Ninh","node:21.1650856,106.1443704",Bac,cu
node,11350814212,NT16-26,Ngọc Trai 16,Đa Tốn,Gia Lâm,Hà Nội,"NT16-26, Ngọc Trai 16, Đa Tốn, Gia Lâm, Hà Nội","node:20.9986867,105.9461414",Bac,cu
node,7864288595,20,Duong So 6,Phường 6,"Thành Phố Tân An, Tỉnh Long An","Lợi Bình Nhơn, Tân An, Vietnam","20, Duong So 6, Phường 6, Thành Phố Tân An, Tỉnh Long An, Lợi Bình Nhơn, Tân An, Vietnam","node:10.5471454,106.3618948",Nam,cu
node,12228082198,68b/1,Đường Cách Mạng Tháng Tám,An Thạnh,Thuận An,Bình Dương,"68b/1, Đường Cách Mạng Tháng Tám, An Thạnh, Thuận An, Bình Dương","node:10.9482242,106.6859149",Nam,cu
node,7917702789,"SN22, LK3",Phố Phúc La,Phúc La,Hà Đông,Hà Nội,"SN22, LK3, Phố Phúc La, Phúc La, Hà Đông, Hà Nội","node:20.9632675,105.7936346",Bac,cu
way,863234972,115,Phố Trần Hưng Đạo,Cửa Nam,Hoàn Kiếm,Hà Nội,"115, Phố Trần Hưng Đạo, Cửa Nam, Hoàn Kiếm, Hà Nội",way:62825aec93af842f47cd8e45104ca84afbbe5f7edbdd797b366e8d9b192eefb0,Bac,cu
way,1249564982,60,Phố Triệu Việt Vương,Nguyễn Du,Hai Bà Trưng,Hà Nội,"60, Phố Triệu Việt Vương, Nguyễn Du, Hai Bà Trưng, Hà Nội",way:e604f967fd71d5c8ba2e7ccdf109afc430e50aea1ba75b4146b029ba3231e664,Bac,cu
way,1328262577,182,Phố Hà Liễu,Phường Phương Liễu,Thị xã Quế Võ,Bắc Ninh,"182, Phố Hà Liễu, Phường Phương Liễu, Thị xã Quế Võ, Bắc Ninh",way:cb451d4353f26050dfd5746995f34f6d242db1b4e7c419f69c4bdd03d4dfafb6,Bac,cu
way,1243461463,16,Phố Phạm Tuấn Tài,Phường Dịch Vọng Hậu,Quận Cầu Giấy,Hà Nội,"16, Phố Phạm Tuấn Tài, Phường Dịch Vọng Hậu, Quận Cầu Giấy, Hà Nội",way:c5c523dd92896ba2c064f25d154cae09a018eb3802c25433aaa0dcae7fa8c40c,Bac,cu
way,1210228263,158,Ngõ Xã Đàn 2,Nam Đồng,Đống Đa,Hà Nội,"158, Ngõ Xã Đàn 2, Nam Đồng, Đống Đa, Hà Nội",way:ae9bf649d6ba3612fa183025d4eebbf85f203b22ba5944702838643505b46a5d,Bac,cu
way,829116654,"Cổng C, Khu 2",3 Tháng 2,Xuân Khánh,Ninh Kiều,Cần Thơ,"Cổng C, Khu 2, 3 Tháng 2, Xuân Khánh, Ninh Kiều, Cần Thơ",way:a71ed4c03a6fbd87eec80b69b7e3d4c0025053c637f29d032079466a2d30fc15,Nam,cu
way,1046497646,33-35,"ngách 622/14, ngõ 622, phố Minh Khai",Vĩnh Tuy,Quận Hai Bà Trưng,Hà Nội,"33-35, ngách 622/14, ngõ 622, phố Minh Khai, Vĩnh Tuy, Quận Hai Bà Trưng, Hà Nội",way:eb405fe3f99be72e095cd1b40140438c09250fb8e2a1f34e6f7b751a7b457ab4,Bac,cu
node,12917463290,38,Đường Khả Lễ,Phường Võ Cường,Thành phố Bắc Ninh,Bắc Ninh,"38, Đường Khả Lễ, Phường Võ Cường, Thành phố Bắc Ninh, Bắc Ninh","node:21.1611503,106.0534073",Bac,cu
node,10087011984,231C,Đường Nguyễn Trãi,Thanh Xuân Bắc,Thanh Xuân,Hà Nội,"231C, Đường Nguyễn Trãi, Thanh Xuân Bắc, Thanh Xuân, Hà Nội","node:20.9972432,105.8122846",Bac,cu
way,1258273574,336,Phố Huế,Phố Huế,Hai Bà Trưng,Hà Nội,"336, Phố Huế, Phố Huế, Hai Bà Trưng, Hà Nội",way:3981aa92a53f5c05acd68c167b6aa2b94086f91cbb0e6d46a6296e63659cd9d6,Bac,cu
node,5349359424,84,Bành Văn Trân,Phường 7,Quận Tân Bình,Thành phố Hồ Chí Minh,"84, Bành Văn Trân, Phường 7, Quận Tân Bình, Thành phố Hồ Chí Minh","node:10.7884038,106.6580522",Nam,cu
node,12964664702,150,Đường Hai Bà Trưng,Phường Tiền Ninh Vệ,Thành phố Bắc Ninh,Bắc Ninh,"150, Đường Hai Bà Trưng, Phường Tiền Ninh Vệ, Thành phố Bắc Ninh, Bắc Ninh","node:21.1796607,106.0687600",Bac,cu
way,1243075280,3,Ngách 1/88 Phạm Tuấn Tài,Phường Dịch Vọng Hậu,Quận Cầu Giấy,Hà Nội,"3, Ngách 1/88 Phạm Tuấn Tài, Phường Dịch Vọng Hậu, Quận Cầu Giấy, Hà Nội",way:3d495e282e639d20d2628f2ec46538cb79fd18ee29531f6a77dc6b1691da9e64,Bac,cu
way,1119995675,237,Phố Trần Quốc Hoàn,Phường Dịch Vọng Hậu,Quận Cầu Giấy,Hà Nội,"237, Phố Trần Quốc Hoàn, Phường Dịch Vọng Hậu, Quận Cầu Giấy, Hà Nội",way:b9cfaf9d6d90159168c667c13a309b2bcb2f430c77e9746710791d80e0ebd7e4,Bac,cu
node,11613547711,108A,Phố Triệu Việt Vương,Nguyễn Du,Hai Bà Trưng,Hà Nội,"108A, Phố Triệu Việt Vương, Nguyễn Du, Hai Bà Trưng, Hà Nội","node:21.0154246,105.8503383",Bac,cu
way,1217494279,56,Khu dân cư số 9,Xuân Khánh,Ninh Kiều,Cần Thơ,"56, Khu dân cư số 9, Xuân Khánh, Ninh Kiều, Cần Thơ",way:d82957188e4fdd05d5abd203b8b375d5f167d3d4fd42b3b8b3bf2aa8b6a03032,Nam,cu
way,1236943086,119B,Phố Bùi Thị Xuân,Nguyễn Du,Hai Bà Trưng,Hà Nội,"119B, Phố Bùi Thị Xuân, Nguyễn Du, Hai Bà Trưng, Hà Nội",way:66d6574f49d763b16047328fb3125dd74962a2f0bfece3cf169bf31d69b7bf16,Bac,cu
way,1265456456,211,Đường Xuân Thủy,Phường Dịch Vọng Hậu,Quận Cầu Giấy,Hà Nội,"211, Đường Xuân Thủy, Phường Dịch Vọng Hậu, Quận Cầu Giấy, Hà Nội",way:df18484a917df64516b66d9609794afbcb3767b8ddb59c38d3b20ad7c9b8c48d,Bac,cu
way,961616556,43,Đường số 16,Bình Hưng Hòa B,Bình Tân,Hồ Chí Minh,"43, Đường số 16, Bình Hưng Hòa B, Bình Tân, Hồ Chí Minh",way:cd6ac661157ef23764bf939dd83f40fc74e5bdcd3e347ce243d04458a2e23306,Nam,cu
way,1242728661,3,Ngõ 421 Hoàng Quốc Việt,Phường Cổ Nhuế 1,Quận Bắc Từ Liêm,Hà Nội,"3, Ngõ 421 Hoàng Quốc Việt, Phường Cổ Nhuế 1, Quận Bắc Từ Liêm, Hà Nội",way:cb3a5b50bf9a991b99f8affb54c9bb85013b59411d32fda60f4c03bbed161f91,Bac,cu
way,796428048,1,Tô Ký,Phường Tân Chánh Hiệp,Quận 12,Hồ Chí Minh,"1, Tô Ký, Phường Tân Chánh Hiệp, Quận 12, Hồ Chí Minh",way:59ab3bbd8212642eb28d67149ba82ab3e2f4502bc2b3655c3c5f7c4c932c65dd,Nam,cu
way,1163872137,28,Đường Thụy Khuê,Thụy Khuê,Tây Hồ,Hà Nội,"28, Đường Thụy Khuê, Thụy Khuê, Tây Hồ, Hà Nội",way:9daf76e9242cb22f8a29bdfa8c22312bbc3190aa56955a08954b751003789df3,Bac,cu
node,12343280021,298,Phố Lương Định Của,Phường Phương Liễu,Thị xã Quế Võ,Bắc Ninh,"298, Phố Lương Định Của, Phường Phương Liễu, Thị xã Quế Võ, Bắc Ninh","node:21.1661747,106.1340404",Bac,cu
way,1388257641,213A,Hùng Vương,Phường 9,Quận 5,Thành phố Hồ Chí Minh,"213A, Hùng Vương, Phường 9, Quận 5, Thành phố Hồ Chí Minh",way:1ae22e216895878464313e83cb81030fb8a0a0c35ea9b1606b9e02c22233536c,Nam,cu
way,489319487,2,Đường số 8,Tân Túc,Bình Chánh,Hồ Chí Minh,"2, Đường số 8, Tân Túc, Bình Chánh, Hồ Chí Minh",way:049dd52f485bae686beb413c0dd5a16410341fcb7123be1253d9b6f129c75109,Nam,cu
way,543812027,19-D3,Trần Quang Khải,Cái Khế,Ninh Kiều,Cần Thơ,"19-D3, Trần Quang Khải, Cái Khế, Ninh Kiều, Cần Thơ",way:de963565d50a085e355429e09a150d131cfdc6e44b3dc6c8d7def97bb2fb2483,Nam,cu
way,1063218195,23,Đường Thiên Đức,Phường Tiền Ninh Vệ,Thành phố Bắc Ninh,Bắc Ninh,"23, Đường Thiên Đức, Phường Tiền Ninh Vệ, Thành phố Bắc Ninh, Bắc Ninh",way:2b48d734498b312411fbf0e67cfba6dbd8c30606fe980fccc8c27d8f56d1be73,Bac,cu
node,4551168584,40,Tây Hồ,Quảng An,Tây Hồ,Hà Nội,"40, Tây Hồ, Quảng An, Tây Hồ, Hà Nội","node:21.0652866,105.8241480",Bac,cu
way,650062383,214,Đường Lý Thường Kiệt,Phường Châu Khê,Thành phố Từ Sơn,Bắc Ninh,"214, Đường Lý Thường Kiệt, Phường Châu Khê, Thành phố Từ Sơn, Bắc Ninh",way:8cd467c755cf996982cec11d617997e331dac3af9fe6ccaca11f17c250dcf559,Bac,cu
node,11844397840,208/118,Hẻm 208 đường số 5,Phường Bình Hưng Hòa,Quận Bình Tân,Hồ Chí Minh,"208/118, Hẻm 208 đường số 5, Phường Bình Hưng Hòa, Quận Bình Tân, Hồ Chí Minh","node:10.8014428,106.6045599",Nam,cu
way,186274986,65,Huỳnh Thúc Kháng,Phường Bến Nghé,Quận 1,Thành phố Hồ Chí Minh,"65, Huỳnh Thúc Kháng, Phường Bến Nghé, Quận 1, Thành phố Hồ Chí Minh",way:0316b580a8d9a1c3db2779688c573f1318de969e43422d3e5a5312a98882c9bd,Nam,cu
way,1235776393,82,Phố Mai Hắc Đế,Nguyễn Du,Hai Bà Trưng,Hà Nội,"82, Phố Mai Hắc Đế, Nguyễn Du, Hai Bà Trưng, Hà Nội",way:f4aefb2e42528d4f98e4524744b444a7e0399ec584c9823f963aac4e5af14540,Bac,cu
node,8737635783,213,Chu Văn An,Ba Đồn,Ba Đồn,Quảng Bình,"213, Chu Văn An, Ba Đồn, Ba Đồn, Quảng Bình","node:17.3015040,106.7319294",Trung,cu
node,11486942530,109,Phố Bùi Thị Xuân,Nguyễn Du,Hai Bà Trưng,Hà Nội,"109, Phố Bùi Thị Xuân, Nguyễn Du, Hai Bà Trưng, Hà Nội","node:21.0147340,105.8499683",Bac,cu
way,858242837,10,Phố Phạm Ngọc Thạch,Kim Liên,Đống Đa,Hà Nội,"10, Phố Phạm Ngọc Thạch, Kim Liên, Đống Đa, Hà Nội",way:dae6e685f634ef4c52f9754d6758520b73ae8b990a6379b521c8e192a009816a,Bac,cu
node,12093880566,10,Đường Nội Khu Mỹ Phú 3C,Tân Phú,Quận 7,Thành phố Hồ Chí Minh,"10, Đường Nội Khu Mỹ Phú 3C, Tân Phú, Quận 7, Thành phố Hồ Chí Minh","node:10.7150128,106.7276125",Nam,cu
way,1242956582,7,Ngách 1/52 Phạm Tuấn Tài,Phường Dịch Vọng Hậu,Quận Cầu Giấy,Hà Nội,"7, Ngách 1/52 Phạm Tuấn Tài, Phường Dịch Vọng Hậu, Quận Cầu Giấy, Hà Nội",way:fb6e277c20a1926922c0aa0fc620346011a8d4edb963781be7356980b35eb534,Bac,cu
node,11649693312,59,Phố Triệu Việt Vương,Nguyễn Du,Hai Bà Trưng,Hà Nội,"59, Phố Triệu Việt Vương, Nguyễn Du, Hai Bà Trưng, Hà Nội","node:21.0159390,105.8505820",Bac,cu
node,3684980414,26,Phố Mai Anh Tuấn,Hoàng Cầu,Đống Đa,Hà Nội,"26, Phố Mai Anh Tuấn, Hoàng Cầu, Đống Đa, Hà Nội","node:21.0185659,105.8230246",Bac,cu
way,991650674,11,Đường Trịnh Khắc Lập,phường Thạnh Mỹ Lợi,TP. Thủ Đức,TP. Hồ Chí Minh,"11, Đường Trịnh Khắc Lập, phường Thạnh Mỹ Lợi, TP. Thủ Đức, TP. Hồ Chí Minh",way:f1ad4a71c9a0cefd8b5f852dc5417cb6b7a3bac96b925626ab8468ee583d3377,Nam,cu
node,6546292262,11A,Mậu Thân,An Hòa,Ninh Kiều,Cần Thơ,"11A, Mậu Thân, An Hòa, Ninh Kiều, Cần Thơ","node:10.0397768,105.7682742",Nam,cu
node,12093851007,15,Đường Nội Khu Mỹ Thái 3,Tân Phú,Quận 7,Thành phố Hồ Chí Minh,"15, Đường Nội Khu Mỹ Thái 3, Tân Phú, Quận 7, Thành phố Hồ Chí Minh","node:10.7151693,106.7292395",Nam,cu
way,1324991876,8A,Đường Lê Nổ,Phường Hòa Cường Nam,Quận Hải Châu,Đà Nẵng,"8A, Đường Lê Nổ, Phường Hòa Cường Nam, Quận Hải Châu, Đà Nẵng",way:b1cc21827e7a9439ffb8e373c7e36e6f0173681d1e4ab96dfacc974621f552c1,Trung,cu
way,847053726,78,Dịch Vọng Hậu,Dịch Vọng Hậu,Cầu Giấy,Hà Nội,"78, Dịch Vọng Hậu, Dịch Vọng Hậu, Cầu Giấy, Hà Nội",way:879505d7c2bf50e39fc498a2823b6be7b58275b57521f30d1e5496b64ca8e1f1,Bac,cu
node,11649693281,24,Phố Mai Hắc Đế,Nguyễn Du,Hai Bà Trưng,Hà Nội,"24, Phố Mai Hắc Đế, Nguyễn Du, Hai Bà Trưng, Hà Nội","node:21.0158622,105.8508051",Bac,cu
way,1110283237,17,Đường số 4A,Phong Phú,Bình Chánh,Hồ Chí Minh,"17, Đường số 4A, Phong Phú, Bình Chánh, Hồ Chí Minh",way:4d79613d124894a94553d2e1381e8e75ee6b4d99df4eca89d7b0bce416d95e06,Nam,cu
node,11292362198,7,"Ngõ 5, Xóm Cửa Ao, Thôn Ba Dư",Hồng Dương,Thanh Oai,Hà Nội,"7, Ngõ 5, Xóm Cửa Ao, Thôn Ba Dư, Hồng Dương, Thanh Oai, Hà Nội","node:20.7885204,105.7922446",Bac,cu
node,11212149520,8B10,Phố Phạm Ngọc Thạch,Kim Liên,Đống Đa,Hà Nội,"8B10, Phố Phạm Ngọc Thạch, Kim Liên, Đống Đa, Hà Nội","node:21.0091758,105.8350443",Bac,cu
node,12116601426,77,Phố Bà Triệu,Nguyễn Du,Hai Bà Trưng,Hà Nội,"77, Phố Bà Triệu, Nguyễn Du, Hai Bà Trưng, Hà Nội","node:21.0183826,105.8495133",Bac,cu
node,11058996842,13/81,Phan Huy Ích,14,Gò Vấp,Hồ Chí Minh,"13/81, Phan Huy Ích, 14, Gò Vấp, Hồ Chí Minh","node:10.8408476,106.6372488",Nam,cu
node,11372798737,SH03-17,San Hô 3,Đa Tốn,Gia Lâm,Hà Nội,"SH03-17, San Hô 3, Đa Tốn, Gia Lâm, Hà Nội","node:20.9909500,105.9496316",Bac,cu
way,1301699237,111,Phố Lê Hồng Phong,Phường Đội Cấn,Quận Ba Đình,Hà Nội,"111, Phố Lê Hồng Phong, Phường Đội Cấn, Quận Ba Đình, Hà Nội",way:3e474db9c2ac820f8fc9e4fe5038baa59186e9ad4dc59262a79061b54bf6e128,Bac,cu
way,1250665170,105,Phố Phan Văn Trường,Phường Dịch Vọng Hậu,Quận Cầu Giấy,Hà Nội,"105, Phố Phan Văn Trường, Phường Dịch Vọng Hậu, Quận Cầu Giấy, Hà Nội",way:2ff98c61db94b25b612e202546f63f5fc32a201a609a9fa0910b748ffd219e6c,Bac,cu
way,855264908,234,Đường Phạm Văn Đồng,Phường Cổ Nhuế 1,Quận Bắc Từ Liêm,Hà Nội,"234, Đường Phạm Văn Đồng, Phường Cổ Nhuế 1, Quận Bắc Từ Liêm, Hà Nội",way:410dfc836635bdc46308ec7491a3a9ef154c09fe3e6161097bedaeb5930e9d79,Bac,cu
way,258272006,1,Đường Sáng Tạo,Tân Thuận Đông,Quận 7,Thành phố Hồ Chí Minh,"1, Đường Sáng Tạo, Tân Thuận Đông, Quận 7, Thành phố Hồ Chí Minh",way:9dfeaaeb17b2d7f2ba1731e8b9d20677936fbacd324393125b3656ddd036087b,Nam,cu
node,12495399279,37/11,Đường Đặng Thùy Trâm,Phường 13,Quận Bình Thạnh,Thành Phố Hồ Chí Minh,"37/11, Đường Đặng Thùy Trâm, Phường 13, Quận Bình Thạnh, Thành Phố Hồ Chí Minh","node:10.8265057,106.7027486",Nam,cu
node,995292048,79,Đường Trần Hưng Đạo,Phường Phố Mới,Thị xã Quế Võ,Bắc Ninh,"79, Đường Trần Hưng Đạo, Phường Phố Mới, Thị xã Quế Võ, Bắc Ninh","node:21.1536467,106.1486625",Bac,cu
node,7999480277,7,Phố Giang Văn Minh,Kim Mã,Quận Ba Đình,Hà Nội,"7, Phố Giang Văn Minh, Kim Mã, Quận Ba Đình, Hà Nội","node:21.0298681,105.8271814",Bac,cu
node,12956796293,20,Ngõ 195 Đường Vũ Ninh,Phường Vũ Ninh,Thành phố Bắc Ninh,Bắc Ninh,"20, Ngõ 195 Đường Vũ Ninh, Phường Vũ Ninh, Thành phố Bắc Ninh, Bắc Ninh","node:21.1907245,106.0786686",Bac,cu
way,1223678241,NT12-06,Ngọc Trai 12,Đa Tốn,Gia Lâm,Hà Nội,"NT12-06, Ngọc Trai 12, Đa Tốn, Gia Lâm, Hà Nội",way:42894c387357b3fe65b5959a751619c329df6f17c32e22f87c7e583a25fd9b70,Bac,cu
node,12093851002,05,Đường Nội Khu Mỹ Thái 3,Tân Phú,Quận 7,Thành phố Hồ Chí Minh,"05, Đường Nội Khu Mỹ Thái 3, Tân Phú, Quận 7, Thành phố Hồ Chí Minh","node:10.7150048,106.7289673",Nam,cu
way,1301678519,26,Ngõ 77 Lê Hồng Phong,Phường Điện Biên,Quận Ba Đình,Hà Nội,"26, Ngõ 77 Lê Hồng Phong, Phường Điện Biên, Quận Ba Đình, Hà Nội",way:7a897cacacb080a1fd5ed309a284d49b6a7cd190c27905c9858f016cd736d4e1,Bac,cu
node,11601353632,87E,Phố Bà Triệu,Nguyễn Du,Hai Bà Trưng,Hà Nội,"87E, Phố Bà Triệu, Nguyễn Du, Hai Bà Trưng, Hà Nội","node:21.0167256,105.8493578",Bac,cu
node,10799398553,575B,Đồng Khởi,Phú Khương,Bến Tre,Bến Tre,"575B, Đồng Khởi, Phú Khương, Bến Tre, Bến Tre","node:10.2520452,106.3720856",Nam,cu
node,11353539606,NT02-54,Ngọc Trai 2,Đa Tốn,Gia Lâm,Hà Nội,"NT02-54, Ngọc Trai 2, Đa Tốn, Gia Lâm, Hà Nội","node:20.9944056,105.9492618",Bac,cu
node,12906288560,409,Đường Ngô Gia Tự,Phường Tiền Ninh Vệ,Thành phố Bắc Ninh,Bắc Ninh,"409, Đường Ngô Gia Tự, Phường Tiền Ninh Vệ, Thành phố Bắc Ninh, Bắc Ninh","node:21.1824871,106.0649854",Bac,cu
node,8957577168,6,Phố Tràng Tiền,Tràng Tiền,Hoàn Kiếm,Hà Nội,"6, Phố Tràng Tiền, Tràng Tiền, Hoàn Kiếm, Hà Nội","node:21.0247096,105.8564260",Bac,cu
node,12084456835,5,Phố Lê Hồng Phong,Phường Điện Biên,Quận Ba Đình,Hà Nội,"5, Phố Lê Hồng Phong, Phường Điện Biên, Quận Ba Đình, Hà Nội","node:21.0332689,105.8372652",Bac,cu
way,1216770913,8,Ngách 111 Ngõ Xã Đàn 2,Nam Đồng,Đống Đa,Hà Nội,"8, Ngách 111 Ngõ Xã Đàn 2, Nam Đồng, Đống Đa, Hà Nội",way:4160b40d76bbdbf7125738cd0750c07c921aedbc499045a40a2ebb596bb3b5c7,Bac,cu
way,502434932,15,Đường Võ Trần Chí,Tân Kiên,Bình Chánh,Hồ Chí Minh,"15, Đường Võ Trần Chí, Tân Kiên, Bình Chánh, Hồ Chí Minh",way:a963bd975399af5e8a2d60cbfa3f624c4e1433bde09038f4c81683e271066804,Nam,cu
way,1246309307,10,Ngách 3/1 Phạm Tuấn Tài,Phường Dịch Vọng Hậu,Quận Cầu Giấy,Hà Nội,"10, Ngách 3/1 Phạm Tuấn Tài, Phường Dịch Vọng Hậu, Quận Cầu Giấy, Hà Nội",way:29f039db1653e9d3bd8d60f412a039e81326dd22b414f2d3b66c84d53fcc7a1b,Bac,cu
way,1118648841,26,Phố Đặng Thùy Trâm,Phường Cổ Nhuế 1,Quận Bắc Từ Liêm,Hà Nội,"26, Phố Đặng Thùy Trâm, Phường Cổ Nhuế 1, Quận Bắc Từ Liêm, Hà Nội",way:87f903263e878c10c0bba98369f411b33b3d87b9247d1fa2d3a0635ef08b687e,Bac,cu
way,1242728702,16,Ngách 421/4 Hoàng Quốc Việt,Phường Cổ Nhuế 1,Quận Bắc Từ Liêm,Hà Nội,"16, Ngách 421/4 Hoàng Quốc Việt, Phường Cổ Nhuế 1, Quận Bắc Từ Liêm, Hà Nội",way:97cdf5b69605848a8f7366850f53b068a8ccb0a2b76eef0f3f86bfa8f41197bb,Bac,cu
node,4101106348,471,Lý Anh Tông,Cái Rồng,Vân Đồn,Quảng Ninh,"471, Lý Anh Tông, Cái Rồng, Vân Đồn, Quảng Ninh","node:21.0684026,107.4221230",Bac,cu
way,1211638413,1,Ngách 238/11 Hoàng Quốc Việt,Phường Cổ Nhuế 1,Quận Bắc Từ Liêm,Hà Nội,"1, Ngách 238/11 Hoàng Quốc Việt, Phường Cổ Nhuế 1, Quận Bắc Từ Liêm, Hà Nội",way:d96a334088f198b3a6c5ee495a82e67378cd4135c159d204d7720fae26f62ddf,Bac,cu
way,1030833896,6,Đường Lý Thái Tổ,Phường Suối Hoa,Thành phố Bắc Ninh,Bắc Ninh,"6, Đường Lý Thái Tổ, Phường Suối Hoa, Thành phố Bắc Ninh, Bắc Ninh",way:a433856a254433444e39acd44bcf2c2df1e3ef8de46f39293c2cae59f195bb08,Bac,cu
way,1236943089,123,Phố Bùi Thị Xuân,Nguyễn Du,Hai Bà Trưng,Hà Nội,"123, Phố Bùi Thị Xuân, Nguyễn Du, Hai Bà Trưng, Hà Nội",way:74a5dc0f2b402451f7635a255029e60a3c1c4df1f8fc05c5ed7e324935b47293,Bac,cu
node,12960464300,23,Đường Thanh Sơn,Phường Đáp Cầu,Thành phố Bắc Ninh,Bắc Ninh,"23, Đường Thanh Sơn, Phường Đáp Cầu, Thành phố Bắc Ninh, Bắc Ninh","node:21.2022975,106.0936399",Bac,cu
way,1242734038,9,Ngách 61/21 Phạm Tuấn Tài,Phường Cổ Nhuế 1,Quận Bắc Từ Liêm,Hà Nội,"9, Ngách 61/21 Phạm Tuấn Tài, Phường Cổ Nhuế 1, Quận Bắc Từ Liêm, Hà Nội",way:5b78c0ceebea50dfd6c4741b0ab1681bfc7ca6027812bc28d0165d06aa6a7502,Bac,cu
way,1216036378,11,Phố Khúc Hạo,Phường Điện Biên,Quận Ba Đình,Hà Nội,"11, Phố Khúc Hạo, Phường Điện Biên, Quận Ba Đình, Hà Nội",way:10e21c1898363288a11a357d4086820e9e749141732ec4ce5248235f5ac6cfd4,Bac,cu
way,1210204586,11,Ngách 234/29 Hoàng Quốc Việt,Phường Cổ Nhuế 1,Quận Bắc Từ Liêm,Hà Nội,"11, Ngách 234/29 Hoàng Quốc Việt, Phường Cổ Nhuế 1, Quận Bắc Từ Liêm, Hà Nội",way:58356fef96c72fca6ccdf1c610c60c423de4369928531a5dc699f68db316a2ae,Bac,cu
node,12813231586,387/12,Cách Mạng Tháng Tám,Phường 13,Quận 10,Thành Phố Hồ Chí Minh,"387/12, Cách Mạng Tháng Tám, Phường 13, Quận 10, Thành Phố Hồ Chí Minh","node:10.7803960,106.6761640",Nam,cu
way,1329107955,435,Đường Nguyễn Văn Cừ,Phường Võ Cường,Thành phố Bắc Ninh,Bắc Ninh,"435, Đường Nguyễn Văn Cừ, Phường Võ Cường, Thành phố Bắc Ninh, Bắc Ninh",way:2cb91fdfb4e7140e536562759a776d060c6440cdc7e3947aa360bb2da20893c2,Bac,cu
way,1250665186,77,Phố Phan Văn Trường,Phường Dịch Vọng Hậu,Quận Cầu Giấy,Hà Nội,"77, Phố Phan Văn Trường, Phường Dịch Vọng Hậu, Quận Cầu Giấy, Hà Nội",way:ebd203d7e15d339ee2593703f5fa0f1caf034c19f42330164bd4af93fd45a42b,Bac,cu
way,495698512,224,Đường Thành Thái,Phường 14,Quận 10,Hồ Chí Minh,"224, Đường Thành Thái, Phường 14, Quận 10, Hồ Chí Minh",way:140f715b96d117cb2ae2cfbd56cbc23435f812a56c8357e779e69063c41a2af1,Nam,cu
node,3482845491,66-68,Hai Bà Trưng,Tân An,Ninh Kiều,Cần Thơ,"66-68, Hai Bà Trưng, Tân An, Ninh Kiều, Cần Thơ","node:10.0333332,105.7881362",Nam,cu
way,1036206962,107F,Chu Văn An,Phường 26,Bình Thạnh,hồ chí minh,"107F, Chu Văn An, Phường 26, Bình Thạnh, hồ chí minh",way:170698206cfa30473fd47aca3cb35f72e127994932687bf76ba0caae4a4d389e,Nam,cu
way,1253517139,55,Phố Triệu Việt Vương,Nguyễn Du,Hai Bà Trưng,Hà Nội,"55, Phố Triệu Việt Vương, Nguyễn Du, Hai Bà Trưng, Hà Nội",way:d9d5a9fcb06ff409ea2737214335dd3f5805b84dd10e0dc500eaa9118231e9c3,Bac,cu
node,11005916226,99,An Dương Vương,Phường 16,Quận 8,Thành phố Hồ Chí Minh,"99, An Dương Vương, Phường 16, Quận 8, Thành phố Hồ Chí Minh","node:10.7266989,106.6236032",Nam,cu
node,9005981670,SỐ 64,N6,THỚI HÒA - MỸ PHƯỚC 1,BẾN CÁT,BÌNH DƯƠNG,"SỐ 64, N6, THỚI HÒA - MỸ PHƯỚC 1, BẾN CÁT, BÌNH DƯƠNG","node:11.1155742,106.6008244",Nam,cu
node,12621001912,236B/1b,Hẻm 236 Lê Văn Sỹ,Phường 1,Quận Tân Bình,Thành phố Hồ Chí Minh,"236B/1b, Hẻm 236 Lê Văn Sỹ, Phường 1, Quận Tân Bình, Thành phố Hồ Chí Minh","node:10.7960766,106.6669335",Nam,cu
node,8083770306,91,Phô Vū Miên,Yên Phụ,Tây Hồ,Hà Nội,"91, Phô Vū Miên, Yên Phụ, Tây Hồ, Hà Nội","node:21.0538498,105.8339407",Bac,cu
node,12553764149,92,Phố Lương Định Của,Phường Phương Liễu,Thị xã Quế Võ,Bắc Ninh,"92, Phố Lương Định Của, Phường Phương Liễu, Thị xã Quế Võ, Bắc Ninh","node:21.1650419,106.1444887",Bac,cu
way,1243075268,9,Ngách 1/88 Phạm Tuấn Tài,Phường Dịch Vọng Hậu,Quận Cầu Giấy,Hà Nội,"9, Ngách 1/88 Phạm Tuấn Tài, Phường Dịch Vọng Hậu, Quận Cầu Giấy, Hà Nội",way:c6e1784fbc9b4fe8c188f939acf14f12ac157746da881f7498a18f63f0ad1ce8,Bac,cu
way,1216811088,129,Ngõ Xã Đàn 2,Nam Đồng,Đống Đa,Hà Nội,"129, Ngõ Xã Đàn 2, Nam Đồng, Đống Đa, Hà Nội",way:9119816b7ab60bfc10ec3178874dd5b1618ab2d810afed7383e0deb9053090b8,Bac,cu
way,372434056,95,Quang Trung,Thạch Thang,Hải Châu,Đà Nẵng,"95, Quang Trung, Thạch Thang, Hải Châu, Đà Nẵng",way:43bb611426aadb5ca8e953b1259bc70a726b92249d916531b2ae9ec4146844cc,Trung,cu
node,12078134470,4,Phố Trần Phú,Phường Cửa Đông,Quận Hoàn Kiếm,Hà Nội,"4, Phố Trần Phú, Phường Cửa Đông, Quận Hoàn Kiếm, Hà Nội","node:21.0302301,105.8442768",Bac,cu
node,11163896852,8,Phố Lê Thái Tổ,Hàng Trống,Hoàn Kiếm,Hà Nội,"8, Phố Lê Thái Tổ, Hàng Trống, Hoàn Kiếm, Hà Nội","node:21.0306387,105.8508379",Bac,cu
way,1233838169,16,Phố Lê Phụng Hiểu,Tràng Tiền,Hoàn Kiếm,Hà Nội,"16, Phố Lê Phụng Hiểu, Tràng Tiền, Hoàn Kiếm, Hà Nội",way:935cc7bf0af912bb9b02f508bf598fc2f53299eedd84f379fa1144afd799a9a6,Bac,cu
node,11563520036,14,Hẻm 61/33/4 Phạm Tuấn Tài,Phường Cổ Nhuế 1,Quận Bắc Từ Liêm,Hà Nội,"14, Hẻm 61/33/4 Phạm Tuấn Tài, Phường Cổ Nhuế 1, Quận Bắc Từ Liêm, Hà Nội","node:21.0450676,105.7851861",Bac,cu
way,1247335543,70,Phố Bùi Thị Xuân,Nguyễn Du,Hai Bà Trưng,Hà Nội,"70, Phố Bùi Thị Xuân, Nguyễn Du, Hai Bà Trưng, Hà Nội",way:c4181f357307102039d01f9a160bc92411b29adb520c20abc5da8215f141fd12,Bac,cu
node,12964664776,132,Đường Khả Lễ,Phường Võ Cường,Thành phố Bắc Ninh,Bắc Ninh,"132, Đường Khả Lễ, Phường Võ Cường, Thành phố Bắc Ninh, Bắc Ninh","node:21.1628478,106.0490084",Bac,cu
node,11564331894,2,Ngách 61/33 Phạm Tuấn Tài,Phường Cổ Nhuế 1,Quận Bắc Từ Liêm,Hà Nội,"2, Ngách 61/33 Phạm Tuấn Tài, Phường Cổ Nhuế 1, Quận Bắc Từ Liêm, Hà Nội","node:21.0451152,105.7850855",Bac,cu
way,1317418594,170,Phố Trấn Vũ,Phường Trúc Bạch,Quận Ba Đình,Hà Nội,"170, Phố Trấn Vũ, Phường Trúc Bạch, Quận Ba Đình, Hà Nội",way:f1814dee22f56ad8829ad3e6926bfefeb3c5b00937b2e7ce6c13a85d2b469858,Bac,cu
way,1223691820,NT11-34,Ngọc Trai 11,Đa Tốn,Gia Lâm,Hà Nội,"NT11-34, Ngọc Trai 11, Đa Tốn, Gia Lâm, Hà Nội",way:1028b7e7f2521592c83c8c3f005dd6cc2c13da0fd8be86de26bd05f278a56e79,Bac,cu
way,1301591136,14,Ngõ 71 Lê Hồng Phong,Phường Điện Biên,Quận Ba Đình,Hà Nội,"14, Ngõ 71 Lê Hồng Phong, Phường Điện Biên, Quận Ba Đình, Hà Nội",way:a8748711ee61a4e68f4ece3f2d66216cbcd865af0bcdbe0c4ad2efe19f20d2ce,Bac,cu
node,12956796217,19,Đường Hai Bà Trưng,Phường Đại Phúc,Thành phố Bắc Ninh,Bắc Ninh,"19, Đường Hai Bà Trưng, Phường Đại Phúc, Thành phố Bắc Ninh, Bắc Ninh","node:21.1805104,106.0694225",Bac,cu
way,1223678199,NT18-01,Ngọc Trai 18,Đa Tốn,Gia Lâm,Hà Nội,"NT18-01, Ngọc Trai 18, Đa Tốn, Gia Lâm, Hà Nội",way:a59a07a83e648f3dd5dc9c1fd6e90195684fc2691caf37957b663886886626da,Bac,cu
way,582758223,21,Ngô Gia Tự,đức giang,Long biên,Hà Nội,"21, Ngô Gia Tự, đức giang, Long biên, Hà Nội",way:d29428ae9a77a78c8bdf516cffcdf12e25d9eaecfe962dd8cd4b22e4b5cdd1ef,Bac,cu
node,11505669842,111,Phố Triệu Việt Vương,Nguyễn Du,Hai Bà Trưng,Hà Nội,"111, Phố Triệu Việt Vương, Nguyễn Du, Hai Bà Trưng, Hà Nội","node:21.0141696,105.8506004",Bac,cu
node,4474435873,14/74,Nguyễn Quang Diệu (Đường số 19),Tân Qúy,Tân Phú,Hồ Chí Minh,"14/74, Nguyễn Quang Diệu (Đường số 19), Tân Qúy, Tân Phú, Hồ Chí Minh","node:10.7929987,106.6238632",Nam,cu
way,1217136739,179,Ngõ Xã Đàn 2,Nam Đồng,Đống Đa,Hà Nội,"179, Ngõ Xã Đàn 2, Nam Đồng, Đống Đa, Hà Nội",way:03e39be8e9b4f32896da8f2072447f9615e8f88fc99245931a3121a060a74db2,Bac,cu
node,6773499687,144,Đường Xuân Thủy,Phường Dịch Vọng Hậu,Quận Cầu Giấy,Hà Nội,"144, Đường Xuân Thủy, Phường Dịch Vọng Hậu, Quận Cầu Giấy, Hà Nội","node:21.0368448,105.7820591",Bac,cu
way,842611486,42,Đường Yên Sơn,Chúc Sơn,Chương Mỹ,Hà Nội,"42, Đường Yên Sơn, Chúc Sơn, Chương Mỹ, Hà Nội",way:81eef6eb9918a7935069395086696f9fedd2246c48e3ce2b77ee745642944c9f,Bac,cu
way,1211638411,5,Ngách 238/11 Hoàng Quốc Việt,Phường Cổ Nhuế 1,Quận Bắc Từ Liêm,Hà Nội,"5, Ngách 238/11 Hoàng Quốc Việt, Phường Cổ Nhuế 1, Quận Bắc Từ Liêm, Hà Nội",way:ab37dc4623d7106cc81611c6fbabc9d102d281334daefcd43f50a0028eb7001e,Bac,cu
way,1219690224,386,Phố Xã Đàn,Nam Đồng,Đống Đa,Hà Nội,"386, Phố Xã Đàn, Nam Đồng, Đống Đa, Hà Nội",way:8e92f70503a10063bc3aeb7d413f529d2d0154255a54d8ec78766bbf2625799f,Bac,cu
way,872186232,25,Phố Lạc Trung,Vĩnh Tuy,Hai Bà Trưng,Hà Nội,"25, Phố Lạc Trung, Vĩnh Tuy, Hai Bà Trưng, Hà Nội",way:9f35f4e30ff3283bbd6ef678249c26dbf36cc1040e4820d18803fee8147a40ec,Bac,cu
way,581436782,14,Ngõ 4 Ô Cách,Đức Giang,Long Biên,Hà Nội,"14, Ngõ 4 Ô Cách, Đức Giang, Long Biên, Hà Nội",way:bb74a565e749d1ca060e78005a94675688cfc3bc4d3a376fcd375e9e56f429d2,Bac,cu
node,11482388013,122D,Phố Bùi Thị Xuân,Nguyễn Du,Hai Bà Trưng,Hà Nội,"122D, Phố Bùi Thị Xuân, Nguyễn Du, Hai Bà Trưng, Hà Nội","node:21.0131640,105.8497827",Bac,cu
way,487260940,273,Phố Kim Mã,Giảng Võ,Ba Đình,Hà Nội,"273, Phố Kim Mã, Giảng Võ, Ba Đình, Hà Nội",way:8adeef578ff8546cb05c78c0c469dbef9f7e9bbec7e86032a13a11b557dc99d8,Bac,cu
way,1268595649,8,Phố Tuệ Tĩnh,Nguyễn Du,Hai Bà Trưng,Hà Nội,"8, Phố Tuệ Tĩnh, Nguyễn Du, Hai Bà Trưng, Hà Nội",way:b406379f9bf95797bcc40a32611a5e3ad159df61b4f6f1642160681c7991f8bc,Bac,cu
way,1230839747,101D,Cộng Hòa,Phường 4,Tân Bình,Thành phố Hồ Chí Minh,"101D, Cộng Hòa, Phường 4, Tân Bình, Thành phố Hồ Chí Minh",way:d28ee8cf7ec3b0795674c67802a9a373da9ccabdd4d98411bbb9bc2b17396a80,Nam,cu
way,1236553927,39,Phố Tô Hiến Thành,Lê Đại Hành,Hai Bà Trưng,Hà Nội,"39, Phố Tô Hiến Thành, Lê Đại Hành, Hai Bà Trưng, Hà Nội",way:a781a3af6b6bffa6352743e5654d19d1ebcaf3cc759e9d280256e57f36c2c13e,Bac,cu
way,1035102500,1A,Đường số 4,Bình Hưng Hòa A,Bình Tân,Hồ Chí Minh,"1A, Đường số 4, Bình Hưng Hòa A, Bình Tân, Hồ Chí Minh",way:50d03d1ac68f40bd8e0496fe36d8d52289818e844e6a4707640ec31be23af80c,Nam,cu
node,2175084765,575,Ngõ 575 Kim Mã,Ngọc Khánh,Quận Ba Đình,Hà Nội,"575, Ngõ 575 Kim Mã, Ngọc Khánh, Quận Ba Đình, Hà Nội","node:21.0294390,105.8092811",Bac,cu
node,12847010016,171,30 Tháng 4,Cầu Kè,Cầu Kè,Trà Vinh,"171, 30 Tháng 4, Cầu Kè, Cầu Kè, Trà Vinh","node:9.8723353,106.0560320",Nam,cu
way,1235566736,143,Phố Triệu Việt Vương,Nguyễn Du,Hai Bà Trưng,Hà Nội,"143, Phố Triệu Việt Vương, Nguyễn Du, Hai Bà Trưng, Hà Nội",way:1fcc952c73183746102f617b1144baca93f233fc99e691d7621905fac9721bce,Bac,cu
node,8637183039,75,Đường Cây Keo,Hiệp Tân,Tân Phú,Hồ Chí Minh,"75, Đường Cây Keo, Hiệp Tân, Tân Phú, Hồ Chí Minh","node:10.7716354,106.6292705",Nam,cu
way,995110506,354-356,Đường Nguyễn Thị Đinh,phường Thạnh Mỹ Lợi,TP. Thủ Đức,TP. Hồ Chí Minh,"354-356, Đường Nguyễn Thị Đinh, phường Thạnh Mỹ Lợi, TP. Thủ Đức, TP. Hồ Chí Minh",way:914df4634c787e0821ec3526084a871dab95730cd54fb4564fe2673826ff232b,Nam,cu
way,1211523114,58,Ngõ 643 Phạm Văn Đồng,Phường Cổ Nhuế 1,Quận Bắc Từ Liêm,Hà Nội,"58, Ngõ 643 Phạm Văn Đồng, Phường Cổ Nhuế 1, Quận Bắc Từ Liêm, Hà Nội",way:356d0e2cc3dcd0773c311c2e66d5033e99ec78a17b600268067d4b822740359f,Bac,cu
node,8361034094,21,Hoàng Tăng Bí,Xuân Đỉnh,Bắc Từ Liêm,Hà Nội,"21, Hoàng Tăng Bí, Xuân Đỉnh, Bắc Từ Liêm, Hà Nội","node:21.0820271,105.7838565",Bac,cu
node,4747249104,194,Đường Trần Quang Khải,Lý Thái Tổ,Hoàn Kiếm,Hà Nội,"194, Đường Trần Quang Khải, Lý Thái Tổ, Hoàn Kiếm, Hà Nội","node:21.0293030,105.8572469",Bac,cu
node,11564769580,14,Ngõ 33 Phạm Tuấn Tài,Phường Dịch Vọng Hậu,Quận Cầu Giấy,Hà Nội,"14, Ngõ 33 Phạm Tuấn Tài, Phường Dịch Vọng Hậu, Quận Cầu Giấy, Hà Nội","node:21.0443338,105.7858457",Bac,cu
way,563513949,57,Hùng Vương,Thới Bình,Ninh Kiều,Cần Thơ,"57, Hùng Vương, Thới Bình, Ninh Kiều, Cần Thơ",way:2f49e53c528afd8ff44263cede0c34dd2c1a1290c1cd80898f33dc0771d330d6,Nam,cu
way,802157406,22,Võ Văn Kiệt,Nguyễn Thái Bình,Quận 1,Thành phố Hồ Chí Minh,"22, Võ Văn Kiệt, Nguyễn Thái Bình, Quận 1, Thành phố Hồ Chí Minh",way:73624bbfa56bd01eaf11943ca131c2934d1496f2df3f02c7b844bcad7b6be245,Bac,cu
way,1210204565,6,Ngách 234/35 Hoàng Quốc Việt,Phường Cổ Nhuế 1,Quận Bắc Từ Liêm,Hà Nội,"6, Ngách 234/35 Hoàng Quốc Việt, Phường Cổ Nhuế 1, Quận Bắc Từ Liêm, Hà Nội",way:378122db1c9c69ff8d14cf353ae09825689389331f8eb83a09e8fab8cf790302,Bac,cu
way,848915403,203,Phố Minh Khai,Minh Khai,Hai Bà Trưng,Hà Nội,"203, Phố Minh Khai, Minh Khai, Hai Bà Trưng, Hà Nội",way:50225deb0111262bcd942551ff870b6f8eae51acb82bb39e532773124eb4635f,Bac,cu
node,12114065919,02,Đường Mỹ Phú 1A,Phường Tân Phú,Quận 7,Thành phố Hồ Chí Minh,"02, Đường Mỹ Phú 1A, Phường Tân Phú, Quận 7, Thành phố Hồ Chí Minh","node:10.7177902,106.7266765",Nam,cu
way,1297380150,508,Đường Ngô Quyền,An Hải Bắc,Sơn Trà,Đà Nẵng,"508, Đường Ngô Quyền, An Hải Bắc, Sơn Trà, Đà Nẵng",way:c7b705fd96c9358d5ba4df15d57b7d6a710195f73e827b75ee35661e4fbb94cd,Trung,cu
node,8357405563,439,Đường Hoàng Tăng Bí,Thụy Phương,Từ Liêm,Hà Nội,"439, Đường Hoàng Tăng Bí, Thụy Phương, Từ Liêm, Hà Nội","node:21.0832598,105.7722173",Bac,cu
node,5939980185,116B,Nguyễn Chí Thanh,"KP6, Phường 3",Thành phố Tây Ninh,Tây Ninh,"116B, Nguyễn Chí Thanh, KP6, Phường 3, Thành phố Tây Ninh, Tây Ninh","node:11.3175017,106.1065716",Nam,cu
node,12574112578,5,Đ. Nguyễn Khánh Toàn,Quan Hoa,Cầu Giấy,Hà Nội,"5, Đ. Nguyễn Khánh Toàn, Quan Hoa, Cầu Giấy, Hà Nội","node:21.0349650,105.8040125",Bac,cu
node,11591740427,131,Phố Bà Triệu,Nguyễn Du,Hai Bà Trưng,Hà Nội,"131, Phố Bà Triệu, Nguyễn Du, Hai Bà Trưng, Hà Nội","node:21.0153881,105.8493471",Bac,cu
node,12797172235,61,Đường Trương Định,Phường Phượng Mao,Thị xã Quế Võ,Bắc Ninh,"61, Đường Trương Định, Phường Phượng Mao, Thị xã Quế Võ, Bắc Ninh","node:21.1585151,106.1459203",Bac,cu
way,1250665198,53,Phố Phan Văn Trường,Phường Dịch Vọng Hậu,Quận Cầu Giấy,Hà Nội,"53, Phố Phan Văn Trường, Phường Dịch Vọng Hậu, Quận Cầu Giấy, Hà Nội",way:2b7969ab324a1b73c618eb0fb93a21c51ee959aa1db994ab0c25488910ea7312,Bac,cu
node,12960464217,125,Đường Ngô Gia Tự,Phường Vũ Ninh,Thành phố Bắc Ninh,Bắc Ninh,"125, Đường Ngô Gia Tự, Phường Vũ Ninh, Thành phố Bắc Ninh, Bắc Ninh","node:21.1908105,106.0772195",Bac,cu
node,12109870281,06,Đường Nội Khu 04,Phường Tân Phú,Quận 7,Thành phố Hồ Chí Minh,"06, Đường Nội Khu 04, Phường Tân Phú, Quận 7, Thành phố Hồ Chí Minh","node:10.7205602,106.7287216",Nam,cu
node,5352824746,289,Tô Hiến Thành,13,Quan 10,TP.Hồ Chí Minh,"289, Tô Hiến Thành, 13, Quan 10, TP.Hồ Chí Minh","node:10.7781614,106.6660060",Nam,cu
node,11569613659,2,Ngõ 1 Phạm Tuấn Tài,Phường Dịch Vọng Hậu,Quận Cầu Giấy,Hà Nội,"2, Ngõ 1 Phạm Tuấn Tài, Phường Dịch Vọng Hậu, Quận Cầu Giấy, Hà Nội","node:21.0426930,105.7860221",Bac,cu
node,11372797037,SH10-10,San Hô 10,Đa Tốn,Gia Lâm,Hà Nội,"SH10-10, San Hô 10, Đa Tốn, Gia Lâm, Hà Nội","node:20.9921084,105.9472835",Bac,cu
way,228075195,91,Phố Trần Hưng Đạo,Trần Hưng Đạo,Hoàn Kiếm,Hà Nội,"91, Phố Trần Hưng Đạo, Trần Hưng Đạo, Hoàn Kiếm, Hà Nội",way:751d6b3371d696ebdb16011a75ac4e14a4df12e0773f910dc589e491bcb2cd37,Bac,cu
node,12343280026,2,Ngõ 267 Phố Lương Định Của,Phường Phương Liễu,Thị xã Quế Võ,Bắc Ninh,"2, Ngõ 267 Phố Lương Định Của, Phường Phương Liễu, Thị xã Quế Võ, Bắc Ninh","node:21.1660186,106.1348478",Bac,cu
way,684963901,58,Lý Tự Trọng,Tân An,Ninh Kiều,Cần Thơ,"58, Lý Tự Trọng, Tân An, Ninh Kiều, Cần Thơ",way:8491da0b321f30c09bb16ed818325c2a737fcff3cad378061477dec2d245128a,Nam,cu
way,1153040545,4B,Đường Lê Quý Đôn,Phường 6,Quận 3,Thành Phố Hồ Chí Minh,"4B, Đường Lê Quý Đôn, Phường 6, Quận 3, Thành Phố Hồ Chí Minh",way:b03e197507551edc72d9b664923f943381b55a9d7ad6a097b4684670ed8562dc,Nam,cu
way,1236943099,113,Phố Bùi Thị Xuân,Nguyễn Du,Hai Bà Trưng,Hà Nội,"113, Phố Bùi Thị Xuân, Nguyễn Du, Hai Bà Trưng, Hà Nội",way:4aa26b5293775d69a1443a483e1faf231ce88e7d3e6c72252bcc833c434cedfc,Bac,cu
way,1242734046,14,Ngõ 39 Phạm Tuấn Tài,Phường Cổ Nhuế 1,Quận Bắc Từ Liêm,Hà Nội,"14, Ngõ 39 Phạm Tuấn Tài, Phường Cổ Nhuế 1, Quận Bắc Từ Liêm, Hà Nội",way:3d77dfb898d35442e6d9644f7c77a4bd1b74fef5654db7b4d99fceb303bd9310,Bac,cu
node,12094871163,01,Đường Nội Khu Mỹ Phú 3A,Tân Phú,Quận 7,Thành phố Hồ Chí Minh,"01, Đường Nội Khu Mỹ Phú 3A, Tân Phú, Quận 7, Thành phố Hồ Chí Minh","node:10.7160109,106.7288025",Nam,cu
node,5485879965,229,Phố Tây Sơn,Ngã Tư Sở,Đống Đa,Hà Nội,"229, Phố Tây Sơn, Ngã Tư Sở, Đống Đa, Hà Nội","node:21.0068776,105.8229047",Bac,cu
node,7922816504,128,Lê Quang Định,phường 14,Bình Thạnh,TP Hồ Chí Minh,"128, Lê Quang Định, phường 14, Bình Thạnh, TP Hồ Chí Minh","node:10.8057939,106.6975366",Nam,cu
node,11372720535,SH15-24,San Hô 15,Đa Tốn,Gia Lâm,Hà Nội,"SH15-24, San Hô 15, Đa Tốn, Gia Lâm, Hà Nội","node:20.9922737,105.9459674",Bac,cu
node,12230059534,86,Phố Cửa Bắc,Quán Thánh,Ba Đình,Hà Nội,"86, Phố Cửa Bắc, Quán Thánh, Ba Đình, Hà Nội","node:21.0421332,105.8424306",Bac,cu
node,5253676948,132/2,3/2,Xuân Khánh,Ninh Kiều,Cần Thơ,"132/2, 3/2, Xuân Khánh, Ninh Kiều, Cần Thơ","node:10.0278955,105.7706809",Nam,cu
node,11572079076,7,Ngách 1/84 Phạm Tuấn Tài,Phường Dịch Vọng Hậu,Quận Cầu Giấy,Hà Nội,"7, Ngách 1/84 Phạm Tuấn Tài, Phường Dịch Vọng Hậu, Quận Cầu Giấy, Hà Nội","node:21.0432989,105.7844444",Bac,cu
node,11351081413,NT12-17,Ngọc Trai 12,Đa Tốn,Gia Lâm,Hà Nội,"NT12-17, Ngọc Trai 12, Đa Tốn, Gia Lâm, Hà Nội","node:20.9982969,105.9476984",Bac,cu
node,11353528105,NT05-26,Ngọc Trai 5,Đa Tốn,Gia Lâm,Hà Nội,"NT05-26, Ngọc Trai 5, Đa Tốn, Gia Lâm, Hà Nội","node:20.9958256,105.9497482",Bac,cu
node,6543734034,105,Phan Đình Phùng,Tân An,Ninh Kiều,Cần Thơ,"105, Phan Đình Phùng, Tân An, Ninh Kiều, Cần Thơ","node:10.0292458,105.7867472",Nam,cu
way,1242752827,24,Ngõ 3 Phạm Tuấn Tài,Phường Dịch Vọng Hậu,Quận Cầu Giấy,Hà Nội,"24, Ngõ 3 Phạm Tuấn Tài, Phường Dịch Vọng Hậu, Quận Cầu Giấy, Hà Nội",way:485c7daeb1b4280a05f4bebfa850661fadb5231b1e2e4614fb87e781f5bada35,Bac,cu
way,582806677,"ttổ 17, tập thể Gỗ",Ngô Gia Tự,đức giang,Long biên,Hà Nội,"ttổ 17, tập thể Gỗ, Ngô Gia Tự, đức giang, Long biên, Hà Nội",way:f28a9ddb46f1091d8d37e26d6c476d3463ee7c695dee8e39474cab2b961f6a7e,Bac,cu
node,11659995716,27,Phố Thái Phiên,Lê Đại Hành,Hai Bà Trưng,Hà Nội,"27, Phố Thái Phiên, Lê Đại Hành, Hai Bà Trưng, Hà Nội","node:21.0104013,105.8500840",Bac,cu
way,727014722,583,Sư Vạn Hạnh,13,10,TP.Hồ Chí Minh,"583, Sư Vạn Hạnh, 13, 10, TP.Hồ Chí Minh",way:0b2c38e67dfb0a214d362b9061345f417db8c1868c355646c5af6211b2e24cef,Nam,cu
node,11782308810,187/38,Hẻm 187 Minh Phụng,Phường 09,Quận 6,Thành phố Hồ Chí Minh,"187/38, Hẻm 187 Minh Phụng, Phường 09, Quận 6, Thành phố Hồ Chí Minh","node:10.7530295,106.6429299",Nam,cu
way,904135117,74,Phố Nam Đồng,Nam Đồng,Đống Đa,Hà Nội,"74, Phố Nam Đồng, Nam Đồng, Đống Đa, Hà Nội",way:9ccd1f32157fbf00876adb805a4bcbfceced3eaccfed73f61a9c77ead3bc7fcc,Bac,cu
way,1234867606,16,Phố Đoàn Trần Nghiệp,Nguyễn Du,Hai Bà Trưng,Hà Nội,"16, Phố Đoàn Trần Nghiệp, Nguyễn Du, Hai Bà Trưng, Hà Nội",way:0861cf4e81ad32c0a83d2684111492eed59e0117cf4707de2ac704f90ca22a01,Bac,cu
way,1243455287,33A,Ngõ 6 Trần Quốc Hoàn,Phường Dịch Vọng Hậu,Quận Cầu Giấy,Hà Nội,"33A, Ngõ 6 Trần Quốc Hoàn, Phường Dịch Vọng Hậu, Quận Cầu Giấy, Hà Nội",way:883f8cea61a12e9940e61d102d1476537dded056bb07ca14133b8d7c02c5e115,Bac,cu
node,11586915423,12,Ngõ 445 Hoàng Quốc Việt,Phường Cổ Nhuế 1,Quận Bắc Từ Liêm,Hà Nội,"12, Ngõ 445 Hoàng Quốc Việt, Phường Cổ Nhuế 1, Quận Bắc Từ Liêm, Hà Nội","node:21.0456618,105.7852499",Bac,cu
way,1301591120,10,Ngõ 71 Lê Hồng Phong,Phường Điện Biên,Quận Ba Đình,Hà Nội,"10, Ngõ 71 Lê Hồng Phong, Phường Điện Biên, Quận Ba Đình, Hà Nội",way:cb21599424f4fb5d90d48c8f0c749a82a6a45b529de78cdcaa51f8c7e297252a,Bac,cu
way,582105477,164,Ngô Gia Tự,Đức Giang,Long Biên,Hà Nội,"164, Ngô Gia Tự, Đức Giang, Long Biên, Hà Nội",way:b8bcf8363772d24e19901bf1a76d835437549e6f739023d1eaf90dd2d2222b17,Bac,cu
node,11353528165,NT02-02,Ngọc Trai 2,Đa Tốn,Gia Lâm,Hà Nội,"NT02-02, Ngọc Trai 2, Đa Tốn, Gia Lâm, Hà Nội","node:20.9955991,105.9509814",Bac,cu
way,1211638401,7,Ngõ 238 Hoàng Quốc Việt,Phường Cổ Nhuế 1,Quận Bắc Từ Liêm,Hà Nội,"7, Ngõ 238 Hoàng Quốc Việt, Phường Cổ Nhuế 1, Quận Bắc Từ Liêm, Hà Nội",way:18bcd6d6d7fef3abb04029cac4df3eabd8f39054e8efc3287c6413dbd48dac34,Bac,cu
node,2390623073,NV 31,Khu đô thị Trung Văn,phường Trung Văn,quận Nam Từ Liêm,Hà Nội,"NV 31, Khu đô thị Trung Văn, phường Trung Văn, quận Nam Từ Liêm, Hà Nội","node:20.9926600,105.7887327",Bac,cu
way,1223678154,NT18-18,Ngọc Trai 18,Đa Tốn,Gia Lâm,Hà Nội,"NT18-18, Ngọc Trai 18, Đa Tốn, Gia Lâm, Hà Nội",way:ccdf1ec16d7b0c4140ce187af4819cb2e5d2d90ac894c0f500900f510e0ae480,Bac,cu
way,1217136737,183,Ngõ Xã Đàn 2,Nam Đồng,Đống Đa,Hà Nội,"183, Ngõ Xã Đàn 2, Nam Đồng, Đống Đa, Hà Nội",way:c46efd5e61b7510cef694394e4800a3191c8ccf1fc2dc2681e9a0d5b14c31256,Bac,cu
way,913350031,557,Đường Nguyễn Văn Linh,Sài Đồng,Long Biên,Hà Nội,"557, Đường Nguyễn Văn Linh, Sài Đồng, Long Biên, Hà Nội",way:b560370ba6cc66fd639ae75190b2c67843ad06ee15011c68bf9e3b8912aec24f,Bac,cu
node,12875629094,353,Đường Trần Hưng Đạo,Phường Đại Phúc,Thành phố Bắc Ninh,Bắc Ninh,"353, Đường Trần Hưng Đạo, Phường Đại Phúc, Thành phố Bắc Ninh, Bắc Ninh","node:21.1787383,106.0703704",Bac,cu
node,11633344429,86,Đường Long Biên 1,Ngọc Lâm,Long Biên,Hà Nội,"86, Đường Long Biên 1, Ngọc Lâm, Long Biên, Hà Nội","node:21.0455249,105.8690094",Bac,cu
way,1242752834,56,Phố Đặng Thùy Trâm,Phường Dịch Vọng Hậu,Quận Cầu Giấy,Hà Nội,"56, Phố Đặng Thùy Trâm, Phường Dịch Vọng Hậu, Quận Cầu Giấy, Hà Nội",way:c82f5a92d840fa1c7e031534fd2387fbbf68caa49ee4938b53df771451da20bc,Bac,cu
node,12109870290,43,Đường Số 18,Phường Tân Phú,Quận 7,Thành phố Hồ Chí Minh,"43, Đường Số 18, Phường Tân Phú, Quận 7, Thành phố Hồ Chí Minh","node:10.7204660,106.7280052",Nam,cu
way,1030834533,10,Đường Nguyên Phi Ỷ Lan,Phường Suối Hoa,Thành phố Bắc Ninh,Bắc Ninh,"10, Đường Nguyên Phi Ỷ Lan, Phường Suối Hoa, Thành phố Bắc Ninh, Bắc Ninh",way:12f77bbe345cd88876d829e3a0963de000f1c0021c49b2d91b59e08024e4e480,Bac,cu
way,1320451489,52,Lê Công Kiều,Phường Nguyễn Thái Bình,Quận 1,Thành phố Hồ Chí Minh,"52, Lê Công Kiều, Phường Nguyễn Thái Bình, Quận 1, Thành phố Hồ Chí Minh",way:3c41664873f67df64feaaba4c1fe7f960df02579ae497a1c47ccfc7d7ac5479d,Bac,cu
way,995203397,638,Đường Nguyễn Thị Đinh,Thạnh Mỹ Lợi,TP. Thủ Đức,TP. Hồ Chí Minh,"638, Đường Nguyễn Thị Đinh, Thạnh Mỹ Lợi, TP. Thủ Đức, TP. Hồ Chí Minh",way:45c1c3425a15865605da433746df841d788a35750263b2e4c6c4d03ea4c5166b,Nam,cu
way,582105476,168,Ngô Gia Tự,Đức Giang,Long Biên,Hà Nội,"168, Ngô Gia Tự, Đức Giang, Long Biên, Hà Nội",way:7a1e56d02e505efc0b73b440dab9cb1a2f35d83b7f2835ea73d031523989c12e,Bac,cu
node,11572060365,11,Ngách 1/88 Phạm Tuấn Tài,Phường Dịch Vọng Hậu,Quận Cầu Giấy,Hà Nội,"11, Ngách 1/88 Phạm Tuấn Tài, Phường Dịch Vọng Hậu, Quận Cầu Giấy, Hà Nội","node:21.0433775,105.7846158",Bac,cu
way,862121595,384-1C,Nam Kỳ Khởi Nghĩa,Phường Võ Thị Sáu,Quận 3,Thành phố Hồ Chí Minh,"384-1C, Nam Kỳ Khởi Nghĩa, Phường Võ Thị Sáu, Quận 3, Thành phố Hồ Chí Minh",way:04e941c925387667b11b02b50196d34968eab077c2f4e69e7729bf6411065061,Nam,cu
way,1247735318,48,Phố Bùi Thị Xuân,Nguyễn Du,Hai Bà Trưng,Hà Nội,"48, Phố Bùi Thị Xuân, Nguyễn Du, Hai Bà Trưng, Hà Nội",way:5fa40c41fe084edf5043bd5c318705ef26fca819fe0fbdbffa3997f6fa384efc,Bac,cu
way,488435095,131,Lương Nhữ Hộc,Khuê Trung,Cẩm Lệ,Đà Nẵng,"131, Lương Nhữ Hộc, Khuê Trung, Cẩm Lệ, Đà Nẵng",way:19372c2166a028123c17d987d90fc519ac1a542f3d170dd879811a9c49d2f9a0,Trung,cu
node,12765645724,166,Đường Ngọc Hân Công Chúa,Phường Võ Cường,Thành phố Bắc Ninh,Bắc Ninh,"166, Đường Ngọc Hân Công Chúa, Phường Võ Cường, Thành phố Bắc Ninh, Bắc Ninh","node:21.1731566,106.0601677",Bac,cu
way,343923392,43,Khu dân cư số 9,Xuân Khánh,Ninh Kiều,Cần Thơ,"43, Khu dân cư số 9, Xuân Khánh, Ninh Kiều, Cần Thơ",way:6c194d4ce39b98eb3437559fb6c5f886998961dac1ffccea03a5c4b198151668,Nam,cu
node,11286510015,151B,Đường Đê La Thành,Nam Đồng,Đống Đa,Hà Nội,"151B, Đường Đê La Thành, Nam Đồng, Đống Đa, Hà Nội","node:21.0174995,105.8314573",Bac,cu
way,860294713,162A,Phố Tôn Đức Thắng,Hàng Bột,Đống Đa,Hà Nội,"162A, Phố Tôn Đức Thắng, Hàng Bột, Đống Đa, Hà Nội",way:d645c5c9a836c6ac8bee5de2938374fe69489eec0ef7df662299cfc713e9071d,Bac,cu
node,11372798743,SH02-03,San Hô 2,Đa Tốn,Gia Lâm,Hà Nội,"SH02-03, San Hô 2, Đa Tốn, Gia Lâm, Hà Nội","node:20.9903832,105.9498334",Bac,cu
way,314486143,41,Lê Duẩn,Hải Châu 1,Hải Châu,Đà Nẵng,"41, Lê Duẩn, Hải Châu 1, Hải Châu, Đà Nẵng",way:d17c927d19b7f6ff16188c6444aaa2fdba61dcf16f7018ff4862cf60d4355465,Trung,cu
node,11586961131,1,Ngõ 12 Phạm Tuấn Tài,Phường Dịch Vọng Hậu,Quận Cầu Giấy,Hà Nội,"1, Ngõ 12 Phạm Tuấn Tài, Phường Dịch Vọng Hậu, Quận Cầu Giấy, Hà Nội","node:21.0424110,105.7865747",Bac,cu
node,12896303095,61,Phố Nguyễn Văn Trỗi,Phường Đình Bảng,Thành phố Từ Sơn,Bắc Ninh,"61, Phố Nguyễn Văn Trỗi, Phường Đình Bảng, Thành phố Từ Sơn, Bắc Ninh","node:21.1100591,105.9511216",Bac,cu
node,12906294291,2,Đường Rạp Hát,Phường Tiền Ninh Vệ,Thành phố Bắc Ninh,Bắc Ninh,"2, Đường Rạp Hát, Phường Tiền Ninh Vệ, Thành phố Bắc Ninh, Bắc Ninh","node:21.1818639,106.0631944",Bac,cu
node,12917463233,166,Đường Thiên Đức,Phường Tiền Ninh Vệ,Thành phố Bắc Ninh,Bắc Ninh,"166, Đường Thiên Đức, Phường Tiền Ninh Vệ, Thành phố Bắc Ninh, Bắc Ninh","node:21.1846445,106.0631890",Bac,cu
way,1213659919,308,Vườn Lài,Phú Thọ Hòa,Tân Phú,Phường Phú Thọ Hòa,"308, Vườn Lài, Phú Thọ Hòa, Tân Phú, Phường Phú Thọ Hòa",way:6bda7264d6cd2cd9e0d69817133d13a3c9d0b7aecf82dc4049982466bb201fd6,Bac,cu
way,1223678257,NT11-10,Ngọc Trai 11,Đa Tốn,Gia Lâm,Hà Nội,"NT11-10, Ngọc Trai 11, Đa Tốn, Gia Lâm, Hà Nội",way:001497273114ab84a9f41f8f479049ccff2fcb8cc1d6b78c11d397362bb5cb6f,Bac,cu
way,1034999543,47,Đường Điện Biên Phủ,Phường Điện Biên,Quận Ba Đình,Hà Nội,"47, Đường Điện Biên Phủ, Phường Điện Biên, Quận Ba Đình, Hà Nội",way:7879a93ac916c415d28db9829cf1c7c9181b0446ae6b93db02a94df5315e9b00,Bac,cu
way,1234787087,8,Phố Lý Đạo Thành,Tràng Tiền,Hoàn Kiếm,Hà Nội,"8, Phố Lý Đạo Thành, Tràng Tiền, Hoàn Kiếm, Hà Nội",way:d8f67de3c5e2bdbb1ca765dfa72addb67c975cf6dd49f70e570918a3122f4c1a,Bac,cu
way,1223691857,NT07-10,Ngọc Trai 7,Đa Tốn,Gia Lâm,Hà Nội,"NT07-10, Ngọc Trai 7, Đa Tốn, Gia Lâm, Hà Nội",way:463e8875f6d173db568cb9bf4c5d802aee6b17ff9dbe9387698d7c23d9553b13,Bac,cu
way,904135122,44,Phố Trần Hữu Tước,Nam Đồng,Đống Đa,Hà Nội,"44, Phố Trần Hữu Tước, Nam Đồng, Đống Đa, Hà Nội",way:d2c6766c518af95251cddb3e1099bf2a8abda312d4c914f8166ba608f4568da5,Bac,cu
node,12187407317,103,Đường Bến Phú Định,Phường 16,Quận 8,Thành phố Hồ Chí Minh,"103, Đường Bến Phú Định, Phường 16, Quận 8, Thành phố Hồ Chí Minh","node:10.7127750,106.6236886",Nam,cu
node,7904772876,Khu tái định cư,Quốc lộ 3,Phù Lỗ,Sóc Sơn,Hà Nội,"Khu tái định cư, Quốc lộ 3, Phù Lỗ, Sóc Sơn, Hà Nội","node:21.2088317,105.8493402",Bac,cu
way,1247735309,89,Phố Bà Triệu,Nguyễn Du,Hai Bà Trưng,Hà Nội,"89, Phố Bà Triệu, Nguyễn Du, Hai Bà Trưng, Hà Nội",way:4e7862e5f7c3a0a947da8d4c93f48b9e4f827575cf6e2187e8b3920528d38879,Bac,cu
way,849491260,37,Đường Lê Văn Lương,Nhân Chính,Thanh Xuân,Hà Nội,"37, Đường Lê Văn Lương, Nhân Chính, Thanh Xuân, Hà Nội",way:a7d0da5858d8c88f432ee420f00867a5feaefae95f811a7790ad0daf278b93aa,Bac,cu
way,1305666189,44,Phố Trần Phú,Phường Điện Biên,Quận Ba Đình,Hà Nội,"44, Phố Trần Phú, Phường Điện Biên, Quận Ba Đình, Hà Nội",way:83a633d0d7e1a887f9aa2fad22ea371edf0f19034caf098129ece5eb2ef7b557,Bac,cu
way,1163872123,50,Đường Thụy Khuê,Thụy Khuê,Tây Hồ,Hà Nội,"50, Đường Thụy Khuê, Thụy Khuê, Tây Hồ, Hà Nội",way:ff077448f5654bb9e9313b6870e78dd3048df5668fd906f2e46f40121ab6c798,Bac,cu
