ChuoiDiaChi,SoNha,TenDuong,PhuongXa,QuanHuyen,TinhThanh,KieuLai,HeQuyChieu,Span_He_Detail,LoaiAnhXa,QuanHe,HinhThucSapNhap,Nguon
"6, Ngõ 42 Phố Trần Bình Trọng, Phường Phương Liễu, Thị xã Quế Võ, Bắc Ninh",6,Ngõ 42 Phố Trần Bình Trọng,Phường Phương Liễu,Thị xã Quế Võ,Bắc Ninh,C1_PhuongMoi_QuanCu_TinhCu,Lai,"{""PhuongXa"": ""moi"", ""QuanHuyen"": ""cu"", ""TinhThanh"": ""cu""}",B,N-1,Hợp nhất toàn bộ,OSM snapshot + vietnam-sap-nhap-phuong-xa.csv
"55, Đường Trần Hưng Đạo, Phường Quế Võ, Thị xã Quế Võ, Bắc Ninh",55,Đường Trần Hưng Đạo,Phường Quế Võ,Thị xã Quế Võ,Bắc Ninh,C1_PhuongMoi_QuanCu_TinhCu,Lai,"{""PhuongXa"": ""moi"", ""QuanHuyen"": ""cu"", ""TinhThanh"": ""cu""}",B,N-1,Hợp nhất toàn bộ,OSM snapshot + vietnam-sap-nhap-phuong-xa.csv
"323, Đường Hoàng Quốc Việt, Phường Thị Cầu, Thành phố Bắc Ninh, Tỉnh Bắc Ninh",323,Đường Hoàng Quốc Việt,Phường Thị Cầu,Thành phố Bắc Ninh,Tỉnh Bắc Ninh,C3_PhuongCu_QuanCu_TinhMoi,Lai,"{""PhuongXa"": ""cu"", ""QuanHuyen"": ""cu"", ""TinhThanh"": ""moi""}",B,N-1,Hợp nhất toàn bộ,OSM snapshot + vietnam-sap-nhap-phuong-xa.csv
"3, Ngõ 50 Phố Trần Bình Trọng, Phường Phương Liễu, Thị xã Quế Võ, Bắc Ninh",3,Ngõ 50 Phố Trần Bình Trọng,Phường Phương Liễu,Thị xã Quế Võ,Bắc Ninh,C1_PhuongMoi_QuanCu_TinhCu,Lai,"{""PhuongXa"": ""moi"", ""QuanHuyen"": ""cu"", ""TinhThanh"": ""cu""}",B,N-1,Hợp nhất toàn bộ,OSM snapshot + vietnam-sap-nhap-phuong-xa.csv
"120, Phố Nghĩa Tân, Phường Nghĩa Đô, Quận Cầu Giấy, Hà Nội",120,Phố Nghĩa Tân,Phường Nghĩa Đô,Quận Cầu Giấy,Hà Nội,C1_PhuongMoi_QuanCu_TinhCu,Lai,"{""PhuongXa"": ""moi"", ""QuanHuyen"": ""cu"", ""TinhThanh"": ""cu""}",B,N-1,Hợp nhất toàn bộ,OSM snapshot + vietnam-sap-nhap-phuong-xa.csv
"32, Đường Vũ Ninh, Phường Vũ Ninh, Thành phố Bắc Ninh, Bắc Ninh",32,Đường Vũ Ninh,Phường Vũ Ninh,Thành phố Bắc Ninh,Bắc Ninh,C1_PhuongMoi_QuanCu_TinhCu,Lai,"{""PhuongXa"": ""moi"", ""QuanHuyen"": ""cu"", ""TinhThanh"": ""cu""}",B,N-1,Hợp nhất toàn bộ,OSM snapshot + vietnam-sap-nhap-phuong-xa.csv
"6, Ngõ 2 Phố Trần Bình Trọng, Phường Phương Liễu, Thị xã Quế Võ, Bắc Ninh",6,Ngõ 2 Phố Trần Bình Trọng,Phường Phương Liễu,Thị xã Quế Võ,Bắc Ninh,C1_PhuongMoi_QuanCu_TinhCu,Lai,"{""PhuongXa"": ""moi"", ""QuanHuyen"": ""cu"", ""TinhThanh"": ""cu""}",B,N-1,Hợp nhất toàn bộ,OSM snapshot + vietnam-sap-nhap-phuong-xa.csv
"5, Phố Nguyễn Văn Trỗi, Phường Kinh Bắc, Thành phố Bắc Ninh, Tỉnh Bắc Ninh",5,Phố Nguyễn Văn Trỗi,Phường Kinh Bắc,Thành phố Bắc Ninh,Tỉnh Bắc Ninh,C2_PhuongMoi_QuanCu_TinhMoi,Lai,"{""PhuongXa"": ""moi"", ""QuanHuyen"": ""cu"", ""TinhThanh"": ""moi""}",B,N-1,Hợp nhất toàn bộ,OSM snapshot + vietnam-sap-nhap-phuong-xa.csv
"5, Ngõ 1031 Đường Quang Trung, Phường Quế Võ, Thị xã Quế Võ, Bắc Ninh",5,Ngõ 1031 Đường Quang Trung,Phường Quế Võ,Thị xã Quế Võ,Bắc Ninh,C1_PhuongMoi_QuanCu_TinhCu,Lai,"{""PhuongXa"": ""moi"", ""QuanHuyen"": ""cu"", ""TinhThanh"": ""cu""}",B,N-1,Hợp nhất toàn bộ,OSM snapshot + vietnam-sap-nhap-phuong-xa.csv
"282, Đường Nguyễn Văn Cừ, Phường Võ Cường, Thành phố Bắc Ninh, Bắc Ninh",282,Đường Nguyễn Văn Cừ,Phường Võ Cường,Thành phố Bắc Ninh,Bắc Ninh,C1_PhuongMoi_QuanCu_TinhCu,Lai,"{""PhuongXa"": ""moi"", ""QuanHuyen"": ""cu"", ""TinhThanh"": ""cu""}",B,N-1,Hợp nhất toàn bộ,OSM snapshot + vietnam-sap-nhap-phuong-xa.csv
"408, Đường Thiên Đức, Phường Kinh Bắc, Thành phố Bắc Ninh, Bắc Ninh",408,Đường Thiên Đức,Phường Kinh Bắc,Thành phố Bắc Ninh,Bắc Ninh,C1_PhuongMoi_QuanCu_TinhCu,Lai,"{""PhuongXa"": ""moi"", ""QuanHuyen"": ""cu"", ""TinhThanh"": ""cu""}",B,N-1,Hợp nhất toàn bộ,OSM snapshot + vietnam-sap-nhap-phuong-xa.csv
"11C, Phố Phùng Hưng, Phường Hoàn Kiếm, Quận Hoàn Kiếm, Hà Nội",11C,Phố Phùng Hưng,Phường Hoàn Kiếm,Quận Hoàn Kiếm,Hà Nội,C1_PhuongMoi_QuanCu_TinhCu,Lai,"{""PhuongXa"": ""moi"", ""QuanHuyen"": ""cu"", ""TinhThanh"": ""cu""}",B,N-1,Hợp nhất toàn bộ,OSM snapshot + vietnam-sap-nhap-phuong-xa.csv
"915, Đường 3 Tháng 2, Phường Minh Phụng, Quận 11, Thành phố Hồ Chí Minh",915,Đường 3 Tháng 2,Phường Minh Phụng,Quận 11,Thành phố Hồ Chí Minh,C1_PhuongMoi_QuanCu_TinhCu,Lai,"{""PhuongXa"": ""moi"", ""QuanHuyen"": ""cu"", ""TinhThanh"": ""cu""}",B,N-1,Hợp nhất toàn bộ,OSM snapshot + vietnam-sap-nhap-phuong-xa.csv
"1031, Đường Quang Trung, Phường Phố Mới, Thị xã Quế Võ, Tỉnh Bắc Ninh",1031,Đường Quang Trung,Phường Phố Mới,Thị xã Quế Võ,Tỉnh Bắc Ninh,C3_PhuongCu_QuanCu_TinhMoi,Lai,"{""PhuongXa"": ""cu"", ""QuanHuyen"": ""cu"", ""TinhThanh"": ""moi""}",B,N-1,Hợp nhất toàn bộ,OSM snapshot + vietnam-sap-nhap-phuong-xa.csv
"216, Phố Lương Định Của, Phường Phương Liễu, Thị xã Quế Võ, Bắc Ninh",216,Phố Lương Định Của,Phường Phương Liễu,Thị xã Quế Võ,Bắc Ninh,C1_PhuongMoi_QuanCu_TinhCu,Lai,"{""PhuongXa"": ""moi"", ""QuanHuyen"": ""cu"", ""TinhThanh"": ""cu""}",B,N-1,Hợp nhất toàn bộ,OSM snapshot + vietnam-sap-nhap-phuong-xa.csv
"A58, Đường Nội Khu 1, Phường Tân Mỹ, Quận 7, Thành phố Hồ Chí Minh",A58,Đường Nội Khu 1,Phường Tân Mỹ,Quận 7,Thành phố Hồ Chí Minh,C1_PhuongMoi_QuanCu_TinhCu,Lai,"{""PhuongXa"": ""moi"", ""QuanHuyen"": ""cu"", ""TinhThanh"": ""cu""}",B,N-1,Hợp nhất toàn bộ,OSM snapshot + vietnam-sap-nhap-phuong-xa.csv
"242, Đường Thiên Đức, Phường Kinh Bắc, Thành phố Bắc Ninh, Bắc Ninh",242,Đường Thiên Đức,Phường Kinh Bắc,Thành phố Bắc Ninh,Bắc Ninh,C1_PhuongMoi_QuanCu_TinhCu,Lai,"{""PhuongXa"": ""moi"", ""QuanHuyen"": ""cu"", ""TinhThanh"": ""cu""}",B,N-1,Hợp nhất toàn bộ,OSM snapshot + vietnam-sap-nhap-phuong-xa.csv
"26, Đường Nội Khu 02, Phường Tân Mỹ, Quận 7, Thành phố Hồ Chí Minh",26,Đường Nội Khu 02,Phường Tân Mỹ,Quận 7,Thành phố Hồ Chí Minh,C1_PhuongMoi_QuanCu_TinhCu,Lai,"{""PhuongXa"": ""moi"", ""QuanHuyen"": ""cu"", ""TinhThanh"": ""cu""}",B,N-1,Hợp nhất toàn bộ,OSM snapshot + vietnam-sap-nhap-phuong-xa.csv
"472/56, Đường Cách Mạng Tháng 8, Phường Nhiêu Lộc, Quận 3, Hồ Chí Minh",472/56,Đường Cách Mạng Tháng 8,Phường Nhiêu Lộc,Quận 3,Hồ Chí Minh,C1_PhuongMoi_QuanCu_TinhCu,Lai,"{""PhuongXa"": ""moi"", ""QuanHuyen"": ""cu"", ""TinhThanh"": ""cu""}",B,N-1,Hợp nhất toàn bộ,OSM snapshot + vietnam-sap-nhap-phuong-xa.csv
"6, Phố Nam Tràng, Phường Ba Đình, Quận Ba Đình, Hà Nội",6,Phố Nam Tràng,Phường Ba Đình,Quận Ba Đình,Hà Nội,C1_PhuongMoi_QuanCu_TinhCu,Lai,"{""PhuongXa"": ""moi"", ""QuanHuyen"": ""cu"", ""TinhThanh"": ""cu""}",B,N-1,Hợp nhất toàn bộ,OSM snapshot + vietnam-sap-nhap-phuong-xa.csv
"Công viên hoa anh đào, Đường số 15, Phường Tân Mỹ, quận 7, Hồ Chí Minh",Công viên hoa anh đào,Đường số 15,Phường Tân Mỹ,quận 7,Hồ Chí Minh,C1_PhuongMoi_QuanCu_TinhCu,Lai,"{""PhuongXa"": ""moi"", ""QuanHuyen"": ""cu"", ""TinhThanh"": ""cu""}",B,N-1,Hợp nhất toàn bộ,OSM snapshot + vietnam-sap-nhap-phuong-xa.csv
"126, Đường Hoàng Quốc Việt, Phường Thị Cầu, Thành phố Bắc Ninh, Tỉnh Bắc Ninh",126,Đường Hoàng Quốc Việt,Phường Thị Cầu,Thành phố Bắc Ninh,Tỉnh Bắc Ninh,C3_PhuongCu_QuanCu_TinhMoi,Lai,"{""PhuongXa"": ""cu"", ""QuanHuyen"": ""cu"", ""TinhThanh"": ""moi""}",B,N-1,Hợp nhất toàn bộ,OSM snapshot + vietnam-sap-nhap-phuong-xa.csv
"133, Đường Ngô Gia Tự, Phường Vũ Ninh, Thành phố Bắc Ninh, Tỉnh Bắc Ninh",133,Đường Ngô Gia Tự,Phường Vũ Ninh,Thành phố Bắc Ninh,Tỉnh Bắc Ninh,C2_PhuongMoi_QuanCu_TinhMoi,Lai,"{""PhuongXa"": ""moi"", ""QuanHuyen"": ""cu"", ""TinhThanh"": ""moi""}",B,N-1,Hợp nhất toàn bộ,OSM snapshot + vietnam-sap-nhap-phuong-xa.csv
"4, Đường Nguyên Phi Ỷ Lan, Phường Suối Hoa, Thành phố Bắc Ninh, Tỉnh Bắc Ninh",4,Đường Nguyên Phi Ỷ Lan,Phường Suối Hoa,Thành phố Bắc Ninh,Tỉnh Bắc Ninh,C3_PhuongCu_QuanCu_TinhMoi,Lai,"{""PhuongXa"": ""cu"", ""QuanHuyen"": ""cu"", ""TinhThanh"": ""moi""}",B,N-1,Hợp nhất toàn bộ,OSM snapshot + vietnam-sap-nhap-phuong-xa.csv
"26, Phố Nguyễn Đình Trạch, Phường Phương Liễu, Thị xã Quế Võ, Bắc Ninh",26,Phố Nguyễn Đình Trạch,Phường Phương Liễu,Thị xã Quế Võ,Bắc Ninh,C1_PhuongMoi_QuanCu_TinhCu,Lai,"{""PhuongXa"": ""moi"", ""QuanHuyen"": ""cu"", ""TinhThanh"": ""cu""}",B,N-1,Hợp nhất toàn bộ,OSM snapshot + vietnam-sap-nhap-phuong-xa.csv
"53, Đường Đấu Mã, Phường Vũ Ninh, Thành phố Bắc Ninh, Tỉnh Bắc Ninh",53,Đường Đấu Mã,Phường Vũ Ninh,Thành phố Bắc Ninh,Tỉnh Bắc Ninh,C2_PhuongMoi_QuanCu_TinhMoi,Lai,"{""PhuongXa"": ""moi"", ""QuanHuyen"": ""cu"", ""TinhThanh"": ""moi""}",B,N-1,Hợp nhất toàn bộ,OSM snapshot + vietnam-sap-nhap-phuong-xa.csv
"49, Đường Số 19, Phường Tân Mỹ, Quận 7, Thành phố Hồ Chí Minh",49,Đường Số 19,Phường Tân Mỹ,Quận 7,Thành phố Hồ Chí Minh,C1_PhuongMoi_QuanCu_TinhCu,Lai,"{""PhuongXa"": ""moi"", ""QuanHuyen"": ""cu"", ""TinhThanh"": ""cu""}",B,N-1,Hợp nhất toàn bộ,OSM snapshot + vietnam-sap-nhap-phuong-xa.csv
"16, Đường Nội Khu 04, Phường Tân Mỹ, Quận 7, Thành phố Hồ Chí Minh",16,Đường Nội Khu 04,Phường Tân Mỹ,Quận 7,Thành phố Hồ Chí Minh,C1_PhuongMoi_QuanCu_TinhCu,Lai,"{""PhuongXa"": ""moi"", ""QuanHuyen"": ""cu"", ""TinhThanh"": ""cu""}",B,N-1,Hợp nhất toàn bộ,OSM snapshot + vietnam-sap-nhap-phuong-xa.csv
"10, Đường Nguyên Phi Ỷ Lan, Phường Suối Hoa, Thành phố Bắc Ninh, Tỉnh Bắc Ninh",10,Đường Nguyên Phi Ỷ Lan,Phường Suối Hoa,Thành phố Bắc Ninh,Tỉnh Bắc Ninh,C3_PhuongCu_QuanCu_TinhMoi,Lai,"{""PhuongXa"": ""cu"", ""QuanHuyen"": ""cu"", ""TinhThanh"": ""moi""}",B,N-1,Hợp nhất toàn bộ,OSM snapshot + vietnam-sap-nhap-phuong-xa.csv
"114, Phố Bồ Sơn, Phường Võ Cường, Thành phố Bắc Ninh, Tỉnh Bắc Ninh",114,Phố Bồ Sơn,Phường Võ Cường,Thành phố Bắc Ninh,Tỉnh Bắc Ninh,C2_PhuongMoi_QuanCu_TinhMoi,Lai,"{""PhuongXa"": ""moi"", ""QuanHuyen"": ""cu"", ""TinhThanh"": ""moi""}",B,N-1,Hợp nhất toàn bộ,OSM snapshot + vietnam-sap-nhap-phuong-xa.csv
"578, Đường Trần Phú, Phường Đình Bảng, Thành phố Từ Sơn, Tỉnh Bắc Ninh",578,Đường Trần Phú,Phường Đình Bảng,Thành phố Từ Sơn,Tỉnh Bắc Ninh,C3_PhuongCu_QuanCu_TinhMoi,Lai,"{""PhuongXa"": ""cu"", ""QuanHuyen"": ""cu"", ""TinhThanh"": ""moi""}",B,N-1,Hợp nhất toàn bộ,OSM snapshot + vietnam-sap-nhap-phuong-xa.csv
"146, Đường Khả Lễ, Phường Võ Cường, Thành phố Bắc Ninh, Bắc Ninh",146,Đường Khả Lễ,Phường Võ Cường,Thành phố Bắc Ninh,Bắc Ninh,C1_PhuongMoi_QuanCu_TinhCu,Lai,"{""PhuongXa"": ""moi"", ""QuanHuyen"": ""cu"", ""TinhThanh"": ""cu""}",B,N-1,Hợp nhất toàn bộ,OSM snapshot + vietnam-sap-nhap-phuong-xa.csv
"482/43G/11, Nơ Trang Long, Phường Bình Lợi Trung, Quận Bình Thạnh, Thành phố Hồ Chí Minh",482/43G/11,Nơ Trang Long,Phường Bình Lợi Trung,Quận Bình Thạnh,Thành phố Hồ Chí Minh,C1_PhuongMoi_QuanCu_TinhCu,Lai,"{""PhuongXa"": ""moi"", ""QuanHuyen"": ""cu"", ""TinhThanh"": ""cu""}",B,N-1,Hợp nhất toàn bộ,OSM snapshot + vietnam-sap-nhap-phuong-xa.csv
"153, Đường Nguyễn Gia Thiều, Phường Kinh Bắc, Thành phố Bắc Ninh, Bắc Ninh",153,Đường Nguyễn Gia Thiều,Phường Kinh Bắc,Thành phố Bắc Ninh,Bắc Ninh,C1_PhuongMoi_QuanCu_TinhCu,Lai,"{""PhuongXa"": ""moi"", ""QuanHuyen"": ""cu"", ""TinhThanh"": ""cu""}",B,N-1,Hợp nhất toàn bộ,OSM snapshot + vietnam-sap-nhap-phuong-xa.csv
"48, Đường Rạp Hát, Phường Kinh Bắc, Thành phố Bắc Ninh, Bắc Ninh",48,Đường Rạp Hát,Phường Kinh Bắc,Thành phố Bắc Ninh,Bắc Ninh,C1_PhuongMoi_QuanCu_TinhCu,Lai,"{""PhuongXa"": ""moi"", ""QuanHuyen"": ""cu"", ""TinhThanh"": ""cu""}",B,N-1,Hợp nhất toàn bộ,OSM snapshot + vietnam-sap-nhap-phuong-xa.csv
"255, Đường Nguyễn Gia Thiều, Phường Kinh Bắc, Thành phố Bắc Ninh, Tỉnh Bắc Ninh",255,Đường Nguyễn Gia Thiều,Phường Kinh Bắc,Thành phố Bắc Ninh,Tỉnh Bắc Ninh,C2_PhuongMoi_QuanCu_TinhMoi,Lai,"{""PhuongXa"": ""moi"", ""QuanHuyen"": ""cu"", ""TinhThanh"": ""moi""}",B,N-1,Hợp nhất toàn bộ,OSM snapshot + vietnam-sap-nhap-phuong-xa.csv
"95, Phố Đồng Kỵ 3, Phường Đồng Nguyên, Thành phố Từ Sơn, Bắc Ninh",95,Phố Đồng Kỵ 3,Phường Đồng Nguyên,Thành phố Từ Sơn,Bắc Ninh,C1_PhuongMoi_QuanCu_TinhCu,Lai,"{""PhuongXa"": ""moi"", ""QuanHuyen"": ""cu"", ""TinhThanh"": ""cu""}",B,N-1,Hợp nhất toàn bộ,OSM snapshot + vietnam-sap-nhap-phuong-xa.csv
"40, Đường Hoàng Quốc Việt, Phường Vũ Ninh, Thành phố Bắc Ninh, Tỉnh Bắc Ninh",40,Đường Hoàng Quốc Việt,Phường Vũ Ninh,Thành phố Bắc Ninh,Tỉnh Bắc Ninh,C2_PhuongMoi_QuanCu_TinhMoi,Lai,"{""PhuongXa"": ""moi"", ""QuanHuyen"": ""cu"", ""TinhThanh"": ""moi""}",B,N-1,Hợp nhất toàn bộ,OSM snapshot + vietnam-sap-nhap-phuong-xa.csv
"343, Đường Phạm Ngũ Lão, Phường Bến Thành, Quận 1, Thành phố Hồ Chí Minh",343,Đường Phạm Ngũ Lão,Phường Bến Thành,Quận 1,Thành phố Hồ Chí Minh,C2_PhuongMoi_QuanCu_TinhMoi,Lai,"{""PhuongXa"": ""moi"", ""QuanHuyen"": ""cu"", ""TinhThanh"": ""moi""}",B,N-1,Hợp nhất toàn bộ,OSM snapshot + vietnam-sap-nhap-phuong-xa.csv
"207, Phố Lương Định Của, Phường Phương Liễu, Thị xã Quế Võ, Bắc Ninh",207,Phố Lương Định Của,Phường Phương Liễu,Thị xã Quế Võ,Bắc Ninh,C1_PhuongMoi_QuanCu_TinhCu,Lai,"{""PhuongXa"": ""moi"", ""QuanHuyen"": ""cu"", ""TinhThanh"": ""cu""}",B,N-1,Hợp nhất toàn bộ,OSM snapshot + vietnam-sap-nhap-phuong-xa.csv
"33, Đường Rạp Hát, Phường Kinh Bắc, Thành phố Bắc Ninh, Bắc Ninh",33,Đường Rạp Hát,Phường Kinh Bắc,Thành phố Bắc Ninh,Bắc Ninh,C1_PhuongMoi_QuanCu_TinhCu,Lai,"{""PhuongXa"": ""moi"", ""QuanHuyen"": ""cu"", ""TinhThanh"": ""cu""}",B,N-1,Hợp nhất toàn bộ,OSM snapshot + vietnam-sap-nhap-phuong-xa.csv
"110, Đường Nguyễn Gia Thiều, Phường Kinh Bắc, Thành phố Bắc Ninh, Bắc Ninh",110,Đường Nguyễn Gia Thiều,Phường Kinh Bắc,Thành phố Bắc Ninh,Bắc Ninh,C1_PhuongMoi_QuanCu_TinhCu,Lai,"{""PhuongXa"": ""moi"", ""QuanHuyen"": ""cu"", ""TinhThanh"": ""cu""}",B,N-1,Hợp nhất toàn bộ,OSM snapshot + vietnam-sap-nhap-phuong-xa.csv
"23, Phố Yên Mẫn, Phường Kinh Bắc, Thành phố Bắc Ninh, Tỉnh Bắc Ninh",23,Phố Yên Mẫn,Phường Kinh Bắc,Thành phố Bắc Ninh,Tỉnh Bắc Ninh,C2_PhuongMoi_QuanCu_TinhMoi,Lai,"{""PhuongXa"": ""moi"", ""QuanHuyen"": ""cu"", ""TinhThanh"": ""moi""}",B,N-1,Hợp nhất toàn bộ,OSM snapshot + vietnam-sap-nhap-phuong-xa.csv
"72, Phố Đồng Kỵ 3, Phường Đồng Kỵ, Thành phố Từ Sơn, Tỉnh Bắc Ninh",72,Phố Đồng Kỵ 3,Phường Đồng Kỵ,Thành phố Từ Sơn,Tỉnh Bắc Ninh,C3_PhuongCu_QuanCu_TinhMoi,Lai,"{""PhuongXa"": ""cu"", ""QuanHuyen"": ""cu"", ""TinhThanh"": ""moi""}",B,N-1,Hợp nhất toàn bộ,OSM snapshot + vietnam-sap-nhap-phuong-xa.csv
"01, Đường Nội Khu 04, Phường Tân Mỹ, Quận 7, Thành phố Hồ Chí Minh",01,Đường Nội Khu 04,Phường Tân Mỹ,Quận 7,Thành phố Hồ Chí Minh,C1_PhuongMoi_QuanCu_TinhCu,Lai,"{""PhuongXa"": ""moi"", ""QuanHuyen"": ""cu"", ""TinhThanh"": ""cu""}",B,N-1,Hợp nhất toàn bộ,OSM snapshot + vietnam-sap-nhap-phuong-xa.csv
"10, Phố Hàng Cót, Phường Hoàn Kiếm, Quận Hoàn Kiếm, Hà Nội",10,Phố Hàng Cót,Phường Hoàn Kiếm,Quận Hoàn Kiếm,Hà Nội,C1_PhuongMoi_QuanCu_TinhCu,Lai,"{""PhuongXa"": ""moi"", ""QuanHuyen"": ""cu"", ""TinhThanh"": ""cu""}",B,N-1,Hợp nhất toàn bộ,OSM snapshot + vietnam-sap-nhap-phuong-xa.csv
"114, Đường Bà Chúa Kho, Phường Vũ Ninh, Thành phố Bắc Ninh, Tỉnh Bắc Ninh",114,Đường Bà Chúa Kho,Phường Vũ Ninh,Thành phố Bắc Ninh,Tỉnh Bắc Ninh,C2_PhuongMoi_QuanCu_TinhMoi,Lai,"{""PhuongXa"": ""moi"", ""QuanHuyen"": ""cu"", ""TinhThanh"": ""moi""}",B,N-1,Hợp nhất toàn bộ,OSM snapshot + vietnam-sap-nhap-phuong-xa.csv
"1A, Đường Võ Cường 10, Phường Võ Cường, Thành phố Bắc Ninh, Bắc Ninh",1A,Đường Võ Cường 10,Phường Võ Cường,Thành phố Bắc Ninh,Bắc Ninh,C1_PhuongMoi_QuanCu_TinhCu,Lai,"{""PhuongXa"": ""moi"", ""QuanHuyen"": ""cu"", ""TinhThanh"": ""cu""}",B,N-1,Hợp nhất toàn bộ,OSM snapshot + vietnam-sap-nhap-phuong-xa.csv
"136, Đường Khả Lễ, Phường Võ Cường, Thành phố Bắc Ninh, Bắc Ninh",136,Đường Khả Lễ,Phường Võ Cường,Thành phố Bắc Ninh,Bắc Ninh,C1_PhuongMoi_QuanCu_TinhCu,Lai,"{""PhuongXa"": ""moi"", ""QuanHuyen"": ""cu"", ""TinhThanh"": ""cu""}",B,N-1,Hợp nhất toàn bộ,OSM snapshot + vietnam-sap-nhap-phuong-xa.csv
"898, Đường Quang Trung, Phường Phương Liễu, Thị xã Quế Võ, Tỉnh Bắc Ninh",898,Đường Quang Trung,Phường Phương Liễu,Thị xã Quế Võ,Tỉnh Bắc Ninh,C2_PhuongMoi_QuanCu_TinhMoi,Lai,"{""PhuongXa"": ""moi"", ""QuanHuyen"": ""cu"", ""TinhThanh"": ""moi""}",B,N-1,Hợp nhất toàn bộ,OSM snapshot + vietnam-sap-nhap-phuong-xa.csv
"14, Đường Thanh Sơn, Phường Vũ Ninh, Thành phố Bắc Ninh, Bắc Ninh",14,Đường Thanh Sơn,Phường Vũ Ninh,Thành phố Bắc Ninh,Bắc Ninh,C1_PhuongMoi_QuanCu_TinhCu,Lai,"{""PhuongXa"": ""moi"", ""QuanHuyen"": ""cu"", ""TinhThanh"": ""cu""}",B,N-1,Hợp nhất toàn bộ,OSM snapshot + vietnam-sap-nhap-phuong-xa.csv
"28T, Hẻm 482/10 Nơ Trang Long, Phường Bình Lợi Trung, Quận Bình Thạnh, Thành phố Hồ Chí Minh",28T,Hẻm 482/10 Nơ Trang Long,Phường Bình Lợi Trung,Quận Bình Thạnh,Thành phố Hồ Chí Minh,C1_PhuongMoi_QuanCu_TinhCu,Lai,"{""PhuongXa"": ""moi"", ""QuanHuyen"": ""cu"", ""TinhThanh"": ""cu""}",B,N-1,Hợp nhất toàn bộ,OSM snapshot + vietnam-sap-nhap-phuong-xa.csv
"17, Đường Rạp Hát, Phường Kinh Bắc, Thành phố Bắc Ninh, Bắc Ninh",17,Đường Rạp Hát,Phường Kinh Bắc,Thành phố Bắc Ninh,Bắc Ninh,C1_PhuongMoi_QuanCu_TinhCu,Lai,"{""PhuongXa"": ""moi"", ""QuanHuyen"": ""cu"", ""TinhThanh"": ""cu""}",B,N-1,Hợp nhất toàn bộ,OSM snapshot + vietnam-sap-nhap-phuong-xa.csv
"389, Đường Hoàng Quốc Việt, Phường Đáp Cầu, Thành phố Bắc Ninh, Tỉnh Bắc Ninh",389,Đường Hoàng Quốc Việt,Phường Đáp Cầu,Thành phố Bắc Ninh,Tỉnh Bắc Ninh,C3_PhuongCu_QuanCu_TinhMoi,Lai,"{""PhuongXa"": ""cu"", ""QuanHuyen"": ""cu"", ""TinhThanh"": ""moi""}",B,N-1,Hợp nhất toàn bộ,OSM snapshot + vietnam-sap-nhap-phuong-xa.csv
"75, Phố Nguyễn Văn Trỗi, Phường Đình Bảng, Thành phố Từ Sơn, Tỉnh Bắc Ninh",75,Phố Nguyễn Văn Trỗi,Phường Đình Bảng,Thành phố Từ Sơn,Tỉnh Bắc Ninh,C3_PhuongCu_QuanCu_TinhMoi,Lai,"{""PhuongXa"": ""cu"", ""QuanHuyen"": ""cu"", ""TinhThanh"": ""moi""}",B,N-1,Hợp nhất toàn bộ,OSM snapshot + vietnam-sap-nhap-phuong-xa.csv
"343, Đường Phạm Ngũ Lão, Phường Bến Thành, Quận 1, TP Hồ Chí Minh",343,Đường Phạm Ngũ Lão,Phường Bến Thành,Quận 1,TP Hồ Chí Minh,C1_PhuongMoi_QuanCu_TinhCu,Lai,"{""PhuongXa"": ""moi"", ""QuanHuyen"": ""cu"", ""TinhThanh"": ""cu""}",B,N-1,Hợp nhất toàn bộ,OSM snapshot + vietnam-sap-nhap-phuong-xa.csv
"785, Tạ Quang Bửu, Phường Chánh Hưng, Quận 8, Hồ Chí Minh",785,Tạ Quang Bửu,Phường Chánh Hưng,Quận 8,Hồ Chí Minh,C1_PhuongMoi_QuanCu_TinhCu,Lai,"{""PhuongXa"": ""moi"", ""QuanHuyen"": ""cu"", ""TinhThanh"": ""cu""}",B,N-1,Hợp nhất toàn bộ,OSM snapshot + vietnam-sap-nhap-phuong-xa.csv
"09, Đường Mỹ Phú 1C, Phường Tân Mỹ, Quận 7, Thành phố Hồ Chí Minh",09,Đường Mỹ Phú 1C,Phường Tân Mỹ,Quận 7,Thành phố Hồ Chí Minh,C1_PhuongMoi_QuanCu_TinhCu,Lai,"{""PhuongXa"": ""moi"", ""QuanHuyen"": ""cu"", ""TinhThanh"": ""cu""}",B,N-1,Hợp nhất toàn bộ,OSM snapshot + vietnam-sap-nhap-phuong-xa.csv
"3, Đường Nguyễn Gia Thiều, Phường Kinh Bắc, Thành phố Bắc Ninh, Bắc Ninh",3,Đường Nguyễn Gia Thiều,Phường Kinh Bắc,Thành phố Bắc Ninh,Bắc Ninh,C1_PhuongMoi_QuanCu_TinhCu,Lai,"{""PhuongXa"": ""moi"", ""QuanHuyen"": ""cu"", ""TinhThanh"": ""cu""}",B,N-1,Hợp nhất toàn bộ,OSM snapshot + vietnam-sap-nhap-phuong-xa.csv
"173, Phố Lê Đình Tấn, Phường Vũ Ninh, Thành phố Bắc Ninh, Bắc Ninh",173,Phố Lê Đình Tấn,Phường Vũ Ninh,Thành phố Bắc Ninh,Bắc Ninh,C1_PhuongMoi_QuanCu_TinhCu,Lai,"{""PhuongXa"": ""moi"", ""QuanHuyen"": ""cu"", ""TinhThanh"": ""cu""}",B,N-1,Hợp nhất toàn bộ,OSM snapshot + vietnam-sap-nhap-phuong-xa.csv
"11-13, Phố Nam Tràng, Phường Ba Đình, Quận Ba Đình, Hà Nội",11-13,Phố Nam Tràng,Phường Ba Đình,Quận Ba Đình,Hà Nội,C1_PhuongMoi_QuanCu_TinhCu,Lai,"{""PhuongXa"": ""moi"", ""QuanHuyen"": ""cu"", ""TinhThanh"": ""cu""}",B,N-1,Hợp nhất toàn bộ,OSM snapshot + vietnam-sap-nhap-phuong-xa.csv
"21, Đường Đấu Mã, Phường Vũ Ninh, Thành phố Bắc Ninh, Bắc Ninh",21,Đường Đấu Mã,Phường Vũ Ninh,Thành phố Bắc Ninh,Bắc Ninh,C1_PhuongMoi_QuanCu_TinhCu,Lai,"{""PhuongXa"": ""moi"", ""QuanHuyen"": ""cu"", ""TinhThanh"": ""cu""}",B,N-1,Hợp nhất toàn bộ,OSM snapshot + vietnam-sap-nhap-phuong-xa.csv
"282, Đường 3 Tháng 2, Phường Vườn Lài, quận 10, Thành phố Hồ Chí Minh",282,Đường 3 Tháng 2,Phường Vườn Lài,quận 10,Thành phố Hồ Chí Minh,C1_PhuongMoi_QuanCu_TinhCu,Lai,"{""PhuongXa"": ""moi"", ""QuanHuyen"": ""cu"", ""TinhThanh"": ""cu""}",B,N-1,Hợp nhất toàn bộ,OSM snapshot + vietnam-sap-nhap-phuong-xa.csv
"74, Đường Khả Lễ, Phường Võ Cường, Thành phố Bắc Ninh, Tỉnh Bắc Ninh",74,Đường Khả Lễ,Phường Võ Cường,Thành phố Bắc Ninh,Tỉnh Bắc Ninh,C2_PhuongMoi_QuanCu_TinhMoi,Lai,"{""PhuongXa"": ""moi"", ""QuanHuyen"": ""cu"", ""TinhThanh"": ""moi""}",B,N-1,Hợp nhất toàn bộ,OSM snapshot + vietnam-sap-nhap-phuong-xa.csv
"11B, Phố Phùng Hưng, Phường Hàng Mã, Quận Hoàn Kiếm, Thành phố Hà Nội",11B,Phố Phùng Hưng,Phường Hàng Mã,Quận Hoàn Kiếm,Thành phố Hà Nội,C3_PhuongCu_QuanCu_TinhMoi,Lai,"{""PhuongXa"": ""cu"", ""QuanHuyen"": ""cu"", ""TinhThanh"": ""moi""}",B,N-1,Hợp nhất toàn bộ,OSM snapshot + vietnam-sap-nhap-phuong-xa.csv
"240, Phố Lương Định Của, Phường Phương Liễu, Thị xã Quế Võ, Bắc Ninh",240,Phố Lương Định Của,Phường Phương Liễu,Thị xã Quế Võ,Bắc Ninh,C1_PhuongMoi_QuanCu_TinhCu,Lai,"{""PhuongXa"": ""moi"", ""QuanHuyen"": ""cu"", ""TinhThanh"": ""cu""}",B,N-1,Hợp nhất toàn bộ,OSM snapshot + vietnam-sap-nhap-phuong-xa.csv
"6, Đường Tương Giang, Phường Tương Giang, Thành phố Từ Sơn, Tỉnh Bắc Ninh",6,Đường Tương Giang,Phường Tương Giang,Thành phố Từ Sơn,Tỉnh Bắc Ninh,C3_PhuongCu_QuanCu_TinhMoi,Lai,"{""PhuongXa"": ""cu"", ""QuanHuyen"": ""cu"", ""TinhThanh"": ""moi""}",B,N-1,Hợp nhất toàn bộ,OSM snapshot + vietnam-sap-nhap-phuong-xa.csv
"13, Đường Đặng Đức Thuật, Phường Tân Phong, Quận 7, Thành phố Hồ Chí Minh",13,Đường Đặng Đức Thuật,Phường Tân Phong,Quận 7,Thành phố Hồ Chí Minh,C3_PhuongCu_QuanCu_TinhMoi,Lai,"{""PhuongXa"": ""cu"", ""QuanHuyen"": ""cu"", ""TinhThanh"": ""moi""}",B,N-1,Hợp nhất toàn bộ,OSM snapshot + vietnam-sap-nhap-phuong-xa.csv
"75, Đường Thanh Sơn, Phường Vũ Ninh, Thành phố Bắc Ninh, Bắc Ninh",75,Đường Thanh Sơn,Phường Vũ Ninh,Thành phố Bắc Ninh,Bắc Ninh,C1_PhuongMoi_QuanCu_TinhCu,Lai,"{""PhuongXa"": ""moi"", ""QuanHuyen"": ""cu"", ""TinhThanh"": ""cu""}",B,N-1,Hợp nhất toàn bộ,OSM snapshot + vietnam-sap-nhap-phuong-xa.csv
"18, Đường Thành Công, Xã Liên Minh, Huyện Đan Phượng, Thành phố Hà Nội",18,Đường Thành Công,Xã Liên Minh,Huyện Đan Phượng,Thành phố Hà Nội,C1_PhuongMoi_QuanCu_TinhCu,Lai,"{""PhuongXa"": ""moi"", ""QuanHuyen"": ""cu"", ""TinhThanh"": ""cu""}",B,N-1,Hợp nhất toàn bộ,OSM snapshot + vietnam-sap-nhap-phuong-xa.csv
"31, Phố Yên Mẫn, Phường Kinh Bắc, Thành phố Bắc Ninh, Bắc Ninh",31,Phố Yên Mẫn,Phường Kinh Bắc,Thành phố Bắc Ninh,Bắc Ninh,C1_PhuongMoi_QuanCu_TinhCu,Lai,"{""PhuongXa"": ""moi"", ""QuanHuyen"": ""cu"", ""TinhThanh"": ""cu""}",B,N-1,Hợp nhất toàn bộ,OSM snapshot + vietnam-sap-nhap-phuong-xa.csv
"35, Phố Yên Mẫn, Phường Kinh Bắc, Thành phố Bắc Ninh, Bắc Ninh",35,Phố Yên Mẫn,Phường Kinh Bắc,Thành phố Bắc Ninh,Bắc Ninh,C1_PhuongMoi_QuanCu_TinhCu,Lai,"{""PhuongXa"": ""moi"", ""QuanHuyen"": ""cu"", ""TinhThanh"": ""cu""}",B,N-1,Hợp nhất toàn bộ,OSM snapshot + vietnam-sap-nhap-phuong-xa.csv
"128, Đường Hoàng Quốc Việt, Phường Vũ Ninh, Thành phố Bắc Ninh, Tỉnh Bắc Ninh",128,Đường Hoàng Quốc Việt,Phường Vũ Ninh,Thành phố Bắc Ninh,Tỉnh Bắc Ninh,C2_PhuongMoi_QuanCu_TinhMoi,Lai,"{""PhuongXa"": ""moi"", ""QuanHuyen"": ""cu"", ""TinhThanh"": ""moi""}",B,N-1,Hợp nhất toàn bộ,OSM snapshot + vietnam-sap-nhap-phuong-xa.csv
"12, Đường Mỹ Phú 1A, Phường Tân Mỹ, Quận 7, Thành phố Hồ Chí Minh",12,Đường Mỹ Phú 1A,Phường Tân Mỹ,Quận 7,Thành phố Hồ Chí Minh,C1_PhuongMoi_QuanCu_TinhCu,Lai,"{""PhuongXa"": ""moi"", ""QuanHuyen"": ""cu"", ""TinhThanh"": ""cu""}",B,N-1,Hợp nhất toàn bộ,OSM snapshot + vietnam-sap-nhap-phuong-xa.csv
"4, Ngõ 282 Đường Nguyễn Văn Cừ, Phường Võ Cường, Thành phố Bắc Ninh, Tỉnh Bắc Ninh",4,Ngõ 282 Đường Nguyễn Văn Cừ,Phường Võ Cường,Thành phố Bắc Ninh,Tỉnh Bắc Ninh,C2_PhuongMoi_QuanCu_TinhMoi,Lai,"{""PhuongXa"": ""moi"", ""QuanHuyen"": ""cu"", ""TinhThanh"": ""moi""}",B,N-1,Hợp nhất toàn bộ,OSM snapshot + vietnam-sap-nhap-phuong-xa.csv
"116, Đường Hoàng Quốc Việt, Phường Vũ Ninh, Thành phố Bắc Ninh, Tỉnh Bắc Ninh",116,Đường Hoàng Quốc Việt,Phường Vũ Ninh,Thành phố Bắc Ninh,Tỉnh Bắc Ninh,C2_PhuongMoi_QuanCu_TinhMoi,Lai,"{""PhuongXa"": ""moi"", ""QuanHuyen"": ""cu"", ""TinhThanh"": ""moi""}",B,N-1,Hợp nhất toàn bộ,OSM snapshot + vietnam-sap-nhap-phuong-xa.csv
"210, Đường Hoàng Quốc Việt, Phường Vũ Ninh, Thành phố Bắc Ninh, Bắc Ninh",210,Đường Hoàng Quốc Việt,Phường Vũ Ninh,Thành phố Bắc Ninh,Bắc Ninh,C1_PhuongMoi_QuanCu_TinhCu,Lai,"{""PhuongXa"": ""moi"", ""QuanHuyen"": ""cu"", ""TinhThanh"": ""cu""}",B,N-1,Hợp nhất toàn bộ,OSM snapshot + vietnam-sap-nhap-phuong-xa.csv
"363, Đường Ngô Gia Tự, Phường Kinh Bắc, Thành phố Bắc Ninh, Bắc Ninh",363,Đường Ngô Gia Tự,Phường Kinh Bắc,Thành phố Bắc Ninh,Bắc Ninh,C1_PhuongMoi_QuanCu_TinhCu,Lai,"{""PhuongXa"": ""moi"", ""QuanHuyen"": ""cu"", ""TinhThanh"": ""cu""}",B,N-1,Hợp nhất toàn bộ,OSM snapshot + vietnam-sap-nhap-phuong-xa.csv
"255, Đường Nguyễn Gia Thiều, Phường Tiền Ninh Vệ, Thành phố Bắc Ninh, Tỉnh Bắc Ninh",255,Đường Nguyễn Gia Thiều,Phường Tiền Ninh Vệ,Thành phố Bắc Ninh,Tỉnh Bắc Ninh,C3_PhuongCu_QuanCu_TinhMoi,Lai,"{""PhuongXa"": ""cu"", ""QuanHuyen"": ""cu"", ""TinhThanh"": ""moi""}",B,N-1,Hợp nhất toàn bộ,OSM snapshot + vietnam-sap-nhap-phuong-xa.csv
"80, Đường Lê Lợi, Phường Hải Châu, Quận Hải Châu, Thành phố Đà Nẵng",80,Đường Lê Lợi,Phường Hải Châu,Quận Hải Châu,Thành phố Đà Nẵng,C2_PhuongMoi_QuanCu_TinhMoi,Lai,"{""PhuongXa"": ""moi"", ""QuanHuyen"": ""cu"", ""TinhThanh"": ""moi""}",B,N-1,Hợp nhất toàn bộ,OSM snapshot + vietnam-sap-nhap-phuong-xa.csv
"9, Phố Ngô Miễn Thiệu, Phường Kinh Bắc, Thành phố Bắc Ninh, Bắc Ninh",9,Phố Ngô Miễn Thiệu,Phường Kinh Bắc,Thành phố Bắc Ninh,Bắc Ninh,C1_PhuongMoi_QuanCu_TinhCu,Lai,"{""PhuongXa"": ""moi"", ""QuanHuyen"": ""cu"", ""TinhThanh"": ""cu""}",B,N-1,Hợp nhất toàn bộ,OSM snapshot + vietnam-sap-nhap-phuong-xa.csv
"281, Đường Hoàng Quốc Việt, Phường Vũ Ninh, Thành phố Bắc Ninh, Tỉnh Bắc Ninh",281,Đường Hoàng Quốc Việt,Phường Vũ Ninh,Thành phố Bắc Ninh,Tỉnh Bắc Ninh,C2_PhuongMoi_QuanCu_TinhMoi,Lai,"{""PhuongXa"": ""moi"", ""QuanHuyen"": ""cu"", ""TinhThanh"": ""moi""}",B,N-1,Hợp nhất toàn bộ,OSM snapshot + vietnam-sap-nhap-phuong-xa.csv
"28d, Đường Đống Đa, Phường Thuận Phước, Quận Hải Châu, Thành phố Đà Nẵng",28d,Đường Đống Đa,Phường Thuận Phước,Quận Hải Châu,Thành phố Đà Nẵng,C3_PhuongCu_QuanCu_TinhMoi,Lai,"{""PhuongXa"": ""cu"", ""QuanHuyen"": ""cu"", ""TinhThanh"": ""moi""}",B,N-1,Hợp nhất toàn bộ,OSM snapshot + vietnam-sap-nhap-phuong-xa.csv
"263, Phố Lương Định Của, Phường Phương Liễu, Thị xã Quế Võ, Bắc Ninh",263,Phố Lương Định Của,Phường Phương Liễu,Thị xã Quế Võ,Bắc Ninh,C1_PhuongMoi_QuanCu_TinhCu,Lai,"{""PhuongXa"": ""moi"", ""QuanHuyen"": ""cu"", ""TinhThanh"": ""cu""}",B,N-1,Hợp nhất toàn bộ,OSM snapshot + vietnam-sap-nhap-phuong-xa.csv
"29A, Lê Thánh Tôn, Phường Sài Gòn, Quận 1, Thành phố Hồ Chí Minh",29A,Lê Thánh Tôn,Phường Sài Gòn,Quận 1,Thành phố Hồ Chí Minh,C1_PhuongMoi_QuanCu_TinhCu,Lai,"{""PhuongXa"": ""moi"", ""QuanHuyen"": ""cu"", ""TinhThanh"": ""cu""}",B,N-1,Hợp nhất toàn bộ,OSM snapshot + vietnam-sap-nhap-phuong-xa.csv
"96, Phố Nghĩa Tân, Phường Nghĩa Đô, Quận Cầu Giấy, Hà Nội",96,Phố Nghĩa Tân,Phường Nghĩa Đô,Quận Cầu Giấy,Hà Nội,C1_PhuongMoi_QuanCu_TinhCu,Lai,"{""PhuongXa"": ""moi"", ""QuanHuyen"": ""cu"", ""TinhThanh"": ""cu""}",B,N-1,Hợp nhất toàn bộ,OSM snapshot + vietnam-sap-nhap-phuong-xa.csv
"20, Phố Láng Hạ, Phường Láng, Quận Đống Đa, Thành phố Hà Nội",20,Phố Láng Hạ,Phường Láng,Quận Đống Đa,Thành phố Hà Nội,C1_PhuongMoi_QuanCu_TinhCu,Lai,"{""PhuongXa"": ""moi"", ""QuanHuyen"": ""cu"", ""TinhThanh"": ""cu""}",B,N-1,Hợp nhất toàn bộ,OSM snapshot + vietnam-sap-nhap-phuong-xa.csv
"2, Ngách 133/24 Nguyễn Phong Sắc, Phường Nghĩa Đô, Quận Cầu Giấy, Hà Nội",2,Ngách 133/24 Nguyễn Phong Sắc,Phường Nghĩa Đô,Quận Cầu Giấy,Hà Nội,C1_PhuongMoi_QuanCu_TinhCu,Lai,"{""PhuongXa"": ""moi"", ""QuanHuyen"": ""cu"", ""TinhThanh"": ""cu""}",B,N-1,Hợp nhất toàn bộ,OSM snapshot + vietnam-sap-nhap-phuong-xa.csv
"86, Đường Hai Bà Trưng, Phường Kinh Bắc, Thành phố Bắc Ninh, Bắc Ninh",86,Đường Hai Bà Trưng,Phường Kinh Bắc,Thành phố Bắc Ninh,Bắc Ninh,C1_PhuongMoi_QuanCu_TinhCu,Lai,"{""PhuongXa"": ""moi"", ""QuanHuyen"": ""cu"", ""TinhThanh"": ""cu""}",B,N-1,Hợp nhất toàn bộ,OSM snapshot + vietnam-sap-nhap-phuong-xa.csv
"143, Phố Đốc Ngữ, Phường Ngọc Hà, Quận Ba Đình, Hà Nội",143,Phố Đốc Ngữ,Phường Ngọc Hà,Quận Ba Đình,Hà Nội,C1_PhuongMoi_QuanCu_TinhCu,Lai,"{""PhuongXa"": ""moi"", ""QuanHuyen"": ""cu"", ""TinhThanh"": ""cu""}",B,N-1,Hợp nhất toàn bộ,OSM snapshot + vietnam-sap-nhap-phuong-xa.csv
"12, Đường Mỹ Phú 1C, Phường Tân Mỹ, Quận 7, Thành phố Hồ Chí Minh",12,Đường Mỹ Phú 1C,Phường Tân Mỹ,Quận 7,Thành phố Hồ Chí Minh,C1_PhuongMoi_QuanCu_TinhCu,Lai,"{""PhuongXa"": ""moi"", ""QuanHuyen"": ""cu"", ""TinhThanh"": ""cu""}",B,N-1,Hợp nhất toàn bộ,OSM snapshot + vietnam-sap-nhap-phuong-xa.csv
"33, Đường Rạp Hát, Phường Tiền Ninh Vệ, Thành phố Bắc Ninh, Tỉnh Bắc Ninh",33,Đường Rạp Hát,Phường Tiền Ninh Vệ,Thành phố Bắc Ninh,Tỉnh Bắc Ninh,C3_PhuongCu_QuanCu_TinhMoi,Lai,"{""PhuongXa"": ""cu"", ""QuanHuyen"": ""cu"", ""TinhThanh"": ""moi""}",B,N-1,Hợp nhất toàn bộ,OSM snapshot + vietnam-sap-nhap-phuong-xa.csv
"40, Đường Số 19, Phường Tân Mỹ, Quận 7, Thành phố Hồ Chí Minh",40,Đường Số 19,Phường Tân Mỹ,Quận 7,Thành phố Hồ Chí Minh,C1_PhuongMoi_QuanCu_TinhCu,Lai,"{""PhuongXa"": ""moi"", ""QuanHuyen"": ""cu"", ""TinhThanh"": ""cu""}",B,N-1,Hợp nhất toàn bộ,OSM snapshot + vietnam-sap-nhap-phuong-xa.csv
"02, Đường Mỹ Phú 1B, Phường Tân Mỹ, Quận 7, Thành phố Hồ Chí Minh",02,Đường Mỹ Phú 1B,Phường Tân Mỹ,Quận 7,Thành phố Hồ Chí Minh,C1_PhuongMoi_QuanCu_TinhCu,Lai,"{""PhuongXa"": ""moi"", ""QuanHuyen"": ""cu"", ""TinhThanh"": ""cu""}",B,N-1,Hợp nhất toàn bộ,OSM snapshot + vietnam-sap-nhap-phuong-xa.csv
"898, Đường Quang Trung, Phường Phương Liễu, Thị xã Quế Võ, Bắc Ninh",898,Đường Quang Trung,Phường Phương Liễu,Thị xã Quế Võ,Bắc Ninh,C1_PhuongMoi_QuanCu_TinhCu,Lai,"{""PhuongXa"": ""moi"", ""QuanHuyen"": ""cu"", ""TinhThanh"": ""cu""}",B,N-1,Hợp nhất toàn bộ,OSM snapshot + vietnam-sap-nhap-phuong-xa.csv
"256, Đường Nguyễn Gia Thiều, Phường Kinh Bắc, Thành phố Bắc Ninh, Bắc Ninh",256,Đường Nguyễn Gia Thiều,Phường Kinh Bắc,Thành phố Bắc Ninh,Bắc Ninh,C1_PhuongMoi_QuanCu_TinhCu,Lai,"{""PhuongXa"": ""moi"", ""QuanHuyen"": ""cu"", ""TinhThanh"": ""cu""}",B,N-1,Hợp nhất toàn bộ,OSM snapshot + vietnam-sap-nhap-phuong-xa.csv
"114, Đường Bà Chúa Kho, Phường Vũ Ninh, Thành phố Bắc Ninh, Bắc Ninh",114,Đường Bà Chúa Kho,Phường Vũ Ninh,Thành phố Bắc Ninh,Bắc Ninh,C1_PhuongMoi_QuanCu_TinhCu,Lai,"{""PhuongXa"": ""moi"", ""QuanHuyen"": ""cu"", ""TinhThanh"": ""cu""}",B,N-1,Hợp nhất toàn bộ,OSM snapshot + vietnam-sap-nhap-phuong-xa.csv
"14, Đường Lê Văn Thịnh, Phường Kinh Bắc, Thành phố Bắc Ninh, Bắc Ninh",14,Đường Lê Văn Thịnh,Phường Kinh Bắc,Thành phố Bắc Ninh,Bắc Ninh,C1_PhuongMoi_QuanCu_TinhCu,Lai,"{""PhuongXa"": ""moi"", ""QuanHuyen"": ""cu"", ""TinhThanh"": ""cu""}",B,N-1,Hợp nhất toàn bộ,OSM snapshot + vietnam-sap-nhap-phuong-xa.csv
"57, Phố Nguyễn Văn Trỗi, Phường Từ Sơn, Thành phố Từ Sơn, Bắc Ninh",57,Phố Nguyễn Văn Trỗi,Phường Từ Sơn,Thành phố Từ Sơn,Bắc Ninh,C1_PhuongMoi_QuanCu_TinhCu,Lai,"{""PhuongXa"": ""moi"", ""QuanHuyen"": ""cu"", ""TinhThanh"": ""cu""}",B,N-1,Hợp nhất toàn bộ,OSM snapshot + vietnam-sap-nhap-phuong-xa.csv
"41, Phố Yên Mẫn, Phường Kinh Bắc, Thành phố Bắc Ninh, Bắc Ninh",41,Phố Yên Mẫn,Phường Kinh Bắc,Thành phố Bắc Ninh,Bắc Ninh,C1_PhuongMoi_QuanCu_TinhCu,Lai,"{""PhuongXa"": ""moi"", ""QuanHuyen"": ""cu"", ""TinhThanh"": ""cu""}",B,N-1,Hợp nhất toàn bộ,OSM snapshot + vietnam-sap-nhap-phuong-xa.csv
"5, Ngõ 2 Phố Trần Bình Trọng, Phường Phương Liễu, Thị xã Quế Võ, Bắc Ninh",5,Ngõ 2 Phố Trần Bình Trọng,Phường Phương Liễu,Thị xã Quế Võ,Bắc Ninh,C1_PhuongMoi_QuanCu_TinhCu,Lai,"{""PhuongXa"": ""moi"", ""QuanHuyen"": ""cu"", ""TinhThanh"": ""cu""}",B,N-1,Hợp nhất toàn bộ,OSM snapshot + vietnam-sap-nhap-phuong-xa.csv
"235, Phố Lương Định Của, Phường Phương Liễu, Thị xã Quế Võ, Bắc Ninh",235,Phố Lương Định Của,Phường Phương Liễu,Thị xã Quế Võ,Bắc Ninh,C1_PhuongMoi_QuanCu_TinhCu,Lai,"{""PhuongXa"": ""moi"", ""QuanHuyen"": ""cu"", ""TinhThanh"": ""cu""}",B,N-1,Hợp nhất toàn bộ,OSM snapshot + vietnam-sap-nhap-phuong-xa.csv
"75, Đường Trần Hưng Đạo, Phường Quế Võ, Thị xã Quế Võ, Tỉnh Bắc Ninh",75,Đường Trần Hưng Đạo,Phường Quế Võ,Thị xã Quế Võ,Tỉnh Bắc Ninh,C2_PhuongMoi_QuanCu_TinhMoi,Lai,"{""PhuongXa"": ""moi"", ""QuanHuyen"": ""cu"", ""TinhThanh"": ""moi""}",B,N-1,Hợp nhất toàn bộ,OSM snapshot + vietnam-sap-nhap-phuong-xa.csv
"4, Ngõ 2 Phố Trần Bình Trọng, Phường Phương Liễu, Thị xã Quế Võ, Bắc Ninh",4,Ngõ 2 Phố Trần Bình Trọng,Phường Phương Liễu,Thị xã Quế Võ,Bắc Ninh,C1_PhuongMoi_QuanCu_TinhCu,Lai,"{""PhuongXa"": ""moi"", ""QuanHuyen"": ""cu"", ""TinhThanh"": ""cu""}",B,N-1,Hợp nhất toàn bộ,OSM snapshot + vietnam-sap-nhap-phuong-xa.csv
"97, Đường Dương Đức Hiền, Phường Tây Thạnh, Quận Tân Phú, Hồ Chí Minh",97,Đường Dương Đức Hiền,Phường Tây Thạnh,Quận Tân Phú,Hồ Chí Minh,C1_PhuongMoi_QuanCu_TinhCu,Lai,"{""PhuongXa"": ""moi"", ""QuanHuyen"": ""cu"", ""TinhThanh"": ""cu""}",B,N-1,Hợp nhất toàn bộ,OSM snapshot + vietnam-sap-nhap-phuong-xa.csv
"5, Ngõ 2 Phố Trần Bình Trọng, Phường Phương Liễu, Thị xã Quế Võ, Tỉnh Bắc Ninh",5,Ngõ 2 Phố Trần Bình Trọng,Phường Phương Liễu,Thị xã Quế Võ,Tỉnh Bắc Ninh,C2_PhuongMoi_QuanCu_TinhMoi,Lai,"{""PhuongXa"": ""moi"", ""QuanHuyen"": ""cu"", ""TinhThanh"": ""moi""}",B,N-1,Hợp nhất toàn bộ,OSM snapshot + vietnam-sap-nhap-phuong-xa.csv
"29, Đường Đấu Mã, Phường Vũ Ninh, Thành phố Bắc Ninh, Bắc Ninh",29,Đường Đấu Mã,Phường Vũ Ninh,Thành phố Bắc Ninh,Bắc Ninh,C1_PhuongMoi_QuanCu_TinhCu,Lai,"{""PhuongXa"": ""moi"", ""QuanHuyen"": ""cu"", ""TinhThanh"": ""cu""}",B,N-1,Hợp nhất toàn bộ,OSM snapshot + vietnam-sap-nhap-phuong-xa.csv
"1, Phố Hàng Cót, Phường Hoàn Kiếm, Quận Hoàn Kiếm, Hà Nội",1,Phố Hàng Cót,Phường Hoàn Kiếm,Quận Hoàn Kiếm,Hà Nội,C1_PhuongMoi_QuanCu_TinhCu,Lai,"{""PhuongXa"": ""moi"", ""QuanHuyen"": ""cu"", ""TinhThanh"": ""cu""}",B,N-1,Hợp nhất toàn bộ,OSM snapshot + vietnam-sap-nhap-phuong-xa.csv
"1, Phố Phùng Hưng, Phường Hoàn Kiếm, Quận Hoàn Kiếm, Hà Nội",1,Phố Phùng Hưng,Phường Hoàn Kiếm,Quận Hoàn Kiếm,Hà Nội,C1_PhuongMoi_QuanCu_TinhCu,Lai,"{""PhuongXa"": ""moi"", ""QuanHuyen"": ""cu"", ""TinhThanh"": ""cu""}",B,N-1,Hợp nhất toàn bộ,OSM snapshot + vietnam-sap-nhap-phuong-xa.csv
"40A - 40B, Lý Tự Trọng, Phường Sài Gòn, Quận 1, Thành phố Hồ Chí Minh",40A - 40B,Lý Tự Trọng,Phường Sài Gòn,Quận 1,Thành phố Hồ Chí Minh,C1_PhuongMoi_QuanCu_TinhCu,Lai,"{""PhuongXa"": ""moi"", ""QuanHuyen"": ""cu"", ""TinhThanh"": ""cu""}",B,N-1,Hợp nhất toàn bộ,OSM snapshot + vietnam-sap-nhap-phuong-xa.csv
"74, Đường Thiên Đức, Phường Kinh Bắc, Thành phố Bắc Ninh, Bắc Ninh",74,Đường Thiên Đức,Phường Kinh Bắc,Thành phố Bắc Ninh,Bắc Ninh,C1_PhuongMoi_QuanCu_TinhCu,Lai,"{""PhuongXa"": ""moi"", ""QuanHuyen"": ""cu"", ""TinhThanh"": ""cu""}",B,N-1,Hợp nhất toàn bộ,OSM snapshot + vietnam-sap-nhap-phuong-xa.csv
"148, Đường Hai Bà Trưng, Phường Kinh Bắc, Thành phố Bắc Ninh, Tỉnh Bắc Ninh",148,Đường Hai Bà Trưng,Phường Kinh Bắc,Thành phố Bắc Ninh,Tỉnh Bắc Ninh,C2_PhuongMoi_QuanCu_TinhMoi,Lai,"{""PhuongXa"": ""moi"", ""QuanHuyen"": ""cu"", ""TinhThanh"": ""moi""}",B,N-1,Hợp nhất toàn bộ,OSM snapshot + vietnam-sap-nhap-phuong-xa.csv
"47-49, Phan Ngọc Hiển, Phường 3, Thành phố Bạc Liêu, Tỉnh Cà Mau",47-49,Phan Ngọc Hiển,Phường 3,Thành phố Bạc Liêu,Tỉnh Cà Mau,C3_PhuongCu_QuanCu_TinhMoi,Lai,"{""PhuongXa"": ""cu"", ""QuanHuyen"": ""cu"", ""TinhThanh"": ""moi""}",B,N-1,Hợp nhất toàn bộ,OSM snapshot + vietnam-sap-nhap-phuong-xa.csv
"14, Ngõ 133 Nguyễn Phong Sắc, Phường Nghĩa Tân, Quận Cầu Giấy, Thành phố Hà Nội",14,Ngõ 133 Nguyễn Phong Sắc,Phường Nghĩa Tân,Quận Cầu Giấy,Thành phố Hà Nội,C3_PhuongCu_QuanCu_TinhMoi,Lai,"{""PhuongXa"": ""cu"", ""QuanHuyen"": ""cu"", ""TinhThanh"": ""moi""}",B,N-1,Hợp nhất toàn bộ,OSM snapshot + vietnam-sap-nhap-phuong-xa.csv
"131, Đường Nguyễn Gia Thiều, Phường Kinh Bắc, Thành phố Bắc Ninh, Bắc Ninh",131,Đường Nguyễn Gia Thiều,Phường Kinh Bắc,Thành phố Bắc Ninh,Bắc Ninh,C1_PhuongMoi_QuanCu_TinhCu,Lai,"{""PhuongXa"": ""moi"", ""QuanHuyen"": ""cu"", ""TinhThanh"": ""cu""}",B,N-1,Hợp nhất toàn bộ,OSM snapshot + vietnam-sap-nhap-phuong-xa.csv
"143, Đường Hoàng Quốc Việt, Phường Vũ Ninh, Thành phố Bắc Ninh, Bắc Ninh",143,Đường Hoàng Quốc Việt,Phường Vũ Ninh,Thành phố Bắc Ninh,Bắc Ninh,C1_PhuongMoi_QuanCu_TinhCu,Lai,"{""PhuongXa"": ""moi"", ""QuanHuyen"": ""cu"", ""TinhThanh"": ""cu""}",B,N-1,Hợp nhất toàn bộ,OSM snapshot + vietnam-sap-nhap-phuong-xa.csv
"20, Đường Nguyễn Đăng Đạo, Phường Võ Cường, Thành phố Bắc Ninh, Bắc Ninh",20,Đường Nguyễn Đăng Đạo,Phường Võ Cường,Thành phố Bắc Ninh,Bắc Ninh,C1_PhuongMoi_QuanCu_TinhCu,Lai,"{""PhuongXa"": ""moi"", ""QuanHuyen"": ""cu"", ""TinhThanh"": ""cu""}",B,N-1,Hợp nhất toàn bộ,OSM snapshot + vietnam-sap-nhap-phuong-xa.csv
"58, Đường Thanh Sơn, Phường Vũ Ninh, Thành phố Bắc Ninh, Bắc Ninh",58,Đường Thanh Sơn,Phường Vũ Ninh,Thành phố Bắc Ninh,Bắc Ninh,C1_PhuongMoi_QuanCu_TinhCu,Lai,"{""PhuongXa"": ""moi"", ""QuanHuyen"": ""cu"", ""TinhThanh"": ""cu""}",B,N-1,Hợp nhất toàn bộ,OSM snapshot + vietnam-sap-nhap-phuong-xa.csv
"40, Phố Nguyễn Nhân Bỉ, Phường Vũ Ninh, Thành phố Bắc Ninh, Tỉnh Bắc Ninh",40,Phố Nguyễn Nhân Bỉ,Phường Vũ Ninh,Thành phố Bắc Ninh,Tỉnh Bắc Ninh,C2_PhuongMoi_QuanCu_TinhMoi,Lai,"{""PhuongXa"": ""moi"", ""QuanHuyen"": ""cu"", ""TinhThanh"": ""moi""}",B,N-1,Hợp nhất toàn bộ,OSM snapshot + vietnam-sap-nhap-phuong-xa.csv
"85, Đường Lê Văn Thịnh, Phường Kinh Bắc, Thành phố Bắc Ninh, Tỉnh Bắc Ninh",85,Đường Lê Văn Thịnh,Phường Kinh Bắc,Thành phố Bắc Ninh,Tỉnh Bắc Ninh,C2_PhuongMoi_QuanCu_TinhMoi,Lai,"{""PhuongXa"": ""moi"", ""QuanHuyen"": ""cu"", ""TinhThanh"": ""moi""}",B,N-1,Hợp nhất toàn bộ,OSM snapshot + vietnam-sap-nhap-phuong-xa.csv
"119, Đường Ngô Gia Tự, Phường Vũ Ninh, Thành phố Bắc Ninh, Bắc Ninh",119,Đường Ngô Gia Tự,Phường Vũ Ninh,Thành phố Bắc Ninh,Bắc Ninh,C1_PhuongMoi_QuanCu_TinhCu,Lai,"{""PhuongXa"": ""moi"", ""QuanHuyen"": ""cu"", ""TinhThanh"": ""cu""}",B,N-1,Hợp nhất toàn bộ,OSM snapshot + vietnam-sap-nhap-phuong-xa.csv
"17A, Phạm Hùng, Phường Chánh Hưng, Quận 8, Thành phố Hồ Chí Minh",17A,Phạm Hùng,Phường Chánh Hưng,Quận 8,Thành phố Hồ Chí Minh,C1_PhuongMoi_QuanCu_TinhCu,Lai,"{""PhuongXa"": ""moi"", ""QuanHuyen"": ""cu"", ""TinhThanh"": ""cu""}",B,N-1,Hợp nhất toàn bộ,OSM snapshot + vietnam-sap-nhap-phuong-xa.csv
"463, Phố Đội Cấn, Phường Ngọc Hà, Quận Ba Đình, Hà Nội",463,Phố Đội Cấn,Phường Ngọc Hà,Quận Ba Đình,Hà Nội,C1_PhuongMoi_QuanCu_TinhCu,Lai,"{""PhuongXa"": ""moi"", ""QuanHuyen"": ""cu"", ""TinhThanh"": ""cu""}",B,N-1,Hợp nhất toàn bộ,OSM snapshot + vietnam-sap-nhap-phuong-xa.csv
"124, Đường Ngô Gia Tự, Phường Kinh Bắc, Thành phố Bắc Ninh, Tỉnh Bắc Ninh",124,Đường Ngô Gia Tự,Phường Kinh Bắc,Thành phố Bắc Ninh,Tỉnh Bắc Ninh,C2_PhuongMoi_QuanCu_TinhMoi,Lai,"{""PhuongXa"": ""moi"", ""QuanHuyen"": ""cu"", ""TinhThanh"": ""moi""}",B,N-1,Hợp nhất toàn bộ,OSM snapshot + vietnam-sap-nhap-phuong-xa.csv
"161-163, Đường Trần Hưng Đạo, Phường Kinh Bắc, Thành phố Bắc Ninh, Bắc Ninh",161-163,Đường Trần Hưng Đạo,Phường Kinh Bắc,Thành phố Bắc Ninh,Bắc Ninh,C1_PhuongMoi_QuanCu_TinhCu,Lai,"{""PhuongXa"": ""moi"", ""QuanHuyen"": ""cu"", ""TinhThanh"": ""cu""}",B,N-1,Hợp nhất toàn bộ,OSM snapshot + vietnam-sap-nhap-phuong-xa.csv
"24, Đường Trần Hưng Đạo, Phường Quế Võ, Thị xã Quế Võ, Bắc Ninh",24,Đường Trần Hưng Đạo,Phường Quế Võ,Thị xã Quế Võ,Bắc Ninh,C1_PhuongMoi_QuanCu_TinhCu,Lai,"{""PhuongXa"": ""moi"", ""QuanHuyen"": ""cu"", ""TinhThanh"": ""cu""}",B,N-1,Hợp nhất toàn bộ,OSM snapshot + vietnam-sap-nhap-phuong-xa.csv
"23, Đường Tân Hóa, Phường 14, Quận 6, Thành phố Hồ Chí Minh",23,Đường Tân Hóa,Phường 14,Quận 6,Thành phố Hồ Chí Minh,C3_PhuongCu_QuanCu_TinhMoi,Lai,"{""PhuongXa"": ""cu"", ""QuanHuyen"": ""cu"", ""TinhThanh"": ""moi""}",B,N-1,Hợp nhất toàn bộ,OSM snapshot + vietnam-sap-nhap-phuong-xa.csv
"61, Đường Trần Hưng Đạo, Phường Quế Võ, Thị xã Quế Võ, Bắc Ninh",61,Đường Trần Hưng Đạo,Phường Quế Võ,Thị xã Quế Võ,Bắc Ninh,C1_PhuongMoi_QuanCu_TinhCu,Lai,"{""PhuongXa"": ""moi"", ""QuanHuyen"": ""cu"", ""TinhThanh"": ""cu""}",B,N-1,Hợp nhất toàn bộ,OSM snapshot + vietnam-sap-nhap-phuong-xa.csv
"52, Đường Đấu Mã, Phường Thị Cầu, Thành phố Bắc Ninh, Tỉnh Bắc Ninh",52,Đường Đấu Mã,Phường Thị Cầu,Thành phố Bắc Ninh,Tỉnh Bắc Ninh,C3_PhuongCu_QuanCu_TinhMoi,Lai,"{""PhuongXa"": ""cu"", ""QuanHuyen"": ""cu"", ""TinhThanh"": ""moi""}",B,N-1,Hợp nhất toàn bộ,OSM snapshot + vietnam-sap-nhap-phuong-xa.csv
"389, Đường Hoàng Quốc Việt, Phường Vũ Ninh, Thành phố Bắc Ninh, Tỉnh Bắc Ninh",389,Đường Hoàng Quốc Việt,Phường Vũ Ninh,Thành phố Bắc Ninh,Tỉnh Bắc Ninh,C2_PhuongMoi_QuanCu_TinhMoi,Lai,"{""PhuongXa"": ""moi"", ""QuanHuyen"": ""cu"", ""TinhThanh"": ""moi""}",B,N-1,Hợp nhất toàn bộ,OSM snapshot + vietnam-sap-nhap-phuong-xa.csv
"62, Ngõ 195 Đường Vũ Ninh, Phường Vũ Ninh, Thành phố Bắc Ninh, Bắc Ninh",62,Ngõ 195 Đường Vũ Ninh,Phường Vũ Ninh,Thành phố Bắc Ninh,Bắc Ninh,C1_PhuongMoi_QuanCu_TinhCu,Lai,"{""PhuongXa"": ""moi"", ""QuanHuyen"": ""cu"", ""TinhThanh"": ""cu""}",B,N-1,Hợp nhất toàn bộ,OSM snapshot + vietnam-sap-nhap-phuong-xa.csv
"147, Đường Trần Lựu, Phường Đáp Cầu, Thành phố Bắc Ninh, Tỉnh Bắc Ninh",147,Đường Trần Lựu,Phường Đáp Cầu,Thành phố Bắc Ninh,Tỉnh Bắc Ninh,C3_PhuongCu_QuanCu_TinhMoi,Lai,"{""PhuongXa"": ""cu"", ""QuanHuyen"": ""cu"", ""TinhThanh"": ""moi""}",B,N-1,Hợp nhất toàn bộ,OSM snapshot + vietnam-sap-nhap-phuong-xa.csv
"88, Phố Bồ Sơn, Phường Võ Cường, Thành phố Bắc Ninh, Bắc Ninh",88,Phố Bồ Sơn,Phường Võ Cường,Thành phố Bắc Ninh,Bắc Ninh,C1_PhuongMoi_QuanCu_TinhCu,Lai,"{""PhuongXa"": ""moi"", ""QuanHuyen"": ""cu"", ""TinhThanh"": ""cu""}",B,N-1,Hợp nhất toàn bộ,OSM snapshot + vietnam-sap-nhap-phuong-xa.csv
"3, Ngõ 267 Phố Lương Định Của, Phường Phương Liễu, Thị xã Quế Võ, Bắc Ninh",3,Ngõ 267 Phố Lương Định Của,Phường Phương Liễu,Thị xã Quế Võ,Bắc Ninh,C1_PhuongMoi_QuanCu_TinhCu,Lai,"{""PhuongXa"": ""moi"", ""QuanHuyen"": ""cu"", ""TinhThanh"": ""cu""}",B,N-1,Hợp nhất toàn bộ,OSM snapshot + vietnam-sap-nhap-phuong-xa.csv
"80, Đường Lê Văn Thịnh, Phường Kinh Bắc, Thành phố Bắc Ninh, Tỉnh Bắc Ninh",80,Đường Lê Văn Thịnh,Phường Kinh Bắc,Thành phố Bắc Ninh,Tỉnh Bắc Ninh,C2_PhuongMoi_QuanCu_TinhMoi,Lai,"{""PhuongXa"": ""moi"", ""QuanHuyen"": ""cu"", ""TinhThanh"": ""moi""}",B,N-1,Hợp nhất toàn bộ,OSM snapshot + vietnam-sap-nhap-phuong-xa.csv
"292, Đường Ngô Gia Tự, Phường Kinh Bắc, Thành phố Bắc Ninh, Bắc Ninh",292,Đường Ngô Gia Tự,Phường Kinh Bắc,Thành phố Bắc Ninh,Bắc Ninh,C1_PhuongMoi_QuanCu_TinhCu,Lai,"{""PhuongXa"": ""moi"", ""QuanHuyen"": ""cu"", ""TinhThanh"": ""cu""}",B,N-1,Hợp nhất toàn bộ,OSM snapshot + vietnam-sap-nhap-phuong-xa.csv
"62, Ngõ 2 Đường Trần Quốc Toản, Phường Kinh Bắc, Thành phố Bắc Ninh, Bắc Ninh",62,Ngõ 2 Đường Trần Quốc Toản,Phường Kinh Bắc,Thành phố Bắc Ninh,Bắc Ninh,C1_PhuongMoi_QuanCu_TinhCu,Lai,"{""PhuongXa"": ""moi"", ""QuanHuyen"": ""cu"", ""TinhThanh"": ""cu""}",B,N-1,Hợp nhất toàn bộ,OSM snapshot + vietnam-sap-nhap-phuong-xa.csv
"95, Phố Lương Định Của, Phường Phương Liễu, Thị xã Quế Võ, Bắc Ninh",95,Phố Lương Định Của,Phường Phương Liễu,Thị xã Quế Võ,Bắc Ninh,C1_PhuongMoi_QuanCu_TinhCu,Lai,"{""PhuongXa"": ""moi"", ""QuanHuyen"": ""cu"", ""TinhThanh"": ""cu""}",B,N-1,Hợp nhất toàn bộ,OSM snapshot + vietnam-sap-nhap-phuong-xa.csv
"873, Đường Cách Mạng Tháng 8, Phường Tân Sơn Nhất, Quận Tân Bình, Thành phố Hồ Chí Minh",873,Đường Cách Mạng Tháng 8,Phường Tân Sơn Nhất,Quận Tân Bình,Thành phố Hồ Chí Minh,C1_PhuongMoi_QuanCu_TinhCu,Lai,"{""PhuongXa"": ""moi"", ""QuanHuyen"": ""cu"", ""TinhThanh"": ""cu""}",B,N-1,Hợp nhất toàn bộ,OSM snapshot + vietnam-sap-nhap-phuong-xa.csv
"5B, Đường Đấu Mã, Phường Vũ Ninh, Thành phố Bắc Ninh, Bắc Ninh",5B,Đường Đấu Mã,Phường Vũ Ninh,Thành phố Bắc Ninh,Bắc Ninh,C1_PhuongMoi_QuanCu_TinhCu,Lai,"{""PhuongXa"": ""moi"", ""QuanHuyen"": ""cu"", ""TinhThanh"": ""cu""}",B,N-1,Hợp nhất toàn bộ,OSM snapshot + vietnam-sap-nhap-phuong-xa.csv
"42, Đường Nguyễn Gia Thiều, Phường Kinh Bắc, Thành phố Bắc Ninh, Bắc Ninh",42,Đường Nguyễn Gia Thiều,Phường Kinh Bắc,Thành phố Bắc Ninh,Bắc Ninh,C1_PhuongMoi_QuanCu_TinhCu,Lai,"{""PhuongXa"": ""moi"", ""QuanHuyen"": ""cu"", ""TinhThanh"": ""cu""}",B,N-1,Hợp nhất toàn bộ,OSM snapshot + vietnam-sap-nhap-phuong-xa.csv
"178A1, Tân Hòa Đông, Phường Phú Lâm, Quận 6, Hồ Chí MInh",178A1,Tân Hòa Đông,Phường Phú Lâm,Quận 6,Hồ Chí MInh,C1_PhuongMoi_QuanCu_TinhCu,Lai,"{""PhuongXa"": ""moi"", ""QuanHuyen"": ""cu"", ""TinhThanh"": ""cu""}",B,N-1,Hợp nhất toàn bộ,OSM snapshot + vietnam-sap-nhap-phuong-xa.csv
"104, Phố Nghĩa Tân, Phường Nghĩa Đô, Quận Cầu Giấy, Hà Nội",104,Phố Nghĩa Tân,Phường Nghĩa Đô,Quận Cầu Giấy,Hà Nội,C1_PhuongMoi_QuanCu_TinhCu,Lai,"{""PhuongXa"": ""moi"", ""QuanHuyen"": ""cu"", ""TinhThanh"": ""cu""}",B,N-1,Hợp nhất toàn bộ,OSM snapshot + vietnam-sap-nhap-phuong-xa.csv
"72, Đường Lê Thánh Tôn, Phường Sài Gòn, Quận 1, Thành phố Hồ Chí Minh",72,Đường Lê Thánh Tôn,Phường Sài Gòn,Quận 1,Thành phố Hồ Chí Minh,C1_PhuongMoi_QuanCu_TinhCu,Lai,"{""PhuongXa"": ""moi"", ""QuanHuyen"": ""cu"", ""TinhThanh"": ""cu""}",B,N-1,Hợp nhất toàn bộ,OSM snapshot + vietnam-sap-nhap-phuong-xa.csv
"126, Đường Hoàng Quốc Việt, Phường Vũ Ninh, Thành phố Bắc Ninh, Tỉnh Bắc Ninh",126,Đường Hoàng Quốc Việt,Phường Vũ Ninh,Thành phố Bắc Ninh,Tỉnh Bắc Ninh,C2_PhuongMoi_QuanCu_TinhMoi,Lai,"{""PhuongXa"": ""moi"", ""QuanHuyen"": ""cu"", ""TinhThanh"": ""moi""}",B,N-1,Hợp nhất toàn bộ,OSM snapshot + vietnam-sap-nhap-phuong-xa.csv
"144, Đường Hai Bà Trưng, Phường Kinh Bắc, Thành phố Bắc Ninh, Bắc Ninh",144,Đường Hai Bà Trưng,Phường Kinh Bắc,Thành phố Bắc Ninh,Bắc Ninh,C1_PhuongMoi_QuanCu_TinhCu,Lai,"{""PhuongXa"": ""moi"", ""QuanHuyen"": ""cu"", ""TinhThanh"": ""cu""}",B,N-1,Hợp nhất toàn bộ,OSM snapshot + vietnam-sap-nhap-phuong-xa.csv
"483, Đường Lý Thường Kiệt, Phường Phù Khê, Thành phố Từ Sơn, Bắc Ninh",483,Đường Lý Thường Kiệt,Phường Phù Khê,Thành phố Từ Sơn,Bắc Ninh,C1_PhuongMoi_QuanCu_TinhCu,Lai,"{""PhuongXa"": ""moi"", ""QuanHuyen"": ""cu"", ""TinhThanh"": ""cu""}",B,N-1,Hợp nhất toàn bộ,OSM snapshot + vietnam-sap-nhap-phuong-xa.csv
"602/45G, Điện Biên Phủ, Phường Thạnh Mỹ Tây, quận Bình Thạnh, Thành phố Hồ Chí Minh",602/45G,Điện Biên Phủ,Phường Thạnh Mỹ Tây,quận Bình Thạnh,Thành phố Hồ Chí Minh,C1_PhuongMoi_QuanCu_TinhCu,Lai,"{""PhuongXa"": ""moi"", ""QuanHuyen"": ""cu"", ""TinhThanh"": ""cu""}",B,N-1,Hợp nhất toàn bộ,OSM snapshot + vietnam-sap-nhap-phuong-xa.csv
"873, Đường 3 Tháng 2, Phường Minh Phụng, Quận 11, Thành phố Hồ Chí Minh",873,Đường 3 Tháng 2,Phường Minh Phụng,Quận 11,Thành phố Hồ Chí Minh,C1_PhuongMoi_QuanCu_TinhCu,Lai,"{""PhuongXa"": ""moi"", ""QuanHuyen"": ""cu"", ""TinhThanh"": ""cu""}",B,N-1,Hợp nhất toàn bộ,OSM snapshot + vietnam-sap-nhap-phuong-xa.csv
"26, Đường Lý Thái Tổ, Phường Võ Cường, Thành phố Bắc Ninh, Bắc Ninh",26,Đường Lý Thái Tổ,Phường Võ Cường,Thành phố Bắc Ninh,Bắc Ninh,C1_PhuongMoi_QuanCu_TinhCu,Lai,"{""PhuongXa"": ""moi"", ""QuanHuyen"": ""cu"", ""TinhThanh"": ""cu""}",B,N-1,Hợp nhất toàn bộ,OSM snapshot + vietnam-sap-nhap-phuong-xa.csv
"79, Đường Trần Hưng Đạo, Phường Phố Mới, Thị xã Quế Võ, Tỉnh Bắc Ninh",79,Đường Trần Hưng Đạo,Phường Phố Mới,Thị xã Quế Võ,Tỉnh Bắc Ninh,C3_PhuongCu_QuanCu_TinhMoi,Lai,"{""PhuongXa"": ""cu"", ""QuanHuyen"": ""cu"", ""TinhThanh"": ""moi""}",B,N-1,Hợp nhất toàn bộ,OSM snapshot + vietnam-sap-nhap-phuong-xa.csv
"504, Đường Nguyễn Tất Thành, Phường Xóm Chiếu, quận 4, Thành phố Hồ Chí Minh",504,Đường Nguyễn Tất Thành,Phường Xóm Chiếu,quận 4,Thành phố Hồ Chí Minh,C2_PhuongMoi_QuanCu_TinhMoi,Lai,"{""PhuongXa"": ""moi"", ""QuanHuyen"": ""cu"", ""TinhThanh"": ""moi""}",B,N-1,Hợp nhất toàn bộ,OSM snapshot + vietnam-sap-nhap-phuong-xa.csv
"37, Phố Đức Chính, Phường Ba Đình, Quận Ba Đình, Hà Nội",37,Phố Đức Chính,Phường Ba Đình,Quận Ba Đình,Hà Nội,C1_PhuongMoi_QuanCu_TinhCu,Lai,"{""PhuongXa"": ""moi"", ""QuanHuyen"": ""cu"", ""TinhThanh"": ""cu""}",B,N-1,Hợp nhất toàn bộ,OSM snapshot + vietnam-sap-nhap-phuong-xa.csv
"20, Phố Tôn Thất Thuyết, Phường Phương Liễu, Thị xã Quế Võ, Bắc Ninh",20,Phố Tôn Thất Thuyết,Phường Phương Liễu,Thị xã Quế Võ,Bắc Ninh,C1_PhuongMoi_QuanCu_TinhCu,Lai,"{""PhuongXa"": ""moi"", ""QuanHuyen"": ""cu"", ""TinhThanh"": ""cu""}",B,N-1,Hợp nhất toàn bộ,OSM snapshot + vietnam-sap-nhap-phuong-xa.csv
"70, Đường Hoàng Quốc Việt, Phường Vũ Ninh, Thành phố Bắc Ninh, Tỉnh Bắc Ninh",70,Đường Hoàng Quốc Việt,Phường Vũ Ninh,Thành phố Bắc Ninh,Tỉnh Bắc Ninh,C2_PhuongMoi_QuanCu_TinhMoi,Lai,"{""PhuongXa"": ""moi"", ""QuanHuyen"": ""cu"", ""TinhThanh"": ""moi""}",B,N-1,Hợp nhất toàn bộ,OSM snapshot + vietnam-sap-nhap-phuong-xa.csv
"81, Phố Nguyễn Văn Trỗi, Phường Từ Sơn, Thành phố Từ Sơn, Bắc Ninh",81,Phố Nguyễn Văn Trỗi,Phường Từ Sơn,Thành phố Từ Sơn,Bắc Ninh,C1_PhuongMoi_QuanCu_TinhCu,Lai,"{""PhuongXa"": ""moi"", ""QuanHuyen"": ""cu"", ""TinhThanh"": ""cu""}",B,N-1,Hợp nhất toàn bộ,OSM snapshot + vietnam-sap-nhap-phuong-xa.csv
"86, Đường Đặng Huy Trứ, Phường Hòa Khánh, Quận Liên Chiểu, Đà Nẵng",86,Đường Đặng Huy Trứ,Phường Hòa Khánh,Quận Liên Chiểu,Đà Nẵng,C1_PhuongMoi_QuanCu_TinhCu,Lai,"{""PhuongXa"": ""moi"", ""QuanHuyen"": ""cu"", ""TinhThanh"": ""cu""}",B,N-1,Hợp nhất toàn bộ,OSM snapshot + vietnam-sap-nhap-phuong-xa.csv
"7, Đường Lê Hồng Phong, Phường Kinh Bắc, Thành phố Bắc Ninh, Tỉnh Bắc Ninh",7,Đường Lê Hồng Phong,Phường Kinh Bắc,Thành phố Bắc Ninh,Tỉnh Bắc Ninh,C2_PhuongMoi_QuanCu_TinhMoi,Lai,"{""PhuongXa"": ""moi"", ""QuanHuyen"": ""cu"", ""TinhThanh"": ""moi""}",B,N-1,Hợp nhất toàn bộ,OSM snapshot + vietnam-sap-nhap-phuong-xa.csv
"57, Đường Trần Hưng Đạo, Phường Kinh Bắc, Thành phố Bắc Ninh, Bắc Ninh",57,Đường Trần Hưng Đạo,Phường Kinh Bắc,Thành phố Bắc Ninh,Bắc Ninh,C1_PhuongMoi_QuanCu_TinhCu,Lai,"{""PhuongXa"": ""moi"", ""QuanHuyen"": ""cu"", ""TinhThanh"": ""cu""}",B,N-1,Hợp nhất toàn bộ,OSM snapshot + vietnam-sap-nhap-phuong-xa.csv
"114, Phố Nghĩa Tân, Phường Nghĩa Đô, Quận Cầu Giấy, Hà Nội",114,Phố Nghĩa Tân,Phường Nghĩa Đô,Quận Cầu Giấy,Hà Nội,C1_PhuongMoi_QuanCu_TinhCu,Lai,"{""PhuongXa"": ""moi"", ""QuanHuyen"": ""cu"", ""TinhThanh"": ""cu""}",B,N-1,Hợp nhất toàn bộ,OSM snapshot + vietnam-sap-nhap-phuong-xa.csv
"19, Cao Bá Nhạ, Phường Cầu Ông Lãnh, Quận 1, Thành phố Hồ Chí Minh",19,Cao Bá Nhạ,Phường Cầu Ông Lãnh,Quận 1,Thành phố Hồ Chí Minh,C1_PhuongMoi_QuanCu_TinhCu,Lai,"{""PhuongXa"": ""moi"", ""QuanHuyen"": ""cu"", ""TinhThanh"": ""cu""}",B,N-1,Hợp nhất toàn bộ,OSM snapshot + vietnam-sap-nhap-phuong-xa.csv
"46, Ngõ 810 Đường Đấu Mã, Phường Võ Cường, Thành phố Bắc Ninh, Bắc Ninh",46,Ngõ 810 Đường Đấu Mã,Phường Võ Cường,Thành phố Bắc Ninh,Bắc Ninh,C1_PhuongMoi_QuanCu_TinhCu,Lai,"{""PhuongXa"": ""moi"", ""QuanHuyen"": ""cu"", ""TinhThanh"": ""cu""}",B,N-1,Hợp nhất toàn bộ,OSM snapshot + vietnam-sap-nhap-phuong-xa.csv
"46, Đường Vũ Ninh, Phường Vũ Ninh, Thành phố Bắc Ninh, Bắc Ninh",46,Đường Vũ Ninh,Phường Vũ Ninh,Thành phố Bắc Ninh,Bắc Ninh,C1_PhuongMoi_QuanCu_TinhCu,Lai,"{""PhuongXa"": ""moi"", ""QuanHuyen"": ""cu"", ""TinhThanh"": ""cu""}",B,N-1,Hợp nhất toàn bộ,OSM snapshot + vietnam-sap-nhap-phuong-xa.csv
"390, Đường Hoàng Quốc Việt, Phường Vũ Ninh, Thành phố Bắc Ninh, Bắc Ninh",390,Đường Hoàng Quốc Việt,Phường Vũ Ninh,Thành phố Bắc Ninh,Bắc Ninh,C1_PhuongMoi_QuanCu_TinhCu,Lai,"{""PhuongXa"": ""moi"", ""QuanHuyen"": ""cu"", ""TinhThanh"": ""cu""}",B,N-1,Hợp nhất toàn bộ,OSM snapshot + vietnam-sap-nhap-phuong-xa.csv
"47-49, Phan Ngọc Hiển, Phường Bạc Liêu, Thành phố Bạc Liêu, Tỉnh Bạc Liêu",47-49,Phan Ngọc Hiển,Phường Bạc Liêu,Thành phố Bạc Liêu,Tỉnh Bạc Liêu,C1_PhuongMoi_QuanCu_TinhCu,Lai,"{""PhuongXa"": ""moi"", ""QuanHuyen"": ""cu"", ""TinhThanh"": ""cu""}",B,N-1,Hợp nhất toàn bộ,OSM snapshot + vietnam-sap-nhap-phuong-xa.csv
"65, Đường Vũ Ninh, Phường Vũ Ninh, Thành phố Bắc Ninh, Bắc Ninh",65,Đường Vũ Ninh,Phường Vũ Ninh,Thành phố Bắc Ninh,Bắc Ninh,C1_PhuongMoi_QuanCu_TinhCu,Lai,"{""PhuongXa"": ""moi"", ""QuanHuyen"": ""cu"", ""TinhThanh"": ""cu""}",B,N-1,Hợp nhất toàn bộ,OSM snapshot + vietnam-sap-nhap-phuong-xa.csv
"116, Đường Hoàng Quốc Việt, Phường Vũ Ninh, Thành phố Bắc Ninh, Bắc Ninh",116,Đường Hoàng Quốc Việt,Phường Vũ Ninh,Thành phố Bắc Ninh,Bắc Ninh,C1_PhuongMoi_QuanCu_TinhCu,Lai,"{""PhuongXa"": ""moi"", ""QuanHuyen"": ""cu"", ""TinhThanh"": ""cu""}",B,N-1,Hợp nhất toàn bộ,OSM snapshot + vietnam-sap-nhap-phuong-xa.csv
"42, Phố Tô Vĩnh Diện, Phường Kinh Bắc, Thành phố Bắc Ninh, Bắc Ninh",42,Phố Tô Vĩnh Diện,Phường Kinh Bắc,Thành phố Bắc Ninh,Bắc Ninh,C1_PhuongMoi_QuanCu_TinhCu,Lai,"{""PhuongXa"": ""moi"", ""QuanHuyen"": ""cu"", ""TinhThanh"": ""cu""}",B,N-1,Hợp nhất toàn bộ,OSM snapshot + vietnam-sap-nhap-phuong-xa.csv
"1, Phố Tô Hiến Thành, Phường Đình Bảng, Thành phố Từ Sơn, Tỉnh Bắc Ninh",1,Phố Tô Hiến Thành,Phường Đình Bảng,Thành phố Từ Sơn,Tỉnh Bắc Ninh,C3_PhuongCu_QuanCu_TinhMoi,Lai,"{""PhuongXa"": ""cu"", ""QuanHuyen"": ""cu"", ""TinhThanh"": ""moi""}",B,N-1,Hợp nhất toàn bộ,OSM snapshot + vietnam-sap-nhap-phuong-xa.csv
"108, Đường Khả Lễ, Phường Võ Cường, Thành phố Bắc Ninh, Bắc Ninh",108,Đường Khả Lễ,Phường Võ Cường,Thành phố Bắc Ninh,Bắc Ninh,C1_PhuongMoi_QuanCu_TinhCu,Lai,"{""PhuongXa"": ""moi"", ""QuanHuyen"": ""cu"", ""TinhThanh"": ""cu""}",B,N-1,Hợp nhất toàn bộ,OSM snapshot + vietnam-sap-nhap-phuong-xa.csv
"149, Đường Ngô Gia Tự, Phường Vũ Ninh, Thành phố Bắc Ninh, Bắc Ninh",149,Đường Ngô Gia Tự,Phường Vũ Ninh,Thành phố Bắc Ninh,Bắc Ninh,C1_PhuongMoi_QuanCu_TinhCu,Lai,"{""PhuongXa"": ""moi"", ""QuanHuyen"": ""cu"", ""TinhThanh"": ""cu""}",B,N-1,Hợp nhất toàn bộ,OSM snapshot + vietnam-sap-nhap-phuong-xa.csv
"7, Ngõ 224 Phố Lương Định Của, Phường Phương Liễu, Thị xã Quế Võ, Bắc Ninh",7,Ngõ 224 Phố Lương Định Của,Phường Phương Liễu,Thị xã Quế Võ,Bắc Ninh,C1_PhuongMoi_QuanCu_TinhCu,Lai,"{""PhuongXa"": ""moi"", ""QuanHuyen"": ""cu"", ""TinhThanh"": ""cu""}",B,N-1,Hợp nhất toàn bộ,OSM snapshot + vietnam-sap-nhap-phuong-xa.csv
"23, Đường Bà Chúa Kho, Phường Vũ Ninh, Thành phố Bắc Ninh, Tỉnh Bắc Ninh",23,Đường Bà Chúa Kho,Phường Vũ Ninh,Thành phố Bắc Ninh,Tỉnh Bắc Ninh,C2_PhuongMoi_QuanCu_TinhMoi,Lai,"{""PhuongXa"": ""moi"", ""QuanHuyen"": ""cu"", ""TinhThanh"": ""moi""}",B,N-1,Hợp nhất toàn bộ,OSM snapshot + vietnam-sap-nhap-phuong-xa.csv
"28, Đường Lý Thái Tổ, Phường Kinh Bắc, Thành phố Bắc Ninh, Bắc Ninh",28,Đường Lý Thái Tổ,Phường Kinh Bắc,Thành phố Bắc Ninh,Bắc Ninh,C1_PhuongMoi_QuanCu_TinhCu,Lai,"{""PhuongXa"": ""moi"", ""QuanHuyen"": ""cu"", ""TinhThanh"": ""cu""}",B,N-1,Hợp nhất toàn bộ,OSM snapshot + vietnam-sap-nhap-phuong-xa.csv
"198, Đường Lý Thường Kiệt, Phường Phù Khê, Thành phố Từ Sơn, Bắc Ninh",198,Đường Lý Thường Kiệt,Phường Phù Khê,Thành phố Từ Sơn,Bắc Ninh,C1_PhuongMoi_QuanCu_TinhCu,Lai,"{""PhuongXa"": ""moi"", ""QuanHuyen"": ""cu"", ""TinhThanh"": ""cu""}",B,N-1,Hợp nhất toàn bộ,OSM snapshot + vietnam-sap-nhap-phuong-xa.csv
"3, Đường Lý Thái Tổ, Phường Kinh Bắc, Thành phố Bắc Ninh, Bắc Ninh",3,Đường Lý Thái Tổ,Phường Kinh Bắc,Thành phố Bắc Ninh,Bắc Ninh,C1_PhuongMoi_QuanCu_TinhCu,Lai,"{""PhuongXa"": ""moi"", ""QuanHuyen"": ""cu"", ""TinhThanh"": ""cu""}",B,N-1,Hợp nhất toàn bộ,OSM snapshot + vietnam-sap-nhap-phuong-xa.csv
"14, Ngõ 133 Nguyễn Phong Sắc, Phường Nghĩa Đô, Quận Cầu Giấy, Thành phố Hà Nội",14,Ngõ 133 Nguyễn Phong Sắc,Phường Nghĩa Đô,Quận Cầu Giấy,Thành phố Hà Nội,C2_PhuongMoi_QuanCu_TinhMoi,Lai,"{""PhuongXa"": ""moi"", ""QuanHuyen"": ""cu"", ""TinhThanh"": ""moi""}",B,N-1,Hợp nhất toàn bộ,OSM snapshot + vietnam-sap-nhap-phuong-xa.csv
"86, Đường Khả Lễ, Phường Võ Cường, Thành phố Bắc Ninh, Bắc Ninh",86,Đường Khả Lễ,Phường Võ Cường,Thành phố Bắc Ninh,Bắc Ninh,C1_PhuongMoi_QuanCu_TinhCu,Lai,"{""PhuongXa"": ""moi"", ""QuanHuyen"": ""cu"", ""TinhThanh"": ""cu""}",B,N-1,Hợp nhất toàn bộ,OSM snapshot + vietnam-sap-nhap-phuong-xa.csv
"323, Đường Hoàng Quốc Việt, Phường Vũ Ninh, Thành phố Bắc Ninh, Bắc Ninh",323,Đường Hoàng Quốc Việt,Phường Vũ Ninh,Thành phố Bắc Ninh,Bắc Ninh,C1_PhuongMoi_QuanCu_TinhCu,Lai,"{""PhuongXa"": ""moi"", ""QuanHuyen"": ""cu"", ""TinhThanh"": ""cu""}",B,N-1,Hợp nhất toàn bộ,OSM snapshot + vietnam-sap-nhap-phuong-xa.csv
"170, Đường Lê Phụng Hiểu, Phường Kinh Bắc, Thành phố Bắc Ninh, Bắc Ninh",170,Đường Lê Phụng Hiểu,Phường Kinh Bắc,Thành phố Bắc Ninh,Bắc Ninh,C1_PhuongMoi_QuanCu_TinhCu,Lai,"{""PhuongXa"": ""moi"", ""QuanHuyen"": ""cu"", ""TinhThanh"": ""cu""}",B,N-1,Hợp nhất toàn bộ,OSM snapshot + vietnam-sap-nhap-phuong-xa.csv
"7, Đường Lê Hồng Phong, Phường Kinh Bắc, Thành phố Bắc Ninh, Bắc Ninh",7,Đường Lê Hồng Phong,Phường Kinh Bắc,Thành phố Bắc Ninh,Bắc Ninh,C1_PhuongMoi_QuanCu_TinhCu,Lai,"{""PhuongXa"": ""moi"", ""QuanHuyen"": ""cu"", ""TinhThanh"": ""cu""}",B,N-1,Hợp nhất toàn bộ,OSM snapshot + vietnam-sap-nhap-phuong-xa.csv
"220, Đường Hoàng Quốc Việt, Phường Vũ Ninh, Thành phố Bắc Ninh, Bắc Ninh",220,Đường Hoàng Quốc Việt,Phường Vũ Ninh,Thành phố Bắc Ninh,Bắc Ninh,C1_PhuongMoi_QuanCu_TinhCu,Lai,"{""PhuongXa"": ""moi"", ""QuanHuyen"": ""cu"", ""TinhThanh"": ""cu""}",B,N-1,Hợp nhất toàn bộ,OSM snapshot + vietnam-sap-nhap-phuong-xa.csv
"40, Đường Hoàng Quốc Việt, Phường Thị Cầu, Thành phố Bắc Ninh, Tỉnh Bắc Ninh",40,Đường Hoàng Quốc Việt,Phường Thị Cầu,Thành phố Bắc Ninh,Tỉnh Bắc Ninh,C3_PhuongCu_QuanCu_TinhMoi,Lai,"{""PhuongXa"": ""cu"", ""QuanHuyen"": ""cu"", ""TinhThanh"": ""moi""}",B,N-1,Hợp nhất toàn bộ,OSM snapshot + vietnam-sap-nhap-phuong-xa.csv
"56, Phố Yên Mẫn, Phường Kinh Bắc, Thành phố Bắc Ninh, Tỉnh Bắc Ninh",56,Phố Yên Mẫn,Phường Kinh Bắc,Thành phố Bắc Ninh,Tỉnh Bắc Ninh,C2_PhuongMoi_QuanCu_TinhMoi,Lai,"{""PhuongXa"": ""moi"", ""QuanHuyen"": ""cu"", ""TinhThanh"": ""moi""}",B,N-1,Hợp nhất toàn bộ,OSM snapshot + vietnam-sap-nhap-phuong-xa.csv
"115, P Phùng Hưng, Phố Phùng Hưng, Phường Hoàn Kiếm, Quận Hoàn Kiếm, Thành phố Hà Nội","115, P Phùng Hưng",Phố Phùng Hưng,Phường Hoàn Kiếm,Quận Hoàn Kiếm,Thành phố Hà Nội,C2_PhuongMoi_QuanCu_TinhMoi,Lai,"{""PhuongXa"": ""moi"", ""QuanHuyen"": ""cu"", ""TinhThanh"": ""moi""}",B,N-1,Hợp nhất toàn bộ,OSM snapshot + vietnam-sap-nhap-phuong-xa.csv
"35, Đường Phúc Sơn, Phường Vũ Ninh, Thành phố Bắc Ninh, Bắc Ninh",35,Đường Phúc Sơn,Phường Vũ Ninh,Thành phố Bắc Ninh,Bắc Ninh,C1_PhuongMoi_QuanCu_TinhCu,Lai,"{""PhuongXa"": ""moi"", ""QuanHuyen"": ""cu"", ""TinhThanh"": ""cu""}",B,N-1,Hợp nhất toàn bộ,OSM snapshot + vietnam-sap-nhap-phuong-xa.csv
"15, Đường Phúc Sơn, Phường Vũ Ninh, Thành phố Bắc Ninh, Bắc Ninh",15,Đường Phúc Sơn,Phường Vũ Ninh,Thành phố Bắc Ninh,Bắc Ninh,C1_PhuongMoi_QuanCu_TinhCu,Lai,"{""PhuongXa"": ""moi"", ""QuanHuyen"": ""cu"", ""TinhThanh"": ""cu""}",B,N-1,Hợp nhất toàn bộ,OSM snapshot + vietnam-sap-nhap-phuong-xa.csv
"323, Đường Hoàng Quốc Việt, Phường Vũ Ninh, Thành phố Bắc Ninh, Tỉnh Bắc Ninh",323,Đường Hoàng Quốc Việt,Phường Vũ Ninh,Thành phố Bắc Ninh,Tỉnh Bắc Ninh,C2_PhuongMoi_QuanCu_TinhMoi,Lai,"{""PhuongXa"": ""moi"", ""QuanHuyen"": ""cu"", ""TinhThanh"": ""moi""}",B,N-1,Hợp nhất toàn bộ,OSM snapshot + vietnam-sap-nhap-phuong-xa.csv
"40, Bành Văn Trân, Phường Tân Sơn Nhất, Quận Tân Bình, Thành phố Hồ Chí Minh",40,Bành Văn Trân,Phường Tân Sơn Nhất,Quận Tân Bình,Thành phố Hồ Chí Minh,C1_PhuongMoi_QuanCu_TinhCu,Lai,"{""PhuongXa"": ""moi"", ""QuanHuyen"": ""cu"", ""TinhThanh"": ""cu""}",B,N-1,Hợp nhất toàn bộ,OSM snapshot + vietnam-sap-nhap-phuong-xa.csv
"12B, Phố Hàng Cót, Phường Hoàn Kiếm, Quận Hoàn Kiếm, Hà Nội",12B,Phố Hàng Cót,Phường Hoàn Kiếm,Quận Hoàn Kiếm,Hà Nội,C1_PhuongMoi_QuanCu_TinhCu,Lai,"{""PhuongXa"": ""moi"", ""QuanHuyen"": ""cu"", ""TinhThanh"": ""cu""}",B,N-1,Hợp nhất toàn bộ,OSM snapshot + vietnam-sap-nhap-phuong-xa.csv
"47-49, Phan Ngọc Hiển, Phường Bạc Liêu, Thành phố Bạc Liêu, Tỉnh Cà Mau",47-49,Phan Ngọc Hiển,Phường Bạc Liêu,Thành phố Bạc Liêu,Tỉnh Cà Mau,C2_PhuongMoi_QuanCu_TinhMoi,Lai,"{""PhuongXa"": ""moi"", ""QuanHuyen"": ""cu"", ""TinhThanh"": ""moi""}",B,N-1,Hợp nhất toàn bộ,OSM snapshot + vietnam-sap-nhap-phuong-xa.csv
"41, Đường Trần Hưng Đạo, Phường Kinh Bắc, Thành phố Bắc Ninh, Tỉnh Bắc Ninh",41,Đường Trần Hưng Đạo,Phường Kinh Bắc,Thành phố Bắc Ninh,Tỉnh Bắc Ninh,C2_PhuongMoi_QuanCu_TinhMoi,Lai,"{""PhuongXa"": ""moi"", ""QuanHuyen"": ""cu"", ""TinhThanh"": ""moi""}",B,N-1,Hợp nhất toàn bộ,OSM snapshot + vietnam-sap-nhap-phuong-xa.csv
"26, Phố Vạn Hạnh, Phường Từ Sơn, Thành phố Từ Sơn, Bắc Ninh",26,Phố Vạn Hạnh,Phường Từ Sơn,Thành phố Từ Sơn,Bắc Ninh,C1_PhuongMoi_QuanCu_TinhCu,Lai,"{""PhuongXa"": ""moi"", ""QuanHuyen"": ""cu"", ""TinhThanh"": ""cu""}",B,N-1,Hợp nhất toàn bộ,OSM snapshot + vietnam-sap-nhap-phuong-xa.csv
"1, Ngõ 1031 Đường Quang Trung, Phường Quế Võ, Thị xã Quế Võ, Bắc Ninh",1,Ngõ 1031 Đường Quang Trung,Phường Quế Võ,Thị xã Quế Võ,Bắc Ninh,C1_PhuongMoi_QuanCu_TinhCu,Lai,"{""PhuongXa"": ""moi"", ""QuanHuyen"": ""cu"", ""TinhThanh"": ""cu""}",B,N-1,Hợp nhất toàn bộ,OSM snapshot + vietnam-sap-nhap-phuong-xa.csv
"236, Đường Thiên Đức, Phường Kinh Bắc, Thành phố Bắc Ninh, Bắc Ninh",236,Đường Thiên Đức,Phường Kinh Bắc,Thành phố Bắc Ninh,Bắc Ninh,C1_PhuongMoi_QuanCu_TinhCu,Lai,"{""PhuongXa"": ""moi"", ""QuanHuyen"": ""cu"", ""TinhThanh"": ""cu""}",B,N-1,Hợp nhất toàn bộ,OSM snapshot + vietnam-sap-nhap-phuong-xa.csv
"269, Phố Lương Định Của, Phường Phương Liễu, Thị xã Quế Võ, Bắc Ninh",269,Phố Lương Định Của,Phường Phương Liễu,Thị xã Quế Võ,Bắc Ninh,C1_PhuongMoi_QuanCu_TinhCu,Lai,"{""PhuongXa"": ""moi"", ""QuanHuyen"": ""cu"", ""TinhThanh"": ""cu""}",B,N-1,Hợp nhất toàn bộ,OSM snapshot + vietnam-sap-nhap-phuong-xa.csv
"57, Phố Nguyễn Văn Trỗi, Phường Từ Sơn, Thành phố Từ Sơn, Tỉnh Bắc Ninh",57,Phố Nguyễn Văn Trỗi,Phường Từ Sơn,Thành phố Từ Sơn,Tỉnh Bắc Ninh,C2_PhuongMoi_QuanCu_TinhMoi,Lai,"{""PhuongXa"": ""moi"", ""QuanHuyen"": ""cu"", ""TinhThanh"": ""moi""}",B,N-1,Hợp nhất toàn bộ,OSM snapshot + vietnam-sap-nhap-phuong-xa.csv
"182, Phố Hà Liễu, Phường Phương Liễu, Thị xã Quế Võ, Bắc Ninh",182,Phố Hà Liễu,Phường Phương Liễu,Thị xã Quế Võ,Bắc Ninh,C1_PhuongMoi_QuanCu_TinhCu,Lai,"{""PhuongXa"": ""moi"", ""QuanHuyen"": ""cu"", ""TinhThanh"": ""cu""}",B,N-1,Hợp nhất toàn bộ,OSM snapshot + vietnam-sap-nhap-phuong-xa.csv
"2, Phố Lương Định Của, Phường Phương Liễu, Thị xã Quế Võ, Tỉnh Bắc Ninh",2,Phố Lương Định Của,Phường Phương Liễu,Thị xã Quế Võ,Tỉnh Bắc Ninh,C2_PhuongMoi_QuanCu_TinhMoi,Lai,"{""PhuongXa"": ""moi"", ""QuanHuyen"": ""cu"", ""TinhThanh"": ""moi""}",B,N-1,Hợp nhất toàn bộ,OSM snapshot + vietnam-sap-nhap-phuong-xa.csv
"142, Đường Trần Hưng Đạo, Phường Quế Võ, Thị xã Quế Võ, Bắc Ninh",142,Đường Trần Hưng Đạo,Phường Quế Võ,Thị xã Quế Võ,Bắc Ninh,C1_PhuongMoi_QuanCu_TinhCu,Lai,"{""PhuongXa"": ""moi"", ""QuanHuyen"": ""cu"", ""TinhThanh"": ""cu""}",B,N-1,Hợp nhất toàn bộ,OSM snapshot + vietnam-sap-nhap-phuong-xa.csv
"22, Ngõ 195 Đường Vũ Ninh, Phường Vũ Ninh, Thành phố Bắc Ninh, Bắc Ninh",22,Ngõ 195 Đường Vũ Ninh,Phường Vũ Ninh,Thành phố Bắc Ninh,Bắc Ninh,C1_PhuongMoi_QuanCu_TinhCu,Lai,"{""PhuongXa"": ""moi"", ""QuanHuyen"": ""cu"", ""TinhThanh"": ""cu""}",B,N-1,Hợp nhất toàn bộ,OSM snapshot + vietnam-sap-nhap-phuong-xa.csv
"33, Đường Rạp Hát, Phường Kinh Bắc, Thành phố Bắc Ninh, Tỉnh Bắc Ninh",33,Đường Rạp Hát,Phường Kinh Bắc,Thành phố Bắc Ninh,Tỉnh Bắc Ninh,C2_PhuongMoi_QuanCu_TinhMoi,Lai,"{""PhuongXa"": ""moi"", ""QuanHuyen"": ""cu"", ""TinhThanh"": ""moi""}",B,N-1,Hợp nhất toàn bộ,OSM snapshot + vietnam-sap-nhap-phuong-xa.csv
"185, Đường Trần Hưng Đạo, Phường Kinh Bắc, Thành phố Bắc Ninh, Tỉnh Bắc Ninh",185,Đường Trần Hưng Đạo,Phường Kinh Bắc,Thành phố Bắc Ninh,Tỉnh Bắc Ninh,C2_PhuongMoi_QuanCu_TinhMoi,Lai,"{""PhuongXa"": ""moi"", ""QuanHuyen"": ""cu"", ""TinhThanh"": ""moi""}",B,N-1,Hợp nhất toàn bộ,OSM snapshot + vietnam-sap-nhap-phuong-xa.csv
"4, Ngõ 133 Nguyễn Phong Sắc, Phường Nghĩa Đô, Quận Cầu Giấy, Hà Nội",4,Ngõ 133 Nguyễn Phong Sắc,Phường Nghĩa Đô,Quận Cầu Giấy,Hà Nội,C1_PhuongMoi_QuanCu_TinhCu,Lai,"{""PhuongXa"": ""moi"", ""QuanHuyen"": ""cu"", ""TinhThanh"": ""cu""}",B,N-1,Hợp nhất toàn bộ,OSM snapshot + vietnam-sap-nhap-phuong-xa.csv
"66, Đường Hoàng Quốc Việt, Phường Vũ Ninh, Thành phố Bắc Ninh, Bắc Ninh",66,Đường Hoàng Quốc Việt,Phường Vũ Ninh,Thành phố Bắc Ninh,Bắc Ninh,C1_PhuongMoi_QuanCu_TinhCu,Lai,"{""PhuongXa"": ""moi"", ""QuanHuyen"": ""cu"", ""TinhThanh"": ""cu""}",B,N-1,Hợp nhất toàn bộ,OSM snapshot + vietnam-sap-nhap-phuong-xa.csv
"11, Đường Lý Thái Tổ, Phường Kinh Bắc, Thành phố Bắc Ninh, Bắc Ninh",11,Đường Lý Thái Tổ,Phường Kinh Bắc,Thành phố Bắc Ninh,Bắc Ninh,C1_PhuongMoi_QuanCu_TinhCu,Lai,"{""PhuongXa"": ""moi"", ""QuanHuyen"": ""cu"", ""TinhThanh"": ""cu""}",B,N-1,Hợp nhất toàn bộ,OSM snapshot + vietnam-sap-nhap-phuong-xa.csv
"90, Phố Nghĩa Tân, Phường Nghĩa Đô, Quận Cầu Giấy, Hà Nội",90,Phố Nghĩa Tân,Phường Nghĩa Đô,Quận Cầu Giấy,Hà Nội,C1_PhuongMoi_QuanCu_TinhCu,Lai,"{""PhuongXa"": ""moi"", ""QuanHuyen"": ""cu"", ""TinhThanh"": ""cu""}",B,N-1,Hợp nhất toàn bộ,OSM snapshot + vietnam-sap-nhap-phuong-xa.csv
"80, Đường Số 3, Phường Phú Thọ, Quận 11, Hồ Chí Minh",80,Đường Số 3,Phường Phú Thọ,Quận 11,Hồ Chí Minh,C1_PhuongMoi_QuanCu_TinhCu,Lai,"{""PhuongXa"": ""moi"", ""QuanHuyen"": ""cu"", ""TinhThanh"": ""cu""}",B,N-1,Hợp nhất toàn bộ,OSM snapshot + vietnam-sap-nhap-phuong-xa.csv
"11A, Đường Lý Thái Tổ, Phường Kinh Bắc, Thành phố Bắc Ninh, Bắc Ninh",11A,Đường Lý Thái Tổ,Phường Kinh Bắc,Thành phố Bắc Ninh,Bắc Ninh,C1_PhuongMoi_QuanCu_TinhCu,Lai,"{""PhuongXa"": ""moi"", ""QuanHuyen"": ""cu"", ""TinhThanh"": ""cu""}",B,N-1,Hợp nhất toàn bộ,OSM snapshot + vietnam-sap-nhap-phuong-xa.csv
"13, Phố Tôn Thất Thuyết, Phường Phương Liễu, Thị xã Quế Võ, Tỉnh Bắc Ninh",13,Phố Tôn Thất Thuyết,Phường Phương Liễu,Thị xã Quế Võ,Tỉnh Bắc Ninh,C2_PhuongMoi_QuanCu_TinhMoi,Lai,"{""PhuongXa"": ""moi"", ""QuanHuyen"": ""cu"", ""TinhThanh"": ""moi""}",B,N-1,Hợp nhất toàn bộ,OSM snapshot + vietnam-sap-nhap-phuong-xa.csv
"115, P Phùng Hưng, Phố Phùng Hưng, Phường Hàng Bồ, Quận Hoàn Kiếm, Thành phố Hà Nội","115, P Phùng Hưng",Phố Phùng Hưng,Phường Hàng Bồ,Quận Hoàn Kiếm,Thành phố Hà Nội,C3_PhuongCu_QuanCu_TinhMoi,Lai,"{""PhuongXa"": ""cu"", ""QuanHuyen"": ""cu"", ""TinhThanh"": ""moi""}",B,N-1,Hợp nhất toàn bộ,OSM snapshot + vietnam-sap-nhap-phuong-xa.csv
"85, Đường Lê Văn Thịnh, Phường Suối Hoa, Thành phố Bắc Ninh, Tỉnh Bắc Ninh",85,Đường Lê Văn Thịnh,Phường Suối Hoa,Thành phố Bắc Ninh,Tỉnh Bắc Ninh,C3_PhuongCu_QuanCu_TinhMoi,Lai,"{""PhuongXa"": ""cu"", ""QuanHuyen"": ""cu"", ""TinhThanh"": ""moi""}",B,N-1,Hợp nhất toàn bộ,OSM snapshot + vietnam-sap-nhap-phuong-xa.csv
"678, Đường Hoàng Quốc Việt, Phường Đáp Cầu, Thành phố Bắc Ninh, Tỉnh Bắc Ninh",678,Đường Hoàng Quốc Việt,Phường Đáp Cầu,Thành phố Bắc Ninh,Tỉnh Bắc Ninh,C3_PhuongCu_QuanCu_TinhMoi,Lai,"{""PhuongXa"": ""cu"", ""QuanHuyen"": ""cu"", ""TinhThanh"": ""moi""}",B,N-1,Hợp nhất toàn bộ,OSM snapshot + vietnam-sap-nhap-phuong-xa.csv
"15, Đường Nội Khu 04, Phường Tân Mỹ, Quận 7, Thành phố Hồ Chí Minh",15,Đường Nội Khu 04,Phường Tân Mỹ,Quận 7,Thành phố Hồ Chí Minh,C1_PhuongMoi_QuanCu_TinhCu,Lai,"{""PhuongXa"": ""moi"", ""QuanHuyen"": ""cu"", ""TinhThanh"": ""cu""}",B,N-1,Hợp nhất toàn bộ,OSM snapshot + vietnam-sap-nhap-phuong-xa.csv
"13, Đường Nguyễn Đăng Đạo, Phường Võ Cường, Thành phố Bắc Ninh, Bắc Ninh",13,Đường Nguyễn Đăng Đạo,Phường Võ Cường,Thành phố Bắc Ninh,Bắc Ninh,C1_PhuongMoi_QuanCu_TinhCu,Lai,"{""PhuongXa"": ""moi"", ""QuanHuyen"": ""cu"", ""TinhThanh"": ""cu""}",B,N-1,Hợp nhất toàn bộ,OSM snapshot + vietnam-sap-nhap-phuong-xa.csv
"44, Đường Nguyễn Gia Thiều, Phường Kinh Bắc, Thành phố Bắc Ninh, Bắc Ninh",44,Đường Nguyễn Gia Thiều,Phường Kinh Bắc,Thành phố Bắc Ninh,Bắc Ninh,C1_PhuongMoi_QuanCu_TinhCu,Lai,"{""PhuongXa"": ""moi"", ""QuanHuyen"": ""cu"", ""TinhThanh"": ""cu""}",B,N-1,Hợp nhất toàn bộ,OSM snapshot + vietnam-sap-nhap-phuong-xa.csv
"84, Phố Lương Định Của, Phường Phương Liễu, Thị xã Quế Võ, Bắc Ninh",84,Phố Lương Định Của,Phường Phương Liễu,Thị xã Quế Võ,Bắc Ninh,C1_PhuongMoi_QuanCu_TinhCu,Lai,"{""PhuongXa"": ""moi"", ""QuanHuyen"": ""cu"", ""TinhThanh"": ""cu""}",B,N-1,Hợp nhất toàn bộ,OSM snapshot + vietnam-sap-nhap-phuong-xa.csv
"1, Đường Thanh Niên, Phường Ba Đình, Quận Ba Đình, Hà Nội",1,Đường Thanh Niên,Phường Ba Đình,Quận Ba Đình,Hà Nội,C1_PhuongMoi_QuanCu_TinhCu,Lai,"{""PhuongXa"": ""moi"", ""QuanHuyen"": ""cu"", ""TinhThanh"": ""cu""}",B,N-1,Hợp nhất toàn bộ,OSM snapshot + vietnam-sap-nhap-phuong-xa.csv
"432, Đường Hoàng Quốc Việt, Phường Vũ Ninh, Thành phố Bắc Ninh, Tỉnh Bắc Ninh",432,Đường Hoàng Quốc Việt,Phường Vũ Ninh,Thành phố Bắc Ninh,Tỉnh Bắc Ninh,C2_PhuongMoi_QuanCu_TinhMoi,Lai,"{""PhuongXa"": ""moi"", ""QuanHuyen"": ""cu"", ""TinhThanh"": ""moi""}",B,N-1,Hợp nhất toàn bộ,OSM snapshot + vietnam-sap-nhap-phuong-xa.csv
"54, Phố Lý Chiêu Hoàng, Phường Kinh Bắc, Thành phố Bắc Ninh, Bắc Ninh",54,Phố Lý Chiêu Hoàng,Phường Kinh Bắc,Thành phố Bắc Ninh,Bắc Ninh,C1_PhuongMoi_QuanCu_TinhCu,Lai,"{""PhuongXa"": ""moi"", ""QuanHuyen"": ""cu"", ""TinhThanh"": ""cu""}",B,N-1,Hợp nhất toàn bộ,OSM snapshot + vietnam-sap-nhap-phuong-xa.csv
"504, Đường Nguyễn Tất Thành, Phường Xóm Chiếu, quận 4, TP Hồ Chí Minh",504,Đường Nguyễn Tất Thành,Phường Xóm Chiếu,quận 4,TP Hồ Chí Minh,C1_PhuongMoi_QuanCu_TinhCu,Lai,"{""PhuongXa"": ""moi"", ""QuanHuyen"": ""cu"", ""TinhThanh"": ""cu""}",B,N-1,Hợp nhất toàn bộ,OSM snapshot + vietnam-sap-nhap-phuong-xa.csv
"38, Đường Khả Lễ, Phường Võ Cường, Thành phố Bắc Ninh, Tỉnh Bắc Ninh",38,Đường Khả Lễ,Phường Võ Cường,Thành phố Bắc Ninh,Tỉnh Bắc Ninh,C2_PhuongMoi_QuanCu_TinhMoi,Lai,"{""PhuongXa"": ""moi"", ""QuanHuyen"": ""cu"", ""TinhThanh"": ""moi""}",B,N-1,Hợp nhất toàn bộ,OSM snapshot + vietnam-sap-nhap-phuong-xa.csv
"22, Ngõ 133 Nguyễn Phong Sắc, Phường Nghĩa Đô, Quận Cầu Giấy, Hà Nội",22,Ngõ 133 Nguyễn Phong Sắc,Phường Nghĩa Đô,Quận Cầu Giấy,Hà Nội,C1_PhuongMoi_QuanCu_TinhCu,Lai,"{""PhuongXa"": ""moi"", ""QuanHuyen"": ""cu"", ""TinhThanh"": ""cu""}",B,N-1,Hợp nhất toàn bộ,OSM snapshot + vietnam-sap-nhap-phuong-xa.csv
"1/36, Đường Đặng Thùy Trâm, Phường Bình Lợi Trung, Quận Bình Thạnh, Thành Phố Hồ Chí Minh",1/36,Đường Đặng Thùy Trâm,Phường Bình Lợi Trung,Quận Bình Thạnh,Thành Phố Hồ Chí Minh,C1_PhuongMoi_QuanCu_TinhCu,Lai,"{""PhuongXa"": ""moi"", ""QuanHuyen"": ""cu"", ""TinhThanh"": ""cu""}",B,N-1,Hợp nhất toàn bộ,OSM snapshot + vietnam-sap-nhap-phuong-xa.csv
"127, Đường Ngô Gia Tự, Phường Vũ Ninh, Thành phố Bắc Ninh, Bắc Ninh",127,Đường Ngô Gia Tự,Phường Vũ Ninh,Thành phố Bắc Ninh,Bắc Ninh,C1_PhuongMoi_QuanCu_TinhCu,Lai,"{""PhuongXa"": ""moi"", ""QuanHuyen"": ""cu"", ""TinhThanh"": ""cu""}",B,N-1,Hợp nhất toàn bộ,OSM snapshot + vietnam-sap-nhap-phuong-xa.csv
"16, Phố Hàng Cót, Phường Hoàn Kiếm, Quận Hoàn Kiếm, Thành phố Hà Nội",16,Phố Hàng Cót,Phường Hoàn Kiếm,Quận Hoàn Kiếm,Thành phố Hà Nội,C2_PhuongMoi_QuanCu_TinhMoi,Lai,"{""PhuongXa"": ""moi"", ""QuanHuyen"": ""cu"", ""TinhThanh"": ""moi""}",B,N-1,Hợp nhất toàn bộ,OSM snapshot + vietnam-sap-nhap-phuong-xa.csv
"04, Đường Mỹ Phú 1A, Phường Tân Mỹ, Quận 7, Thành phố Hồ Chí Minh",04,Đường Mỹ Phú 1A,Phường Tân Mỹ,Quận 7,Thành phố Hồ Chí Minh,C1_PhuongMoi_QuanCu_TinhCu,Lai,"{""PhuongXa"": ""moi"", ""QuanHuyen"": ""cu"", ""TinhThanh"": ""cu""}",B,N-1,Hợp nhất toàn bộ,OSM snapshot + vietnam-sap-nhap-phuong-xa.csv
"2, Phố Hàng Cót, Phường Hoàn Kiếm, Quận Hoàn Kiếm, Hà Nội",2,Phố Hàng Cót,Phường Hoàn Kiếm,Quận Hoàn Kiếm,Hà Nội,C1_PhuongMoi_QuanCu_TinhCu,Lai,"{""PhuongXa"": ""moi"", ""QuanHuyen"": ""cu"", ""TinhThanh"": ""cu""}",B,N-1,Hợp nhất toàn bộ,OSM snapshot + vietnam-sap-nhap-phuong-xa.csv
"97, Đường Trần Văn Kiểu, Phường Bình Phú, Quận 6, Hồ Chí Minh",97,Đường Trần Văn Kiểu,Phường Bình Phú,Quận 6,Hồ Chí Minh,C1_PhuongMoi_QuanCu_TinhCu,Lai,"{""PhuongXa"": ""moi"", ""QuanHuyen"": ""cu"", ""TinhThanh"": ""cu""}",B,N-1,Hợp nhất toàn bộ,OSM snapshot + vietnam-sap-nhap-phuong-xa.csv
"87, Đường Thành Bắc, Phường Kinh Bắc, Thành phố Bắc Ninh, Bắc Ninh",87,Đường Thành Bắc,Phường Kinh Bắc,Thành phố Bắc Ninh,Bắc Ninh,C1_PhuongMoi_QuanCu_TinhCu,Lai,"{""PhuongXa"": ""moi"", ""QuanHuyen"": ""cu"", ""TinhThanh"": ""cu""}",B,N-1,Hợp nhất toàn bộ,OSM snapshot + vietnam-sap-nhap-phuong-xa.csv
"81, Đường Thanh Sơn, Phường Vũ Ninh, Thành phố Bắc Ninh, Bắc Ninh",81,Đường Thanh Sơn,Phường Vũ Ninh,Thành phố Bắc Ninh,Bắc Ninh,C1_PhuongMoi_QuanCu_TinhCu,Lai,"{""PhuongXa"": ""moi"", ""QuanHuyen"": ""cu"", ""TinhThanh"": ""cu""}",B,N-1,Hợp nhất toàn bộ,OSM snapshot + vietnam-sap-nhap-phuong-xa.csv
"2, Ngõ 42 Phố Trần Bình Trọng, Phường Phương Liễu, Thị xã Quế Võ, Tỉnh Bắc Ninh",2,Ngõ 42 Phố Trần Bình Trọng,Phường Phương Liễu,Thị xã Quế Võ,Tỉnh Bắc Ninh,C2_PhuongMoi_QuanCu_TinhMoi,Lai,"{""PhuongXa"": ""moi"", ""QuanHuyen"": ""cu"", ""TinhThanh"": ""moi""}",B,N-1,Hợp nhất toàn bộ,OSM snapshot + vietnam-sap-nhap-phuong-xa.csv
"1A, Đường Nguyễn Tri Phương, Phường Ba Đình, Quận Ba Đình, Hà Nội",1A,Đường Nguyễn Tri Phương,Phường Ba Đình,Quận Ba Đình,Hà Nội,C1_PhuongMoi_QuanCu_TinhCu,Lai,"{""PhuongXa"": ""moi"", ""QuanHuyen"": ""cu"", ""TinhThanh"": ""cu""}",B,N-1,Hợp nhất toàn bộ,OSM snapshot + vietnam-sap-nhap-phuong-xa.csv
"114, Phố Trang Liệt 3, Phường Đồng Nguyên, Thành phố Từ Sơn, Tỉnh Bắc Ninh",114,Phố Trang Liệt 3,Phường Đồng Nguyên,Thành phố Từ Sơn,Tỉnh Bắc Ninh,C2_PhuongMoi_QuanCu_TinhMoi,Lai,"{""PhuongXa"": ""moi"", ""QuanHuyen"": ""cu"", ""TinhThanh"": ""moi""}",B,N-1,Hợp nhất toàn bộ,OSM snapshot + vietnam-sap-nhap-phuong-xa.csv
"167, Đường Nguyễn Cao, Phường Tiền Ninh Vệ, Thành phố Bắc Ninh, Tỉnh Bắc Ninh",167,Đường Nguyễn Cao,Phường Tiền Ninh Vệ,Thành phố Bắc Ninh,Tỉnh Bắc Ninh,C3_PhuongCu_QuanCu_TinhMoi,Lai,"{""PhuongXa"": ""cu"", ""QuanHuyen"": ""cu"", ""TinhThanh"": ""moi""}",B,N-1,Hợp nhất toàn bộ,OSM snapshot + vietnam-sap-nhap-phuong-xa.csv
"11, Ngõ 358 Đường Nguyễn Văn Cừ, Phường Võ Cường, Thành phố Bắc Ninh, Bắc Ninh",11,Ngõ 358 Đường Nguyễn Văn Cừ,Phường Võ Cường,Thành phố Bắc Ninh,Bắc Ninh,C1_PhuongMoi_QuanCu_TinhCu,Lai,"{""PhuongXa"": ""moi"", ""QuanHuyen"": ""cu"", ""TinhThanh"": ""cu""}",B,N-1,Hợp nhất toàn bộ,OSM snapshot + vietnam-sap-nhap-phuong-xa.csv
"106, Nguyễn Văn Cừ, Phường Cầu Ông Lãnh, Quận 1, Thành phố Hồ Chí Minh",106,Nguyễn Văn Cừ,Phường Cầu Ông Lãnh,Quận 1,Thành phố Hồ Chí Minh,C1_PhuongMoi_QuanCu_TinhCu,Lai,"{""PhuongXa"": ""moi"", ""QuanHuyen"": ""cu"", ""TinhThanh"": ""cu""}",B,N-1,Hợp nhất toàn bộ,OSM snapshot + vietnam-sap-nhap-phuong-xa.csv
"76, Đường Khả Lễ, Phường Võ Cường, Thành phố Bắc Ninh, Bắc Ninh",76,Đường Khả Lễ,Phường Võ Cường,Thành phố Bắc Ninh,Bắc Ninh,C1_PhuongMoi_QuanCu_TinhCu,Lai,"{""PhuongXa"": ""moi"", ""QuanHuyen"": ""cu"", ""TinhThanh"": ""cu""}",B,N-1,Hợp nhất toàn bộ,OSM snapshot + vietnam-sap-nhap-phuong-xa.csv
"09, Đường Mỹ Phú 1A, Phường Tân Mỹ, Quận 7, Thành phố Hồ Chí Minh",09,Đường Mỹ Phú 1A,Phường Tân Mỹ,Quận 7,Thành phố Hồ Chí Minh,C1_PhuongMoi_QuanCu_TinhCu,Lai,"{""PhuongXa"": ""moi"", ""QuanHuyen"": ""cu"", ""TinhThanh"": ""cu""}",B,N-1,Hợp nhất toàn bộ,OSM snapshot + vietnam-sap-nhap-phuong-xa.csv
"401, Đường Ngô Gia Tự, Phường Kinh Bắc, Thành phố Bắc Ninh, Bắc Ninh",401,Đường Ngô Gia Tự,Phường Kinh Bắc,Thành phố Bắc Ninh,Bắc Ninh,C1_PhuongMoi_QuanCu_TinhCu,Lai,"{""PhuongXa"": ""moi"", ""QuanHuyen"": ""cu"", ""TinhThanh"": ""cu""}",B,N-1,Hợp nhất toàn bộ,OSM snapshot + vietnam-sap-nhap-phuong-xa.csv
"2, Đường Lý Thái Tông, Phường Suối Hoa, Thành phố Bắc Ninh, Tỉnh Bắc Ninh",2,Đường Lý Thái Tông,Phường Suối Hoa,Thành phố Bắc Ninh,Tỉnh Bắc Ninh,C3_PhuongCu_QuanCu_TinhMoi,Lai,"{""PhuongXa"": ""cu"", ""QuanHuyen"": ""cu"", ""TinhThanh"": ""moi""}",B,N-1,Hợp nhất toàn bộ,OSM snapshot + vietnam-sap-nhap-phuong-xa.csv
"199, Phố Hà Liễu, Phường Phương Liễu, Thị xã Quế Võ, Bắc Ninh",199,Phố Hà Liễu,Phường Phương Liễu,Thị xã Quế Võ,Bắc Ninh,C1_PhuongMoi_QuanCu_TinhCu,Lai,"{""PhuongXa"": ""moi"", ""QuanHuyen"": ""cu"", ""TinhThanh"": ""cu""}",B,N-1,Hợp nhất toàn bộ,OSM snapshot + vietnam-sap-nhap-phuong-xa.csv
"1, Ngách 133/22 Nguyễn Phong Sắc, Phường Nghĩa Đô, Quận Cầu Giấy, Hà Nội",1,Ngách 133/22 Nguyễn Phong Sắc,Phường Nghĩa Đô,Quận Cầu Giấy,Hà Nội,C1_PhuongMoi_QuanCu_TinhCu,Lai,"{""PhuongXa"": ""moi"", ""QuanHuyen"": ""cu"", ""TinhThanh"": ""cu""}",B,N-1,Hợp nhất toàn bộ,OSM snapshot + vietnam-sap-nhap-phuong-xa.csv
"81, Đường Vũ Ninh, Phường Vũ Ninh, Thành phố Bắc Ninh, Bắc Ninh",81,Đường Vũ Ninh,Phường Vũ Ninh,Thành phố Bắc Ninh,Bắc Ninh,C1_PhuongMoi_QuanCu_TinhCu,Lai,"{""PhuongXa"": ""moi"", ""QuanHuyen"": ""cu"", ""TinhThanh"": ""cu""}",B,N-1,Hợp nhất toàn bộ,OSM snapshot + vietnam-sap-nhap-phuong-xa.csv
"64, Phố Vũ Kiệt, Phường Kinh Bắc, Thành phố Bắc Ninh, Bắc Ninh",64,Phố Vũ Kiệt,Phường Kinh Bắc,Thành phố Bắc Ninh,Bắc Ninh,C1_PhuongMoi_QuanCu_TinhCu,Lai,"{""PhuongXa"": ""moi"", ""QuanHuyen"": ""cu"", ""TinhThanh"": ""cu""}",B,N-1,Hợp nhất toàn bộ,OSM snapshot + vietnam-sap-nhap-phuong-xa.csv
"48/38, Hẻm 48 Trần Ðình Xu, Phường Cầu Ông Lãnh, Quận 1, Thành phố Hồ Chí Minh",48/38,Hẻm 48 Trần Ðình Xu,Phường Cầu Ông Lãnh,Quận 1,Thành phố Hồ Chí Minh,C1_PhuongMoi_QuanCu_TinhCu,Lai,"{""PhuongXa"": ""moi"", ""QuanHuyen"": ""cu"", ""TinhThanh"": ""cu""}",B,N-1,Hợp nhất toàn bộ,OSM snapshot + vietnam-sap-nhap-phuong-xa.csv
"73, Đường Lý Quốc Sư, Phường Võ Cường, Thành phố Bắc Ninh, Tỉnh Bắc Ninh",73,Đường Lý Quốc Sư,Phường Võ Cường,Thành phố Bắc Ninh,Tỉnh Bắc Ninh,C2_PhuongMoi_QuanCu_TinhMoi,Lai,"{""PhuongXa"": ""moi"", ""QuanHuyen"": ""cu"", ""TinhThanh"": ""moi""}",B,N-1,Hợp nhất toàn bộ,OSM snapshot + vietnam-sap-nhap-phuong-xa.csv
"37, Ngõ 195 Đường Vũ Ninh, Phường Vũ Ninh, Thành phố Bắc Ninh, Tỉnh Bắc Ninh",37,Ngõ 195 Đường Vũ Ninh,Phường Vũ Ninh,Thành phố Bắc Ninh,Tỉnh Bắc Ninh,C2_PhuongMoi_QuanCu_TinhMoi,Lai,"{""PhuongXa"": ""moi"", ""QuanHuyen"": ""cu"", ""TinhThanh"": ""moi""}",B,N-1,Hợp nhất toàn bộ,OSM snapshot + vietnam-sap-nhap-phuong-xa.csv
"79, Đường Trần Hưng Đạo, Phường Quế Võ, Thị xã Quế Võ, Bắc Ninh",79,Đường Trần Hưng Đạo,Phường Quế Võ,Thị xã Quế Võ,Bắc Ninh,C1_PhuongMoi_QuanCu_TinhCu,Lai,"{""PhuongXa"": ""moi"", ""QuanHuyen"": ""cu"", ""TinhThanh"": ""cu""}",B,N-1,Hợp nhất toàn bộ,OSM snapshot + vietnam-sap-nhap-phuong-xa.csv
"12, Đường Nội Khu 02, Phường Tân Mỹ, Quận 7, Thành phố Hồ Chí Minh",12,Đường Nội Khu 02,Phường Tân Mỹ,Quận 7,Thành phố Hồ Chí Minh,C1_PhuongMoi_QuanCu_TinhCu,Lai,"{""PhuongXa"": ""moi"", ""QuanHuyen"": ""cu"", ""TinhThanh"": ""cu""}",B,N-1,Hợp nhất toàn bộ,OSM snapshot + vietnam-sap-nhap-phuong-xa.csv
"290, D. Bá Trạc, Phường Chánh Hưng, Quận 8, Hồ Chí Minh",290,D. Bá Trạc,Phường Chánh Hưng,Quận 8,Hồ Chí Minh,C1_PhuongMoi_QuanCu_TinhCu,Lai,"{""PhuongXa"": ""moi"", ""QuanHuyen"": ""cu"", ""TinhThanh"": ""cu""}",B,N-1,Hợp nhất toàn bộ,OSM snapshot + vietnam-sap-nhap-phuong-xa.csv
"21, Đường Trịnh Đình Trọng, Phường Hòa Bình, Quận 11, Hồ Chí Minh",21,Đường Trịnh Đình Trọng,Phường Hòa Bình,Quận 11,Hồ Chí Minh,C1_PhuongMoi_QuanCu_TinhCu,Lai,"{""PhuongXa"": ""moi"", ""QuanHuyen"": ""cu"", ""TinhThanh"": ""cu""}",B,N-1,Hợp nhất toàn bộ,OSM snapshot + vietnam-sap-nhap-phuong-xa.csv
"23, Đường Thanh Sơn, Phường Vũ Ninh, Thành phố Bắc Ninh, Bắc Ninh",23,Đường Thanh Sơn,Phường Vũ Ninh,Thành phố Bắc Ninh,Bắc Ninh,C1_PhuongMoi_QuanCu_TinhCu,Lai,"{""PhuongXa"": ""moi"", ""QuanHuyen"": ""cu"", ""TinhThanh"": ""cu""}",B,N-1,Hợp nhất toàn bộ,OSM snapshot + vietnam-sap-nhap-phuong-xa.csv
"16, Phố Hàng Cót, Phường Hàng Mã, Quận Hoàn Kiếm, Thành phố Hà Nội",16,Phố Hàng Cót,Phường Hàng Mã,Quận Hoàn Kiếm,Thành phố Hà Nội,C3_PhuongCu_QuanCu_TinhMoi,Lai,"{""PhuongXa"": ""cu"", ""QuanHuyen"": ""cu"", ""TinhThanh"": ""moi""}",B,N-1,Hợp nhất toàn bộ,OSM snapshot + vietnam-sap-nhap-phuong-xa.csv
"8, Phố Hàng Cót, Phường Hoàn Kiếm, Quận Hoàn Kiếm, Hà Nội",8,Phố Hàng Cót,Phường Hoàn Kiếm,Quận Hoàn Kiếm,Hà Nội,C1_PhuongMoi_QuanCu_TinhCu,Lai,"{""PhuongXa"": ""moi"", ""QuanHuyen"": ""cu"", ""TinhThanh"": ""cu""}",B,N-1,Hợp nhất toàn bộ,OSM snapshot + vietnam-sap-nhap-phuong-xa.csv
"387, Đường Ngô Gia Tự, Phường Kinh Bắc, Thành phố Bắc Ninh, Bắc Ninh",387,Đường Ngô Gia Tự,Phường Kinh Bắc,Thành phố Bắc Ninh,Bắc Ninh,C1_PhuongMoi_QuanCu_TinhCu,Lai,"{""PhuongXa"": ""moi"", ""QuanHuyen"": ""cu"", ""TinhThanh"": ""cu""}",B,N-1,Hợp nhất toàn bộ,OSM snapshot + vietnam-sap-nhap-phuong-xa.csv
"456, Đường Nguyễn Văn Cừ, Phường Võ Cường, Thành phố Bắc Ninh, Bắc Ninh",456,Đường Nguyễn Văn Cừ,Phường Võ Cường,Thành phố Bắc Ninh,Bắc Ninh,C1_PhuongMoi_QuanCu_TinhCu,Lai,"{""PhuongXa"": ""moi"", ""QuanHuyen"": ""cu"", ""TinhThanh"": ""cu""}",B,N-1,Hợp nhất toàn bộ,OSM snapshot + vietnam-sap-nhap-phuong-xa.csv
"434, Đường Nguyễn Văn Cừ, Phường Võ Cường, Thành phố Bắc Ninh, Bắc Ninh",434,Đường Nguyễn Văn Cừ,Phường Võ Cường,Thành phố Bắc Ninh,Bắc Ninh,C1_PhuongMoi_QuanCu_TinhCu,Lai,"{""PhuongXa"": ""moi"", ""QuanHuyen"": ""cu"", ""TinhThanh"": ""cu""}",B,N-1,Hợp nhất toàn bộ,OSM snapshot + vietnam-sap-nhap-phuong-xa.csv
"34, Đường Khả Lễ, Phường Võ Cường, Thành phố Bắc Ninh, Bắc Ninh",34,Đường Khả Lễ,Phường Võ Cường,Thành phố Bắc Ninh,Bắc Ninh,C1_PhuongMoi_QuanCu_TinhCu,Lai,"{""PhuongXa"": ""moi"", ""QuanHuyen"": ""cu"", ""TinhThanh"": ""cu""}",B,N-1,Hợp nhất toàn bộ,OSM snapshot + vietnam-sap-nhap-phuong-xa.csv
"2, Đường Phúc Sơn, Phường Vũ Ninh, Thành phố Bắc Ninh, Bắc Ninh",2,Đường Phúc Sơn,Phường Vũ Ninh,Thành phố Bắc Ninh,Bắc Ninh,C1_PhuongMoi_QuanCu_TinhCu,Lai,"{""PhuongXa"": ""moi"", ""QuanHuyen"": ""cu"", ""TinhThanh"": ""cu""}",B,N-1,Hợp nhất toàn bộ,OSM snapshot + vietnam-sap-nhap-phuong-xa.csv
"13, Phố Hàng Cót, Phường Hoàn Kiếm, Quận Hoàn Kiếm, Hà Nội",13,Phố Hàng Cót,Phường Hoàn Kiếm,Quận Hoàn Kiếm,Hà Nội,C1_PhuongMoi_QuanCu_TinhCu,Lai,"{""PhuongXa"": ""moi"", ""QuanHuyen"": ""cu"", ""TinhThanh"": ""cu""}",B,N-1,Hợp nhất toàn bộ,OSM snapshot + vietnam-sap-nhap-phuong-xa.csv
"30, Đường Vũ Văn Cẩn, Phường Mỹ Hào, Thị xã Mỹ Hào, Tỉnh Hưng Yên",30,Đường Vũ Văn Cẩn,Phường Mỹ Hào,Thị xã Mỹ Hào,Tỉnh Hưng Yên,C1_PhuongMoi_QuanCu_TinhCu,Lai,"{""PhuongXa"": ""moi"", ""QuanHuyen"": ""cu"", ""TinhThanh"": ""cu""}",B,N-1,Hợp nhất toàn bộ,OSM snapshot + vietnam-sap-nhap-phuong-xa.csv
"57, Phố Nguyễn Văn Trỗi, Phường Đình Bảng, Thành phố Từ Sơn, Tỉnh Bắc Ninh",57,Phố Nguyễn Văn Trỗi,Phường Đình Bảng,Thành phố Từ Sơn,Tỉnh Bắc Ninh,C3_PhuongCu_QuanCu_TinhMoi,Lai,"{""PhuongXa"": ""cu"", ""QuanHuyen"": ""cu"", ""TinhThanh"": ""moi""}",B,N-1,Hợp nhất toàn bộ,OSM snapshot + vietnam-sap-nhap-phuong-xa.csv
"173, Đường Hoàng Quốc Việt, Phường Vũ Ninh, Thành phố Bắc Ninh, Bắc Ninh",173,Đường Hoàng Quốc Việt,Phường Vũ Ninh,Thành phố Bắc Ninh,Bắc Ninh,C1_PhuongMoi_QuanCu_TinhCu,Lai,"{""PhuongXa"": ""moi"", ""QuanHuyen"": ""cu"", ""TinhThanh"": ""cu""}",B,N-1,Hợp nhất toàn bộ,OSM snapshot + vietnam-sap-nhap-phuong-xa.csv
"65, Ngô Gia Tự, Xã Gia Bình, Huyện Gia Bình, Tỉnh Bắc Ninh",65,Ngô Gia Tự,Xã Gia Bình,Huyện Gia Bình,Tỉnh Bắc Ninh,C1_PhuongMoi_QuanCu_TinhCu,Lai,"{""PhuongXa"": ""moi"", ""QuanHuyen"": ""cu"", ""TinhThanh"": ""cu""}",B,N-1,Hợp nhất toàn bộ,OSM snapshot + vietnam-sap-nhap-phuong-xa.csv
"25, Phố Phùng Hưng, Phường Hoàn Kiếm, Quận Hoàn Kiếm, Thành phố Hà Nội",25,Phố Phùng Hưng,Phường Hoàn Kiếm,Quận Hoàn Kiếm,Thành phố Hà Nội,C2_PhuongMoi_QuanCu_TinhMoi,Lai,"{""PhuongXa"": ""moi"", ""QuanHuyen"": ""cu"", ""TinhThanh"": ""moi""}",B,N-1,Hợp nhất toàn bộ,OSM snapshot + vietnam-sap-nhap-phuong-xa.csv
"12A, Đường Bình Than, Phường Võ Cường, Thành phố Bắc Ninh, Bắc Ninh",12A,Đường Bình Than,Phường Võ Cường,Thành phố Bắc Ninh,Bắc Ninh,C1_PhuongMoi_QuanCu_TinhCu,Lai,"{""PhuongXa"": ""moi"", ""QuanHuyen"": ""cu"", ""TinhThanh"": ""cu""}",B,N-1,Hợp nhất toàn bộ,OSM snapshot + vietnam-sap-nhap-phuong-xa.csv
"2, Đường Ngô Ðức Kế, Phường Sài Gòn, Quận 1, Thành phố Hồ Chí Minh",2,Đường Ngô Ðức Kế,Phường Sài Gòn,Quận 1,Thành phố Hồ Chí Minh,C1_PhuongMoi_QuanCu_TinhCu,Lai,"{""PhuongXa"": ""moi"", ""QuanHuyen"": ""cu"", ""TinhThanh"": ""cu""}",B,N-1,Hợp nhất toàn bộ,OSM snapshot + vietnam-sap-nhap-phuong-xa.csv
"122, Đường Khả Lễ, Phường Võ Cường, Thành phố Bắc Ninh, Bắc Ninh",122,Đường Khả Lễ,Phường Võ Cường,Thành phố Bắc Ninh,Bắc Ninh,C1_PhuongMoi_QuanCu_TinhCu,Lai,"{""PhuongXa"": ""moi"", ""QuanHuyen"": ""cu"", ""TinhThanh"": ""cu""}",B,N-1,Hợp nhất toàn bộ,OSM snapshot + vietnam-sap-nhap-phuong-xa.csv
"03, Đường Mỹ Phú 1B, Phường Tân Mỹ, Quận 7, Thành phố Hồ Chí Minh",03,Đường Mỹ Phú 1B,Phường Tân Mỹ,Quận 7,Thành phố Hồ Chí Minh,C1_PhuongMoi_QuanCu_TinhCu,Lai,"{""PhuongXa"": ""moi"", ""QuanHuyen"": ""cu"", ""TinhThanh"": ""cu""}",B,N-1,Hợp nhất toàn bộ,OSM snapshot + vietnam-sap-nhap-phuong-xa.csv
"159, Đường Pasteur, Phường Xuân Hòa, Quận 3, Thành phố Hồ Chí Minh",159,Đường Pasteur,Phường Xuân Hòa,Quận 3,Thành phố Hồ Chí Minh,C1_PhuongMoi_QuanCu_TinhCu,Lai,"{""PhuongXa"": ""moi"", ""QuanHuyen"": ""cu"", ""TinhThanh"": ""cu""}",B,N-1,Hợp nhất toàn bộ,OSM snapshot + vietnam-sap-nhap-phuong-xa.csv
"274, Phố Lương Định Của, Phường Phương Liễu, Thị xã Quế Võ, Bắc Ninh",274,Phố Lương Định Của,Phường Phương Liễu,Thị xã Quế Võ,Bắc Ninh,C1_PhuongMoi_QuanCu_TinhCu,Lai,"{""PhuongXa"": ""moi"", ""QuanHuyen"": ""cu"", ""TinhThanh"": ""cu""}",B,N-1,Hợp nhất toàn bộ,OSM snapshot + vietnam-sap-nhap-phuong-xa.csv
"19, Phố Lửa Hồng, Phường Kinh Bắc, Thành phố Bắc Ninh, Bắc Ninh",19,Phố Lửa Hồng,Phường Kinh Bắc,Thành phố Bắc Ninh,Bắc Ninh,C1_PhuongMoi_QuanCu_TinhCu,Lai,"{""PhuongXa"": ""moi"", ""QuanHuyen"": ""cu"", ""TinhThanh"": ""cu""}",B,N-1,Hợp nhất toàn bộ,OSM snapshot + vietnam-sap-nhap-phuong-xa.csv
"12, Phố Trần Bình Trọng, Phường Phương Liễu, Thị xã Quế Võ, Bắc Ninh",12,Phố Trần Bình Trọng,Phường Phương Liễu,Thị xã Quế Võ,Bắc Ninh,C1_PhuongMoi_QuanCu_TinhCu,Lai,"{""PhuongXa"": ""moi"", ""QuanHuyen"": ""cu"", ""TinhThanh"": ""cu""}",B,N-1,Hợp nhất toàn bộ,OSM snapshot + vietnam-sap-nhap-phuong-xa.csv
"182, Đường Trần Lựu, Phường Vũ Ninh, Thành phố Bắc Ninh, Bắc Ninh",182,Đường Trần Lựu,Phường Vũ Ninh,Thành phố Bắc Ninh,Bắc Ninh,C1_PhuongMoi_QuanCu_TinhCu,Lai,"{""PhuongXa"": ""moi"", ""QuanHuyen"": ""cu"", ""TinhThanh"": ""cu""}",B,N-1,Hợp nhất toàn bộ,OSM snapshot + vietnam-sap-nhap-phuong-xa.csv
"Số 12A, Hoàng Thái Hiếu, Phường 1, Thành phố Vĩnh Long, Tỉnh Vĩnh Long",Số 12A,Hoàng Thái Hiếu,Phường 1,Thành phố Vĩnh Long,Tỉnh Vĩnh Long,C3_PhuongCu_QuanCu_TinhMoi,Lai,"{""PhuongXa"": ""cu"", ""QuanHuyen"": ""cu"", ""TinhThanh"": ""moi""}",B,N-1,Hợp nhất toàn bộ,OSM snapshot + vietnam-sap-nhap-phuong-xa.csv
"16, Ngõ 22 Phố Tôn Thất Thuyết, Phường Phương Liễu, Thị xã Quế Võ, Tỉnh Bắc Ninh",16,Ngõ 22 Phố Tôn Thất Thuyết,Phường Phương Liễu,Thị xã Quế Võ,Tỉnh Bắc Ninh,C2_PhuongMoi_QuanCu_TinhMoi,Lai,"{""PhuongXa"": ""moi"", ""QuanHuyen"": ""cu"", ""TinhThanh"": ""moi""}",B,N-1,Hợp nhất toàn bộ,OSM snapshot + vietnam-sap-nhap-phuong-xa.csv
"42, Bành Văn Trân, Phường Tân Sơn Nhất, Quận Tân Bình, Thành phố Hồ Chí Minh",42,Bành Văn Trân,Phường Tân Sơn Nhất,Quận Tân Bình,Thành phố Hồ Chí Minh,C1_PhuongMoi_QuanCu_TinhCu,Lai,"{""PhuongXa"": ""moi"", ""QuanHuyen"": ""cu"", ""TinhThanh"": ""cu""}",B,N-1,Hợp nhất toàn bộ,OSM snapshot + vietnam-sap-nhap-phuong-xa.csv
"4, Ngõ 42 Phố Trần Bình Trọng, Phường Phương Liễu, Thị xã Quế Võ, Bắc Ninh",4,Ngõ 42 Phố Trần Bình Trọng,Phường Phương Liễu,Thị xã Quế Võ,Bắc Ninh,C1_PhuongMoi_QuanCu_TinhCu,Lai,"{""PhuongXa"": ""moi"", ""QuanHuyen"": ""cu"", ""TinhThanh"": ""cu""}",B,N-1,Hợp nhất toàn bộ,OSM snapshot + vietnam-sap-nhap-phuong-xa.csv
"12, Đường Nguyên Phi Ỷ Lan, Phường Suối Hoa, Thành phố Bắc Ninh, Tỉnh Bắc Ninh",12,Đường Nguyên Phi Ỷ Lan,Phường Suối Hoa,Thành phố Bắc Ninh,Tỉnh Bắc Ninh,C3_PhuongCu_QuanCu_TinhMoi,Lai,"{""PhuongXa"": ""cu"", ""QuanHuyen"": ""cu"", ""TinhThanh"": ""moi""}",B,N-1,Hợp nhất toàn bộ,OSM snapshot + vietnam-sap-nhap-phuong-xa.csv
"14, Đường Mộc Bài 5, Phường Hòa Khánh, Quận Liên Chiểu, Thành phố Đà Nẵng",14,Đường Mộc Bài 5,Phường Hòa Khánh,Quận Liên Chiểu,Thành phố Đà Nẵng,C2_PhuongMoi_QuanCu_TinhMoi,Lai,"{""PhuongXa"": ""moi"", ""QuanHuyen"": ""cu"", ""TinhThanh"": ""moi""}",B,N-1,Hợp nhất toàn bộ,OSM snapshot + vietnam-sap-nhap-phuong-xa.csv
"K47/28, Kiệt 47 Đường Lý Thái Tổ, Phường Thanh Khê, Quận Thanh Khê, Đà Nẵng",K47/28,Kiệt 47 Đường Lý Thái Tổ,Phường Thanh Khê,Quận Thanh Khê,Đà Nẵng,C1_PhuongMoi_QuanCu_TinhCu,Lai,"{""PhuongXa"": ""moi"", ""QuanHuyen"": ""cu"", ""TinhThanh"": ""cu""}",B,N-1,Hợp nhất toàn bộ,OSM snapshot + vietnam-sap-nhap-phuong-xa.csv
"301, Đường Nguyễn Văn Cừ, Phường Võ Cường, Thành phố Bắc Ninh, Tỉnh Bắc Ninh",301,Đường Nguyễn Văn Cừ,Phường Võ Cường,Thành phố Bắc Ninh,Tỉnh Bắc Ninh,C2_PhuongMoi_QuanCu_TinhMoi,Lai,"{""PhuongXa"": ""moi"", ""QuanHuyen"": ""cu"", ""TinhThanh"": ""moi""}",B,N-1,Hợp nhất toàn bộ,OSM snapshot + vietnam-sap-nhap-phuong-xa.csv
"434, Đường Nguyễn Văn Cừ, Phường Võ Cường, Thành phố Bắc Ninh, Tỉnh Bắc Ninh",434,Đường Nguyễn Văn Cừ,Phường Võ Cường,Thành phố Bắc Ninh,Tỉnh Bắc Ninh,C2_PhuongMoi_QuanCu_TinhMoi,Lai,"{""PhuongXa"": ""moi"", ""QuanHuyen"": ""cu"", ""TinhThanh"": ""moi""}",B,N-1,Hợp nhất toàn bộ,OSM snapshot + vietnam-sap-nhap-phuong-xa.csv
"04, Đường Nội Khu 02, Phường Tân Mỹ, Quận 7, Thành phố Hồ Chí Minh",04,Đường Nội Khu 02,Phường Tân Mỹ,Quận 7,Thành phố Hồ Chí Minh,C1_PhuongMoi_QuanCu_TinhCu,Lai,"{""PhuongXa"": ""moi"", ""QuanHuyen"": ""cu"", ""TinhThanh"": ""cu""}",B,N-1,Hợp nhất toàn bộ,OSM snapshot + vietnam-sap-nhap-phuong-xa.csv
"678, Đường Hoàng Quốc Việt, Phường Vũ Ninh, Thành phố Bắc Ninh, Tỉnh Bắc Ninh",678,Đường Hoàng Quốc Việt,Phường Vũ Ninh,Thành phố Bắc Ninh,Tỉnh Bắc Ninh,C2_PhuongMoi_QuanCu_TinhMoi,Lai,"{""PhuongXa"": ""moi"", ""QuanHuyen"": ""cu"", ""TinhThanh"": ""moi""}",B,N-1,Hợp nhất toàn bộ,OSM snapshot + vietnam-sap-nhap-phuong-xa.csv
"437, Đường Nguyễn Văn Cừ, Phường Võ Cường, Thành phố Bắc Ninh, Bắc Ninh",437,Đường Nguyễn Văn Cừ,Phường Võ Cường,Thành phố Bắc Ninh,Bắc Ninh,C1_PhuongMoi_QuanCu_TinhCu,Lai,"{""PhuongXa"": ""moi"", ""QuanHuyen"": ""cu"", ""TinhThanh"": ""cu""}",B,N-1,Hợp nhất toàn bộ,OSM snapshot + vietnam-sap-nhap-phuong-xa.csv
"19, Đường Nội Khu 04, Phường Tân Mỹ, Quận 7, Thành phố Hồ Chí Minh",19,Đường Nội Khu 04,Phường Tân Mỹ,Quận 7,Thành phố Hồ Chí Minh,C1_PhuongMoi_QuanCu_TinhCu,Lai,"{""PhuongXa"": ""moi"", ""QuanHuyen"": ""cu"", ""TinhThanh"": ""cu""}",B,N-1,Hợp nhất toàn bộ,OSM snapshot + vietnam-sap-nhap-phuong-xa.csv
"578, Đường Trần Phú, Phường Từ Sơn, Thành phố Từ Sơn, Bắc Ninh",578,Đường Trần Phú,Phường Từ Sơn,Thành phố Từ Sơn,Bắc Ninh,C1_PhuongMoi_QuanCu_TinhCu,Lai,"{""PhuongXa"": ""moi"", ""QuanHuyen"": ""cu"", ""TinhThanh"": ""cu""}",B,N-1,Hợp nhất toàn bộ,OSM snapshot + vietnam-sap-nhap-phuong-xa.csv
"26, Phố Nguyễn Đình Trạch, Phường Phương Liễu, Thị xã Quế Võ, Tỉnh Bắc Ninh",26,Phố Nguyễn Đình Trạch,Phường Phương Liễu,Thị xã Quế Võ,Tỉnh Bắc Ninh,C2_PhuongMoi_QuanCu_TinhMoi,Lai,"{""PhuongXa"": ""moi"", ""QuanHuyen"": ""cu"", ""TinhThanh"": ""moi""}",B,N-1,Hợp nhất toàn bộ,OSM snapshot + vietnam-sap-nhap-phuong-xa.csv
"259, Phố Lương Định Của, Phường Phương Liễu, Thị xã Quế Võ, Bắc Ninh",259,Phố Lương Định Của,Phường Phương Liễu,Thị xã Quế Võ,Bắc Ninh,C1_PhuongMoi_QuanCu_TinhCu,Lai,"{""PhuongXa"": ""moi"", ""QuanHuyen"": ""cu"", ""TinhThanh"": ""cu""}",B,N-1,Hợp nhất toàn bộ,OSM snapshot + vietnam-sap-nhap-phuong-xa.csv
"410/23, Hẻm 410 Cách Mạng Tháng 8, Phường Nhiêu Lộc, Quận 3, Thành phố Hồ Chí Minh",410/23,Hẻm 410 Cách Mạng Tháng 8,Phường Nhiêu Lộc,Quận 3,Thành phố Hồ Chí Minh,C1_PhuongMoi_QuanCu_TinhCu,Lai,"{""PhuongXa"": ""moi"", ""QuanHuyen"": ""cu"", ""TinhThanh"": ""cu""}",B,N-1,Hợp nhất toàn bộ,OSM snapshot + vietnam-sap-nhap-phuong-xa.csv
"A51, Đường Nội Khu 1, Phường Tân Mỹ, Quận 7, Thành phố Hồ Chí Minh",A51,Đường Nội Khu 1,Phường Tân Mỹ,Quận 7,Thành phố Hồ Chí Minh,C1_PhuongMoi_QuanCu_TinhCu,Lai,"{""PhuongXa"": ""moi"", ""QuanHuyen"": ""cu"", ""TinhThanh"": ""cu""}",B,N-1,Hợp nhất toàn bộ,OSM snapshot + vietnam-sap-nhap-phuong-xa.csv
"60, Đường Trần Hưng Đạo, Phường Võ Cường, Thành phố Bắc Ninh, Bắc Ninh",60,Đường Trần Hưng Đạo,Phường Võ Cường,Thành phố Bắc Ninh,Bắc Ninh,C1_PhuongMoi_QuanCu_TinhCu,Lai,"{""PhuongXa"": ""moi"", ""QuanHuyen"": ""cu"", ""TinhThanh"": ""cu""}",B,N-1,Hợp nhất toàn bộ,OSM snapshot + vietnam-sap-nhap-phuong-xa.csv
"147, Đường Trần Lựu, Phường Vũ Ninh, Thành phố Bắc Ninh, Bắc Ninh",147,Đường Trần Lựu,Phường Vũ Ninh,Thành phố Bắc Ninh,Bắc Ninh,C1_PhuongMoi_QuanCu_TinhCu,Lai,"{""PhuongXa"": ""moi"", ""QuanHuyen"": ""cu"", ""TinhThanh"": ""cu""}",B,N-1,Hợp nhất toàn bộ,OSM snapshot + vietnam-sap-nhap-phuong-xa.csv
"36, Ngõ 195 Đường Vũ Ninh, Phường Vũ Ninh, Thành phố Bắc Ninh, Bắc Ninh",36,Ngõ 195 Đường Vũ Ninh,Phường Vũ Ninh,Thành phố Bắc Ninh,Bắc Ninh,C1_PhuongMoi_QuanCu_TinhCu,Lai,"{""PhuongXa"": ""moi"", ""QuanHuyen"": ""cu"", ""TinhThanh"": ""cu""}",B,N-1,Hợp nhất toàn bộ,OSM snapshot + vietnam-sap-nhap-phuong-xa.csv
"183A, Đường Tân Hòa Đông, Phường 14, Quận 6, Thành phố Hồ Chí Minh",183A,Đường Tân Hòa Đông,Phường 14,Quận 6,Thành phố Hồ Chí Minh,C3_PhuongCu_QuanCu_TinhMoi,Lai,"{""PhuongXa"": ""cu"", ""QuanHuyen"": ""cu"", ""TinhThanh"": ""moi""}",B,N-1,Hợp nhất toàn bộ,OSM snapshot + vietnam-sap-nhap-phuong-xa.csv
"27, Phố Yên Mẫn, Phường Kinh Bắc, Thành phố Bắc Ninh, Bắc Ninh",27,Phố Yên Mẫn,Phường Kinh Bắc,Thành phố Bắc Ninh,Bắc Ninh,C1_PhuongMoi_QuanCu_TinhCu,Lai,"{""PhuongXa"": ""moi"", ""QuanHuyen"": ""cu"", ""TinhThanh"": ""cu""}",B,N-1,Hợp nhất toàn bộ,OSM snapshot + vietnam-sap-nhap-phuong-xa.csv
"28d, Đường Đống Đa, Phường Hải Châu, Quận Hải Châu, Thành phố Đà Nẵng",28d,Đường Đống Đa,Phường Hải Châu,Quận Hải Châu,Thành phố Đà Nẵng,C2_PhuongMoi_QuanCu_TinhMoi,Lai,"{""PhuongXa"": ""moi"", ""QuanHuyen"": ""cu"", ""TinhThanh"": ""moi""}",B,N-1,Hợp nhất toàn bộ,OSM snapshot + vietnam-sap-nhap-phuong-xa.csv
"121, Đường Ngô Gia Tự, Phường Vũ Ninh, Thành phố Bắc Ninh, Bắc Ninh",121,Đường Ngô Gia Tự,Phường Vũ Ninh,Thành phố Bắc Ninh,Bắc Ninh,C1_PhuongMoi_QuanCu_TinhCu,Lai,"{""PhuongXa"": ""moi"", ""QuanHuyen"": ""cu"", ""TinhThanh"": ""cu""}",B,N-1,Hợp nhất toàn bộ,OSM snapshot + vietnam-sap-nhap-phuong-xa.csv
"205, Đường Lý Thái Tông, Phường Kinh Bắc, Thành phố Bắc Ninh, Bắc Ninh",205,Đường Lý Thái Tông,Phường Kinh Bắc,Thành phố Bắc Ninh,Bắc Ninh,C1_PhuongMoi_QuanCu_TinhCu,Lai,"{""PhuongXa"": ""moi"", ""QuanHuyen"": ""cu"", ""TinhThanh"": ""cu""}",B,N-1,Hợp nhất toàn bộ,OSM snapshot + vietnam-sap-nhap-phuong-xa.csv
"75, Phố Nguyễn Văn Trỗi, Phường Từ Sơn, Thành phố Từ Sơn, Tỉnh Bắc Ninh",75,Phố Nguyễn Văn Trỗi,Phường Từ Sơn,Thành phố Từ Sơn,Tỉnh Bắc Ninh,C2_PhuongMoi_QuanCu_TinhMoi,Lai,"{""PhuongXa"": ""moi"", ""QuanHuyen"": ""cu"", ""TinhThanh"": ""moi""}",B,N-1,Hợp nhất toàn bộ,OSM snapshot + vietnam-sap-nhap-phuong-xa.csv
"17, Đường Rạp Hát, Phường Tiền Ninh Vệ, Thành phố Bắc Ninh, Tỉnh Bắc Ninh",17,Đường Rạp Hát,Phường Tiền Ninh Vệ,Thành phố Bắc Ninh,Tỉnh Bắc Ninh,C3_PhuongCu_QuanCu_TinhMoi,Lai,"{""PhuongXa"": ""cu"", ""QuanHuyen"": ""cu"", ""TinhThanh"": ""moi""}",B,N-1,Hợp nhất toàn bộ,OSM snapshot + vietnam-sap-nhap-phuong-xa.csv
"578, Đường Trần Phú, Phường Từ Sơn, Thành phố Từ Sơn, Tỉnh Bắc Ninh",578,Đường Trần Phú,Phường Từ Sơn,Thành phố Từ Sơn,Tỉnh Bắc Ninh,C2_PhuongMoi_QuanCu_TinhMoi,Lai,"{""PhuongXa"": ""moi"", ""QuanHuyen"": ""cu"", ""TinhThanh"": ""moi""}",B,N-1,Hợp nhất toàn bộ,OSM snapshot + vietnam-sap-nhap-phuong-xa.csv
"1197, Đường Quang Trung, Phường Quế Võ, Thị xã Quế Võ, Bắc Ninh",1197,Đường Quang Trung,Phường Quế Võ,Thị xã Quế Võ,Bắc Ninh,C1_PhuongMoi_QuanCu_TinhCu,Lai,"{""PhuongXa"": ""moi"", ""QuanHuyen"": ""cu"", ""TinhThanh"": ""cu""}",B,N-1,Hợp nhất toàn bộ,OSM snapshot + vietnam-sap-nhap-phuong-xa.csv
"227, Đường Nguyễn Gia Thiều, Phường Kinh Bắc, Thành phố Bắc Ninh, Bắc Ninh",227,Đường Nguyễn Gia Thiều,Phường Kinh Bắc,Thành phố Bắc Ninh,Bắc Ninh,C1_PhuongMoi_QuanCu_TinhCu,Lai,"{""PhuongXa"": ""moi"", ""QuanHuyen"": ""cu"", ""TinhThanh"": ""cu""}",B,N-1,Hợp nhất toàn bộ,OSM snapshot + vietnam-sap-nhap-phuong-xa.csv
"65, Phố Nguyễn Văn Trỗi, Phường Từ Sơn, Thành phố Từ Sơn, Bắc Ninh",65,Phố Nguyễn Văn Trỗi,Phường Từ Sơn,Thành phố Từ Sơn,Bắc Ninh,C1_PhuongMoi_QuanCu_TinhCu,Lai,"{""PhuongXa"": ""moi"", ""QuanHuyen"": ""cu"", ""TinhThanh"": ""cu""}",B,N-1,Hợp nhất toàn bộ,OSM snapshot + vietnam-sap-nhap-phuong-xa.csv
"10, Ngõ 195 Đường Vũ Ninh, Phường Vũ Ninh, Thành phố Bắc Ninh, Bắc Ninh",10,Ngõ 195 Đường Vũ Ninh,Phường Vũ Ninh,Thành phố Bắc Ninh,Bắc Ninh,C1_PhuongMoi_QuanCu_TinhCu,Lai,"{""PhuongXa"": ""moi"", ""QuanHuyen"": ""cu"", ""TinhThanh"": ""cu""}",B,N-1,Hợp nhất toàn bộ,OSM snapshot + vietnam-sap-nhap-phuong-xa.csv
"Số 12A, Hoàng Thái Hiếu, Phường Long Châu, Thành phố Vĩnh Long, Vĩnh Long",Số 12A,Hoàng Thái Hiếu,Phường Long Châu,Thành phố Vĩnh Long,Vĩnh Long,C1_PhuongMoi_QuanCu_TinhCu,Lai,"{""PhuongXa"": ""moi"", ""QuanHuyen"": ""cu"", ""TinhThanh"": ""cu""}",B,N-1,Hợp nhất toàn bộ,OSM snapshot + vietnam-sap-nhap-phuong-xa.csv
"160, Đường Khả Lễ, Phường Võ Cường, Thành phố Bắc Ninh, Bắc Ninh",160,Đường Khả Lễ,Phường Võ Cường,Thành phố Bắc Ninh,Bắc Ninh,C1_PhuongMoi_QuanCu_TinhCu,Lai,"{""PhuongXa"": ""moi"", ""QuanHuyen"": ""cu"", ""TinhThanh"": ""cu""}",B,N-1,Hợp nhất toàn bộ,OSM snapshot + vietnam-sap-nhap-phuong-xa.csv
"26F1, Hẻm 482/10 Nơ Trang Long, Phường Bình Lợi Trung, Quận Bình Thạnh, Thành phố Hồ Chí Minh",26F1,Hẻm 482/10 Nơ Trang Long,Phường Bình Lợi Trung,Quận Bình Thạnh,Thành phố Hồ Chí Minh,C1_PhuongMoi_QuanCu_TinhCu,Lai,"{""PhuongXa"": ""moi"", ""QuanHuyen"": ""cu"", ""TinhThanh"": ""cu""}",B,N-1,Hợp nhất toàn bộ,OSM snapshot + vietnam-sap-nhap-phuong-xa.csv
"119A, Đường Âu Cơ, Phường Kinh Bắc, Thành phố Bắc Ninh, Tỉnh Bắc Ninh",119A,Đường Âu Cơ,Phường Kinh Bắc,Thành phố Bắc Ninh,Tỉnh Bắc Ninh,C2_PhuongMoi_QuanCu_TinhMoi,Lai,"{""PhuongXa"": ""moi"", ""QuanHuyen"": ""cu"", ""TinhThanh"": ""moi""}",B,N-1,Hợp nhất toàn bộ,OSM snapshot + vietnam-sap-nhap-phuong-xa.csv
"4, Đường Lý Thái Tổ, Phường Kinh Bắc, Thành phố Bắc Ninh, Bắc Ninh",4,Đường Lý Thái Tổ,Phường Kinh Bắc,Thành phố Bắc Ninh,Bắc Ninh,C1_PhuongMoi_QuanCu_TinhCu,Lai,"{""PhuongXa"": ""moi"", ""QuanHuyen"": ""cu"", ""TinhThanh"": ""cu""}",B,N-1,Hợp nhất toàn bộ,OSM snapshot + vietnam-sap-nhap-phuong-xa.csv
"12, Đường Nguyên Phi Ỷ Lan, Phường Kinh Bắc, Thành phố Bắc Ninh, Tỉnh Bắc Ninh",12,Đường Nguyên Phi Ỷ Lan,Phường Kinh Bắc,Thành phố Bắc Ninh,Tỉnh Bắc Ninh,C2_PhuongMoi_QuanCu_TinhMoi,Lai,"{""PhuongXa"": ""moi"", ""QuanHuyen"": ""cu"", ""TinhThanh"": ""moi""}",B,N-1,Hợp nhất toàn bộ,OSM snapshot + vietnam-sap-nhap-phuong-xa.csv
"602/45B, Điện Biên Phủ, Phường Thạnh Mỹ Tây, quận Bình Thạnh, Thành phố Hồ Chí Minh",602/45B,Điện Biên Phủ,Phường Thạnh Mỹ Tây,quận Bình Thạnh,Thành phố Hồ Chí Minh,C1_PhuongMoi_QuanCu_TinhCu,Lai,"{""PhuongXa"": ""moi"", ""QuanHuyen"": ""cu"", ""TinhThanh"": ""cu""}",B,N-1,Hợp nhất toàn bộ,OSM snapshot + vietnam-sap-nhap-phuong-xa.csv
"12, Đường Nội Khu 04, Phường Tân Mỹ, Quận 7, Thành phố Hồ Chí Minh",12,Đường Nội Khu 04,Phường Tân Mỹ,Quận 7,Thành phố Hồ Chí Minh,C1_PhuongMoi_QuanCu_TinhCu,Lai,"{""PhuongXa"": ""moi"", ""QuanHuyen"": ""cu"", ""TinhThanh"": ""cu""}",B,N-1,Hợp nhất toàn bộ,OSM snapshot + vietnam-sap-nhap-phuong-xa.csv
"Số 97A, đường TX33, Phường Thới An, Quận 12, Hồ chí minh",Số 97A,đường TX33,Phường Thới An,Quận 12,Hồ chí minh,C1_PhuongMoi_QuanCu_TinhCu,Lai,"{""PhuongXa"": ""moi"", ""QuanHuyen"": ""cu"", ""TinhThanh"": ""cu""}",B,N-1,Hợp nhất toàn bộ,OSM snapshot + vietnam-sap-nhap-phuong-xa.csv
"532, Đường Lý Thái Tổ, Phường Vườn Lài, Quận 10, Thành phố Hồ Chí Minh",532,Đường Lý Thái Tổ,Phường Vườn Lài,Quận 10,Thành phố Hồ Chí Minh,C1_PhuongMoi_QuanCu_TinhCu,Lai,"{""PhuongXa"": ""moi"", ""QuanHuyen"": ""cu"", ""TinhThanh"": ""cu""}",B,N-1,Hợp nhất toàn bộ,OSM snapshot + vietnam-sap-nhap-phuong-xa.csv
"1, Phố Tô Hiến Thành, Phường Từ Sơn, Thành phố Từ Sơn, Tỉnh Bắc Ninh",1,Phố Tô Hiến Thành,Phường Từ Sơn,Thành phố Từ Sơn,Tỉnh Bắc Ninh,C2_PhuongMoi_QuanCu_TinhMoi,Lai,"{""PhuongXa"": ""moi"", ""QuanHuyen"": ""cu"", ""TinhThanh"": ""moi""}",B,N-1,Hợp nhất toàn bộ,OSM snapshot + vietnam-sap-nhap-phuong-xa.csv
"114, Phố Trang Liệt 3, Phường Trang Hạ, Thành phố Từ Sơn, Tỉnh Bắc Ninh",114,Phố Trang Liệt 3,Phường Trang Hạ,Thành phố Từ Sơn,Tỉnh Bắc Ninh,C3_PhuongCu_QuanCu_TinhMoi,Lai,"{""PhuongXa"": ""cu"", ""QuanHuyen"": ""cu"", ""TinhThanh"": ""moi""}",B,N-1,Hợp nhất toàn bộ,OSM snapshot + vietnam-sap-nhap-phuong-xa.csv
"246, Phố Lương Định Của, Phường Phương Liễu, Thị xã Quế Võ, Bắc Ninh",246,Phố Lương Định Của,Phường Phương Liễu,Thị xã Quế Võ,Bắc Ninh,C1_PhuongMoi_QuanCu_TinhCu,Lai,"{""PhuongXa"": ""moi"", ""QuanHuyen"": ""cu"", ""TinhThanh"": ""cu""}",B,N-1,Hợp nhất toàn bộ,OSM snapshot + vietnam-sap-nhap-phuong-xa.csv
"118, Đường Hoàng Quốc Việt, Phường Vũ Ninh, Thành phố Bắc Ninh, Bắc Ninh",118,Đường Hoàng Quốc Việt,Phường Vũ Ninh,Thành phố Bắc Ninh,Bắc Ninh,C1_PhuongMoi_QuanCu_TinhCu,Lai,"{""PhuongXa"": ""moi"", ""QuanHuyen"": ""cu"", ""TinhThanh"": ""cu""}",B,N-1,Hợp nhất toàn bộ,OSM snapshot + vietnam-sap-nhap-phuong-xa.csv
"4, Ngõ 267 Phố Lương Định Của, Phường Phương Liễu, Thị xã Quế Võ, Bắc Ninh",4,Ngõ 267 Phố Lương Định Của,Phường Phương Liễu,Thị xã Quế Võ,Bắc Ninh,C1_PhuongMoi_QuanCu_TinhCu,Lai,"{""PhuongXa"": ""moi"", ""QuanHuyen"": ""cu"", ""TinhThanh"": ""cu""}",B,N-1,Hợp nhất toàn bộ,OSM snapshot + vietnam-sap-nhap-phuong-xa.csv
"04, Đào Trí, Phường Phú Thuận, Quận 7, Thành phố Hồ Chí Minh",04,Đào Trí,Phường Phú Thuận,Quận 7,Thành phố Hồ Chí Minh,C2_PhuongMoi_QuanCu_TinhMoi,Lai,"{""PhuongXa"": ""moi"", ""QuanHuyen"": ""cu"", ""TinhThanh"": ""moi""}",B,N-1,Hợp nhất toàn bộ,OSM snapshot + vietnam-sap-nhap-phuong-xa.csv
"255A, Đường Nguyễn Gia Thiều, Phường Kinh Bắc, Thành phố Bắc Ninh, Bắc Ninh",255A,Đường Nguyễn Gia Thiều,Phường Kinh Bắc,Thành phố Bắc Ninh,Bắc Ninh,C1_PhuongMoi_QuanCu_TinhCu,Lai,"{""PhuongXa"": ""moi"", ""QuanHuyen"": ""cu"", ""TinhThanh"": ""cu""}",B,N-1,Hợp nhất toàn bộ,OSM snapshot + vietnam-sap-nhap-phuong-xa.csv
"9, Đường Hai Bà Trưng, Phường Kinh Bắc, Thành phố Bắc Ninh, Bắc Ninh",9,Đường Hai Bà Trưng,Phường Kinh Bắc,Thành phố Bắc Ninh,Bắc Ninh,C1_PhuongMoi_QuanCu_TinhCu,Lai,"{""PhuongXa"": ""moi"", ""QuanHuyen"": ""cu"", ""TinhThanh"": ""cu""}",B,N-1,Hợp nhất toàn bộ,OSM snapshot + vietnam-sap-nhap-phuong-xa.csv
"254A, Phố Lương Định Của, Phường Phương Liễu, Thị xã Quế Võ, Bắc Ninh",254A,Phố Lương Định Của,Phường Phương Liễu,Thị xã Quế Võ,Bắc Ninh,C1_PhuongMoi_QuanCu_TinhCu,Lai,"{""PhuongXa"": ""moi"", ""QuanHuyen"": ""cu"", ""TinhThanh"": ""cu""}",B,N-1,Hợp nhất toàn bộ,OSM snapshot + vietnam-sap-nhap-phuong-xa.csv
"226, Phố Lương Định Của, Phường Phương Liễu, Thị xã Quế Võ, Bắc Ninh",226,Phố Lương Định Của,Phường Phương Liễu,Thị xã Quế Võ,Bắc Ninh,C1_PhuongMoi_QuanCu_TinhCu,Lai,"{""PhuongXa"": ""moi"", ""QuanHuyen"": ""cu"", ""TinhThanh"": ""cu""}",B,N-1,Hợp nhất toàn bộ,OSM snapshot + vietnam-sap-nhap-phuong-xa.csv
"60, Đường Ngọc Hân Công Chúa, Phường Kinh Bắc, Thành phố Bắc Ninh, Bắc Ninh",60,Đường Ngọc Hân Công Chúa,Phường Kinh Bắc,Thành phố Bắc Ninh,Bắc Ninh,C1_PhuongMoi_QuanCu_TinhCu,Lai,"{""PhuongXa"": ""moi"", ""QuanHuyen"": ""cu"", ""TinhThanh"": ""cu""}",B,N-1,Hợp nhất toàn bộ,OSM snapshot + vietnam-sap-nhap-phuong-xa.csv
"08, Đường Nội Khu 04, Phường Tân Mỹ, Quận 7, Thành phố Hồ Chí Minh",08,Đường Nội Khu 04,Phường Tân Mỹ,Quận 7,Thành phố Hồ Chí Minh,C1_PhuongMoi_QuanCu_TinhCu,Lai,"{""PhuongXa"": ""moi"", ""QuanHuyen"": ""cu"", ""TinhThanh"": ""cu""}",B,N-1,Hợp nhất toàn bộ,OSM snapshot + vietnam-sap-nhap-phuong-xa.csv
"169, Đường Thiên Đức, Phường Kinh Bắc, Thành phố Bắc Ninh, Bắc Ninh",169,Đường Thiên Đức,Phường Kinh Bắc,Thành phố Bắc Ninh,Bắc Ninh,C1_PhuongMoi_QuanCu_TinhCu,Lai,"{""PhuongXa"": ""moi"", ""QuanHuyen"": ""cu"", ""TinhThanh"": ""cu""}",B,N-1,Hợp nhất toàn bộ,OSM snapshot + vietnam-sap-nhap-phuong-xa.csv
"320, Đường Trần Hưng Đạo, Phường Võ Cường, Thành phố Bắc Ninh, Bắc Ninh",320,Đường Trần Hưng Đạo,Phường Võ Cường,Thành phố Bắc Ninh,Bắc Ninh,C1_PhuongMoi_QuanCu_TinhCu,Lai,"{""PhuongXa"": ""moi"", ""QuanHuyen"": ""cu"", ""TinhThanh"": ""cu""}",B,N-1,Hợp nhất toàn bộ,OSM snapshot + vietnam-sap-nhap-phuong-xa.csv
"3, Đường Vũ Ninh, Phường Vũ Ninh, Thành phố Bắc Ninh, Bắc Ninh",3,Đường Vũ Ninh,Phường Vũ Ninh,Thành phố Bắc Ninh,Bắc Ninh,C1_PhuongMoi_QuanCu_TinhCu,Lai,"{""PhuongXa"": ""moi"", ""QuanHuyen"": ""cu"", ""TinhThanh"": ""cu""}",B,N-1,Hợp nhất toàn bộ,OSM snapshot + vietnam-sap-nhap-phuong-xa.csv
"36, Đường Nguyễn Trãi, Phường Hạp Lĩnh, Thành phố Bắc Ninh, Bắc Ninh",36,Đường Nguyễn Trãi,Phường Hạp Lĩnh,Thành phố Bắc Ninh,Bắc Ninh,C1_PhuongMoi_QuanCu_TinhCu,Lai,"{""PhuongXa"": ""moi"", ""QuanHuyen"": ""cu"", ""TinhThanh"": ""cu""}",B,N-1,Hợp nhất toàn bộ,OSM snapshot + vietnam-sap-nhap-phuong-xa.csv
"23, Đường Phúc Sơn, Phường Vũ Ninh, Thành phố Bắc Ninh, Bắc Ninh",23,Đường Phúc Sơn,Phường Vũ Ninh,Thành phố Bắc Ninh,Bắc Ninh,C1_PhuongMoi_QuanCu_TinhCu,Lai,"{""PhuongXa"": ""moi"", ""QuanHuyen"": ""cu"", ""TinhThanh"": ""cu""}",B,N-1,Hợp nhất toàn bộ,OSM snapshot + vietnam-sap-nhap-phuong-xa.csv
"128, Đường Hoàng Quốc Việt, Phường Thị Cầu, Thành phố Bắc Ninh, Tỉnh Bắc Ninh",128,Đường Hoàng Quốc Việt,Phường Thị Cầu,Thành phố Bắc Ninh,Tỉnh Bắc Ninh,C3_PhuongCu_QuanCu_TinhMoi,Lai,"{""PhuongXa"": ""cu"", ""QuanHuyen"": ""cu"", ""TinhThanh"": ""moi""}",B,N-1,Hợp nhất toàn bộ,OSM snapshot + vietnam-sap-nhap-phuong-xa.csv
"19, Hùng Vương, Phường Ninh Kiều, quận Ninh Kiều, Thành phố Cần Thơ",19,Hùng Vương,Phường Ninh Kiều,quận Ninh Kiều,Thành phố Cần Thơ,C1_PhuongMoi_QuanCu_TinhCu,Lai,"{""PhuongXa"": ""moi"", ""QuanHuyen"": ""cu"", ""TinhThanh"": ""cu""}",B,N-1,Hợp nhất toàn bộ,OSM snapshot + vietnam-sap-nhap-phuong-xa.csv
"59, Bành Văn Trân, Phường Tân Sơn Nhất, Quận Tân Bình, Thành phố Hồ Chí Minh",59,Bành Văn Trân,Phường Tân Sơn Nhất,Quận Tân Bình,Thành phố Hồ Chí Minh,C1_PhuongMoi_QuanCu_TinhCu,Lai,"{""PhuongXa"": ""moi"", ""QuanHuyen"": ""cu"", ""TinhThanh"": ""cu""}",B,N-1,Hợp nhất toàn bộ,OSM snapshot + vietnam-sap-nhap-phuong-xa.csv
"9, Đặng Thùy Trâm, Phường Bình Lợi Trung, Quận Bình Thạnh, Thành Phố Hồ Chí Minh",9,Đặng Thùy Trâm,Phường Bình Lợi Trung,Quận Bình Thạnh,Thành Phố Hồ Chí Minh,C1_PhuongMoi_QuanCu_TinhCu,Lai,"{""PhuongXa"": ""moi"", ""QuanHuyen"": ""cu"", ""TinhThanh"": ""cu""}",B,N-1,Hợp nhất toàn bộ,OSM snapshot + vietnam-sap-nhap-phuong-xa.csv
"279, Phố Lương Định Của, Phường Phương Liễu, Thị xã Quế Võ, Bắc Ninh",279,Phố Lương Định Của,Phường Phương Liễu,Thị xã Quế Võ,Bắc Ninh,C1_PhuongMoi_QuanCu_TinhCu,Lai,"{""PhuongXa"": ""moi"", ""QuanHuyen"": ""cu"", ""TinhThanh"": ""cu""}",B,N-1,Hợp nhất toàn bộ,OSM snapshot + vietnam-sap-nhap-phuong-xa.csv
"407, Đường Ngô Gia Tự, Phường Kinh Bắc, Thành phố Bắc Ninh, Bắc Ninh",407,Đường Ngô Gia Tự,Phường Kinh Bắc,Thành phố Bắc Ninh,Bắc Ninh,C1_PhuongMoi_QuanCu_TinhCu,Lai,"{""PhuongXa"": ""moi"", ""QuanHuyen"": ""cu"", ""TinhThanh"": ""cu""}",B,N-1,Hợp nhất toàn bộ,OSM snapshot + vietnam-sap-nhap-phuong-xa.csv
"5B, Đường Đấu Mã, Phường Vũ Ninh, Thành phố Bắc Ninh, Tỉnh Bắc Ninh",5B,Đường Đấu Mã,Phường Vũ Ninh,Thành phố Bắc Ninh,Tỉnh Bắc Ninh,C2_PhuongMoi_QuanCu_TinhMoi,Lai,"{""PhuongXa"": ""moi"", ""QuanHuyen"": ""cu"", ""TinhThanh"": ""moi""}",B,N-1,Hợp nhất toàn bộ,OSM snapshot + vietnam-sap-nhap-phuong-xa.csv
"22, Đường Vũ Ninh, Phường Vũ Ninh, Thành phố Bắc Ninh, Bắc Ninh",22,Đường Vũ Ninh,Phường Vũ Ninh,Thành phố Bắc Ninh,Bắc Ninh,C1_PhuongMoi_QuanCu_TinhCu,Lai,"{""PhuongXa"": ""moi"", ""QuanHuyen"": ""cu"", ""TinhThanh"": ""cu""}",B,N-1,Hợp nhất toàn bộ,OSM snapshot + vietnam-sap-nhap-phuong-xa.csv
"435 G-H, Hoàng Văn Thụ, Phường Tân Sơn Nhất, Quận Tân Bình, Thành phố Hồ Chí Minh",435 G-H,Hoàng Văn Thụ,Phường Tân Sơn Nhất,Quận Tân Bình,Thành phố Hồ Chí Minh,C1_PhuongMoi_QuanCu_TinhCu,Lai,"{""PhuongXa"": ""moi"", ""QuanHuyen"": ""cu"", ""TinhThanh"": ""cu""}",B,N-1,Hợp nhất toàn bộ,OSM snapshot + vietnam-sap-nhap-phuong-xa.csv
"102, Đường Vũ Ninh, Phường Vũ Ninh, Thành phố Bắc Ninh, Bắc Ninh",102,Đường Vũ Ninh,Phường Vũ Ninh,Thành phố Bắc Ninh,Bắc Ninh,C1_PhuongMoi_QuanCu_TinhCu,Lai,"{""PhuongXa"": ""moi"", ""QuanHuyen"": ""cu"", ""TinhThanh"": ""cu""}",B,N-1,Hợp nhất toàn bộ,OSM snapshot + vietnam-sap-nhap-phuong-xa.csv
"126, Phố Bồ Sơn, Phường Võ Cường, Thành phố Bắc Ninh, Tỉnh Bắc Ninh",126,Phố Bồ Sơn,Phường Võ Cường,Thành phố Bắc Ninh,Tỉnh Bắc Ninh,C2_PhuongMoi_QuanCu_TinhMoi,Lai,"{""PhuongXa"": ""moi"", ""QuanHuyen"": ""cu"", ""TinhThanh"": ""moi""}",B,N-1,Hợp nhất toàn bộ,OSM snapshot + vietnam-sap-nhap-phuong-xa.csv
"8-10, Đường Nguyễn Cao, Phường Kinh Bắc, Thành phố Bắc Ninh, Tỉnh Bắc Ninh",8-10,Đường Nguyễn Cao,Phường Kinh Bắc,Thành phố Bắc Ninh,Tỉnh Bắc Ninh,C2_PhuongMoi_QuanCu_TinhMoi,Lai,"{""PhuongXa"": ""moi"", ""QuanHuyen"": ""cu"", ""TinhThanh"": ""moi""}",B,N-1,Hợp nhất toàn bộ,OSM snapshot + vietnam-sap-nhap-phuong-xa.csv
"200, Đường Hoàng Quốc Việt, Phường Vũ Ninh, Thành phố Bắc Ninh, Bắc Ninh",200,Đường Hoàng Quốc Việt,Phường Vũ Ninh,Thành phố Bắc Ninh,Bắc Ninh,C1_PhuongMoi_QuanCu_TinhCu,Lai,"{""PhuongXa"": ""moi"", ""QuanHuyen"": ""cu"", ""TinhThanh"": ""cu""}",B,N-1,Hợp nhất toàn bộ,OSM snapshot + vietnam-sap-nhap-phuong-xa.csv
"11B, Phố Phùng Hưng, Phường Hoàn Kiếm, Quận Hoàn Kiếm, Thành phố Hà Nội",11B,Phố Phùng Hưng,Phường Hoàn Kiếm,Quận Hoàn Kiếm,Thành phố Hà Nội,C2_PhuongMoi_QuanCu_TinhMoi,Lai,"{""PhuongXa"": ""moi"", ""QuanHuyen"": ""cu"", ""TinhThanh"": ""moi""}",B,N-1,Hợp nhất toàn bộ,OSM snapshot + vietnam-sap-nhap-phuong-xa.csv
"100, Phố Nghĩa Tân, Phường Nghĩa Đô, Quận Cầu Giấy, Hà Nội",100,Phố Nghĩa Tân,Phường Nghĩa Đô,Quận Cầu Giấy,Hà Nội,C1_PhuongMoi_QuanCu_TinhCu,Lai,"{""PhuongXa"": ""moi"", ""QuanHuyen"": ""cu"", ""TinhThanh"": ""cu""}",B,N-1,Hợp nhất toàn bộ,OSM snapshot + vietnam-sap-nhap-phuong-xa.csv
"45, Đường Số 18, Phường Tân Mỹ, Quận 7, Thành phố Hồ Chí Minh",45,Đường Số 18,Phường Tân Mỹ,Quận 7,Thành phố Hồ Chí Minh,C1_PhuongMoi_QuanCu_TinhCu,Lai,"{""PhuongXa"": ""moi"", ""QuanHuyen"": ""cu"", ""TinhThanh"": ""cu""}",B,N-1,Hợp nhất toàn bộ,OSM snapshot + vietnam-sap-nhap-phuong-xa.csv
"2, Ngõ 41 Đường Trần Hưng Đạo, Phường Kinh Bắc, Thành phố Bắc Ninh, Bắc Ninh",2,Ngõ 41 Đường Trần Hưng Đạo,Phường Kinh Bắc,Thành phố Bắc Ninh,Bắc Ninh,C1_PhuongMoi_QuanCu_TinhCu,Lai,"{""PhuongXa"": ""moi"", ""QuanHuyen"": ""cu"", ""TinhThanh"": ""cu""}",B,N-1,Hợp nhất toàn bộ,OSM snapshot + vietnam-sap-nhap-phuong-xa.csv
"109, Đường Trần Hưng Đạo, Phường Võ Cường, Thành phố Bắc Ninh, Bắc Ninh",109,Đường Trần Hưng Đạo,Phường Võ Cường,Thành phố Bắc Ninh,Bắc Ninh,C1_PhuongMoi_QuanCu_TinhCu,Lai,"{""PhuongXa"": ""moi"", ""QuanHuyen"": ""cu"", ""TinhThanh"": ""cu""}",B,N-1,Hợp nhất toàn bộ,OSM snapshot + vietnam-sap-nhap-phuong-xa.csv
"23, Đường Tân Hóa, Phường Phú Lâm, Quận 6, Thành phố Hồ Chí Minh",23,Đường Tân Hóa,Phường Phú Lâm,Quận 6,Thành phố Hồ Chí Minh,C2_PhuongMoi_QuanCu_TinhMoi,Lai,"{""PhuongXa"": ""moi"", ""QuanHuyen"": ""cu"", ""TinhThanh"": ""moi""}",B,N-1,Hợp nhất toàn bộ,OSM snapshot + vietnam-sap-nhap-phuong-xa.csv
"266, Phố Lương Định Của, Phường Phương Liễu, Thị xã Quế Võ, Tỉnh Bắc Ninh",266,Phố Lương Định Của,Phường Phương Liễu,Thị xã Quế Võ,Tỉnh Bắc Ninh,C2_PhuongMoi_QuanCu_TinhMoi,Lai,"{""PhuongXa"": ""moi"", ""QuanHuyen"": ""cu"", ""TinhThanh"": ""moi""}",B,N-1,Hợp nhất toàn bộ,OSM snapshot + vietnam-sap-nhap-phuong-xa.csv
"11, Đường Nguyễn Đăng Đạo, Phường Võ Cường, Thành phố Bắc Ninh, Bắc Ninh",11,Đường Nguyễn Đăng Đạo,Phường Võ Cường,Thành phố Bắc Ninh,Bắc Ninh,C1_PhuongMoi_QuanCu_TinhCu,Lai,"{""PhuongXa"": ""moi"", ""QuanHuyen"": ""cu"", ""TinhThanh"": ""cu""}",B,N-1,Hợp nhất toàn bộ,OSM snapshot + vietnam-sap-nhap-phuong-xa.csv
"4, Đường Phúc Sơn, Phường Vũ Ninh, Thành phố Bắc Ninh, Tỉnh Bắc Ninh",4,Đường Phúc Sơn,Phường Vũ Ninh,Thành phố Bắc Ninh,Tỉnh Bắc Ninh,C2_PhuongMoi_QuanCu_TinhMoi,Lai,"{""PhuongXa"": ""moi"", ""QuanHuyen"": ""cu"", ""TinhThanh"": ""moi""}",B,N-1,Hợp nhất toàn bộ,OSM snapshot + vietnam-sap-nhap-phuong-xa.csv
"74, Đường Khả Lễ, Phường Võ Cường, Thành phố Bắc Ninh, Bắc Ninh",74,Đường Khả Lễ,Phường Võ Cường,Thành phố Bắc Ninh,Bắc Ninh,C1_PhuongMoi_QuanCu_TinhCu,Lai,"{""PhuongXa"": ""moi"", ""QuanHuyen"": ""cu"", ""TinhThanh"": ""cu""}",B,N-1,Hợp nhất toàn bộ,OSM snapshot + vietnam-sap-nhap-phuong-xa.csv
"17, Phố Lý Nam Đế, Phường Hoàn Kiếm, Quận Hoàn Kiếm, Hà Nội",17,Phố Lý Nam Đế,Phường Hoàn Kiếm,Quận Hoàn Kiếm,Hà Nội,C1_PhuongMoi_QuanCu_TinhCu,Lai,"{""PhuongXa"": ""moi"", ""QuanHuyen"": ""cu"", ""TinhThanh"": ""cu""}",B,N-1,Hợp nhất toàn bộ,OSM snapshot + vietnam-sap-nhap-phuong-xa.csv
"108, Phố Nghĩa Tân, Phường Nghĩa Đô, Quận Cầu Giấy, Thành phố Hà Nội",108,Phố Nghĩa Tân,Phường Nghĩa Đô,Quận Cầu Giấy,Thành phố Hà Nội,C2_PhuongMoi_QuanCu_TinhMoi,Lai,"{""PhuongXa"": ""moi"", ""QuanHuyen"": ""cu"", ""TinhThanh"": ""moi""}",B,N-1,Hợp nhất toàn bộ,OSM snapshot + vietnam-sap-nhap-phuong-xa.csv
"390, Đường Hà Huy Tập, Phường An Khê, Quận Thanh Khê, Đà Nẵng",390,Đường Hà Huy Tập,Phường An Khê,Quận Thanh Khê,Đà Nẵng,C1_PhuongMoi_QuanCu_TinhCu,Lai,"{""PhuongXa"": ""moi"", ""QuanHuyen"": ""cu"", ""TinhThanh"": ""cu""}",B,N-1,Hợp nhất toàn bộ,OSM snapshot + vietnam-sap-nhap-phuong-xa.csv
"112, Phố Lý Chiêu Hoàng, Phường Kinh Bắc, Thành phố Bắc Ninh, Tỉnh Bắc Ninh",112,Phố Lý Chiêu Hoàng,Phường Kinh Bắc,Thành phố Bắc Ninh,Tỉnh Bắc Ninh,C2_PhuongMoi_QuanCu_TinhMoi,Lai,"{""PhuongXa"": ""moi"", ""QuanHuyen"": ""cu"", ""TinhThanh"": ""moi""}",B,N-1,Hợp nhất toàn bộ,OSM snapshot + vietnam-sap-nhap-phuong-xa.csv
"22, Đường Hoàng Quốc Việt, Phường Vũ Ninh, Thành phố Bắc Ninh, Bắc Ninh",22,Đường Hoàng Quốc Việt,Phường Vũ Ninh,Thành phố Bắc Ninh,Bắc Ninh,C1_PhuongMoi_QuanCu_TinhCu,Lai,"{""PhuongXa"": ""moi"", ""QuanHuyen"": ""cu"", ""TinhThanh"": ""cu""}",B,N-1,Hợp nhất toàn bộ,OSM snapshot + vietnam-sap-nhap-phuong-xa.csv
"72, Đường Hoàng Quốc Việt, Phường Vũ Ninh, Thành phố Bắc Ninh, Bắc Ninh",72,Đường Hoàng Quốc Việt,Phường Vũ Ninh,Thành phố Bắc Ninh,Bắc Ninh,C1_PhuongMoi_QuanCu_TinhCu,Lai,"{""PhuongXa"": ""moi"", ""QuanHuyen"": ""cu"", ""TinhThanh"": ""cu""}",B,N-1,Hợp nhất toàn bộ,OSM snapshot + vietnam-sap-nhap-phuong-xa.csv
"71, Phố Lương Định Của, Phường Phương Liễu, Thị xã Quế Võ, Bắc Ninh",71,Phố Lương Định Của,Phường Phương Liễu,Thị xã Quế Võ,Bắc Ninh,C1_PhuongMoi_QuanCu_TinhCu,Lai,"{""PhuongXa"": ""moi"", ""QuanHuyen"": ""cu"", ""TinhThanh"": ""cu""}",B,N-1,Hợp nhất toàn bộ,OSM snapshot + vietnam-sap-nhap-phuong-xa.csv
"1, Phố Hạ, Phường Từ Sơn, Thành phố Từ Sơn, Tỉnh Bắc Ninh",1,Phố Hạ,Phường Từ Sơn,Thành phố Từ Sơn,Tỉnh Bắc Ninh,C2_PhuongMoi_QuanCu_TinhMoi,Lai,"{""PhuongXa"": ""moi"", ""QuanHuyen"": ""cu"", ""TinhThanh"": ""moi""}",B,N-1,Hợp nhất toàn bộ,OSM snapshot + vietnam-sap-nhap-phuong-xa.csv
"28, Ngõ 35 Đường Huyền Quang, Phường Kinh Bắc, Thành phố Bắc Ninh, Bắc Ninh",28,Ngõ 35 Đường Huyền Quang,Phường Kinh Bắc,Thành phố Bắc Ninh,Bắc Ninh,C1_PhuongMoi_QuanCu_TinhCu,Lai,"{""PhuongXa"": ""moi"", ""QuanHuyen"": ""cu"", ""TinhThanh"": ""cu""}",B,N-1,Hợp nhất toàn bộ,OSM snapshot + vietnam-sap-nhap-phuong-xa.csv
"810, Đường Đấu Mã, Phường Võ Cường, Thành phố Bắc Ninh, Bắc Ninh",810,Đường Đấu Mã,Phường Võ Cường,Thành phố Bắc Ninh,Bắc Ninh,C1_PhuongMoi_QuanCu_TinhCu,Lai,"{""PhuongXa"": ""moi"", ""QuanHuyen"": ""cu"", ""TinhThanh"": ""cu""}",B,N-1,Hợp nhất toàn bộ,OSM snapshot + vietnam-sap-nhap-phuong-xa.csv
"3, Phố Hàng Cót, Phường Hoàn Kiếm, Quận Hoàn Kiếm, Hà Nội",3,Phố Hàng Cót,Phường Hoàn Kiếm,Quận Hoàn Kiếm,Hà Nội,C1_PhuongMoi_QuanCu_TinhCu,Lai,"{""PhuongXa"": ""moi"", ""QuanHuyen"": ""cu"", ""TinhThanh"": ""cu""}",B,N-1,Hợp nhất toàn bộ,OSM snapshot + vietnam-sap-nhap-phuong-xa.csv
"82, Phố Lương Định Của, Phường Phương Liễu, Thị xã Quế Võ, Bắc Ninh",82,Phố Lương Định Của,Phường Phương Liễu,Thị xã Quế Võ,Bắc Ninh,C1_PhuongMoi_QuanCu_TinhCu,Lai,"{""PhuongXa"": ""moi"", ""QuanHuyen"": ""cu"", ""TinhThanh"": ""cu""}",B,N-1,Hợp nhất toàn bộ,OSM snapshot + vietnam-sap-nhap-phuong-xa.csv
"4, Ngõ 267 Phố Lương Định Của, Phường Phương Liễu, Thị xã Quế Võ, Tỉnh Bắc Ninh",4,Ngõ 267 Phố Lương Định Của,Phường Phương Liễu,Thị xã Quế Võ,Tỉnh Bắc Ninh,C2_PhuongMoi_QuanCu_TinhMoi,Lai,"{""PhuongXa"": ""moi"", ""QuanHuyen"": ""cu"", ""TinhThanh"": ""moi""}",B,N-1,Hợp nhất toàn bộ,OSM snapshot + vietnam-sap-nhap-phuong-xa.csv
"A56, Đường Nội Khu 1, Phường Tân Mỹ, Quận 7, Thành phố Hồ Chí Minh",A56,Đường Nội Khu 1,Phường Tân Mỹ,Quận 7,Thành phố Hồ Chí Minh,C1_PhuongMoi_QuanCu_TinhCu,Lai,"{""PhuongXa"": ""moi"", ""QuanHuyen"": ""cu"", ""TinhThanh"": ""cu""}",B,N-1,Hợp nhất toàn bộ,OSM snapshot + vietnam-sap-nhap-phuong-xa.csv
"51, Đường Trần Hưng Đạo, Phường Võ Cường, Thành phố Bắc Ninh, Bắc Ninh",51,Đường Trần Hưng Đạo,Phường Võ Cường,Thành phố Bắc Ninh,Bắc Ninh,C1_PhuongMoi_QuanCu_TinhCu,Lai,"{""PhuongXa"": ""moi"", ""QuanHuyen"": ""cu"", ""TinhThanh"": ""cu""}",B,N-1,Hợp nhất toàn bộ,OSM snapshot + vietnam-sap-nhap-phuong-xa.csv
"13, Ngõ 299 Đường Nguyễn Văn Cừ, Phường Võ Cường, Thành phố Bắc Ninh, Bắc Ninh",13,Ngõ 299 Đường Nguyễn Văn Cừ,Phường Võ Cường,Thành phố Bắc Ninh,Bắc Ninh,C1_PhuongMoi_QuanCu_TinhCu,Lai,"{""PhuongXa"": ""moi"", ""QuanHuyen"": ""cu"", ""TinhThanh"": ""cu""}",B,N-1,Hợp nhất toàn bộ,OSM snapshot + vietnam-sap-nhap-phuong-xa.csv
"45, Đường Đấu Mã, Phường Vũ Ninh, Thành phố Bắc Ninh, Bắc Ninh",45,Đường Đấu Mã,Phường Vũ Ninh,Thành phố Bắc Ninh,Bắc Ninh,C1_PhuongMoi_QuanCu_TinhCu,Lai,"{""PhuongXa"": ""moi"", ""QuanHuyen"": ""cu"", ""TinhThanh"": ""cu""}",B,N-1,Hợp nhất toàn bộ,OSM snapshot + vietnam-sap-nhap-phuong-xa.csv
"207/9, Nguyễn Văn Đậu, Phường Bình Lợi Trung, Quận Bình Thạnh, Thành phố Hồ Chí Minh",207/9,Nguyễn Văn Đậu,Phường Bình Lợi Trung,Quận Bình Thạnh,Thành phố Hồ Chí Minh,C1_PhuongMoi_QuanCu_TinhCu,Lai,"{""PhuongXa"": ""moi"", ""QuanHuyen"": ""cu"", ""TinhThanh"": ""cu""}",B,N-1,Hợp nhất toàn bộ,OSM snapshot + vietnam-sap-nhap-phuong-xa.csv
"4, Đường Nguyên Phi Ỷ Lan, Phường Kinh Bắc, Thành phố Bắc Ninh, Tỉnh Bắc Ninh",4,Đường Nguyên Phi Ỷ Lan,Phường Kinh Bắc,Thành phố Bắc Ninh,Tỉnh Bắc Ninh,C2_PhuongMoi_QuanCu_TinhMoi,Lai,"{""PhuongXa"": ""moi"", ""QuanHuyen"": ""cu"", ""TinhThanh"": ""moi""}",B,N-1,Hợp nhất toàn bộ,OSM snapshot + vietnam-sap-nhap-phuong-xa.csv
"173, Đường Hoàng Quốc Việt, Phường Vũ Ninh, Thành phố Bắc Ninh, Tỉnh Bắc Ninh",173,Đường Hoàng Quốc Việt,Phường Vũ Ninh,Thành phố Bắc Ninh,Tỉnh Bắc Ninh,C2_PhuongMoi_QuanCu_TinhMoi,Lai,"{""PhuongXa"": ""moi"", ""QuanHuyen"": ""cu"", ""TinhThanh"": ""moi""}",B,N-1,Hợp nhất toàn bộ,OSM snapshot + vietnam-sap-nhap-phuong-xa.csv
"4, Phố Trần Bình Trọng, Phường Phương Liễu, Thị xã Quế Võ, Tỉnh Bắc Ninh",4,Phố Trần Bình Trọng,Phường Phương Liễu,Thị xã Quế Võ,Tỉnh Bắc Ninh,C2_PhuongMoi_QuanCu_TinhMoi,Lai,"{""PhuongXa"": ""moi"", ""QuanHuyen"": ""cu"", ""TinhThanh"": ""moi""}",B,N-1,Hợp nhất toàn bộ,OSM snapshot + vietnam-sap-nhap-phuong-xa.csv
"1031, Đường Quang Trung, Phường Quế Võ, Thị xã Quế Võ, Tỉnh Bắc Ninh",1031,Đường Quang Trung,Phường Quế Võ,Thị xã Quế Võ,Tỉnh Bắc Ninh,C2_PhuongMoi_QuanCu_TinhMoi,Lai,"{""PhuongXa"": ""moi"", ""QuanHuyen"": ""cu"", ""TinhThanh"": ""moi""}",B,N-1,Hợp nhất toàn bộ,OSM snapshot + vietnam-sap-nhap-phuong-xa.csv
"115, Đường Ngô Gia Tự, Phường Vũ Ninh, Thành phố Bắc Ninh, Tỉnh Bắc Ninh",115,Đường Ngô Gia Tự,Phường Vũ Ninh,Thành phố Bắc Ninh,Tỉnh Bắc Ninh,C2_PhuongMoi_QuanCu_TinhMoi,Lai,"{""PhuongXa"": ""moi"", ""QuanHuyen"": ""cu"", ""TinhThanh"": ""moi""}",B,N-1,Hợp nhất toàn bộ,OSM snapshot + vietnam-sap-nhap-phuong-xa.csv
"272, Đường Nguyễn Trãi, Phường Võ Cường, Thành phố Bắc Ninh, Bắc Ninh",272,Đường Nguyễn Trãi,Phường Võ Cường,Thành phố Bắc Ninh,Bắc Ninh,C1_PhuongMoi_QuanCu_TinhCu,Lai,"{""PhuongXa"": ""moi"", ""QuanHuyen"": ""cu"", ""TinhThanh"": ""cu""}",B,N-1,Hợp nhất toàn bộ,OSM snapshot + vietnam-sap-nhap-phuong-xa.csv
"2, Đường Đấu Mã, Phường Vũ Ninh, Thành phố Bắc Ninh, Bắc Ninh",2,Đường Đấu Mã,Phường Vũ Ninh,Thành phố Bắc Ninh,Bắc Ninh,C1_PhuongMoi_QuanCu_TinhCu,Lai,"{""PhuongXa"": ""moi"", ""QuanHuyen"": ""cu"", ""TinhThanh"": ""cu""}",B,N-1,Hợp nhất toàn bộ,OSM snapshot + vietnam-sap-nhap-phuong-xa.csv
"1, Đường Đỗ Trọng Vỹ, Phường Tiền Ninh Vệ, Thành phố Bắc Ninh, Tỉnh Bắc Ninh",1,Đường Đỗ Trọng Vỹ,Phường Tiền Ninh Vệ,Thành phố Bắc Ninh,Tỉnh Bắc Ninh,C3_PhuongCu_QuanCu_TinhMoi,Lai,"{""PhuongXa"": ""cu"", ""QuanHuyen"": ""cu"", ""TinhThanh"": ""moi""}",B,N-1,Hợp nhất toàn bộ,OSM snapshot + vietnam-sap-nhap-phuong-xa.csv
"215B, Nguyễn Trãi, Phường Cầu Ông Lãnh, Quận 1, Thành phố Hồ Chí Minh",215B,Nguyễn Trãi,Phường Cầu Ông Lãnh,Quận 1,Thành phố Hồ Chí Minh,C1_PhuongMoi_QuanCu_TinhCu,Lai,"{""PhuongXa"": ""moi"", ""QuanHuyen"": ""cu"", ""TinhThanh"": ""cu""}",B,N-1,Hợp nhất toàn bộ,OSM snapshot + vietnam-sap-nhap-phuong-xa.csv
"242, Đường Trần Hưng Đạo, Phường Kinh Bắc, Thành phố Bắc Ninh, Bắc Ninh",242,Đường Trần Hưng Đạo,Phường Kinh Bắc,Thành phố Bắc Ninh,Bắc Ninh,C1_PhuongMoi_QuanCu_TinhCu,Lai,"{""PhuongXa"": ""moi"", ""QuanHuyen"": ""cu"", ""TinhThanh"": ""cu""}",B,N-1,Hợp nhất toàn bộ,OSM snapshot + vietnam-sap-nhap-phuong-xa.csv
"4, Đường Phù Đổng Thiên Vương, Phường Kinh Bắc, Thành phố Bắc Ninh, Bắc Ninh",4,Đường Phù Đổng Thiên Vương,Phường Kinh Bắc,Thành phố Bắc Ninh,Bắc Ninh,C1_PhuongMoi_QuanCu_TinhCu,Lai,"{""PhuongXa"": ""moi"", ""QuanHuyen"": ""cu"", ""TinhThanh"": ""cu""}",B,N-1,Hợp nhất toàn bộ,OSM snapshot + vietnam-sap-nhap-phuong-xa.csv
"106, Đường Khả Lễ, Phường Võ Cường, Thành phố Bắc Ninh, Bắc Ninh",106,Đường Khả Lễ,Phường Võ Cường,Thành phố Bắc Ninh,Bắc Ninh,C1_PhuongMoi_QuanCu_TinhCu,Lai,"{""PhuongXa"": ""moi"", ""QuanHuyen"": ""cu"", ""TinhThanh"": ""cu""}",B,N-1,Hợp nhất toàn bộ,OSM snapshot + vietnam-sap-nhap-phuong-xa.csv
"9, Đường Rạp Hát, Phường Kinh Bắc, Thành phố Bắc Ninh, Bắc Ninh",9,Đường Rạp Hát,Phường Kinh Bắc,Thành phố Bắc Ninh,Bắc Ninh,C1_PhuongMoi_QuanCu_TinhCu,Lai,"{""PhuongXa"": ""moi"", ""QuanHuyen"": ""cu"", ""TinhThanh"": ""cu""}",B,N-1,Hợp nhất toàn bộ,OSM snapshot + vietnam-sap-nhap-phuong-xa.csv
"26, Phố Nguyễn Đình Trạch, Phường Phượng Mao, Thị xã Quế Võ, Tỉnh Bắc Ninh",26,Phố Nguyễn Đình Trạch,Phường Phượng Mao,Thị xã Quế Võ,Tỉnh Bắc Ninh,C3_PhuongCu_QuanCu_TinhMoi,Lai,"{""PhuongXa"": ""cu"", ""QuanHuyen"": ""cu"", ""TinhThanh"": ""moi""}",B,N-1,Hợp nhất toàn bộ,OSM snapshot + vietnam-sap-nhap-phuong-xa.csv
"32, Thi Sách, Phường Sài Gòn, Quận 1, Thành phố Hồ Chí Minh",32,Thi Sách,Phường Sài Gòn,Quận 1,Thành phố Hồ Chí Minh,C1_PhuongMoi_QuanCu_TinhCu,Lai,"{""PhuongXa"": ""moi"", ""QuanHuyen"": ""cu"", ""TinhThanh"": ""cu""}",B,N-1,Hợp nhất toàn bộ,OSM snapshot + vietnam-sap-nhap-phuong-xa.csv
"10, Đường Nguyên Phi Ỷ Lan, Phường Kinh Bắc, Thành phố Bắc Ninh, Tỉnh Bắc Ninh",10,Đường Nguyên Phi Ỷ Lan,Phường Kinh Bắc,Thành phố Bắc Ninh,Tỉnh Bắc Ninh,C2_PhuongMoi_QuanCu_TinhMoi,Lai,"{""PhuongXa"": ""moi"", ""QuanHuyen"": ""cu"", ""TinhThanh"": ""moi""}",B,N-1,Hợp nhất toàn bộ,OSM snapshot + vietnam-sap-nhap-phuong-xa.csv
"281, Đường Hoàng Quốc Việt, Phường Thị Cầu, Thành phố Bắc Ninh, Tỉnh Bắc Ninh",281,Đường Hoàng Quốc Việt,Phường Thị Cầu,Thành phố Bắc Ninh,Tỉnh Bắc Ninh,C3_PhuongCu_QuanCu_TinhMoi,Lai,"{""PhuongXa"": ""cu"", ""QuanHuyen"": ""cu"", ""TinhThanh"": ""moi""}",B,N-1,Hợp nhất toàn bộ,OSM snapshot + vietnam-sap-nhap-phuong-xa.csv
"7, Phố Phùng Hưng, Phường Hoàn Kiếm, Quận Hoàn Kiếm, Hà Nội",7,Phố Phùng Hưng,Phường Hoàn Kiếm,Quận Hoàn Kiếm,Hà Nội,C1_PhuongMoi_QuanCu_TinhCu,Lai,"{""PhuongXa"": ""moi"", ""QuanHuyen"": ""cu"", ""TinhThanh"": ""cu""}",B,N-1,Hợp nhất toàn bộ,OSM snapshot + vietnam-sap-nhap-phuong-xa.csv
"262A, Huỳnh Công Giản, Phường 3, Thành phố Tây Ninh, Tỉnh Tây Ninh",262A,Huỳnh Công Giản,Phường 3,Thành phố Tây Ninh,Tỉnh Tây Ninh,C3_PhuongCu_QuanCu_TinhMoi,Lai,"{""PhuongXa"": ""cu"", ""QuanHuyen"": ""cu"", ""TinhThanh"": ""moi""}",B,N-1,Hợp nhất toàn bộ,OSM snapshot + vietnam-sap-nhap-phuong-xa.csv
"1, Đường Tân Phú, Phường Tân Mỹ, Quận 7, Thành phố Hồ Chí Minh",1,Đường Tân Phú,Phường Tân Mỹ,Quận 7,Thành phố Hồ Chí Minh,C1_PhuongMoi_QuanCu_TinhCu,Lai,"{""PhuongXa"": ""moi"", ""QuanHuyen"": ""cu"", ""TinhThanh"": ""cu""}",B,N-1,Hợp nhất toàn bộ,OSM snapshot + vietnam-sap-nhap-phuong-xa.csv
"39, Đường Nguyễn Đăng Đạo, Phường Kinh Bắc, Thành phố Bắc Ninh, Bắc Ninh",39,Đường Nguyễn Đăng Đạo,Phường Kinh Bắc,Thành phố Bắc Ninh,Bắc Ninh,C1_PhuongMoi_QuanCu_TinhCu,Lai,"{""PhuongXa"": ""moi"", ""QuanHuyen"": ""cu"", ""TinhThanh"": ""cu""}",B,N-1,Hợp nhất toàn bộ,OSM snapshot + vietnam-sap-nhap-phuong-xa.csv
"14, Đường Mộc Bài 5, Phường Hòa Khánh Nam, Quận Liên Chiểu, Thành phố Đà Nẵng",14,Đường Mộc Bài 5,Phường Hòa Khánh Nam,Quận Liên Chiểu,Thành phố Đà Nẵng,C3_PhuongCu_QuanCu_TinhMoi,Lai,"{""PhuongXa"": ""cu"", ""QuanHuyen"": ""cu"", ""TinhThanh"": ""moi""}",B,N-1,Hợp nhất toàn bộ,OSM snapshot + vietnam-sap-nhap-phuong-xa.csv
"41, Đường Trần Hưng Đạo, Phường Kinh Bắc, Thành phố Bắc Ninh, Bắc Ninh",41,Đường Trần Hưng Đạo,Phường Kinh Bắc,Thành phố Bắc Ninh,Bắc Ninh,C1_PhuongMoi_QuanCu_TinhCu,Lai,"{""PhuongXa"": ""moi"", ""QuanHuyen"": ""cu"", ""TinhThanh"": ""cu""}",B,N-1,Hợp nhất toàn bộ,OSM snapshot + vietnam-sap-nhap-phuong-xa.csv
"13, Đường Đặng Đức Thuật, Phường Tân Hưng, Quận 7, Thành phố Hồ Chí Minh",13,Đường Đặng Đức Thuật,Phường Tân Hưng,Quận 7,Thành phố Hồ Chí Minh,C2_PhuongMoi_QuanCu_TinhMoi,Lai,"{""PhuongXa"": ""moi"", ""QuanHuyen"": ""cu"", ""TinhThanh"": ""moi""}",B,N-1,Hợp nhất toàn bộ,OSM snapshot + vietnam-sap-nhap-phuong-xa.csv
"Số 12A, Hoàng Thái Hiếu, Phường Long Châu, Thành phố Vĩnh Long, Tỉnh Vĩnh Long",Số 12A,Hoàng Thái Hiếu,Phường Long Châu,Thành phố Vĩnh Long,Tỉnh Vĩnh Long,C2_PhuongMoi_QuanCu_TinhMoi,Lai,"{""PhuongXa"": ""moi"", ""QuanHuyen"": ""cu"", ""TinhThanh"": ""moi""}",B,N-1,Hợp nhất toàn bộ,OSM snapshot + vietnam-sap-nhap-phuong-xa.csv
"08, Đường Mỹ Phú 1A, Phường Tân Mỹ, Quận 7, Thành phố Hồ Chí Minh",08,Đường Mỹ Phú 1A,Phường Tân Mỹ,Quận 7,Thành phố Hồ Chí Minh,C1_PhuongMoi_QuanCu_TinhCu,Lai,"{""PhuongXa"": ""moi"", ""QuanHuyen"": ""cu"", ""TinhThanh"": ""cu""}",B,N-1,Hợp nhất toàn bộ,OSM snapshot + vietnam-sap-nhap-phuong-xa.csv
"37, Phố Nam Tràng, Phường Ba Đình, Quận Ba Đình, Hà Nội",37,Phố Nam Tràng,Phường Ba Đình,Quận Ba Đình,Hà Nội,C1_PhuongMoi_QuanCu_TinhCu,Lai,"{""PhuongXa"": ""moi"", ""QuanHuyen"": ""cu"", ""TinhThanh"": ""cu""}",B,N-1,Hợp nhất toàn bộ,OSM snapshot + vietnam-sap-nhap-phuong-xa.csv
"102, Phố Nghĩa Tân, Phường Nghĩa Đô, Quận Cầu Giấy, Hà Nội",102,Phố Nghĩa Tân,Phường Nghĩa Đô,Quận Cầu Giấy,Hà Nội,C1_PhuongMoi_QuanCu_TinhCu,Lai,"{""PhuongXa"": ""moi"", ""QuanHuyen"": ""cu"", ""TinhThanh"": ""cu""}",B,N-1,Hợp nhất toàn bộ,OSM snapshot + vietnam-sap-nhap-phuong-xa.csv
"167, Đường Nguyễn Cao, Phường Kinh Bắc, Thành phố Bắc Ninh, Tỉnh Bắc Ninh",167,Đường Nguyễn Cao,Phường Kinh Bắc,Thành phố Bắc Ninh,Tỉnh Bắc Ninh,C2_PhuongMoi_QuanCu_TinhMoi,Lai,"{""PhuongXa"": ""moi"", ""QuanHuyen"": ""cu"", ""TinhThanh"": ""moi""}",B,N-1,Hợp nhất toàn bộ,OSM snapshot + vietnam-sap-nhap-phuong-xa.csv
"72, Phố Đồng Kỵ 3, Phường Đồng Nguyên, Thành phố Từ Sơn, Tỉnh Bắc Ninh",72,Phố Đồng Kỵ 3,Phường Đồng Nguyên,Thành phố Từ Sơn,Tỉnh Bắc Ninh,C2_PhuongMoi_QuanCu_TinhMoi,Lai,"{""PhuongXa"": ""moi"", ""QuanHuyen"": ""cu"", ""TinhThanh"": ""moi""}",B,N-1,Hợp nhất toàn bộ,OSM snapshot + vietnam-sap-nhap-phuong-xa.csv
"284, Phố Lương Định Của, Phường Phương Liễu, Thị xã Quế Võ, Tỉnh Bắc Ninh",284,Phố Lương Định Của,Phường Phương Liễu,Thị xã Quế Võ,Tỉnh Bắc Ninh,C2_PhuongMoi_QuanCu_TinhMoi,Lai,"{""PhuongXa"": ""moi"", ""QuanHuyen"": ""cu"", ""TinhThanh"": ""moi""}",B,N-1,Hợp nhất toàn bộ,OSM snapshot + vietnam-sap-nhap-phuong-xa.csv
"02, Đường Số 21, Phường Tân Mỹ, Quận 7, Thành phố Hồ Chí Minh",02,Đường Số 21,Phường Tân Mỹ,Quận 7,Thành phố Hồ Chí Minh,C1_PhuongMoi_QuanCu_TinhCu,Lai,"{""PhuongXa"": ""moi"", ""QuanHuyen"": ""cu"", ""TinhThanh"": ""cu""}",B,N-1,Hợp nhất toàn bộ,OSM snapshot + vietnam-sap-nhap-phuong-xa.csv
"272, Phố Lương Định Của, Phường Phương Liễu, Thị xã Quế Võ, Bắc Ninh",272,Phố Lương Định Của,Phường Phương Liễu,Thị xã Quế Võ,Bắc Ninh,C1_PhuongMoi_QuanCu_TinhCu,Lai,"{""PhuongXa"": ""moi"", ""QuanHuyen"": ""cu"", ""TinhThanh"": ""cu""}",B,N-1,Hợp nhất toàn bộ,OSM snapshot + vietnam-sap-nhap-phuong-xa.csv
"135, Đường số 23, Phường Bình Phú, Quận 6, Thành phố Hồ Chí Minh",135,Đường số 23,Phường Bình Phú,Quận 6,Thành phố Hồ Chí Minh,C1_PhuongMoi_QuanCu_TinhCu,Lai,"{""PhuongXa"": ""moi"", ""QuanHuyen"": ""cu"", ""TinhThanh"": ""cu""}",B,N-1,Hợp nhất toàn bộ,OSM snapshot + vietnam-sap-nhap-phuong-xa.csv
"898, Đường Quang Trung, Phường Phượng Mao, Thị xã Quế Võ, Tỉnh Bắc Ninh",898,Đường Quang Trung,Phường Phượng Mao,Thị xã Quế Võ,Tỉnh Bắc Ninh,C3_PhuongCu_QuanCu_TinhMoi,Lai,"{""PhuongXa"": ""cu"", ""QuanHuyen"": ""cu"", ""TinhThanh"": ""moi""}",B,N-1,Hợp nhất toàn bộ,OSM snapshot + vietnam-sap-nhap-phuong-xa.csv
"1, Đường Vũ Ninh, Phường Vũ Ninh, Thành phố Bắc Ninh, Bắc Ninh",1,Đường Vũ Ninh,Phường Vũ Ninh,Thành phố Bắc Ninh,Bắc Ninh,C1_PhuongMoi_QuanCu_TinhCu,Lai,"{""PhuongXa"": ""moi"", ""QuanHuyen"": ""cu"", ""TinhThanh"": ""cu""}",B,N-1,Hợp nhất toàn bộ,OSM snapshot + vietnam-sap-nhap-phuong-xa.csv
"429, Đường Ngô Gia Tự, Phường Kinh Bắc, Thành phố Bắc Ninh, Bắc Ninh",429,Đường Ngô Gia Tự,Phường Kinh Bắc,Thành phố Bắc Ninh,Bắc Ninh,C1_PhuongMoi_QuanCu_TinhCu,Lai,"{""PhuongXa"": ""moi"", ""QuanHuyen"": ""cu"", ""TinhThanh"": ""cu""}",B,N-1,Hợp nhất toàn bộ,OSM snapshot + vietnam-sap-nhap-phuong-xa.csv
"80, Đường Lê Lợi, Phường Thạch Thang, Quận Hải Châu, Thành phố Đà Nẵng",80,Đường Lê Lợi,Phường Thạch Thang,Quận Hải Châu,Thành phố Đà Nẵng,C3_PhuongCu_QuanCu_TinhMoi,Lai,"{""PhuongXa"": ""cu"", ""QuanHuyen"": ""cu"", ""TinhThanh"": ""moi""}",B,N-1,Hợp nhất toàn bộ,OSM snapshot + vietnam-sap-nhap-phuong-xa.csv
"40, Hẻm 233 Đặng Thùy Trâm, Phường Bình Lợi Trung, Quận Bình Thạnh, Hồ Chí Minh",40,Hẻm 233 Đặng Thùy Trâm,Phường Bình Lợi Trung,Quận Bình Thạnh,Hồ Chí Minh,C1_PhuongMoi_QuanCu_TinhCu,Lai,"{""PhuongXa"": ""moi"", ""QuanHuyen"": ""cu"", ""TinhThanh"": ""cu""}",B,N-1,Hợp nhất toàn bộ,OSM snapshot + vietnam-sap-nhap-phuong-xa.csv
"56, Đường Hoàng Quốc Việt, Phường Vũ Ninh, Thành phố Bắc Ninh, Bắc Ninh",56,Đường Hoàng Quốc Việt,Phường Vũ Ninh,Thành phố Bắc Ninh,Bắc Ninh,C1_PhuongMoi_QuanCu_TinhCu,Lai,"{""PhuongXa"": ""moi"", ""QuanHuyen"": ""cu"", ""TinhThanh"": ""cu""}",B,N-1,Hợp nhất toàn bộ,OSM snapshot + vietnam-sap-nhap-phuong-xa.csv
"105, Đường Tôn Dật Tiên, Phường Tân Mỹ, Quận 7, Thành phố Hồ Chí Minh",105,Đường Tôn Dật Tiên,Phường Tân Mỹ,Quận 7,Thành phố Hồ Chí Minh,C1_PhuongMoi_QuanCu_TinhCu,Lai,"{""PhuongXa"": ""moi"", ""QuanHuyen"": ""cu"", ""TinhThanh"": ""cu""}",B,N-1,Hợp nhất toàn bộ,OSM snapshot + vietnam-sap-nhap-phuong-xa.csv
"32, Ngõ 2 Đường Trần Quốc Toản, Phường Kinh Bắc, Thành phố Bắc Ninh, Bắc Ninh",32,Ngõ 2 Đường Trần Quốc Toản,Phường Kinh Bắc,Thành phố Bắc Ninh,Bắc Ninh,C1_PhuongMoi_QuanCu_TinhCu,Lai,"{""PhuongXa"": ""moi"", ""QuanHuyen"": ""cu"", ""TinhThanh"": ""cu""}",B,N-1,Hợp nhất toàn bộ,OSM snapshot + vietnam-sap-nhap-phuong-xa.csv
"968, Đường 3 Tháng 2, Phường Phú Thọ, Quận 11, Hồ Chí Minh",968,Đường 3 Tháng 2,Phường Phú Thọ,Quận 11,Hồ Chí Minh,C1_PhuongMoi_QuanCu_TinhCu,Lai,"{""PhuongXa"": ""moi"", ""QuanHuyen"": ""cu"", ""TinhThanh"": ""cu""}",B,N-1,Hợp nhất toàn bộ,OSM snapshot + vietnam-sap-nhap-phuong-xa.csv
"185, Đường Trần Hưng Đạo, Phường Tiền Ninh Vệ, Thành phố Bắc Ninh, Tỉnh Bắc Ninh",185,Đường Trần Hưng Đạo,Phường Tiền Ninh Vệ,Thành phố Bắc Ninh,Tỉnh Bắc Ninh,C3_PhuongCu_QuanCu_TinhMoi,Lai,"{""PhuongXa"": ""cu"", ""QuanHuyen"": ""cu"", ""TinhThanh"": ""moi""}",B,N-1,Hợp nhất toàn bộ,OSM snapshot + vietnam-sap-nhap-phuong-xa.csv
"08, Đường Số 21, Phường Tân Mỹ, Quận 7, Thành phố Hồ Chí Minh",08,Đường Số 21,Phường Tân Mỹ,Quận 7,Thành phố Hồ Chí Minh,C1_PhuongMoi_QuanCu_TinhCu,Lai,"{""PhuongXa"": ""moi"", ""QuanHuyen"": ""cu"", ""TinhThanh"": ""cu""}",B,N-1,Hợp nhất toàn bộ,OSM snapshot + vietnam-sap-nhap-phuong-xa.csv
"35, Đường Bình Thới, Phường Phú Thọ, Quận 11, Thành Phố Hồ Chí Minh",35,Đường Bình Thới,Phường Phú Thọ,Quận 11,Thành Phố Hồ Chí Minh,C1_PhuongMoi_QuanCu_TinhCu,Lai,"{""PhuongXa"": ""moi"", ""QuanHuyen"": ""cu"", ""TinhThanh"": ""cu""}",B,N-1,Hợp nhất toàn bộ,OSM snapshot + vietnam-sap-nhap-phuong-xa.csv
"15, Phố Nguyễn Biểu, Phường Ba Đình, Quận Ba Đình, Hà Nội",15,Phố Nguyễn Biểu,Phường Ba Đình,Quận Ba Đình,Hà Nội,C1_PhuongMoi_QuanCu_TinhCu,Lai,"{""PhuongXa"": ""moi"", ""QuanHuyen"": ""cu"", ""TinhThanh"": ""cu""}",B,N-1,Hợp nhất toàn bộ,OSM snapshot + vietnam-sap-nhap-phuong-xa.csv
"67, Phố Đức Chính, Phường Ba Đình, Quận Ba Đình, Hà Nội",67,Phố Đức Chính,Phường Ba Đình,Quận Ba Đình,Hà Nội,C1_PhuongMoi_QuanCu_TinhCu,Lai,"{""PhuongXa"": ""moi"", ""QuanHuyen"": ""cu"", ""TinhThanh"": ""cu""}",B,N-1,Hợp nhất toàn bộ,OSM snapshot + vietnam-sap-nhap-phuong-xa.csv
"1, Đường Đỗ Trọng Vỹ, Phường Kinh Bắc, Thành phố Bắc Ninh, Tỉnh Bắc Ninh",1,Đường Đỗ Trọng Vỹ,Phường Kinh Bắc,Thành phố Bắc Ninh,Tỉnh Bắc Ninh,C2_PhuongMoi_QuanCu_TinhMoi,Lai,"{""PhuongXa"": ""moi"", ""QuanHuyen"": ""cu"", ""TinhThanh"": ""moi""}",B,N-1,Hợp nhất toàn bộ,OSM snapshot + vietnam-sap-nhap-phuong-xa.csv
"26, Đường Hoàng Quốc Việt, Phường Vũ Ninh, Thành phố Bắc Ninh, Bắc Ninh",26,Đường Hoàng Quốc Việt,Phường Vũ Ninh,Thành phố Bắc Ninh,Bắc Ninh,C1_PhuongMoi_QuanCu_TinhCu,Lai,"{""PhuongXa"": ""moi"", ""QuanHuyen"": ""cu"", ""TinhThanh"": ""cu""}",B,N-1,Hợp nhất toàn bộ,OSM snapshot + vietnam-sap-nhap-phuong-xa.csv
"28, Đường Trần Hưng Đạo, Phường Quế Võ, Thị xã Quế Võ, Bắc Ninh",28,Đường Trần Hưng Đạo,Phường Quế Võ,Thị xã Quế Võ,Bắc Ninh,C1_PhuongMoi_QuanCu_TinhCu,Lai,"{""PhuongXa"": ""moi"", ""QuanHuyen"": ""cu"", ""TinhThanh"": ""cu""}",B,N-1,Hợp nhất toàn bộ,OSM snapshot + vietnam-sap-nhap-phuong-xa.csv
"135, Đường Ngô Gia Tự, Phường Vũ Ninh, Thành phố Bắc Ninh, Bắc Ninh",135,Đường Ngô Gia Tự,Phường Vũ Ninh,Thành phố Bắc Ninh,Bắc Ninh,C1_PhuongMoi_QuanCu_TinhCu,Lai,"{""PhuongXa"": ""moi"", ""QuanHuyen"": ""cu"", ""TinhThanh"": ""cu""}",B,N-1,Hợp nhất toàn bộ,OSM snapshot + vietnam-sap-nhap-phuong-xa.csv
"148, Đường Hai Bà Trưng, Phường Tiền Ninh Vệ, Thành phố Bắc Ninh, Tỉnh Bắc Ninh",148,Đường Hai Bà Trưng,Phường Tiền Ninh Vệ,Thành phố Bắc Ninh,Tỉnh Bắc Ninh,C3_PhuongCu_QuanCu_TinhMoi,Lai,"{""PhuongXa"": ""cu"", ""QuanHuyen"": ""cu"", ""TinhThanh"": ""moi""}",B,N-1,Hợp nhất toàn bộ,OSM snapshot + vietnam-sap-nhap-phuong-xa.csv
"216, Phố Lương Định Của, Phường Phương Liễu, Thị xã Quế Võ, Tỉnh Bắc Ninh",216,Phố Lương Định Của,Phường Phương Liễu,Thị xã Quế Võ,Tỉnh Bắc Ninh,C2_PhuongMoi_QuanCu_TinhMoi,Lai,"{""PhuongXa"": ""moi"", ""QuanHuyen"": ""cu"", ""TinhThanh"": ""moi""}",B,N-1,Hợp nhất toàn bộ,OSM snapshot + vietnam-sap-nhap-phuong-xa.csv
"19, Đường số 9, Phường Bình Phú, Quận 6, Thành phố Hồ Chí Minh",19,Đường số 9,Phường Bình Phú,Quận 6,Thành phố Hồ Chí Minh,C1_PhuongMoi_QuanCu_TinhCu,Lai,"{""PhuongXa"": ""moi"", ""QuanHuyen"": ""cu"", ""TinhThanh"": ""cu""}",B,N-1,Hợp nhất toàn bộ,OSM snapshot + vietnam-sap-nhap-phuong-xa.csv
"2, Phố Tôn Thất Thuyết, Phường Phương Liễu, Thị xã Quế Võ, Bắc Ninh",2,Phố Tôn Thất Thuyết,Phường Phương Liễu,Thị xã Quế Võ,Bắc Ninh,C1_PhuongMoi_QuanCu_TinhCu,Lai,"{""PhuongXa"": ""moi"", ""QuanHuyen"": ""cu"", ""TinhThanh"": ""cu""}",B,N-1,Hợp nhất toàn bộ,OSM snapshot + vietnam-sap-nhap-phuong-xa.csv
"112, Phố Lý Chiêu Hoàng, Phường Suối Hoa, Thành phố Bắc Ninh, Tỉnh Bắc Ninh",112,Phố Lý Chiêu Hoàng,Phường Suối Hoa,Thành phố Bắc Ninh,Tỉnh Bắc Ninh,C3_PhuongCu_QuanCu_TinhMoi,Lai,"{""PhuongXa"": ""cu"", ""QuanHuyen"": ""cu"", ""TinhThanh"": ""moi""}",B,N-1,Hợp nhất toàn bộ,OSM snapshot + vietnam-sap-nhap-phuong-xa.csv
"114, Đường Trần Hưng Đạo, Phường Kinh Bắc, Thành phố Bắc Ninh, Bắc Ninh",114,Đường Trần Hưng Đạo,Phường Kinh Bắc,Thành phố Bắc Ninh,Bắc Ninh,C1_PhuongMoi_QuanCu_TinhCu,Lai,"{""PhuongXa"": ""moi"", ""QuanHuyen"": ""cu"", ""TinhThanh"": ""cu""}",B,N-1,Hợp nhất toàn bộ,OSM snapshot + vietnam-sap-nhap-phuong-xa.csv
"343, Đường Phạm Ngũ Lão, phường Phạm Ngũ Lão, Quận 1, Thành phố Hồ Chí Minh",343,Đường Phạm Ngũ Lão,phường Phạm Ngũ Lão,Quận 1,Thành phố Hồ Chí Minh,C3_PhuongCu_QuanCu_TinhMoi,Lai,"{""PhuongXa"": ""cu"", ""QuanHuyen"": ""cu"", ""TinhThanh"": ""moi""}",B,N-1,Hợp nhất toàn bộ,OSM snapshot + vietnam-sap-nhap-phuong-xa.csv
"678, Đường Hoàng Quốc Việt, Phường Vũ Ninh, Thành phố Bắc Ninh, Bắc Ninh",678,Đường Hoàng Quốc Việt,Phường Vũ Ninh,Thành phố Bắc Ninh,Bắc Ninh,C1_PhuongMoi_QuanCu_TinhCu,Lai,"{""PhuongXa"": ""moi"", ""QuanHuyen"": ""cu"", ""TinhThanh"": ""cu""}",B,N-1,Hợp nhất toàn bộ,OSM snapshot + vietnam-sap-nhap-phuong-xa.csv
"113, Phố Phù Lưu, Phường Từ Sơn, Thành phố Từ Sơn, Bắc Ninh",113,Phố Phù Lưu,Phường Từ Sơn,Thành phố Từ Sơn,Bắc Ninh,C1_PhuongMoi_QuanCu_TinhCu,Lai,"{""PhuongXa"": ""moi"", ""QuanHuyen"": ""cu"", ""TinhThanh"": ""cu""}",B,N-1,Hợp nhất toàn bộ,OSM snapshot + vietnam-sap-nhap-phuong-xa.csv
"256, Đường Đấu Mã, Phường Thị Cầu, Thành phố Bắc Ninh, Tỉnh Bắc Ninh",256,Đường Đấu Mã,Phường Thị Cầu,Thành phố Bắc Ninh,Tỉnh Bắc Ninh,C3_PhuongCu_QuanCu_TinhMoi,Lai,"{""PhuongXa"": ""cu"", ""QuanHuyen"": ""cu"", ""TinhThanh"": ""moi""}",B,N-1,Hợp nhất toàn bộ,OSM snapshot + vietnam-sap-nhap-phuong-xa.csv
"246-248, Đường Trần Hưng Đạo, Phường Kinh Bắc, Thành phố Bắc Ninh, Tỉnh Bắc Ninh",246-248,Đường Trần Hưng Đạo,Phường Kinh Bắc,Thành phố Bắc Ninh,Tỉnh Bắc Ninh,C2_PhuongMoi_QuanCu_TinhMoi,Lai,"{""PhuongXa"": ""moi"", ""QuanHuyen"": ""cu"", ""TinhThanh"": ""moi""}",B,N-1,Hợp nhất toàn bộ,OSM snapshot + vietnam-sap-nhap-phuong-xa.csv
"275, Phố Lương Định Của, Phường Phương Liễu, Thị xã Quế Võ, Bắc Ninh",275,Phố Lương Định Của,Phường Phương Liễu,Thị xã Quế Võ,Bắc Ninh,C1_PhuongMoi_QuanCu_TinhCu,Lai,"{""PhuongXa"": ""moi"", ""QuanHuyen"": ""cu"", ""TinhThanh"": ""cu""}",B,N-1,Hợp nhất toàn bộ,OSM snapshot + vietnam-sap-nhap-phuong-xa.csv
"243, Phố Lương Định Của, Phường Phương Liễu, Thị xã Quế Võ, Tỉnh Bắc Ninh",243,Phố Lương Định Của,Phường Phương Liễu,Thị xã Quế Võ,Tỉnh Bắc Ninh,C2_PhuongMoi_QuanCu_TinhMoi,Lai,"{""PhuongXa"": ""moi"", ""QuanHuyen"": ""cu"", ""TinhThanh"": ""moi""}",B,N-1,Hợp nhất toàn bộ,OSM snapshot + vietnam-sap-nhap-phuong-xa.csv
"18, Đường Hoàng Diệu, Phường Ba Đình, Quận Ba Đình, Hà Nội",18,Đường Hoàng Diệu,Phường Ba Đình,Quận Ba Đình,Hà Nội,C1_PhuongMoi_QuanCu_TinhCu,Lai,"{""PhuongXa"": ""moi"", ""QuanHuyen"": ""cu"", ""TinhThanh"": ""cu""}",B,N-1,Hợp nhất toàn bộ,OSM snapshot + vietnam-sap-nhap-phuong-xa.csv
"63, Phố Đồng Kỵ 3, Phường Đồng Nguyên, Thành phố Từ Sơn, Bắc Ninh",63,Phố Đồng Kỵ 3,Phường Đồng Nguyên,Thành phố Từ Sơn,Bắc Ninh,C1_PhuongMoi_QuanCu_TinhCu,Lai,"{""PhuongXa"": ""moi"", ""QuanHuyen"": ""cu"", ""TinhThanh"": ""cu""}",B,N-1,Hợp nhất toàn bộ,OSM snapshot + vietnam-sap-nhap-phuong-xa.csv
"52, Đường Hoàng Quốc Việt, Phường Vũ Ninh, Thành phố Bắc Ninh, Bắc Ninh",52,Đường Hoàng Quốc Việt,Phường Vũ Ninh,Thành phố Bắc Ninh,Bắc Ninh,C1_PhuongMoi_QuanCu_TinhCu,Lai,"{""PhuongXa"": ""moi"", ""QuanHuyen"": ""cu"", ""TinhThanh"": ""cu""}",B,N-1,Hợp nhất toàn bộ,OSM snapshot + vietnam-sap-nhap-phuong-xa.csv
"5, Ngách 133/22 Nguyễn Phong Sắc, Phường Nghĩa Đô, Quận Cầu Giấy, Hà Nội",5,Ngách 133/22 Nguyễn Phong Sắc,Phường Nghĩa Đô,Quận Cầu Giấy,Hà Nội,C1_PhuongMoi_QuanCu_TinhCu,Lai,"{""PhuongXa"": ""moi"", ""QuanHuyen"": ""cu"", ""TinhThanh"": ""cu""}",B,N-1,Hợp nhất toàn bộ,OSM snapshot + vietnam-sap-nhap-phuong-xa.csv
"29, Đường Rạp Hát, Phường Kinh Bắc, Thành phố Bắc Ninh, Bắc Ninh",29,Đường Rạp Hát,Phường Kinh Bắc,Thành phố Bắc Ninh,Bắc Ninh,C1_PhuongMoi_QuanCu_TinhCu,Lai,"{""PhuongXa"": ""moi"", ""QuanHuyen"": ""cu"", ""TinhThanh"": ""cu""}",B,N-1,Hợp nhất toàn bộ,OSM snapshot + vietnam-sap-nhap-phuong-xa.csv
"11A, Nguyễn Thị Minh Khai, Phường Sài Gòn, Quận 1, Thành phố Hồ Chí Minh",11A,Nguyễn Thị Minh Khai,Phường Sài Gòn,Quận 1,Thành phố Hồ Chí Minh,C1_PhuongMoi_QuanCu_TinhCu,Lai,"{""PhuongXa"": ""moi"", ""QuanHuyen"": ""cu"", ""TinhThanh"": ""cu""}",B,N-1,Hợp nhất toàn bộ,OSM snapshot + vietnam-sap-nhap-phuong-xa.csv
"165, Đường Ngô Gia Tự, Phường Vũ Ninh, Thành phố Bắc Ninh, Bắc Ninh",165,Đường Ngô Gia Tự,Phường Vũ Ninh,Thành phố Bắc Ninh,Bắc Ninh,C1_PhuongMoi_QuanCu_TinhCu,Lai,"{""PhuongXa"": ""moi"", ""QuanHuyen"": ""cu"", ""TinhThanh"": ""cu""}",B,N-1,Hợp nhất toàn bộ,OSM snapshot + vietnam-sap-nhap-phuong-xa.csv
"A47, Đường Nội Khu 2, Phường Tân Mỹ, Quận 7, Thành phố Hồ Chí Minh",A47,Đường Nội Khu 2,Phường Tân Mỹ,Quận 7,Thành phố Hồ Chí Minh,C1_PhuongMoi_QuanCu_TinhCu,Lai,"{""PhuongXa"": ""moi"", ""QuanHuyen"": ""cu"", ""TinhThanh"": ""cu""}",B,N-1,Hợp nhất toàn bộ,OSM snapshot + vietnam-sap-nhap-phuong-xa.csv
"59B, Bành Văn Trân, Phường Tân Sơn Nhất, Quận Tân Bình, Thành phố Hồ Chí Minh",59B,Bành Văn Trân,Phường Tân Sơn Nhất,Quận Tân Bình,Thành phố Hồ Chí Minh,C1_PhuongMoi_QuanCu_TinhCu,Lai,"{""PhuongXa"": ""moi"", ""QuanHuyen"": ""cu"", ""TinhThanh"": ""cu""}",B,N-1,Hợp nhất toàn bộ,OSM snapshot + vietnam-sap-nhap-phuong-xa.csv
"463, Đường Ngô Gia Tự, Phường Kinh Bắc, Thành phố Bắc Ninh, Bắc Ninh",463,Đường Ngô Gia Tự,Phường Kinh Bắc,Thành phố Bắc Ninh,Bắc Ninh,C1_PhuongMoi_QuanCu_TinhCu,Lai,"{""PhuongXa"": ""moi"", ""QuanHuyen"": ""cu"", ""TinhThanh"": ""cu""}",B,N-1,Hợp nhất toàn bộ,OSM snapshot + vietnam-sap-nhap-phuong-xa.csv
"851/5, Hẻm 851 Cách mạng tháng 8, Phường Tân Sơn Nhất, Quận Tân Bình, Thành phố Hồ Chí Minh",851/5,Hẻm 851 Cách mạng tháng 8,Phường Tân Sơn Nhất,Quận Tân Bình,Thành phố Hồ Chí Minh,C1_PhuongMoi_QuanCu_TinhCu,Lai,"{""PhuongXa"": ""moi"", ""QuanHuyen"": ""cu"", ""TinhThanh"": ""cu""}",B,N-1,Hợp nhất toàn bộ,OSM snapshot + vietnam-sap-nhap-phuong-xa.csv
"590, Cách Mạng Tháng 8, Phường Nhiêu Lộc, Quận 3, Thành phố Hồ Chí Minh",590,Cách Mạng Tháng 8,Phường Nhiêu Lộc,Quận 3,Thành phố Hồ Chí Minh,C1_PhuongMoi_QuanCu_TinhCu,Lai,"{""PhuongXa"": ""moi"", ""QuanHuyen"": ""cu"", ""TinhThanh"": ""cu""}",B,N-1,Hợp nhất toàn bộ,OSM snapshot + vietnam-sap-nhap-phuong-xa.csv
"258, Đường Đấu Mã, Phường Vũ Ninh, Thành phố Bắc Ninh, Bắc Ninh",258,Đường Đấu Mã,Phường Vũ Ninh,Thành phố Bắc Ninh,Bắc Ninh,C1_PhuongMoi_QuanCu_TinhCu,Lai,"{""PhuongXa"": ""moi"", ""QuanHuyen"": ""cu"", ""TinhThanh"": ""cu""}",B,N-1,Hợp nhất toàn bộ,OSM snapshot + vietnam-sap-nhap-phuong-xa.csv
"179, Đặng Thùy Trâm, Phường Bình Lợi Trung, Quận Bình Thạnh, Hồ Chí Minh",179,Đặng Thùy Trâm,Phường Bình Lợi Trung,Quận Bình Thạnh,Hồ Chí Minh,C1_PhuongMoi_QuanCu_TinhCu,Lai,"{""PhuongXa"": ""moi"", ""QuanHuyen"": ""cu"", ""TinhThanh"": ""cu""}",B,N-1,Hợp nhất toàn bộ,OSM snapshot + vietnam-sap-nhap-phuong-xa.csv
"66, Đường Vũ Ninh, Phường Vũ Ninh, Thành phố Bắc Ninh, Bắc Ninh",66,Đường Vũ Ninh,Phường Vũ Ninh,Thành phố Bắc Ninh,Bắc Ninh,C1_PhuongMoi_QuanCu_TinhCu,Lai,"{""PhuongXa"": ""moi"", ""QuanHuyen"": ""cu"", ""TinhThanh"": ""cu""}",B,N-1,Hợp nhất toàn bộ,OSM snapshot + vietnam-sap-nhap-phuong-xa.csv
"262A, Huỳnh Công Giản, Phường Tân Ninh, Thành phố Tây Ninh, Tỉnh Tây Ninh",262A,Huỳnh Công Giản,Phường Tân Ninh,Thành phố Tây Ninh,Tỉnh Tây Ninh,C2_PhuongMoi_QuanCu_TinhMoi,Lai,"{""PhuongXa"": ""moi"", ""QuanHuyen"": ""cu"", ""TinhThanh"": ""moi""}",B,N-1,Hợp nhất toàn bộ,OSM snapshot + vietnam-sap-nhap-phuong-xa.csv
"52, Đường Đấu Mã, Phường Vũ Ninh, Thành phố Bắc Ninh, Tỉnh Bắc Ninh",52,Đường Đấu Mã,Phường Vũ Ninh,Thành phố Bắc Ninh,Tỉnh Bắc Ninh,C2_PhuongMoi_QuanCu_TinhMoi,Lai,"{""PhuongXa"": ""moi"", ""QuanHuyen"": ""cu"", ""TinhThanh"": ""moi""}",B,N-1,Hợp nhất toàn bộ,OSM snapshot + vietnam-sap-nhap-phuong-xa.csv
"851/1, Hẻm 851 Cách mạng tháng 8, Phường Tân Sơn Nhất, Quận Tân Bình, Thành phố Hồ Chí Minh",851/1,Hẻm 851 Cách mạng tháng 8,Phường Tân Sơn Nhất,Quận Tân Bình,Thành phố Hồ Chí Minh,C1_PhuongMoi_QuanCu_TinhCu,Lai,"{""PhuongXa"": ""moi"", ""QuanHuyen"": ""cu"", ""TinhThanh"": ""cu""}",B,N-1,Hợp nhất toàn bộ,OSM snapshot + vietnam-sap-nhap-phuong-xa.csv
"1, Phố Hạ, Phường Đình Bảng, Thành phố Từ Sơn, Tỉnh Bắc Ninh",1,Phố Hạ,Phường Đình Bảng,Thành phố Từ Sơn,Tỉnh Bắc Ninh,C3_PhuongCu_QuanCu_TinhMoi,Lai,"{""PhuongXa"": ""cu"", ""QuanHuyen"": ""cu"", ""TinhThanh"": ""moi""}",B,N-1,Hợp nhất toàn bộ,OSM snapshot + vietnam-sap-nhap-phuong-xa.csv
"313, Đường Trường Chinh, Phường An Khê, Quận Thanh Khê, Đà Nẵng",313,Đường Trường Chinh,Phường An Khê,Quận Thanh Khê,Đà Nẵng,C1_PhuongMoi_QuanCu_TinhCu,Lai,"{""PhuongXa"": ""moi"", ""QuanHuyen"": ""cu"", ""TinhThanh"": ""cu""}",B,N-1,Hợp nhất toàn bộ,OSM snapshot + vietnam-sap-nhap-phuong-xa.csv
"02, Đường Nội Khu 04, Phường Tân Mỹ, Quận 7, Thành phố Hồ Chí Minh",02,Đường Nội Khu 04,Phường Tân Mỹ,Quận 7,Thành phố Hồ Chí Minh,C1_PhuongMoi_QuanCu_TinhCu,Lai,"{""PhuongXa"": ""moi"", ""QuanHuyen"": ""cu"", ""TinhThanh"": ""cu""}",B,N-1,Hợp nhất toàn bộ,OSM snapshot + vietnam-sap-nhap-phuong-xa.csv
"19, Đường Hai Bà Trưng, Phường Võ Cường, Thành phố Bắc Ninh, Bắc Ninh",19,Đường Hai Bà Trưng,Phường Võ Cường,Thành phố Bắc Ninh,Bắc Ninh,C1_PhuongMoi_QuanCu_TinhCu,Lai,"{""PhuongXa"": ""moi"", ""QuanHuyen"": ""cu"", ""TinhThanh"": ""cu""}",B,N-1,Hợp nhất toàn bộ,OSM snapshot + vietnam-sap-nhap-phuong-xa.csv
"273, Phố Lương Định Của, Phường Phương Liễu, Thị xã Quế Võ, Tỉnh Bắc Ninh",273,Phố Lương Định Của,Phường Phương Liễu,Thị xã Quế Võ,Tỉnh Bắc Ninh,C2_PhuongMoi_QuanCu_TinhMoi,Lai,"{""PhuongXa"": ""moi"", ""QuanHuyen"": ""cu"", ""TinhThanh"": ""moi""}",B,N-1,Hợp nhất toàn bộ,OSM snapshot + vietnam-sap-nhap-phuong-xa.csv
"412, Đường Tôn Đức Thắng, Phường Hòa Khánh, Quận Liên Chiểu, Đà Nẵng",412,Đường Tôn Đức Thắng,Phường Hòa Khánh,Quận Liên Chiểu,Đà Nẵng,C1_PhuongMoi_QuanCu_TinhCu,Lai,"{""PhuongXa"": ""moi"", ""QuanHuyen"": ""cu"", ""TinhThanh"": ""cu""}",B,N-1,Hợp nhất toàn bộ,OSM snapshot + vietnam-sap-nhap-phuong-xa.csv
"3, Phố Tôn Thất Thuyết, Phường Phương Liễu, Thị xã Quế Võ, Tỉnh Bắc Ninh",3,Phố Tôn Thất Thuyết,Phường Phương Liễu,Thị xã Quế Võ,Tỉnh Bắc Ninh,C2_PhuongMoi_QuanCu_TinhMoi,Lai,"{""PhuongXa"": ""moi"", ""QuanHuyen"": ""cu"", ""TinhThanh"": ""moi""}",B,N-1,Hợp nhất toàn bộ,OSM snapshot + vietnam-sap-nhap-phuong-xa.csv
"05, Đường Mỹ Phú 1B, Phường Tân Mỹ, Quận 7, Thành phố Hồ Chí Minh",05,Đường Mỹ Phú 1B,Phường Tân Mỹ,Quận 7,Thành phố Hồ Chí Minh,C1_PhuongMoi_QuanCu_TinhCu,Lai,"{""PhuongXa"": ""moi"", ""QuanHuyen"": ""cu"", ""TinhThanh"": ""cu""}",B,N-1,Hợp nhất toàn bộ,OSM snapshot + vietnam-sap-nhap-phuong-xa.csv
"84, Phố Lương Định Của, Phường Phương Liễu, Thị xã Quế Võ, Tỉnh Bắc Ninh",84,Phố Lương Định Của,Phường Phương Liễu,Thị xã Quế Võ,Tỉnh Bắc Ninh,C2_PhuongMoi_QuanCu_TinhMoi,Lai,"{""PhuongXa"": ""moi"", ""QuanHuyen"": ""cu"", ""TinhThanh"": ""moi""}",B,N-1,Hợp nhất toàn bộ,OSM snapshot + vietnam-sap-nhap-phuong-xa.csv
"24, Đường Thanh Sơn, Phường Vũ Ninh, Thành phố Bắc Ninh, Tỉnh Bắc Ninh",24,Đường Thanh Sơn,Phường Vũ Ninh,Thành phố Bắc Ninh,Tỉnh Bắc Ninh,C2_PhuongMoi_QuanCu_TinhMoi,Lai,"{""PhuongXa"": ""moi"", ""QuanHuyen"": ""cu"", ""TinhThanh"": ""moi""}",B,N-1,Hợp nhất toàn bộ,OSM snapshot + vietnam-sap-nhap-phuong-xa.csv
"431, Đường Nguyễn Văn Cừ, Phường Võ Cường, Thành phố Bắc Ninh, Bắc Ninh",431,Đường Nguyễn Văn Cừ,Phường Võ Cường,Thành phố Bắc Ninh,Bắc Ninh,C1_PhuongMoi_QuanCu_TinhCu,Lai,"{""PhuongXa"": ""moi"", ""QuanHuyen"": ""cu"", ""TinhThanh"": ""cu""}",B,N-1,Hợp nhất toàn bộ,OSM snapshot + vietnam-sap-nhap-phuong-xa.csv
"246-248, Đường Trần Hưng Đạo, Phường Tiền Ninh Vệ, Thành phố Bắc Ninh, Tỉnh Bắc Ninh",246-248,Đường Trần Hưng Đạo,Phường Tiền Ninh Vệ,Thành phố Bắc Ninh,Tỉnh Bắc Ninh,C3_PhuongCu_QuanCu_TinhMoi,Lai,"{""PhuongXa"": ""cu"", ""QuanHuyen"": ""cu"", ""TinhThanh"": ""moi""}",B,N-1,Hợp nhất toàn bộ,OSM snapshot + vietnam-sap-nhap-phuong-xa.csv
"1, Ngõ 94 Phố Mai Công, Phường Quế Võ, Thị xã Quế Võ, Tỉnh Bắc Ninh",1,Ngõ 94 Phố Mai Công,Phường Quế Võ,Thị xã Quế Võ,Tỉnh Bắc Ninh,C2_PhuongMoi_QuanCu_TinhMoi,Lai,"{""PhuongXa"": ""moi"", ""QuanHuyen"": ""cu"", ""TinhThanh"": ""moi""}",B,N-1,Hợp nhất toàn bộ,OSM snapshot + vietnam-sap-nhap-phuong-xa.csv
"25/68, Hẻm 25 Đường Nguyễn Bỉnh Khiêm, Phường Sài Gòn, Quận 1, Thành phố Hồ Chí Minh",25/68,Hẻm 25 Đường Nguyễn Bỉnh Khiêm,Phường Sài Gòn,Quận 1,Thành phố Hồ Chí Minh,C1_PhuongMoi_QuanCu_TinhCu,Lai,"{""PhuongXa"": ""moi"", ""QuanHuyen"": ""cu"", ""TinhThanh"": ""cu""}",B,N-1,Hợp nhất toàn bộ,OSM snapshot + vietnam-sap-nhap-phuong-xa.csv
"4, Đường Hoàng Diệu, Phường Ba Đình, Quận Ba Đình, Hà Nội",4,Đường Hoàng Diệu,Phường Ba Đình,Quận Ba Đình,Hà Nội,C1_PhuongMoi_QuanCu_TinhCu,Lai,"{""PhuongXa"": ""moi"", ""QuanHuyen"": ""cu"", ""TinhThanh"": ""cu""}",B,N-1,Hợp nhất toàn bộ,OSM snapshot + vietnam-sap-nhap-phuong-xa.csv
"267, Phố Lương Định Của, Phường Phương Liễu, Thị xã Quế Võ, Bắc Ninh",267,Phố Lương Định Của,Phường Phương Liễu,Thị xã Quế Võ,Bắc Ninh,C1_PhuongMoi_QuanCu_TinhCu,Lai,"{""PhuongXa"": ""moi"", ""QuanHuyen"": ""cu"", ""TinhThanh"": ""cu""}",B,N-1,Hợp nhất toàn bộ,OSM snapshot + vietnam-sap-nhap-phuong-xa.csv
"300, Phố Lương Định Của, Phường Phương Liễu, Thị xã Quế Võ, Bắc Ninh",300,Phố Lương Định Của,Phường Phương Liễu,Thị xã Quế Võ,Bắc Ninh,C1_PhuongMoi_QuanCu_TinhCu,Lai,"{""PhuongXa"": ""moi"", ""QuanHuyen"": ""cu"", ""TinhThanh"": ""cu""}",B,N-1,Hợp nhất toàn bộ,OSM snapshot + vietnam-sap-nhap-phuong-xa.csv
"280, Phố Lương Định Của, Phường Phương Liễu, Thị xã Quế Võ, Bắc Ninh",280,Phố Lương Định Của,Phường Phương Liễu,Thị xã Quế Võ,Bắc Ninh,C1_PhuongMoi_QuanCu_TinhCu,Lai,"{""PhuongXa"": ""moi"", ""QuanHuyen"": ""cu"", ""TinhThanh"": ""cu""}",B,N-1,Hợp nhất toàn bộ,OSM snapshot + vietnam-sap-nhap-phuong-xa.csv
"268, Đường Tô Hiến Thành, Phường Hòa Hưng, Quận 10, Thành phố Hồ Chí Minh",268,Đường Tô Hiến Thành,Phường Hòa Hưng,Quận 10,Thành phố Hồ Chí Minh,C1_PhuongMoi_QuanCu_TinhCu,Lai,"{""PhuongXa"": ""moi"", ""QuanHuyen"": ""cu"", ""TinhThanh"": ""cu""}",B,N-1,Hợp nhất toàn bộ,OSM snapshot + vietnam-sap-nhap-phuong-xa.csv
"14G, Đường Lê Văn Thịnh, Phường Kinh Bắc, Thành phố Bắc Ninh, Bắc Ninh",14G,Đường Lê Văn Thịnh,Phường Kinh Bắc,Thành phố Bắc Ninh,Bắc Ninh,C1_PhuongMoi_QuanCu_TinhCu,Lai,"{""PhuongXa"": ""moi"", ""QuanHuyen"": ""cu"", ""TinhThanh"": ""cu""}",B,N-1,Hợp nhất toàn bộ,OSM snapshot + vietnam-sap-nhap-phuong-xa.csv
"32, Đường Trần Hưng Đạo, Phường Quế Võ, Thị xã Quế Võ, Bắc Ninh",32,Đường Trần Hưng Đạo,Phường Quế Võ,Thị xã Quế Võ,Bắc Ninh,C1_PhuongMoi_QuanCu_TinhCu,Lai,"{""PhuongXa"": ""moi"", ""QuanHuyen"": ""cu"", ""TinhThanh"": ""cu""}",B,N-1,Hợp nhất toàn bộ,OSM snapshot + vietnam-sap-nhap-phuong-xa.csv
"161, Đường Hoàng Quốc Việt, Phường Vũ Ninh, Thành phố Bắc Ninh, Bắc Ninh",161,Đường Hoàng Quốc Việt,Phường Vũ Ninh,Thành phố Bắc Ninh,Bắc Ninh,C1_PhuongMoi_QuanCu_TinhCu,Lai,"{""PhuongXa"": ""moi"", ""QuanHuyen"": ""cu"", ""TinhThanh"": ""cu""}",B,N-1,Hợp nhất toàn bộ,OSM snapshot + vietnam-sap-nhap-phuong-xa.csv
"164, Đường Hai Bà Trưng, Phường Tiền Ninh Vệ, Thành phố Bắc Ninh, Tỉnh Bắc Ninh",164,Đường Hai Bà Trưng,Phường Tiền Ninh Vệ,Thành phố Bắc Ninh,Tỉnh Bắc Ninh,C3_PhuongCu_QuanCu_TinhMoi,Lai,"{""PhuongXa"": ""cu"", ""QuanHuyen"": ""cu"", ""TinhThanh"": ""moi""}",B,N-1,Hợp nhất toàn bộ,OSM snapshot + vietnam-sap-nhap-phuong-xa.csv
"391, Đường Nguyễn Văn Cừ, Phường Võ Cường, Thành phố Bắc Ninh, Tỉnh Bắc Ninh",391,Đường Nguyễn Văn Cừ,Phường Võ Cường,Thành phố Bắc Ninh,Tỉnh Bắc Ninh,C2_PhuongMoi_QuanCu_TinhMoi,Lai,"{""PhuongXa"": ""moi"", ""QuanHuyen"": ""cu"", ""TinhThanh"": ""moi""}",B,N-1,Hợp nhất toàn bộ,OSM snapshot + vietnam-sap-nhap-phuong-xa.csv
"245, Đường Hoàng Quốc Việt, Phường Vũ Ninh, Thành phố Bắc Ninh, Tỉnh Bắc Ninh",245,Đường Hoàng Quốc Việt,Phường Vũ Ninh,Thành phố Bắc Ninh,Tỉnh Bắc Ninh,C2_PhuongMoi_QuanCu_TinhMoi,Lai,"{""PhuongXa"": ""moi"", ""QuanHuyen"": ""cu"", ""TinhThanh"": ""moi""}",B,N-1,Hợp nhất toàn bộ,OSM snapshot + vietnam-sap-nhap-phuong-xa.csv
"23, Đường Đấu Mã, Phường Vũ Ninh, Thành phố Bắc Ninh, Bắc Ninh",23,Đường Đấu Mã,Phường Vũ Ninh,Thành phố Bắc Ninh,Bắc Ninh,C1_PhuongMoi_QuanCu_TinhCu,Lai,"{""PhuongXa"": ""moi"", ""QuanHuyen"": ""cu"", ""TinhThanh"": ""cu""}",B,N-1,Hợp nhất toàn bộ,OSM snapshot + vietnam-sap-nhap-phuong-xa.csv
"6, Ngõ 133 Nguyễn Phong Sắc, Phường Nghĩa Đô, Quận Cầu Giấy, Hà Nội",6,Ngõ 133 Nguyễn Phong Sắc,Phường Nghĩa Đô,Quận Cầu Giấy,Hà Nội,C1_PhuongMoi_QuanCu_TinhCu,Lai,"{""PhuongXa"": ""moi"", ""QuanHuyen"": ""cu"", ""TinhThanh"": ""cu""}",B,N-1,Hợp nhất toàn bộ,OSM snapshot + vietnam-sap-nhap-phuong-xa.csv
"267, Phố Lương Định Của, Phường Phương Liễu, Thị xã Quế Võ, Tỉnh Bắc Ninh",267,Phố Lương Định Của,Phường Phương Liễu,Thị xã Quế Võ,Tỉnh Bắc Ninh,C2_PhuongMoi_QuanCu_TinhMoi,Lai,"{""PhuongXa"": ""moi"", ""QuanHuyen"": ""cu"", ""TinhThanh"": ""moi""}",B,N-1,Hợp nhất toàn bộ,OSM snapshot + vietnam-sap-nhap-phuong-xa.csv
"245, Đường Hoàng Quốc Việt, Phường Thị Cầu, Thành phố Bắc Ninh, Tỉnh Bắc Ninh",245,Đường Hoàng Quốc Việt,Phường Thị Cầu,Thành phố Bắc Ninh,Tỉnh Bắc Ninh,C3_PhuongCu_QuanCu_TinhMoi,Lai,"{""PhuongXa"": ""cu"", ""QuanHuyen"": ""cu"", ""TinhThanh"": ""moi""}",B,N-1,Hợp nhất toàn bộ,OSM snapshot + vietnam-sap-nhap-phuong-xa.csv
"5, Phố Nguyễn Văn Trỗi, Phường Tiền Ninh Vệ, Thành phố Bắc Ninh, Tỉnh Bắc Ninh",5,Phố Nguyễn Văn Trỗi,Phường Tiền Ninh Vệ,Thành phố Bắc Ninh,Tỉnh Bắc Ninh,C3_PhuongCu_QuanCu_TinhMoi,Lai,"{""PhuongXa"": ""cu"", ""QuanHuyen"": ""cu"", ""TinhThanh"": ""moi""}",B,N-1,Hợp nhất toàn bộ,OSM snapshot + vietnam-sap-nhap-phuong-xa.csv
"23, Đường Tân Hóa, Phường Phú Lâm, Quận 6, Hồ Chí Minh",23,Đường Tân Hóa,Phường Phú Lâm,Quận 6,Hồ Chí Minh,C1_PhuongMoi_QuanCu_TinhCu,Lai,"{""PhuongXa"": ""moi"", ""QuanHuyen"": ""cu"", ""TinhThanh"": ""cu""}",B,N-1,Hợp nhất toàn bộ,OSM snapshot + vietnam-sap-nhap-phuong-xa.csv
"08, Đường Nội Khu 02, Phường Tân Mỹ, Quận 7, Thành phố Hồ Chí Minh",08,Đường Nội Khu 02,Phường Tân Mỹ,Quận 7,Thành phố Hồ Chí Minh,C1_PhuongMoi_QuanCu_TinhCu,Lai,"{""PhuongXa"": ""moi"", ""QuanHuyen"": ""cu"", ""TinhThanh"": ""cu""}",B,N-1,Hợp nhất toàn bộ,OSM snapshot + vietnam-sap-nhap-phuong-xa.csv
"37, Đường Số 18, Phường Tân Mỹ, Quận 7, Thành phố Hồ Chí Minh",37,Đường Số 18,Phường Tân Mỹ,Quận 7,Thành phố Hồ Chí Minh,C1_PhuongMoi_QuanCu_TinhCu,Lai,"{""PhuongXa"": ""moi"", ""QuanHuyen"": ""cu"", ""TinhThanh"": ""cu""}",B,N-1,Hợp nhất toàn bộ,OSM snapshot + vietnam-sap-nhap-phuong-xa.csv
"385, Đường Ngô Gia Tự, Phường Kinh Bắc, Thành phố Bắc Ninh, Bắc Ninh",385,Đường Ngô Gia Tự,Phường Kinh Bắc,Thành phố Bắc Ninh,Bắc Ninh,C1_PhuongMoi_QuanCu_TinhCu,Lai,"{""PhuongXa"": ""moi"", ""QuanHuyen"": ""cu"", ""TinhThanh"": ""cu""}",B,N-1,Hợp nhất toàn bộ,OSM snapshot + vietnam-sap-nhap-phuong-xa.csv
"115, Đường Ngô Gia Tự, Phường Vũ Ninh, Thành phố Bắc Ninh, Bắc Ninh",115,Đường Ngô Gia Tự,Phường Vũ Ninh,Thành phố Bắc Ninh,Bắc Ninh,C1_PhuongMoi_QuanCu_TinhCu,Lai,"{""PhuongXa"": ""moi"", ""QuanHuyen"": ""cu"", ""TinhThanh"": ""cu""}",B,N-1,Hợp nhất toàn bộ,OSM snapshot + vietnam-sap-nhap-phuong-xa.csv
"269, Đường Nguyễn Công Hãng, Phường Kinh Bắc, Thành phố Bắc Ninh, Bắc Ninh",269,Đường Nguyễn Công Hãng,Phường Kinh Bắc,Thành phố Bắc Ninh,Bắc Ninh,C1_PhuongMoi_QuanCu_TinhCu,Lai,"{""PhuongXa"": ""moi"", ""QuanHuyen"": ""cu"", ""TinhThanh"": ""cu""}",B,N-1,Hợp nhất toàn bộ,OSM snapshot + vietnam-sap-nhap-phuong-xa.csv
"168, Phố Bồ Sơn, Phường Võ Cường, Thành phố Bắc Ninh, Bắc Ninh",168,Phố Bồ Sơn,Phường Võ Cường,Thành phố Bắc Ninh,Bắc Ninh,C1_PhuongMoi_QuanCu_TinhCu,Lai,"{""PhuongXa"": ""moi"", ""QuanHuyen"": ""cu"", ""TinhThanh"": ""cu""}",B,N-1,Hợp nhất toàn bộ,OSM snapshot + vietnam-sap-nhap-phuong-xa.csv
"84, Đường Khả Lễ, Phường Võ Cường, Thành phố Bắc Ninh, Bắc Ninh",84,Đường Khả Lễ,Phường Võ Cường,Thành phố Bắc Ninh,Bắc Ninh,C1_PhuongMoi_QuanCu_TinhCu,Lai,"{""PhuongXa"": ""moi"", ""QuanHuyen"": ""cu"", ""TinhThanh"": ""cu""}",B,N-1,Hợp nhất toàn bộ,OSM snapshot + vietnam-sap-nhap-phuong-xa.csv
"234, Phố Lương Định Của, Phường Phương Liễu, Thị xã Quế Võ, Bắc Ninh",234,Phố Lương Định Của,Phường Phương Liễu,Thị xã Quế Võ,Bắc Ninh,C1_PhuongMoi_QuanCu_TinhCu,Lai,"{""PhuongXa"": ""moi"", ""QuanHuyen"": ""cu"", ""TinhThanh"": ""cu""}",B,N-1,Hợp nhất toàn bộ,OSM snapshot + vietnam-sap-nhap-phuong-xa.csv
"272, Đường Hoàng Quốc Việt, Phường Vũ Ninh, Thành phố Bắc Ninh, Bắc Ninh",272,Đường Hoàng Quốc Việt,Phường Vũ Ninh,Thành phố Bắc Ninh,Bắc Ninh,C1_PhuongMoi_QuanCu_TinhCu,Lai,"{""PhuongXa"": ""moi"", ""QuanHuyen"": ""cu"", ""TinhThanh"": ""cu""}",B,N-1,Hợp nhất toàn bộ,OSM snapshot + vietnam-sap-nhap-phuong-xa.csv
"141, Đường Hoàng Quốc Việt, Phường Vũ Ninh, Thành phố Bắc Ninh, Bắc Ninh",141,Đường Hoàng Quốc Việt,Phường Vũ Ninh,Thành phố Bắc Ninh,Bắc Ninh,C1_PhuongMoi_QuanCu_TinhCu,Lai,"{""PhuongXa"": ""moi"", ""QuanHuyen"": ""cu"", ""TinhThanh"": ""cu""}",B,N-1,Hợp nhất toàn bộ,OSM snapshot + vietnam-sap-nhap-phuong-xa.csv
"114, Phố Trang Liệt 3, Phường Đồng Nguyên, Thành phố Từ Sơn, Bắc Ninh",114,Phố Trang Liệt 3,Phường Đồng Nguyên,Thành phố Từ Sơn,Bắc Ninh,C1_PhuongMoi_QuanCu_TinhCu,Lai,"{""PhuongXa"": ""moi"", ""QuanHuyen"": ""cu"", ""TinhThanh"": ""cu""}",B,N-1,Hợp nhất toàn bộ,OSM snapshot + vietnam-sap-nhap-phuong-xa.csv
"232, Phố Lương Định Của, Phường Phương Liễu, Thị xã Quế Võ, Bắc Ninh",232,Phố Lương Định Của,Phường Phương Liễu,Thị xã Quế Võ,Bắc Ninh,C1_PhuongMoi_QuanCu_TinhCu,Lai,"{""PhuongXa"": ""moi"", ""QuanHuyen"": ""cu"", ""TinhThanh"": ""cu""}",B,N-1,Hợp nhất toàn bộ,OSM snapshot + vietnam-sap-nhap-phuong-xa.csv
"37, Phố Yên Mẫn, Phường Kinh Bắc, Thành phố Bắc Ninh, Bắc Ninh",37,Phố Yên Mẫn,Phường Kinh Bắc,Thành phố Bắc Ninh,Bắc Ninh,C1_PhuongMoi_QuanCu_TinhCu,Lai,"{""PhuongXa"": ""moi"", ""QuanHuyen"": ""cu"", ""TinhThanh"": ""cu""}",B,N-1,Hợp nhất toàn bộ,OSM snapshot + vietnam-sap-nhap-phuong-xa.csv
"502, Đường Hoàng Quốc Việt, Phường Vũ Ninh, Thành phố Bắc Ninh, Bắc Ninh",502,Đường Hoàng Quốc Việt,Phường Vũ Ninh,Thành phố Bắc Ninh,Bắc Ninh,C1_PhuongMoi_QuanCu_TinhCu,Lai,"{""PhuongXa"": ""moi"", ""QuanHuyen"": ""cu"", ""TinhThanh"": ""cu""}",B,N-1,Hợp nhất toàn bộ,OSM snapshot + vietnam-sap-nhap-phuong-xa.csv
"33, Đường Lê Duẩn, Phường Sài Gòn, Quận 1, Thành phố Hồ Chí Minh",33,Đường Lê Duẩn,Phường Sài Gòn,Quận 1,Thành phố Hồ Chí Minh,C1_PhuongMoi_QuanCu_TinhCu,Lai,"{""PhuongXa"": ""moi"", ""QuanHuyen"": ""cu"", ""TinhThanh"": ""cu""}",B,N-1,Hợp nhất toàn bộ,OSM snapshot + vietnam-sap-nhap-phuong-xa.csv
"168, Đường Lê Phụng Hiểu, Phường Kinh Bắc, Thành phố Bắc Ninh, Tỉnh Bắc Ninh",168,Đường Lê Phụng Hiểu,Phường Kinh Bắc,Thành phố Bắc Ninh,Tỉnh Bắc Ninh,C2_PhuongMoi_QuanCu_TinhMoi,Lai,"{""PhuongXa"": ""moi"", ""QuanHuyen"": ""cu"", ""TinhThanh"": ""moi""}",B,N-1,Hợp nhất toàn bộ,OSM snapshot + vietnam-sap-nhap-phuong-xa.csv
"147, Đường Trần Lựu, Phường Vũ Ninh, Thành phố Bắc Ninh, Tỉnh Bắc Ninh",147,Đường Trần Lựu,Phường Vũ Ninh,Thành phố Bắc Ninh,Tỉnh Bắc Ninh,C2_PhuongMoi_QuanCu_TinhMoi,Lai,"{""PhuongXa"": ""moi"", ""QuanHuyen"": ""cu"", ""TinhThanh"": ""moi""}",B,N-1,Hợp nhất toàn bộ,OSM snapshot + vietnam-sap-nhap-phuong-xa.csv
"109, Bành Văn Trân, Phường Tân Sơn Nhất, Quận Tân Bình, Thành phố Hồ Chí Minh",109,Bành Văn Trân,Phường Tân Sơn Nhất,Quận Tân Bình,Thành phố Hồ Chí Minh,C1_PhuongMoi_QuanCu_TinhCu,Lai,"{""PhuongXa"": ""moi"", ""QuanHuyen"": ""cu"", ""TinhThanh"": ""cu""}",B,N-1,Hợp nhất toàn bộ,OSM snapshot + vietnam-sap-nhap-phuong-xa.csv
"9, Đường Lê Thái Tổ, Phường Võ Cường, Thành phố Bắc Ninh, Tỉnh Bắc Ninh",9,Đường Lê Thái Tổ,Phường Võ Cường,Thành phố Bắc Ninh,Tỉnh Bắc Ninh,C2_PhuongMoi_QuanCu_TinhMoi,Lai,"{""PhuongXa"": ""moi"", ""QuanHuyen"": ""cu"", ""TinhThanh"": ""moi""}",B,N-1,Hợp nhất toàn bộ,OSM snapshot + vietnam-sap-nhap-phuong-xa.csv
"215, Phố Lương Định Của, Phường Phương Liễu, Thị xã Quế Võ, Bắc Ninh",215,Phố Lương Định Của,Phường Phương Liễu,Thị xã Quế Võ,Bắc Ninh,C1_PhuongMoi_QuanCu_TinhCu,Lai,"{""PhuongXa"": ""moi"", ""QuanHuyen"": ""cu"", ""TinhThanh"": ""cu""}",B,N-1,Hợp nhất toàn bộ,OSM snapshot + vietnam-sap-nhap-phuong-xa.csv
"100, Phố Mai Công, Phường Quế Võ, Thị xã Quế Võ, Bắc Ninh",100,Phố Mai Công,Phường Quế Võ,Thị xã Quế Võ,Bắc Ninh,C1_PhuongMoi_QuanCu_TinhCu,Lai,"{""PhuongXa"": ""moi"", ""QuanHuyen"": ""cu"", ""TinhThanh"": ""cu""}",B,N-1,Hợp nhất toàn bộ,OSM snapshot + vietnam-sap-nhap-phuong-xa.csv
"18, Phố Hàng Cót, Phường Hoàn Kiếm, Quận Hoàn Kiếm, Hà Nội",18,Phố Hàng Cót,Phường Hoàn Kiếm,Quận Hoàn Kiếm,Hà Nội,C1_PhuongMoi_QuanCu_TinhCu,Lai,"{""PhuongXa"": ""moi"", ""QuanHuyen"": ""cu"", ""TinhThanh"": ""cu""}",B,N-1,Hợp nhất toàn bộ,OSM snapshot + vietnam-sap-nhap-phuong-xa.csv
"37, Đường Đặng Thùy Trâm, Phường Bình Lợi Trung, Quận Bình Thạnh, Thành Phố Hồ Chí Minh",37,Đường Đặng Thùy Trâm,Phường Bình Lợi Trung,Quận Bình Thạnh,Thành Phố Hồ Chí Minh,C1_PhuongMoi_QuanCu_TinhCu,Lai,"{""PhuongXa"": ""moi"", ""QuanHuyen"": ""cu"", ""TinhThanh"": ""cu""}",B,N-1,Hợp nhất toàn bộ,OSM snapshot + vietnam-sap-nhap-phuong-xa.csv
"1, Phố Phan Đình Phùng, Phường Hoàn Kiếm, Quận Hoàn Kiếm, Hà Nội",1,Phố Phan Đình Phùng,Phường Hoàn Kiếm,Quận Hoàn Kiếm,Hà Nội,C1_PhuongMoi_QuanCu_TinhCu,Lai,"{""PhuongXa"": ""moi"", ""QuanHuyen"": ""cu"", ""TinhThanh"": ""cu""}",B,N-1,Hợp nhất toàn bộ,OSM snapshot + vietnam-sap-nhap-phuong-xa.csv
"Lô CC1, Đường Nguyễn Thị Minh Khai, Phường Kinh Bắc, Thành phố Bắc Ninh, Tỉnh Bắc Ninh",Lô CC1,Đường Nguyễn Thị Minh Khai,Phường Kinh Bắc,Thành phố Bắc Ninh,Tỉnh Bắc Ninh,C2_PhuongMoi_QuanCu_TinhMoi,Lai,"{""PhuongXa"": ""moi"", ""QuanHuyen"": ""cu"", ""TinhThanh"": ""moi""}",B,N-1,Hợp nhất toàn bộ,OSM snapshot + vietnam-sap-nhap-phuong-xa.csv
"302, Phố Lương Định Của, Phường Phương Liễu, Thị xã Quế Võ, Bắc Ninh",302,Phố Lương Định Của,Phường Phương Liễu,Thị xã Quế Võ,Bắc Ninh,C1_PhuongMoi_QuanCu_TinhCu,Lai,"{""PhuongXa"": ""moi"", ""QuanHuyen"": ""cu"", ""TinhThanh"": ""cu""}",B,N-1,Hợp nhất toàn bộ,OSM snapshot + vietnam-sap-nhap-phuong-xa.csv
"1034, Đường Cách Mạng Tháng 8, Phường Tân Sơn Nhất, Quận Tân Bình, Thành phố Hồ Chí Minh",1034,Đường Cách Mạng Tháng 8,Phường Tân Sơn Nhất,Quận Tân Bình,Thành phố Hồ Chí Minh,C1_PhuongMoi_QuanCu_TinhCu,Lai,"{""PhuongXa"": ""moi"", ""QuanHuyen"": ""cu"", ""TinhThanh"": ""cu""}",B,N-1,Hợp nhất toàn bộ,OSM snapshot + vietnam-sap-nhap-phuong-xa.csv
"528, Đường Đấu Mã, Phường Vũ Ninh, Thành phố Bắc Ninh, Tỉnh Bắc Ninh",528,Đường Đấu Mã,Phường Vũ Ninh,Thành phố Bắc Ninh,Tỉnh Bắc Ninh,C2_PhuongMoi_QuanCu_TinhMoi,Lai,"{""PhuongXa"": ""moi"", ""QuanHuyen"": ""cu"", ""TinhThanh"": ""moi""}",B,N-1,Hợp nhất toàn bộ,OSM snapshot + vietnam-sap-nhap-phuong-xa.csv
"01, Đường Raymondienne, Phường Tân Mỹ, Quận 7, Thành phố Hồ Chí Minh",01,Đường Raymondienne,Phường Tân Mỹ,Quận 7,Thành phố Hồ Chí Minh,C1_PhuongMoi_QuanCu_TinhCu,Lai,"{""PhuongXa"": ""moi"", ""QuanHuyen"": ""cu"", ""TinhThanh"": ""cu""}",B,N-1,Hợp nhất toàn bộ,OSM snapshot + vietnam-sap-nhap-phuong-xa.csv
"114, Đường Hoàng Quốc Việt, Phường Thị Cầu, Thành phố Bắc Ninh, Tỉnh Bắc Ninh",114,Đường Hoàng Quốc Việt,Phường Thị Cầu,Thành phố Bắc Ninh,Tỉnh Bắc Ninh,C3_PhuongCu_QuanCu_TinhMoi,Lai,"{""PhuongXa"": ""cu"", ""QuanHuyen"": ""cu"", ""TinhThanh"": ""moi""}",B,N-1,Hợp nhất toàn bộ,OSM snapshot + vietnam-sap-nhap-phuong-xa.csv
"28, Đường Lý Thái Tổ, Phường Kinh Bắc, Thành phố Bắc Ninh, Tỉnh Bắc Ninh",28,Đường Lý Thái Tổ,Phường Kinh Bắc,Thành phố Bắc Ninh,Tỉnh Bắc Ninh,C2_PhuongMoi_QuanCu_TinhMoi,Lai,"{""PhuongXa"": ""moi"", ""QuanHuyen"": ""cu"", ""TinhThanh"": ""moi""}",B,N-1,Hợp nhất toàn bộ,OSM snapshot + vietnam-sap-nhap-phuong-xa.csv
"2, Ngõ 133 Nguyễn Phong Sắc, Phường Nghĩa Đô, Quận Cầu Giấy, Hà Nội",2,Ngõ 133 Nguyễn Phong Sắc,Phường Nghĩa Đô,Quận Cầu Giấy,Hà Nội,C1_PhuongMoi_QuanCu_TinhCu,Lai,"{""PhuongXa"": ""moi"", ""QuanHuyen"": ""cu"", ""TinhThanh"": ""cu""}",B,N-1,Hợp nhất toàn bộ,OSM snapshot + vietnam-sap-nhap-phuong-xa.csv
"2C, Đường Phù Đổng Thiên Vương, Phường Kinh Bắc, Thành phố Bắc Ninh, Bắc Ninh",2C,Đường Phù Đổng Thiên Vương,Phường Kinh Bắc,Thành phố Bắc Ninh,Bắc Ninh,C1_PhuongMoi_QuanCu_TinhCu,Lai,"{""PhuongXa"": ""moi"", ""QuanHuyen"": ""cu"", ""TinhThanh"": ""cu""}",B,N-1,Hợp nhất toàn bộ,OSM snapshot + vietnam-sap-nhap-phuong-xa.csv
"117, Đường Ngô Gia Tự, Phường Vũ Ninh, Thành phố Bắc Ninh, Bắc Ninh",117,Đường Ngô Gia Tự,Phường Vũ Ninh,Thành phố Bắc Ninh,Bắc Ninh,C1_PhuongMoi_QuanCu_TinhCu,Lai,"{""PhuongXa"": ""moi"", ""QuanHuyen"": ""cu"", ""TinhThanh"": ""cu""}",B,N-1,Hợp nhất toàn bộ,OSM snapshot + vietnam-sap-nhap-phuong-xa.csv
"1, Ngõ 224 Phố Lương Định Của, Phường Phương Liễu, Thị xã Quế Võ, Bắc Ninh",1,Ngõ 224 Phố Lương Định Của,Phường Phương Liễu,Thị xã Quế Võ,Bắc Ninh,C1_PhuongMoi_QuanCu_TinhCu,Lai,"{""PhuongXa"": ""moi"", ""QuanHuyen"": ""cu"", ""TinhThanh"": ""cu""}",B,N-1,Hợp nhất toàn bộ,OSM snapshot + vietnam-sap-nhap-phuong-xa.csv
"114, Đường Hoàng Quốc Việt, Phường Vũ Ninh, Thành phố Bắc Ninh, Tỉnh Bắc Ninh",114,Đường Hoàng Quốc Việt,Phường Vũ Ninh,Thành phố Bắc Ninh,Tỉnh Bắc Ninh,C2_PhuongMoi_QuanCu_TinhMoi,Lai,"{""PhuongXa"": ""moi"", ""QuanHuyen"": ""cu"", ""TinhThanh"": ""moi""}",B,N-1,Hợp nhất toàn bộ,OSM snapshot + vietnam-sap-nhap-phuong-xa.csv
"228, Đường Trưng Nữ Vương, Phường Hòa Cường, Quận Hải Châu, Đà Nẵng",228,Đường Trưng Nữ Vương,Phường Hòa Cường,Quận Hải Châu,Đà Nẵng,C1_PhuongMoi_QuanCu_TinhCu,Lai,"{""PhuongXa"": ""moi"", ""QuanHuyen"": ""cu"", ""TinhThanh"": ""cu""}",B,N-1,Hợp nhất toàn bộ,OSM snapshot + vietnam-sap-nhap-phuong-xa.csv
"219, Phố Lương Định Của, Phường Phương Liễu, Thị xã Quế Võ, Bắc Ninh",219,Phố Lương Định Của,Phường Phương Liễu,Thị xã Quế Võ,Bắc Ninh,C1_PhuongMoi_QuanCu_TinhCu,Lai,"{""PhuongXa"": ""moi"", ""QuanHuyen"": ""cu"", ""TinhThanh"": ""cu""}",B,N-1,Hợp nhất toàn bộ,OSM snapshot + vietnam-sap-nhap-phuong-xa.csv
"72, Bành Văn Trân, Phường Tân Sơn Nhất, Quận Tân Bình, Thành phố Hồ Chí Minh",72,Bành Văn Trân,Phường Tân Sơn Nhất,Quận Tân Bình,Thành phố Hồ Chí Minh,C1_PhuongMoi_QuanCu_TinhCu,Lai,"{""PhuongXa"": ""moi"", ""QuanHuyen"": ""cu"", ""TinhThanh"": ""cu""}",B,N-1,Hợp nhất toàn bộ,OSM snapshot + vietnam-sap-nhap-phuong-xa.csv
"7, Ngõ 267 Phố Lương Định Của, Phường Phương Liễu, Thị xã Quế Võ, Bắc Ninh",7,Ngõ 267 Phố Lương Định Của,Phường Phương Liễu,Thị xã Quế Võ,Bắc Ninh,C1_PhuongMoi_QuanCu_TinhCu,Lai,"{""PhuongXa"": ""moi"", ""QuanHuyen"": ""cu"", ""TinhThanh"": ""cu""}",B,N-1,Hợp nhất toàn bộ,OSM snapshot + vietnam-sap-nhap-phuong-xa.csv
"159/97/29, Trần Văn Đang, Phường Nhiêu Lộc, Quận 3, Thành phố Hồ Chí Minh",159/97/29,Trần Văn Đang,Phường Nhiêu Lộc,Quận 3,Thành phố Hồ Chí Minh,C1_PhuongMoi_QuanCu_TinhCu,Lai,"{""PhuongXa"": ""moi"", ""QuanHuyen"": ""cu"", ""TinhThanh"": ""cu""}",B,N-1,Hợp nhất toàn bộ,OSM snapshot + vietnam-sap-nhap-phuong-xa.csv
"43, Đường Số 19, Phường Tân Mỹ, Quận 7, Thành phố Hồ Chí Minh",43,Đường Số 19,Phường Tân Mỹ,Quận 7,Thành phố Hồ Chí Minh,C1_PhuongMoi_QuanCu_TinhCu,Lai,"{""PhuongXa"": ""moi"", ""QuanHuyen"": ""cu"", ""TinhThanh"": ""cu""}",B,N-1,Hợp nhất toàn bộ,OSM snapshot + vietnam-sap-nhap-phuong-xa.csv
"127, Đường Lý Thường Kiệt, Phường Phù Khê, Thành phố Từ Sơn, Bắc Ninh",127,Đường Lý Thường Kiệt,Phường Phù Khê,Thành phố Từ Sơn,Bắc Ninh,C1_PhuongMoi_QuanCu_TinhCu,Lai,"{""PhuongXa"": ""moi"", ""QuanHuyen"": ""cu"", ""TinhThanh"": ""cu""}",B,N-1,Hợp nhất toàn bộ,OSM snapshot + vietnam-sap-nhap-phuong-xa.csv
"237, Phố Lương Định Của, Phường Phương Liễu, Thị xã Quế Võ, Tỉnh Bắc Ninh",237,Phố Lương Định Của,Phường Phương Liễu,Thị xã Quế Võ,Tỉnh Bắc Ninh,C2_PhuongMoi_QuanCu_TinhMoi,Lai,"{""PhuongXa"": ""moi"", ""QuanHuyen"": ""cu"", ""TinhThanh"": ""moi""}",B,N-1,Hợp nhất toàn bộ,OSM snapshot + vietnam-sap-nhap-phuong-xa.csv
"6, Đường Tương Giang, Phường Tam Sơn, Thành phố Từ Sơn, Tỉnh Bắc Ninh",6,Đường Tương Giang,Phường Tam Sơn,Thành phố Từ Sơn,Tỉnh Bắc Ninh,C2_PhuongMoi_QuanCu_TinhMoi,Lai,"{""PhuongXa"": ""moi"", ""QuanHuyen"": ""cu"", ""TinhThanh"": ""moi""}",B,N-1,Hợp nhất toàn bộ,OSM snapshot + vietnam-sap-nhap-phuong-xa.csv
"108, Phố Nghĩa Tân, Phường Nghĩa Tân, Quận Cầu Giấy, Thành phố Hà Nội",108,Phố Nghĩa Tân,Phường Nghĩa Tân,Quận Cầu Giấy,Thành phố Hà Nội,C3_PhuongCu_QuanCu_TinhMoi,Lai,"{""PhuongXa"": ""cu"", ""QuanHuyen"": ""cu"", ""TinhThanh"": ""moi""}",B,N-1,Hợp nhất toàn bộ,OSM snapshot + vietnam-sap-nhap-phuong-xa.csv
"297, Đường Thiên Đức, Phường Kinh Bắc, Thành phố Bắc Ninh, Bắc Ninh",297,Đường Thiên Đức,Phường Kinh Bắc,Thành phố Bắc Ninh,Bắc Ninh,C1_PhuongMoi_QuanCu_TinhCu,Lai,"{""PhuongXa"": ""moi"", ""QuanHuyen"": ""cu"", ""TinhThanh"": ""cu""}",B,N-1,Hợp nhất toàn bộ,OSM snapshot + vietnam-sap-nhap-phuong-xa.csv
"252, Phố Lương Định Của, Phường Phương Liễu, Thị xã Quế Võ, Bắc Ninh",252,Phố Lương Định Của,Phường Phương Liễu,Thị xã Quế Võ,Bắc Ninh,C1_PhuongMoi_QuanCu_TinhCu,Lai,"{""PhuongXa"": ""moi"", ""QuanHuyen"": ""cu"", ""TinhThanh"": ""cu""}",B,N-1,Hợp nhất toàn bộ,OSM snapshot + vietnam-sap-nhap-phuong-xa.csv
"95, Đường Đấu Mã, Phường Vũ Ninh, Thành phố Bắc Ninh, Bắc Ninh",95,Đường Đấu Mã,Phường Vũ Ninh,Thành phố Bắc Ninh,Bắc Ninh,C1_PhuongMoi_QuanCu_TinhCu,Lai,"{""PhuongXa"": ""moi"", ""QuanHuyen"": ""cu"", ""TinhThanh"": ""cu""}",B,N-1,Hợp nhất toàn bộ,OSM snapshot + vietnam-sap-nhap-phuong-xa.csv
"188, Đường Lê Hồng Phong, Phường Chợ Quán, Quận 5, Thành phố Hồ Chí Minh",188,Đường Lê Hồng Phong,Phường Chợ Quán,Quận 5,Thành phố Hồ Chí Minh,C1_PhuongMoi_QuanCu_TinhCu,Lai,"{""PhuongXa"": ""moi"", ""QuanHuyen"": ""cu"", ""TinhThanh"": ""cu""}",B,N-1,Hợp nhất toàn bộ,OSM snapshot + vietnam-sap-nhap-phuong-xa.csv
"183A, Đường Tân Hòa Đông, Phường Phú Lâm, Quận 6, Thành phố Hồ Chí Minh",183A,Đường Tân Hòa Đông,Phường Phú Lâm,Quận 6,Thành phố Hồ Chí Minh,C2_PhuongMoi_QuanCu_TinhMoi,Lai,"{""PhuongXa"": ""moi"", ""QuanHuyen"": ""cu"", ""TinhThanh"": ""moi""}",B,N-1,Hợp nhất toàn bộ,OSM snapshot + vietnam-sap-nhap-phuong-xa.csv
"79/7, Đường Trần Quý Cáp, Phường Cẩm Lệ, Quận Cẩm Lệ, Đà Nẵng",79/7,Đường Trần Quý Cáp,Phường Cẩm Lệ,Quận Cẩm Lệ,Đà Nẵng,C1_PhuongMoi_QuanCu_TinhCu,Lai,"{""PhuongXa"": ""moi"", ""QuanHuyen"": ""cu"", ""TinhThanh"": ""cu""}",B,N-1,Hợp nhất toàn bộ,OSM snapshot + vietnam-sap-nhap-phuong-xa.csv
"54, Phố Yên Mẫn, Phường Kinh Bắc, Thành phố Bắc Ninh, Bắc Ninh",54,Phố Yên Mẫn,Phường Kinh Bắc,Thành phố Bắc Ninh,Bắc Ninh,C1_PhuongMoi_QuanCu_TinhCu,Lai,"{""PhuongXa"": ""moi"", ""QuanHuyen"": ""cu"", ""TinhThanh"": ""cu""}",B,N-1,Hợp nhất toàn bộ,OSM snapshot + vietnam-sap-nhap-phuong-xa.csv
"1, Ngõ 41 Đường Trần Hưng Đạo, Phường Kinh Bắc, Thành phố Bắc Ninh, Bắc Ninh",1,Ngõ 41 Đường Trần Hưng Đạo,Phường Kinh Bắc,Thành phố Bắc Ninh,Bắc Ninh,C1_PhuongMoi_QuanCu_TinhCu,Lai,"{""PhuongXa"": ""moi"", ""QuanHuyen"": ""cu"", ""TinhThanh"": ""cu""}",B,N-1,Hợp nhất toàn bộ,OSM snapshot + vietnam-sap-nhap-phuong-xa.csv
"80, Đường Lê Văn Thịnh, Phường Suối Hoa, Thành phố Bắc Ninh, Tỉnh Bắc Ninh",80,Đường Lê Văn Thịnh,Phường Suối Hoa,Thành phố Bắc Ninh,Tỉnh Bắc Ninh,C3_PhuongCu_QuanCu_TinhMoi,Lai,"{""PhuongXa"": ""cu"", ""QuanHuyen"": ""cu"", ""TinhThanh"": ""moi""}",B,N-1,Hợp nhất toàn bộ,OSM snapshot + vietnam-sap-nhap-phuong-xa.csv
"470, Đường Lý Thường Kiệt, Phường Phù Khê, Thành phố Từ Sơn, Bắc Ninh",470,Đường Lý Thường Kiệt,Phường Phù Khê,Thành phố Từ Sơn,Bắc Ninh,C1_PhuongMoi_QuanCu_TinhCu,Lai,"{""PhuongXa"": ""moi"", ""QuanHuyen"": ""cu"", ""TinhThanh"": ""cu""}",B,N-1,Hợp nhất toàn bộ,OSM snapshot + vietnam-sap-nhap-phuong-xa.csv
"24, Phố Lý Khánh Văn, Phường Từ Sơn, Thành phố Từ Sơn, Tỉnh Bắc Ninh",24,Phố Lý Khánh Văn,Phường Từ Sơn,Thành phố Từ Sơn,Tỉnh Bắc Ninh,C1_PhuongMoi_QuanCu_TinhCu,Lai,"{""PhuongXa"": ""moi"", ""QuanHuyen"": ""cu"", ""TinhThanh"": ""cu""}",B,N-1,Hợp nhất toàn bộ,OSM snapshot + vietnam-sap-nhap-phuong-xa.csv
"24, Phố Vạn Hạnh, Phường Từ Sơn, Thành phố Từ Sơn, Bắc Ninh",24,Phố Vạn Hạnh,Phường Từ Sơn,Thành phố Từ Sơn,Bắc Ninh,C1_PhuongMoi_QuanCu_TinhCu,Lai,"{""PhuongXa"": ""moi"", ""QuanHuyen"": ""cu"", ""TinhThanh"": ""cu""}",B,N-1,Hợp nhất toàn bộ,OSM snapshot + vietnam-sap-nhap-phuong-xa.csv
"79, Đường Trần Hưng Đạo, Phường Quế Võ, Thị xã Quế Võ, Tỉnh Bắc Ninh",79,Đường Trần Hưng Đạo,Phường Quế Võ,Thị xã Quế Võ,Tỉnh Bắc Ninh,C2_PhuongMoi_QuanCu_TinhMoi,Lai,"{""PhuongXa"": ""moi"", ""QuanHuyen"": ""cu"", ""TinhThanh"": ""moi""}",B,N-1,Hợp nhất toàn bộ,OSM snapshot + vietnam-sap-nhap-phuong-xa.csv
"156, Đường Khả Lễ, Phường Võ Cường, Thành phố Bắc Ninh, Tỉnh Bắc Ninh",156,Đường Khả Lễ,Phường Võ Cường,Thành phố Bắc Ninh,Tỉnh Bắc Ninh,C2_PhuongMoi_QuanCu_TinhMoi,Lai,"{""PhuongXa"": ""moi"", ""QuanHuyen"": ""cu"", ""TinhThanh"": ""moi""}",B,N-1,Hợp nhất toàn bộ,OSM snapshot + vietnam-sap-nhap-phuong-xa.csv
"265, Nguyễn Trãi, Phường An Xuyên, Thành phố Cà Mau, Tỉnh Cà Mau",265,Nguyễn Trãi,Phường An Xuyên,Thành phố Cà Mau,Tỉnh Cà Mau,C2_PhuongMoi_QuanCu_TinhMoi,Lai,"{""PhuongXa"": ""moi"", ""QuanHuyen"": ""cu"", ""TinhThanh"": ""moi""}",B,N-1,Hợp nhất toàn bộ,OSM snapshot + vietnam-sap-nhap-phuong-xa.csv
"254, Đường Đấu Mã, Phường Vũ Ninh, Thành phố Bắc Ninh, Bắc Ninh",254,Đường Đấu Mã,Phường Vũ Ninh,Thành phố Bắc Ninh,Bắc Ninh,C1_PhuongMoi_QuanCu_TinhCu,Lai,"{""PhuongXa"": ""moi"", ""QuanHuyen"": ""cu"", ""TinhThanh"": ""cu""}",B,N-1,Hợp nhất toàn bộ,OSM snapshot + vietnam-sap-nhap-phuong-xa.csv
"132, Đường Khả Lễ, Phường Võ Cường, Thành phố Bắc Ninh, Bắc Ninh",132,Đường Khả Lễ,Phường Võ Cường,Thành phố Bắc Ninh,Bắc Ninh,C1_PhuongMoi_QuanCu_TinhCu,Lai,"{""PhuongXa"": ""moi"", ""QuanHuyen"": ""cu"", ""TinhThanh"": ""cu""}",B,N-1,Hợp nhất toàn bộ,OSM snapshot + vietnam-sap-nhap-phuong-xa.csv
"2/47/3, Tô Ngọc Vân, Phường An Hội Đông, Quận Gò Vấp, Hồ Chí Minh",2/47/3,Tô Ngọc Vân,Phường An Hội Đông,Quận Gò Vấp,Hồ Chí Minh,C1_PhuongMoi_QuanCu_TinhCu,Lai,"{""PhuongXa"": ""moi"", ""QuanHuyen"": ""cu"", ""TinhThanh"": ""cu""}",B,N-1,Hợp nhất toàn bộ,OSM snapshot + vietnam-sap-nhap-phuong-xa.csv
"44, Đường Hoàng Quốc Việt, Phường Vũ Ninh, Thành phố Bắc Ninh, Bắc Ninh",44,Đường Hoàng Quốc Việt,Phường Vũ Ninh,Thành phố Bắc Ninh,Bắc Ninh,C1_PhuongMoi_QuanCu_TinhCu,Lai,"{""PhuongXa"": ""moi"", ""QuanHuyen"": ""cu"", ""TinhThanh"": ""cu""}",B,N-1,Hợp nhất toàn bộ,OSM snapshot + vietnam-sap-nhap-phuong-xa.csv
"67, Phố Nguyễn Văn Trỗi, Phường Từ Sơn, Thành phố Từ Sơn, Bắc Ninh",67,Phố Nguyễn Văn Trỗi,Phường Từ Sơn,Thành phố Từ Sơn,Bắc Ninh,C1_PhuongMoi_QuanCu_TinhCu,Lai,"{""PhuongXa"": ""moi"", ""QuanHuyen"": ""cu"", ""TinhThanh"": ""cu""}",B,N-1,Hợp nhất toàn bộ,OSM snapshot + vietnam-sap-nhap-phuong-xa.csv
"168, Đường Lê Phụng Hiểu, Phường Kinh Bắc, Thành phố Bắc Ninh, Bắc Ninh",168,Đường Lê Phụng Hiểu,Phường Kinh Bắc,Thành phố Bắc Ninh,Bắc Ninh,C1_PhuongMoi_QuanCu_TinhCu,Lai,"{""PhuongXa"": ""moi"", ""QuanHuyen"": ""cu"", ""TinhThanh"": ""cu""}",B,N-1,Hợp nhất toàn bộ,OSM snapshot + vietnam-sap-nhap-phuong-xa.csv
"52, Đường Đấu Mã, Phường Vũ Ninh, Thành phố Bắc Ninh, Bắc Ninh",52,Đường Đấu Mã,Phường Vũ Ninh,Thành phố Bắc Ninh,Bắc Ninh,C1_PhuongMoi_QuanCu_TinhCu,Lai,"{""PhuongXa"": ""moi"", ""QuanHuyen"": ""cu"", ""TinhThanh"": ""cu""}",B,N-1,Hợp nhất toàn bộ,OSM snapshot + vietnam-sap-nhap-phuong-xa.csv
"160, Phố Phù Lưu, Phường Từ Sơn, Thành phố Từ Sơn, Bắc Ninh",160,Phố Phù Lưu,Phường Từ Sơn,Thành phố Từ Sơn,Bắc Ninh,C1_PhuongMoi_QuanCu_TinhCu,Lai,"{""PhuongXa"": ""moi"", ""QuanHuyen"": ""cu"", ""TinhThanh"": ""cu""}",B,N-1,Hợp nhất toàn bộ,OSM snapshot + vietnam-sap-nhap-phuong-xa.csv
"141, Đường Ngô Gia Tự, Phường Vũ Ninh, Thành phố Bắc Ninh, Bắc Ninh",141,Đường Ngô Gia Tự,Phường Vũ Ninh,Thành phố Bắc Ninh,Bắc Ninh,C1_PhuongMoi_QuanCu_TinhCu,Lai,"{""PhuongXa"": ""moi"", ""QuanHuyen"": ""cu"", ""TinhThanh"": ""cu""}",B,N-1,Hợp nhất toàn bộ,OSM snapshot + vietnam-sap-nhap-phuong-xa.csv
"359, Đường Tôn Đức Thắng, Phường Hòa Khánh, Quận Liên Chiểu, Đà Nẵng",359,Đường Tôn Đức Thắng,Phường Hòa Khánh,Quận Liên Chiểu,Đà Nẵng,C1_PhuongMoi_QuanCu_TinhCu,Lai,"{""PhuongXa"": ""moi"", ""QuanHuyen"": ""cu"", ""TinhThanh"": ""cu""}",B,N-1,Hợp nhất toàn bộ,OSM snapshot + vietnam-sap-nhap-phuong-xa.csv
"2F, Đường Phù Đổng Thiên Vương, Phường Suối Hoa, Thành phố Bắc Ninh, Tỉnh Bắc Ninh",2F,Đường Phù Đổng Thiên Vương,Phường Suối Hoa,Thành phố Bắc Ninh,Tỉnh Bắc Ninh,C3_PhuongCu_QuanCu_TinhMoi,Lai,"{""PhuongXa"": ""cu"", ""QuanHuyen"": ""cu"", ""TinhThanh"": ""moi""}",B,N-1,Hợp nhất toàn bộ,OSM snapshot + vietnam-sap-nhap-phuong-xa.csv
"17, Đường Rạp Hát, Phường Kinh Bắc, Thành phố Bắc Ninh, Tỉnh Bắc Ninh",17,Đường Rạp Hát,Phường Kinh Bắc,Thành phố Bắc Ninh,Tỉnh Bắc Ninh,C2_PhuongMoi_QuanCu_TinhMoi,Lai,"{""PhuongXa"": ""moi"", ""QuanHuyen"": ""cu"", ""TinhThanh"": ""moi""}",B,N-1,Hợp nhất toàn bộ,OSM snapshot + vietnam-sap-nhap-phuong-xa.csv
"40, Phố Nguyễn Nhân Bỉ, Phường Thị Cầu, Thành phố Bắc Ninh, Tỉnh Bắc Ninh",40,Phố Nguyễn Nhân Bỉ,Phường Thị Cầu,Thành phố Bắc Ninh,Tỉnh Bắc Ninh,C3_PhuongCu_QuanCu_TinhMoi,Lai,"{""PhuongXa"": ""cu"", ""QuanHuyen"": ""cu"", ""TinhThanh"": ""moi""}",B,N-1,Hợp nhất toàn bộ,OSM snapshot + vietnam-sap-nhap-phuong-xa.csv
"1, Đường Kinh Bắc 26, Phường Kinh Bắc, Thành phố Bắc Ninh, Tỉnh Bắc Ninh",1,Đường Kinh Bắc 26,Phường Kinh Bắc,Thành phố Bắc Ninh,Tỉnh Bắc Ninh,C2_PhuongMoi_QuanCu_TinhMoi,Lai,"{""PhuongXa"": ""moi"", ""QuanHuyen"": ""cu"", ""TinhThanh"": ""moi""}",B,N-1,Hợp nhất toàn bộ,OSM snapshot + vietnam-sap-nhap-phuong-xa.csv
"96, Phố Mai Công, Phường Quế Võ, Thị xã Quế Võ, Bắc Ninh",96,Phố Mai Công,Phường Quế Võ,Thị xã Quế Võ,Bắc Ninh,C1_PhuongMoi_QuanCu_TinhCu,Lai,"{""PhuongXa"": ""moi"", ""QuanHuyen"": ""cu"", ""TinhThanh"": ""cu""}",B,N-1,Hợp nhất toàn bộ,OSM snapshot + vietnam-sap-nhap-phuong-xa.csv
"173, Đường Hoàng Quốc Việt, Phường Thị Cầu, Thành phố Bắc Ninh, Tỉnh Bắc Ninh",173,Đường Hoàng Quốc Việt,Phường Thị Cầu,Thành phố Bắc Ninh,Tỉnh Bắc Ninh,C3_PhuongCu_QuanCu_TinhMoi,Lai,"{""PhuongXa"": ""cu"", ""QuanHuyen"": ""cu"", ""TinhThanh"": ""moi""}",B,N-1,Hợp nhất toàn bộ,OSM snapshot + vietnam-sap-nhap-phuong-xa.csv
"05, Đường Nội Khu 04, Phường Tân Mỹ, Quận 7, Thành phố Hồ Chí Minh",05,Đường Nội Khu 04,Phường Tân Mỹ,Quận 7,Thành phố Hồ Chí Minh,C1_PhuongMoi_QuanCu_TinhCu,Lai,"{""PhuongXa"": ""moi"", ""QuanHuyen"": ""cu"", ""TinhThanh"": ""cu""}",B,N-1,Hợp nhất toàn bộ,OSM snapshot + vietnam-sap-nhap-phuong-xa.csv
"272, Đường Nguyễn Trãi, Phường Võ Cường, Thành phố Bắc Ninh, Tỉnh Bắc Ninh",272,Đường Nguyễn Trãi,Phường Võ Cường,Thành phố Bắc Ninh,Tỉnh Bắc Ninh,C2_PhuongMoi_QuanCu_TinhMoi,Lai,"{""PhuongXa"": ""moi"", ""QuanHuyen"": ""cu"", ""TinhThanh"": ""moi""}",B,N-1,Hợp nhất toàn bộ,OSM snapshot + vietnam-sap-nhap-phuong-xa.csv
"2F, Đường Phù Đổng Thiên Vương, Phường Kinh Bắc, Thành phố Bắc Ninh, Tỉnh Bắc Ninh",2F,Đường Phù Đổng Thiên Vương,Phường Kinh Bắc,Thành phố Bắc Ninh,Tỉnh Bắc Ninh,C2_PhuongMoi_QuanCu_TinhMoi,Lai,"{""PhuongXa"": ""moi"", ""QuanHuyen"": ""cu"", ""TinhThanh"": ""moi""}",B,N-1,Hợp nhất toàn bộ,OSM snapshot + vietnam-sap-nhap-phuong-xa.csv
"22, Bình Lợi, Phường Bình Lợi Trung, Quận Bình Thạnh, Thành phố Hồ Chí Minh",22,Bình Lợi,Phường Bình Lợi Trung,Quận Bình Thạnh,Thành phố Hồ Chí Minh,C1_PhuongMoi_QuanCu_TinhCu,Lai,"{""PhuongXa"": ""moi"", ""QuanHuyen"": ""cu"", ""TinhThanh"": ""cu""}",B,N-1,Hợp nhất toàn bộ,OSM snapshot + vietnam-sap-nhap-phuong-xa.csv
"134, Phố Hà Liễu, Phường Phương Liễu, Thị xã Quế Võ, Tỉnh Bắc Ninh",134,Phố Hà Liễu,Phường Phương Liễu,Thị xã Quế Võ,Tỉnh Bắc Ninh,C2_PhuongMoi_QuanCu_TinhMoi,Lai,"{""PhuongXa"": ""moi"", ""QuanHuyen"": ""cu"", ""TinhThanh"": ""moi""}",B,N-1,Hợp nhất toàn bộ,OSM snapshot + vietnam-sap-nhap-phuong-xa.csv
"265, Nguyễn Trãi, Phường 9, Thành phố Cà Mau, Tỉnh Cà Mau",265,Nguyễn Trãi,Phường 9,Thành phố Cà Mau,Tỉnh Cà Mau,C3_PhuongCu_QuanCu_TinhMoi,Lai,"{""PhuongXa"": ""cu"", ""QuanHuyen"": ""cu"", ""TinhThanh"": ""moi""}",B,N-1,Hợp nhất toàn bộ,OSM snapshot + vietnam-sap-nhap-phuong-xa.csv
"8, Đường Lý Thái Tông, Phường Kinh Bắc, Thành phố Bắc Ninh, Bắc Ninh",8,Đường Lý Thái Tông,Phường Kinh Bắc,Thành phố Bắc Ninh,Bắc Ninh,C1_PhuongMoi_QuanCu_TinhCu,Lai,"{""PhuongXa"": ""moi"", ""QuanHuyen"": ""cu"", ""TinhThanh"": ""cu""}",B,N-1,Hợp nhất toàn bộ,OSM snapshot + vietnam-sap-nhap-phuong-xa.csv
"163, Đường Ngô Gia Tự, Phường Vũ Ninh, Thành phố Bắc Ninh, Bắc Ninh",163,Đường Ngô Gia Tự,Phường Vũ Ninh,Thành phố Bắc Ninh,Bắc Ninh,C1_PhuongMoi_QuanCu_TinhCu,Lai,"{""PhuongXa"": ""moi"", ""QuanHuyen"": ""cu"", ""TinhThanh"": ""cu""}",B,N-1,Hợp nhất toàn bộ,OSM snapshot + vietnam-sap-nhap-phuong-xa.csv
"7, Đường Vũ Tông Phan, Phường Sơn Trà, Quận Sơn Trà, Đà Nẵng",7,Đường Vũ Tông Phan,Phường Sơn Trà,Quận Sơn Trà,Đà Nẵng,C1_PhuongMoi_QuanCu_TinhCu,Lai,"{""PhuongXa"": ""moi"", ""QuanHuyen"": ""cu"", ""TinhThanh"": ""cu""}",B,N-1,Hợp nhất toàn bộ,OSM snapshot + vietnam-sap-nhap-phuong-xa.csv
"256, Đường Đấu Mã, Phường Vũ Ninh, Thành phố Bắc Ninh, Tỉnh Bắc Ninh",256,Đường Đấu Mã,Phường Vũ Ninh,Thành phố Bắc Ninh,Tỉnh Bắc Ninh,C2_PhuongMoi_QuanCu_TinhMoi,Lai,"{""PhuongXa"": ""moi"", ""QuanHuyen"": ""cu"", ""TinhThanh"": ""moi""}",B,N-1,Hợp nhất toàn bộ,OSM snapshot + vietnam-sap-nhap-phuong-xa.csv
"213A, Hùng Vương, Phường An Đông, Quận 5, Thành phố Hồ Chí Minh",213A,Hùng Vương,Phường An Đông,Quận 5,Thành phố Hồ Chí Minh,C1_PhuongMoi_QuanCu_TinhCu,Lai,"{""PhuongXa"": ""moi"", ""QuanHuyen"": ""cu"", ""TinhThanh"": ""cu""}",B,N-1,Hợp nhất toàn bộ,OSM snapshot + vietnam-sap-nhap-phuong-xa.csv
"2B, Đường Hoàng Quốc Việt, Phường Vũ Ninh, Thành phố Bắc Ninh, Bắc Ninh",2B,Đường Hoàng Quốc Việt,Phường Vũ Ninh,Thành phố Bắc Ninh,Bắc Ninh,C1_PhuongMoi_QuanCu_TinhCu,Lai,"{""PhuongXa"": ""moi"", ""QuanHuyen"": ""cu"", ""TinhThanh"": ""cu""}",B,N-1,Hợp nhất toàn bộ,OSM snapshot + vietnam-sap-nhap-phuong-xa.csv
"Floor 4th, No.34, Lê Duẩn, Phường Sài Gòn, Quận 1, Thành phố Hồ Chí Minh","Floor 4th, No.34",Lê Duẩn,Phường Sài Gòn,Quận 1,Thành phố Hồ Chí Minh,C1_PhuongMoi_QuanCu_TinhCu,Lai,"{""PhuongXa"": ""moi"", ""QuanHuyen"": ""cu"", ""TinhThanh"": ""cu""}",B,N-1,Hợp nhất toàn bộ,OSM snapshot + vietnam-sap-nhap-phuong-xa.csv
"2, Đường Nguyễn Phan Vinh, Phường Sơn Trà, Quận Sơn Trà, Đà Nẵng",2,Đường Nguyễn Phan Vinh,Phường Sơn Trà,Quận Sơn Trà,Đà Nẵng,C1_PhuongMoi_QuanCu_TinhCu,Lai,"{""PhuongXa"": ""moi"", ""QuanHuyen"": ""cu"", ""TinhThanh"": ""cu""}",B,N-1,Hợp nhất toàn bộ,OSM snapshot + vietnam-sap-nhap-phuong-xa.csv
"5, Đường Phúc Sơn, Phường Vũ Ninh, Thành phố Bắc Ninh, Bắc Ninh",5,Đường Phúc Sơn,Phường Vũ Ninh,Thành phố Bắc Ninh,Bắc Ninh,C1_PhuongMoi_QuanCu_TinhCu,Lai,"{""PhuongXa"": ""moi"", ""QuanHuyen"": ""cu"", ""TinhThanh"": ""cu""}",B,N-1,Hợp nhất toàn bộ,OSM snapshot + vietnam-sap-nhap-phuong-xa.csv
"292, Phố Lương Định Của, Phường Phương Liễu, Thị xã Quế Võ, Tỉnh Bắc Ninh",292,Phố Lương Định Của,Phường Phương Liễu,Thị xã Quế Võ,Tỉnh Bắc Ninh,C2_PhuongMoi_QuanCu_TinhMoi,Lai,"{""PhuongXa"": ""moi"", ""QuanHuyen"": ""cu"", ""TinhThanh"": ""moi""}",B,N-1,Hợp nhất toàn bộ,OSM snapshot + vietnam-sap-nhap-phuong-xa.csv
"123, Đường Ngô Gia Tự, Phường Vũ Ninh, Thành phố Bắc Ninh, Bắc Ninh",123,Đường Ngô Gia Tự,Phường Vũ Ninh,Thành phố Bắc Ninh,Bắc Ninh,C1_PhuongMoi_QuanCu_TinhCu,Lai,"{""PhuongXa"": ""moi"", ""QuanHuyen"": ""cu"", ""TinhThanh"": ""cu""}",B,N-1,Hợp nhất toàn bộ,OSM snapshot + vietnam-sap-nhap-phuong-xa.csv
"171, Đường Ngô Gia Tự, Phường Vũ Ninh, Thành phố Bắc Ninh, Bắc Ninh",171,Đường Ngô Gia Tự,Phường Vũ Ninh,Thành phố Bắc Ninh,Bắc Ninh,C1_PhuongMoi_QuanCu_TinhCu,Lai,"{""PhuongXa"": ""moi"", ""QuanHuyen"": ""cu"", ""TinhThanh"": ""cu""}",B,N-1,Hợp nhất toàn bộ,OSM snapshot + vietnam-sap-nhap-phuong-xa.csv
"77, Phố Nguyễn Văn Trỗi, Phường Từ Sơn, Thành phố Từ Sơn, Bắc Ninh",77,Phố Nguyễn Văn Trỗi,Phường Từ Sơn,Thành phố Từ Sơn,Bắc Ninh,C1_PhuongMoi_QuanCu_TinhCu,Lai,"{""PhuongXa"": ""moi"", ""QuanHuyen"": ""cu"", ""TinhThanh"": ""cu""}",B,N-1,Hợp nhất toàn bộ,OSM snapshot + vietnam-sap-nhap-phuong-xa.csv
"03, Đường Mỹ Phú 1A, Phường Tân Mỹ, Quận 7, Thành phố Hồ Chí Minh",03,Đường Mỹ Phú 1A,Phường Tân Mỹ,Quận 7,Thành phố Hồ Chí Minh,C1_PhuongMoi_QuanCu_TinhCu,Lai,"{""PhuongXa"": ""moi"", ""QuanHuyen"": ""cu"", ""TinhThanh"": ""cu""}",B,N-1,Hợp nhất toàn bộ,OSM snapshot + vietnam-sap-nhap-phuong-xa.csv
"114, Đường Hoàng Quốc Việt, Phường Vũ Ninh, Thành phố Bắc Ninh, Bắc Ninh",114,Đường Hoàng Quốc Việt,Phường Vũ Ninh,Thành phố Bắc Ninh,Bắc Ninh,C1_PhuongMoi_QuanCu_TinhCu,Lai,"{""PhuongXa"": ""moi"", ""QuanHuyen"": ""cu"", ""TinhThanh"": ""cu""}",B,N-1,Hợp nhất toàn bộ,OSM snapshot + vietnam-sap-nhap-phuong-xa.csv
"78, Phố Lương Định Của, Phường Phương Liễu, Thị xã Quế Võ, Bắc Ninh",78,Phố Lương Định Của,Phường Phương Liễu,Thị xã Quế Võ,Bắc Ninh,C1_PhuongMoi_QuanCu_TinhCu,Lai,"{""PhuongXa"": ""moi"", ""QuanHuyen"": ""cu"", ""TinhThanh"": ""cu""}",B,N-1,Hợp nhất toàn bộ,OSM snapshot + vietnam-sap-nhap-phuong-xa.csv
"164, Đường Hai Bà Trưng, Phường Kinh Bắc, Thành phố Bắc Ninh, Tỉnh Bắc Ninh",164,Đường Hai Bà Trưng,Phường Kinh Bắc,Thành phố Bắc Ninh,Tỉnh Bắc Ninh,C2_PhuongMoi_QuanCu_TinhMoi,Lai,"{""PhuongXa"": ""moi"", ""QuanHuyen"": ""cu"", ""TinhThanh"": ""moi""}",B,N-1,Hợp nhất toàn bộ,OSM snapshot + vietnam-sap-nhap-phuong-xa.csv
"587, Đường Hàn Thuyên, Phường Võ Cường, Thành phố Bắc Ninh, Bắc Ninh",587,Đường Hàn Thuyên,Phường Võ Cường,Thành phố Bắc Ninh,Bắc Ninh,C1_PhuongMoi_QuanCu_TinhCu,Lai,"{""PhuongXa"": ""moi"", ""QuanHuyen"": ""cu"", ""TinhThanh"": ""cu""}",B,N-1,Hợp nhất toàn bộ,OSM snapshot + vietnam-sap-nhap-phuong-xa.csv
"78, Trần Phú, Xã Tân Hòa, Huyện Tiểu Cần, Tỉnh Trà Vinh",78,Trần Phú,Xã Tân Hòa,Huyện Tiểu Cần,Tỉnh Trà Vinh,C1_PhuongMoi_QuanCu_TinhCu,Lai,"{""PhuongXa"": ""moi"", ""QuanHuyen"": ""cu"", ""TinhThanh"": ""cu""}",B,N-1,Hợp nhất toàn bộ,OSM snapshot + vietnam-sap-nhap-phuong-xa.csv
"2, Đường Lý Thái Tông, Phường Kinh Bắc, Thành phố Bắc Ninh, Tỉnh Bắc Ninh",2,Đường Lý Thái Tông,Phường Kinh Bắc,Thành phố Bắc Ninh,Tỉnh Bắc Ninh,C2_PhuongMoi_QuanCu_TinhMoi,Lai,"{""PhuongXa"": ""moi"", ""QuanHuyen"": ""cu"", ""TinhThanh"": ""moi""}",B,N-1,Hợp nhất toàn bộ,OSM snapshot + vietnam-sap-nhap-phuong-xa.csv
"69, Đường Hồ Ngọc Lân, Phường Kinh Bắc, Thành phố Bắc Ninh, Bắc Ninh",69,Đường Hồ Ngọc Lân,Phường Kinh Bắc,Thành phố Bắc Ninh,Bắc Ninh,C1_PhuongMoi_QuanCu_TinhCu,Lai,"{""PhuongXa"": ""moi"", ""QuanHuyen"": ""cu"", ""TinhThanh"": ""cu""}",B,N-1,Hợp nhất toàn bộ,OSM snapshot + vietnam-sap-nhap-phuong-xa.csv
"39, Đường Số 18, Phường Tân Mỹ, Quận 7, Thành phố Hồ Chí Minh",39,Đường Số 18,Phường Tân Mỹ,Quận 7,Thành phố Hồ Chí Minh,C1_PhuongMoi_QuanCu_TinhCu,Lai,"{""PhuongXa"": ""moi"", ""QuanHuyen"": ""cu"", ""TinhThanh"": ""cu""}",B,N-1,Hợp nhất toàn bộ,OSM snapshot + vietnam-sap-nhap-phuong-xa.csv
"34, Đường Lý Thái Tổ, Phường Kinh Bắc, Thành phố Bắc Ninh, Bắc Ninh",34,Đường Lý Thái Tổ,Phường Kinh Bắc,Thành phố Bắc Ninh,Bắc Ninh,C1_PhuongMoi_QuanCu_TinhCu,Lai,"{""PhuongXa"": ""moi"", ""QuanHuyen"": ""cu"", ""TinhThanh"": ""cu""}",B,N-1,Hợp nhất toàn bộ,OSM snapshot + vietnam-sap-nhap-phuong-xa.csv
"29, Phố Yên Mẫn, Phường Kinh Bắc, Thành phố Bắc Ninh, Bắc Ninh",29,Phố Yên Mẫn,Phường Kinh Bắc,Thành phố Bắc Ninh,Bắc Ninh,C1_PhuongMoi_QuanCu_TinhCu,Lai,"{""PhuongXa"": ""moi"", ""QuanHuyen"": ""cu"", ""TinhThanh"": ""cu""}",B,N-1,Hợp nhất toàn bộ,OSM snapshot + vietnam-sap-nhap-phuong-xa.csv
"64, Đường Hoàng Quốc Việt, Phường Vũ Ninh, Thành phố Bắc Ninh, Bắc Ninh",64,Đường Hoàng Quốc Việt,Phường Vũ Ninh,Thành phố Bắc Ninh,Bắc Ninh,C1_PhuongMoi_QuanCu_TinhCu,Lai,"{""PhuongXa"": ""moi"", ""QuanHuyen"": ""cu"", ""TinhThanh"": ""cu""}",B,N-1,Hợp nhất toàn bộ,OSM snapshot + vietnam-sap-nhap-phuong-xa.csv
"10, Ngõ 4 Phố Trần Bình Trọng, Phường Phương Liễu, Thị xã Quế Võ, Tỉnh Bắc Ninh",10,Ngõ 4 Phố Trần Bình Trọng,Phường Phương Liễu,Thị xã Quế Võ,Tỉnh Bắc Ninh,C2_PhuongMoi_QuanCu_TinhMoi,Lai,"{""PhuongXa"": ""moi"", ""QuanHuyen"": ""cu"", ""TinhThanh"": ""moi""}",B,N-1,Hợp nhất toàn bộ,OSM snapshot + vietnam-sap-nhap-phuong-xa.csv
"22, Đường Lý Thái Tổ, Phường Võ Cường, Thành phố Bắc Ninh, Bắc Ninh",22,Đường Lý Thái Tổ,Phường Võ Cường,Thành phố Bắc Ninh,Bắc Ninh,C1_PhuongMoi_QuanCu_TinhCu,Lai,"{""PhuongXa"": ""moi"", ""QuanHuyen"": ""cu"", ""TinhThanh"": ""cu""}",B,N-1,Hợp nhất toàn bộ,OSM snapshot + vietnam-sap-nhap-phuong-xa.csv
