ID_Node,DiaChi_Cu,DiaChi_Moi,LoaiAnhXa,QuanHe,HinhThucSapNhap,MaPhuongXaMoi,Nguon
way:1216036378,"11, Phố Khúc Hạo, Phường Điện Biên, Quận Ba Đình, Hà Nội","11, Phố Khúc Hạo, Phường Ba Đình, Thành phố Hà Nội",M,M-N,Tách — nhập chủ yếu,00004,OSM_Diff+vietnam-sap-nhap-phuong-xa.csv
node:11675985421,"12C, Phố Hàng Cót, Phường Hàng Mã, Quận Hoàn Kiếm, Hà Nội","12C, Phố Hàng Cót, Phường Hoàn Kiếm, Thành phố Hà Nội",B,N-1,Hợp nhất toàn bộ,00070,OSM_Diff+vietnam-sap-nhap-phuong-xa.csv
node:11675985423,"12G, Phố Hàng Cót, Phường Hàng Mã, Quận Hoàn Kiếm, Hà Nội","12G, Phố Hàng Cót, Phường Hoàn Kiếm, Thành phố Hà Nội",B,N-1,Hợp nhất toàn bộ,00070,OSM_Diff+vietnam-sap-nhap-phuong-xa.csv
way:565803559,"8, Phố Khúc Hạo, Phường Điện Biên, Quận Ba Đình, Hà Nội","8, Phố Khúc Hạo, Phường Ba Đình, Thành phố Hà Nội",M,M-N,Tách — nhập chủ yếu,00004,OSM_Diff+vietnam-sap-nhap-phuong-xa.csv
node:11290270603,"10, Phố Khúc Hạo, Phường Điện Biên, Quận Ba Đình, Hà Nội","10, Phố Khúc Hạo, Phường Ba Đình, Thành phố Hà Nội",M,M-N,Tách — nhập chủ yếu,00004,OSM_Diff+vietnam-sap-nhap-phuong-xa.csv
way:1370501880,"33, Đường Nguyễn Đăng Đạo, Phường Suối Hoa, Thành phố Bắc Ninh, Bắc Ninh","33, Đường Nguyễn Đăng Đạo, Phường Kinh Bắc, Tỉnh Bắc Ninh",B,N-1,Hợp nhất toàn bộ,09187,OSM_Diff+vietnam-sap-nhap-phuong-xa.csv
way:703386733,"58, Đường Hoàng Diệu, Phường Điện Biên, Quận Ba Đình, Hà Nội","58, Đường Hoàng Diệu, Phường Ba Đình, Thành phố Hà Nội",M,M-N,Tách — nhập chủ yếu,00004,OSM_Diff+vietnam-sap-nhap-phuong-xa.csv
node:12084476970,"48A, Phố Trần Phú, Phường Điện Biên, Quận Ba Đình, Hà Nội","48A, Phố Trần Phú, Phường Ba Đình, Thành phố Hà Nội",M,M-N,Tách — nhập chủ yếu,00004,OSM_Diff+vietnam-sap-nhap-phuong-xa.csv
way:1301694259,"8A, Phố Sơn Tây, Phường Điện Biên, Quận Ba Đình, Hà Nội","8A, Phố Sơn Tây, Phường Ba Đình, Thành phố Hà Nội",M,M-N,Tách — nhập chủ yếu,00004,OSM_Diff+vietnam-sap-nhap-phuong-xa.csv
way:1046076451,"8/21, Đường 49B, Thảo Điền, Quận 2, Ho Chi Minh City","8/21, Đường 49B, Phường An Khánh, Thành phố Hồ Chí Minh",B,N-1,Hợp nhất toàn bộ,27094,OSM_Diff+vietnam-sap-nhap-phuong-xa.csv
way:1334531675,"26, Đường Lý Thái Tổ, Phường Đại Phúc, Thành phố Bắc Ninh, Bắc Ninh","26, Đường Lý Thái Tổ, Phường Võ Cường, Tỉnh Bắc Ninh",B,N-1,Hợp nhất toàn bộ,09190,OSM_Diff+vietnam-sap-nhap-phuong-xa.csv
way:1030041135,"18, Đường Lý Thái Tổ, Phường Suối Hoa, Thành phố Bắc Ninh, Bắc Ninh","18, Đường Lý Thái Tổ, Phường Kinh Bắc, Tỉnh Bắc Ninh",B,N-1,Hợp nhất toàn bộ,09187,OSM_Diff+vietnam-sap-nhap-phuong-xa.csv
way:697007618,"Đường tỉnh 286, Phường Vạn An, Thành phố Bắc Ninh, Bắc Ninh","Đường tỉnh 286, Phường Kinh Bắc, Tỉnh Bắc Ninh",B,N-1,Hợp nhất toàn bộ,09187,OSM_Diff+vietnam-sap-nhap-phuong-xa.csv
way:700145147,"68, Phố Nguyễn Thái Học, Phường Điện Biên, Quận Ba Đình, Hà Nội","68, Phố Nguyễn Thái Học, Phường Ba Đình, Thành phố Hà Nội",M,M-N,Tách — nhập chủ yếu,00004,OSM_Diff+vietnam-sap-nhap-phuong-xa.csv
node:12934281713,"197, Đường Bà Chúa Kho, Phường Vũ Ninh, Thành phố Bác Ninh, Bắc Ninh","197, Đường Bà Chúa Kho, Phường Vũ Ninh, Tỉnh Bắc Ninh",B,N-1,Hợp nhất toàn bộ,09169,OSM_Diff+vietnam-sap-nhap-phuong-xa.csv
way:1301587185,"71, Phố Lê Hồng Phong, Phường Điện Biên, Quận Ba Đình, Hà Nội","71, Phố Lê Hồng Phong, Phường Ba Đình, Thành phố Hà Nội",M,M-N,Tách — nhập chủ yếu,00004,OSM_Diff+vietnam-sap-nhap-phuong-xa.csv
way:1028361957,"1, Đường Lý Thái Tổ, Phường Suối Hoa, Thành phố Bắc Ninh, Bắc Ninh","1, Đường Lý Thái Tổ, Phường Kinh Bắc, Tỉnh Bắc Ninh",B,N-1,Hợp nhất toàn bộ,09187,OSM_Diff+vietnam-sap-nhap-phuong-xa.csv
way:1040496857,"19, Phố Chu Văn An, Phường Điện Biên, Quận Ba Đình, Hà Nội","19, Phố Chu Văn An, Phường Ba Đình, Thành phố Hà Nội",M,M-N,Tách — nhập chủ yếu,00004,OSM_Diff+vietnam-sap-nhap-phuong-xa.csv
way:1302800823,"36, Phố Trần Phú, Phường Điện Biên, Quận Ba Đình, Hà Nội","36, Phố Trần Phú, Phường Ba Đình, Thành phố Hà Nội",M,M-N,Tách — nhập chủ yếu,00004,OSM_Diff+vietnam-sap-nhap-phuong-xa.csv
way:1301794136,"30, Phố Ông Ích Khiêm, Phường Điện Biên, Quận Ba Đình, Hà Nội","30, Phố Ông Ích Khiêm, Phường Ba Đình, Thành phố Hà Nội",M,M-N,Tách — nhập chủ yếu,00004,OSM_Diff+vietnam-sap-nhap-phuong-xa.csv
node:4089742907,"15, Phố Nguyễn Biểu, Phường Quán Thánh, Quận Ba Đình, Hà Nội","15, Phố Nguyễn Biểu, Phường Ba Đình, Thành phố Hà Nội",B,N-1,Hợp nhất toàn bộ,00004,OSM_Diff+vietnam-sap-nhap-phuong-xa.csv
node:993196894,"Quốc lộ 18, Xã Đào Viên, Thị xã Quế Võ, Bắc Ninh","Quốc lộ 18, Phường Đào Viên, Tỉnh Bắc Ninh",B,N-1,Hợp nhất toàn bộ,09301,OSM_Diff+vietnam-sap-nhap-phuong-xa.csv
node:12906294296,"74, Đường Rạp Hát, Phường Tiền Ninh Vệ, Thành phố Bắc Ninh, Bắc Ninh","74, Đường Rạp Hát, Phường Kinh Bắc, Tỉnh Bắc Ninh",B,N-1,Hợp nhất toàn bộ,09187,OSM_Diff+vietnam-sap-nhap-phuong-xa.csv
way:627815502,"Đường Nguyễn Du, Phường Tiền Ninh Vệ, Thành phố Bắc Ninh, Bắc Ninh","Đường Nguyễn Du, Phường Kinh Bắc, Tỉnh Bắc Ninh",B,N-1,Hợp nhất toàn bộ,09187,OSM_Diff+vietnam-sap-nhap-phuong-xa.csv
way:1301591137,"16, Ngõ 71 Lê Hồng Phong, Phường Điện Biên, Quận Ba Đình, Hà Nội","16, Ngõ 71 Lê Hồng Phong, Phường Ba Đình, Thành phố Hà Nội",M,M-N,Tách — nhập chủ yếu,00004,OSM_Diff+vietnam-sap-nhap-phuong-xa.csv
node:12091537998,"72, Phố Nguyễn Thái Học, Phường Điện Biên, Quận Ba Đình, Hà Nội","72, Phố Nguyễn Thái Học, Phường Ba Đình, Thành phố Hà Nội",M,M-N,Tách — nhập chủ yếu,00004,OSM_Diff+vietnam-sap-nhap-phuong-xa.csv
node:12073581253,"11, Phố Chùa Một Cột, Phường Điện Biên, Quận Ba Đình, Hà Nội","11, Phố Chùa Một Cột, Phường Ba Đình, Thành phố Hà Nội",M,M-N,Tách — nhập chủ yếu,00004,OSM_Diff+vietnam-sap-nhap-phuong-xa.csv
way:1301587169,"27-29, Phố Lê Hồng Phong, Phường Điện Biên, Quận Ba Đình, Hà Nội","27-29, Phố Lê Hồng Phong, Phường Ba Đình, Thành phố Hà Nội",M,M-N,Tách — nhập chủ yếu,00004,OSM_Diff+vietnam-sap-nhap-phuong-xa.csv
way:1301794139,"26, Phố Sơn Tây, Phường Điện Biên, Quận Ba Đình, Hà Nội","26, Phố Sơn Tây, Phường Ba Đình, Thành phố Hà Nội",M,M-N,Tách — nhập chủ yếu,00004,OSM_Diff+vietnam-sap-nhap-phuong-xa.csv
node:12089194915,"35, Phố Trần Phú, Phường Điện Biên, Quận Ba Đình, Hà Nội","35, Phố Trần Phú, Phường Ba Đình, Thành phố Hà Nội",M,M-N,Tách — nhập chủ yếu,00004,OSM_Diff+vietnam-sap-nhap-phuong-xa.csv
way:1031048336,"14, Đường Lý Thái Tổ, Phường Suối Hoa, Thành phố Bắc Ninh, Bắc Ninh","14, Đường Lý Thái Tổ, Phường Kinh Bắc, Tỉnh Bắc Ninh",B,N-1,Hợp nhất toàn bộ,09187,OSM_Diff+vietnam-sap-nhap-phuong-xa.csv
way:703386691,"28B, Đường Điện Biên Phủ, Phường Điện Biên, Quận Ba Đình, Hà Nội","28B, Đường Điện Biên Phủ, Phường Ba Đình, Thành phố Hà Nội",M,M-N,Tách — nhập chủ yếu,00004,OSM_Diff+vietnam-sap-nhap-phuong-xa.csv
node:11683982792,"26, Phố Hàng Giấy, Phường Đồng Xuân, Quận Hoàn Kiếm, Hà Nội","26, Phố Hàng Giấy, Phường Hoàn Kiếm, Thành phố Hà Nội",M,M-N,Tách — nhập chủ yếu,00070,OSM_Diff+vietnam-sap-nhap-phuong-xa.csv
way:237990756,"31, Đường Hùng Vương, Phường Điện Biên, Quận Ba Đình, Hà Nội","31, Đường Hùng Vương, Phường Ba Đình, Thành phố Hà Nội",M,M-N,Tách — nhập chủ yếu,00004,OSM_Diff+vietnam-sap-nhap-phuong-xa.csv
node:11675985416,"8, Phố Hàng Cót, Phường Hàng Mã, Quận Hoàn Kiếm, Hà Nội","8, Phố Hàng Cót, Phường Hoàn Kiếm, Thành phố Hà Nội",B,N-1,Hợp nhất toàn bộ,00070,OSM_Diff+vietnam-sap-nhap-phuong-xa.csv
way:1301587156,"35, Phố Lê Hồng Phong, Phường Điện Biên, Quận Ba Đình, Hà Nội","35, Phố Lê Hồng Phong, Phường Ba Đình, Thành phố Hà Nội",M,M-N,Tách — nhập chủ yếu,00004,OSM_Diff+vietnam-sap-nhap-phuong-xa.csv
way:1324009706,"1145, Đường Quang Trung, Phường Phố Mới, Thị xã Quế Võ, Bắc Ninh","1145, Đường Quang Trung, Phường Quế Võ, Tỉnh Bắc Ninh",B,N-1,Hợp nhất toàn bộ,09247,OSM_Diff+vietnam-sap-nhap-phuong-xa.csv
way:1301591116,"18, Ngõ 28 Ông Ích Khiêm, Phường Điện Biên, Quận Ba Đình, Hà Nội","18, Ngõ 28 Ông Ích Khiêm, Phường Ba Đình, Thành phố Hà Nội",M,M-N,Tách — nhập chủ yếu,00004,OSM_Diff+vietnam-sap-nhap-phuong-xa.csv
way:1364281178,"258, Đường Thiên Đức, Phường Tiền Ninh Vệ, Thành phố Bắc Ninh, Bắc Ninh","258, Đường Thiên Đức, Phường Kinh Bắc, Tỉnh Bắc Ninh",B,N-1,Hợp nhất toàn bộ,09187,OSM_Diff+vietnam-sap-nhap-phuong-xa.csv
node:12934281777,"267, Đường Bà Chúa Kho, Phường Vũ Ninh, Thành phố Bác Ninh, Bắc Ninh","267, Đường Bà Chúa Kho, Phường Vũ Ninh, Tỉnh Bắc Ninh",B,N-1,Hợp nhất toàn bộ,09169,OSM_Diff+vietnam-sap-nhap-phuong-xa.csv
way:1230610855,"41, Phố Trần Phú, Phường Điện Biên, Quận Ba Đình, Hà Nội","41, Phố Trần Phú, Phường Ba Đình, Thành phố Hà Nội",M,M-N,Tách — nhập chủ yếu,00004,OSM_Diff+vietnam-sap-nhap-phuong-xa.csv
node:6659005864,"69, Ngõ Hà Trung, Phường Hàng Bông, Hoàn Kiếm, Hà Nội","69, Ngõ Hà Trung, Phường Hoàn Kiếm, Thành phố Hà Nội",M,M-N,Tách — nhập chủ yếu,00070,OSM_Diff+vietnam-sap-nhap-phuong-xa.csv
way:1324941386,"212, Phố Lương Định Của, Phường Phương Liễu, Thị xã Quế Võ, Bắc Ninh","212, Phố Lương Định Của, Phường Phương Liễu, Tỉnh Bắc Ninh",B,N-1,Hợp nhất toàn bộ,09265,OSM_Diff+vietnam-sap-nhap-phuong-xa.csv
way:1301678522,"18, Ngõ 77 Lê Hồng Phong, Phường Điện Biên, Quận Ba Đình, Hà Nội","18, Ngõ 77 Lê Hồng Phong, Phường Ba Đình, Thành phố Hà Nội",M,M-N,Tách — nhập chủ yếu,00004,OSM_Diff+vietnam-sap-nhap-phuong-xa.csv
way:1301587163,"41, Phố Lê Hồng Phong, Phường Điện Biên, Quận Ba Đình, Hà Nội","41, Phố Lê Hồng Phong, Phường Ba Đình, Thành phố Hà Nội",M,M-N,Tách — nhập chủ yếu,00004,OSM_Diff+vietnam-sap-nhap-phuong-xa.csv
way:1218497911,"26, Đường Hoàng Diệu, Phường Điện Biên, Quận Ba Đình, Hà Nội","26, Đường Hoàng Diệu, Phường Ba Đình, Thành phố Hà Nội",M,M-N,Tách — nhập chủ yếu,00004,OSM_Diff+vietnam-sap-nhap-phuong-xa.csv
node:11683982789,"20, Phố Hàng Giấy, Phường Đồng Xuân, Quận Hoàn Kiếm, Hà Nội","20, Phố Hàng Giấy, Phường Hoàn Kiếm, Thành phố Hà Nội",M,M-N,Tách — nhập chủ yếu,00070,OSM_Diff+vietnam-sap-nhap-phuong-xa.csv
way:1402174620,"Đường Bà Chúa Kho, Phường Vũ Ninh, Thành phố Bắc Ninh, Bắc Ninh","Đường Bà Chúa Kho, Phường Vũ Ninh, Tỉnh Bắc Ninh",B,N-1,Hợp nhất toàn bộ,09169,OSM_Diff+vietnam-sap-nhap-phuong-xa.csv
node:12934281712,"187, Đường Bà Chúa Kho, Phường Vũ Ninh, Thành phố Bác Ninh, Bắc Ninh","187, Đường Bà Chúa Kho, Phường Vũ Ninh, Tỉnh Bắc Ninh",B,N-1,Hợp nhất toàn bộ,09169,OSM_Diff+vietnam-sap-nhap-phuong-xa.csv
way:697572007,"Đường Điện Biên Phủ, Phường Điện Biên, Quận Ba Đình, Hà Nội","Đường Điện Biên Phủ, Phường Ba Đình, Thành phố Hà Nội",M,M-N,Tách — nhập chủ yếu,00004,OSM_Diff+vietnam-sap-nhap-phuong-xa.csv
node:11675985404,"9, Phố Phùng Hưng, Phường Hàng Mã, Quận Hoàn Kiếm, Hà Nội","9, Phố Phùng Hưng, Phường Hoàn Kiếm, Thành phố Hà Nội",B,N-1,Hợp nhất toàn bộ,00070,OSM_Diff+vietnam-sap-nhap-phuong-xa.csv
way:686564107,"1079, Phạm Thế Hiển, Phường 5, Quận 8, Hồ Chí Minh","1079, Phạm Thế Hiển, Phường Chánh Hưng, Thành phố Hồ Chí Minh",M,M-N,Tách — nhập chủ yếu,27418,OSM_Diff+vietnam-sap-nhap-phuong-xa.csv
way:1301707653,"1, Ngõ 32B Sơn Tây, Phường Điện Biên, Quận Ba Đình, Hà Nội","1, Ngõ 32B Sơn Tây, Phường Ba Đình, Thành phố Hà Nội",M,M-N,Tách — nhập chủ yếu,00004,OSM_Diff+vietnam-sap-nhap-phuong-xa.csv
node:12084456822,"54, Phố Trần Phú, Phường Điện Biên, Quận Ba Đình, Hà Nội","54, Phố Trần Phú, Phường Ba Đình, Thành phố Hà Nội",M,M-N,Tách — nhập chủ yếu,00004,OSM_Diff+vietnam-sap-nhap-phuong-xa.csv
node:12084456817,"9, Phố Chu Văn An, Phường Điện Biên, Quận Ba Đình, Hà Nội","9, Phố Chu Văn An, Phường Ba Đình, Thành phố Hà Nội",M,M-N,Tách — nhập chủ yếu,00004,OSM_Diff+vietnam-sap-nhap-phuong-xa.csv
node:11675985424,"14, Phố Hàng Cót, Phường Hàng Mã, Quận Hoàn Kiếm, Hà Nội","14, Phố Hàng Cót, Phường Hoàn Kiếm, Thành phố Hà Nội",B,N-1,Hợp nhất toàn bộ,00070,OSM_Diff+vietnam-sap-nhap-phuong-xa.csv
way:1301699235,"11, Phố Ngọc Hà, Phường Đội Cấn, Quận Ba Đình, Hà Nội","11, Phố Ngọc Hà, Phường Ba Đình, Thành phố Hà Nội",M,M-N,Tách — một phần,00004,OSM_Diff+vietnam-sap-nhap-phuong-xa.csv
way:650062697,"Đường Nguyễn Văn Cừ, Phường Đồng Kỵ, Thành phố Từ Sơn, Bắc Ninh","Đường Nguyễn Văn Cừ, Phường Đồng Nguyên, Tỉnh Bắc Ninh",B,N-1,Hợp nhất toàn bộ,09385,OSM_Diff+vietnam-sap-nhap-phuong-xa.csv
way:1384065731,"Đường Nguyễn Đoan Trung, Phường Hạp Lĩnh, Thành phố Bắc Ninh, Bắc Ninh","Đường Nguyễn Đoan Trung, Phường Hạp Lĩnh, Tỉnh Bắc Ninh",B,N-1,Hợp nhất toàn bộ,09325,OSM_Diff+vietnam-sap-nhap-phuong-xa.csv
way:946867356,"6B, Phố Lê Hồng Phong, Phường Điện Biên, Quận Ba Đình, Hà Nội","6B, Phố Lê Hồng Phong, Phường Ba Đình, Thành phố Hà Nội",M,M-N,Tách — nhập chủ yếu,00004,OSM_Diff+vietnam-sap-nhap-phuong-xa.csv
node:6640901648,"10, Phố Kim Mã, Kim Mã, Q.Ba Đình, Hà Nội","10, Phố Kim Mã, Phường Ba Đình, Thành phố Hà Nội",M,M-N,Tách — một phần,00004,OSM_Diff+vietnam-sap-nhap-phuong-xa.csv
way:1301707676,"52, Phố Sơn Tây, Phường Điện Biên, Quận Ba Đình, Hà Nội","52, Phố Sơn Tây, Phường Ba Đình, Thành phố Hà Nội",M,M-N,Tách — nhập chủ yếu,00004,OSM_Diff+vietnam-sap-nhap-phuong-xa.csv
way:287819547,"Đường Nguyễn Văn Cừ, Phường Trang Hạ, Thành phố Từ Sơn, Bắc Ninh","Đường Nguyễn Văn Cừ, Phường Đồng Nguyên, Tỉnh Bắc Ninh",B,N-1,Hợp nhất toàn bộ,09385,OSM_Diff+vietnam-sap-nhap-phuong-xa.csv
node:5689369738,"44, Phố Hàng Bồ, Phường Hàng Bồ, Hoàn Kiếm, Hà Nội","44, Phố Hàng Bồ, Phường Hoàn Kiếm, Thành phố Hà Nội",B,N-1,Hợp nhất toàn bộ,00070,OSM_Diff+vietnam-sap-nhap-phuong-xa.csv
node:12090373961,"17, Phố Cao Bá Quát, Phường Điện Biên, Quận Ba Đình, Hà Nội","17, Phố Cao Bá Quát, Phường Ba Đình, Thành phố Hà Nội",M,M-N,Tách — nhập chủ yếu,00004,OSM_Diff+vietnam-sap-nhap-phuong-xa.csv
way:1326289027,"Đường Trần Hưng Đạo, Phường Phượng Mao, Thị xã Quế Võ, Bắc Ninh","Đường Trần Hưng Đạo, Phường Phương Liễu, Tỉnh Bắc Ninh",B,N-1,Hợp nhất toàn bộ,09265,OSM_Diff+vietnam-sap-nhap-phuong-xa.csv
way:1334483911,"Đường Trần Bá Linh, Phường Vũ Ninh, Thành phố Bắc Ninh, Bắc Ninh","Đường Trần Bá Linh, Phường Vũ Ninh, Tỉnh Bắc Ninh",B,N-1,Hợp nhất toàn bộ,09169,OSM_Diff+vietnam-sap-nhap-phuong-xa.csv
node:12076855383,"6, Phố Lê Hồng Phong, Phường Điện Biên, Quận Ba Đình, Hà Nội","6, Phố Lê Hồng Phong, Phường Ba Đình, Thành phố Hà Nội",M,M-N,Tách — nhập chủ yếu,00004,OSM_Diff+vietnam-sap-nhap-phuong-xa.csv
way:964416579,"395, Đường Ngô Gia Tự, Phường Tiền Ninh Vệ, Thành phố Bắc Ninh, Bắc Ninh","395, Đường Ngô Gia Tự, Phường Kinh Bắc, Tỉnh Bắc Ninh",B,N-1,Hợp nhất toàn bộ,09187,OSM_Diff+vietnam-sap-nhap-phuong-xa.csv
node:12473186738,"169, Đường Hoàng Hoa Thám, Phường Võ Cường, Thành phố Bắc Ninh, Bắc Ninh","169, Đường Hoàng Hoa Thám, Phường Võ Cường, Tỉnh Bắc Ninh",B,N-1,Hợp nhất toàn bộ,09190,OSM_Diff+vietnam-sap-nhap-phuong-xa.csv
way:696946040,"561, Đường Ngô Gia Tự, Phường Tiền Ninh Vệ, Thành phố Bắc Ninh, Bắc Ninh","561, Đường Ngô Gia Tự, Phường Kinh Bắc, Tỉnh Bắc Ninh",B,N-1,Hợp nhất toàn bộ,09187,OSM_Diff+vietnam-sap-nhap-phuong-xa.csv
way:1301591097,"26, Phố Ông Ích Khiêm, Phường Điện Biên, Quận Ba Đình, Hà Nội","26, Phố Ông Ích Khiêm, Phường Ba Đình, Thành phố Hà Nội",M,M-N,Tách — nhập chủ yếu,00004,OSM_Diff+vietnam-sap-nhap-phuong-xa.csv
node:11675985414,"4, Phố Hàng Cót, Phường Hàng Mã, Quận Hoàn Kiếm, Hà Nội","4, Phố Hàng Cót, Phường Hoàn Kiếm, Thành phố Hà Nội",B,N-1,Hợp nhất toàn bộ,00070,OSM_Diff+vietnam-sap-nhap-phuong-xa.csv
way:1323884324,"Đường Trần Hưng Đạo, Phường Phương Liễu, Thị xã Quế Võ, Bắc Ninh","Đường Trần Hưng Đạo, Phường Phương Liễu, Tỉnh Bắc Ninh",B,N-1,Hợp nhất toàn bộ,09265,OSM_Diff+vietnam-sap-nhap-phuong-xa.csv
node:11655364816,"12B, Phố Hàng Cót, Phường Hàng Mã, Quận Hoàn Kiếm, Hà Nội","12B, Phố Hàng Cót, Phường Hoàn Kiếm, Thành phố Hà Nội",B,N-1,Hợp nhất toàn bộ,00070,OSM_Diff+vietnam-sap-nhap-phuong-xa.csv
way:964416435,"62, Phố Vũ Kiệt, Phường Tiền Ninh Vệ, Thành phố Bắc Ninh, Bắc Ninh","62, Phố Vũ Kiệt, Phường Kinh Bắc, Tỉnh Bắc Ninh",B,N-1,Hợp nhất toàn bộ,09187,OSM_Diff+vietnam-sap-nhap-phuong-xa.csv
node:11675985408,"15, Phố Phùng Hưng, Phường Hàng Mã, Quận Hoàn Kiếm, Hà Nội","15, Phố Phùng Hưng, Phường Hoàn Kiếm, Thành phố Hà Nội",B,N-1,Hợp nhất toàn bộ,00070,OSM_Diff+vietnam-sap-nhap-phuong-xa.csv
way:1301678524,"14, Ngõ 77 Lê Hồng Phong, Phường Điện Biên, Quận Ba Đình, Hà Nội","14, Ngõ 77 Lê Hồng Phong, Phường Ba Đình, Thành phố Hà Nội",M,M-N,Tách — nhập chủ yếu,00004,OSM_Diff+vietnam-sap-nhap-phuong-xa.csv
node:11675985417,"10, Phố Hàng Cót, Phường Hàng Mã, Quận Hoàn Kiếm, Hà Nội","10, Phố Hàng Cót, Phường Hoàn Kiếm, Thành phố Hà Nội",B,N-1,Hợp nhất toàn bộ,00070,OSM_Diff+vietnam-sap-nhap-phuong-xa.csv
way:1329107953,"439, Đường Nguyễn Văn Cừ, Phường Võ Cường, Thành phố Bắc Ninh, Bắc Ninh","439, Đường Nguyễn Văn Cừ, Phường Võ Cường, Tỉnh Bắc Ninh",B,N-1,Hợp nhất toàn bộ,09190,OSM_Diff+vietnam-sap-nhap-phuong-xa.csv
way:1218445986,"10D, Phố Khúc Hạo, Phường Điện Biên, Quận Ba Đình, Hà Nội","10D, Phố Khúc Hạo, Phường Ba Đình, Thành phố Hà Nội",M,M-N,Tách — nhập chủ yếu,00004,OSM_Diff+vietnam-sap-nhap-phuong-xa.csv
way:1301587165,"43, Phố Lê Hồng Phong, Phường Điện Biên, Quận Ba Đình, Hà Nội","43, Phố Lê Hồng Phong, Phường Ba Đình, Thành phố Hà Nội",M,M-N,Tách — nhập chủ yếu,00004,OSM_Diff+vietnam-sap-nhap-phuong-xa.csv
way:1255860815,"6, Phố Hàng Cót, Phường Hàng Mã, Quận Hoàn Kiếm, Hà Nội","6, Phố Hàng Cót, Phường Hoàn Kiếm, Thành phố Hà Nội",B,N-1,Hợp nhất toàn bộ,00070,OSM_Diff+vietnam-sap-nhap-phuong-xa.csv
way:1303280475,"16, Ngõ 28 Ông Ích Khiêm, Phường Điện Biên, Quận Ba Đình, Hà Nội","16, Ngõ 28 Ông Ích Khiêm, Phường Ba Đình, Thành phố Hà Nội",M,M-N,Tách — nhập chủ yếu,00004,OSM_Diff+vietnam-sap-nhap-phuong-xa.csv
way:1037115138,"1205, Đường Quang Trung, Phường Phố Mới, Thị xã Quế Võ, Bắc Ninh","1205, Đường Quang Trung, Phường Quế Võ, Tỉnh Bắc Ninh",B,N-1,Hợp nhất toàn bộ,09247,OSM_Diff+vietnam-sap-nhap-phuong-xa.csv
node:3222752022,"39, Phố Hàng Bạc, Hàng Bạc, Hoàn Kiếm, Hà Nội","39, Phố Hàng Bạc, Phường Hoàn Kiếm, Thành phố Hà Nội",B,N-1,Hợp nhất toàn bộ,00070,OSM_Diff+vietnam-sap-nhap-phuong-xa.csv
way:1114717084,"30, Đường Điện Biên Phủ, Phường Điện Biên, Quận Ba Đình, Hà Nội","30, Đường Điện Biên Phủ, Phường Ba Đình, Thành phố Hà Nội",M,M-N,Tách — nhập chủ yếu,00004,OSM_Diff+vietnam-sap-nhap-phuong-xa.csv
way:1255860821,"12, Phố Hàng Cót, Phường Hàng Mã, Quận Hoàn Kiếm, Hà Nội","12, Phố Hàng Cót, Phường Hoàn Kiếm, Thành phố Hà Nội",B,N-1,Hợp nhất toàn bộ,00070,OSM_Diff+vietnam-sap-nhap-phuong-xa.csv
way:1348010214,"89, Đường Cao Lỗ Vương, Phường Suối Hoa, Thành phố Bắc Ninh, Bắc Ninh","89, Đường Cao Lỗ Vương, Phường Kinh Bắc, Tỉnh Bắc Ninh",B,N-1,Hợp nhất toàn bộ,09187,OSM_Diff+vietnam-sap-nhap-phuong-xa.csv
way:1286509452,"2, Phố Lê Trực, Phường Điện Biên, Quận Ba Đình, Hà Nội","2, Phố Lê Trực, Phường Ba Đình, Thành phố Hà Nội",M,M-N,Tách — nhập chủ yếu,00004,OSM_Diff+vietnam-sap-nhap-phuong-xa.csv
way:1301591093,"16, Phố Ông Ích Khiêm, Phường Điện Biên, Quận Ba Đình, Hà Nội","16, Phố Ông Ích Khiêm, Phường Ba Đình, Thành phố Hà Nội",M,M-N,Tách — nhập chủ yếu,00004,OSM_Diff+vietnam-sap-nhap-phuong-xa.csv
node:11683982769,"7, Phố Hàng Cót, Phường Hàng Mã, Quận Hoàn Kiếm, Hà Nội","7, Phố Hàng Cót, Phường Hoàn Kiếm, Thành phố Hà Nội",B,N-1,Hợp nhất toàn bộ,00070,OSM_Diff+vietnam-sap-nhap-phuong-xa.csv
node:11787486448,"Số 11 cửa bắc, Phường Trúc Bạch, Quận Ba Đình, Thành phố Hà Nội","Số 11 cửa bắc, Phường Ba Đình, Thành phố Hà Nội",B,N-1,Hợp nhất toàn bộ,00004,OSM_Diff+vietnam-sap-nhap-phuong-xa.csv
way:849287352,"451, Tô Hiến Thành, phường 14, quận 10, Ho Chi Minh City","451, Tô Hiến Thành, Phường Diên Hồng, Thành phố Hồ Chí Minh",M,M-N,Tách — nhập chủ yếu,27169,OSM_Diff+vietnam-sap-nhap-phuong-xa.csv
way:1301694258,"10, Phố Sơn Tây, Phường Điện Biên, Quận Ba Đình, Hà Nội","10, Phố Sơn Tây, Phường Ba Đình, Thành phố Hà Nội",M,M-N,Tách — nhập chủ yếu,00004,OSM_Diff+vietnam-sap-nhap-phuong-xa.csv
way:1250177233,"2, Phố Hàng Giấy, Phường Đồng Xuân, Quận Hoàn Kiếm, Hà Nội","2, Phố Hàng Giấy, Phường Hoàn Kiếm, Thành phố Hà Nội",M,M-N,Tách — nhập chủ yếu,00070,OSM_Diff+vietnam-sap-nhap-phuong-xa.csv
node:12230186584,"13a, Phố Châu Long, Trúc Bạch, Ba Đình, Hà Nội","13a, Phố Châu Long, Phường Ba Đình, Thành phố Hà Nội",B,N-1,Hợp nhất toàn bộ,00004,OSM_Diff+vietnam-sap-nhap-phuong-xa.csv
node:12079678867,"43, Đường Điện Biên Phủ, Phường Điện Biên, Quận Ba Đình, Hà Nội","43, Đường Điện Biên Phủ, Phường Ba Đình, Thành phố Hà Nội",M,M-N,Tách — nhập chủ yếu,00004,OSM_Diff+vietnam-sap-nhap-phuong-xa.csv
way:1301678519,"26, Ngõ 77 Lê Hồng Phong, Phường Điện Biên, Quận Ba Đình, Hà Nội","26, Ngõ 77 Lê Hồng Phong, Phường Ba Đình, Thành phố Hà Nội",M,M-N,Tách — nhập chủ yếu,00004,OSM_Diff+vietnam-sap-nhap-phuong-xa.csv
way:1301694252,"6, Phố Sơn Tây, Phường Điện Biên, Quận Ba Đình, Hà Nội","6, Phố Sơn Tây, Phường Ba Đình, Thành phố Hà Nội",M,M-N,Tách — nhập chủ yếu,00004,OSM_Diff+vietnam-sap-nhap-phuong-xa.csv
node:11675985410,"21, Phố Phùng Hưng, Phường Hàng Mã, Quận Hoàn Kiếm, Hà Nội","21, Phố Phùng Hưng, Phường Hoàn Kiếm, Thành phố Hà Nội",B,N-1,Hợp nhất toàn bộ,00070,OSM_Diff+vietnam-sap-nhap-phuong-xa.csv
node:8906132456,"16, Phố Trấn Vũ, Phường Quán Thánh, Quận Ba Đình, Hà Nội","16, Phố Trấn Vũ, Phường Ba Đình, Thành phố Hà Nội",B,N-1,Hợp nhất toàn bộ,00004,OSM_Diff+vietnam-sap-nhap-phuong-xa.csv
way:1301806134,"33, Phố Lê Hồng Phong, Phường Điện Biên, Quận Ba Đình, Hà Nội","33, Phố Lê Hồng Phong, Phường Ba Đình, Thành phố Hà Nội",M,M-N,Tách — nhập chủ yếu,00004,OSM_Diff+vietnam-sap-nhap-phuong-xa.csv
way:1301678481,"27, Ngõ 28 Ông Ích Khiêm, Phường Điện Biên, Quận Ba Đình, Hà Nội","27, Ngõ 28 Ông Ích Khiêm, Phường Ba Đình, Thành phố Hà Nội",M,M-N,Tách — nhập chủ yếu,00004,OSM_Diff+vietnam-sap-nhap-phuong-xa.csv
node:11675930055,"1, Phố Phùng Hưng, Phường Hàng Mã, Quận Hoàn Kiếm, Hà Nội","1, Phố Phùng Hưng, Phường Hoàn Kiếm, Thành phố Hà Nội",B,N-1,Hợp nhất toàn bộ,00070,OSM_Diff+vietnam-sap-nhap-phuong-xa.csv
way:1410477482,"115, Đường Ngô Gia Tự, Phường Vũ Ninh, Thành phố Bắc Ninh, Bắc Ninh","115, Đường Ngô Gia Tự, Phường Vũ Ninh, Tỉnh Bắc Ninh",B,N-1,Hợp nhất toàn bộ,09169,OSM_Diff+vietnam-sap-nhap-phuong-xa.csv
node:12073581259,"18, Phố Lê Hồng Phong, Phường Điện Biên, Quận Ba Đình, Hà Nội","18, Phố Lê Hồng Phong, Phường Ba Đình, Thành phố Hà Nội",M,M-N,Tách — nhập chủ yếu,00004,OSM_Diff+vietnam-sap-nhap-phuong-xa.csv
way:698018288,"194, Phố Quán Thánh, Phường Quán Thánh, Quận Ba Đình, Hà Nội","194, Phố Quán Thánh, Phường Ba Đình, Thành phố Hà Nội",B,N-1,Hợp nhất toàn bộ,00004,OSM_Diff+vietnam-sap-nhap-phuong-xa.csv
way:1301707654,"32C, Phố Sơn Tây, Phường Điện Biên, Quận Ba Đình, Hà Nội","32C, Phố Sơn Tây, Phường Ba Đình, Thành phố Hà Nội",M,M-N,Tách — nhập chủ yếu,00004,OSM_Diff+vietnam-sap-nhap-phuong-xa.csv
node:11415163457,"18, Phố Cao Bá Quát, Phường Điện Biên, Quận Ba Đình, Hà Nội","18, Phố Cao Bá Quát, Phường Ba Đình, Thành phố Hà Nội",M,M-N,Tách — nhập chủ yếu,00004,OSM_Diff+vietnam-sap-nhap-phuong-xa.csv
node:11778001187,"49a Hàng Quạt, Phường Hàng Gai, Quận Hoàn Kiếm, Thành phố Hà Nội","49a Hàng Quạt, Phường Hoàn Kiếm, Thành phố Hà Nội",B,N-1,Hợp nhất toàn bộ,00070,OSM_Diff+vietnam-sap-nhap-phuong-xa.csv
way:1301591133,"31, Ngõ 28 Ông Ích Khiêm, Phường Điện Biên, Quận Ba Đình, Hà Nội","31, Ngõ 28 Ông Ích Khiêm, Phường Ba Đình, Thành phố Hà Nội",M,M-N,Tách — nhập chủ yếu,00004,OSM_Diff+vietnam-sap-nhap-phuong-xa.csv
way:1019349488,"2, Đường Lý Thái Tổ, Phường Suối Hoa, Thành phố Bắc Ninh, Bac Ninh","2, Đường Lý Thái Tổ, Phường Kinh Bắc, Tỉnh Bắc Ninh",B,N-1,Hợp nhất toàn bộ,09187,OSM_Diff+vietnam-sap-nhap-phuong-xa.csv
way:1333228955,"188, Đường Nguyễn Gia Thiều, Phường Suối Hoa, Thành phố Bắc Ninh, Bắc Ninh","188, Đường Nguyễn Gia Thiều, Phường Kinh Bắc, Tỉnh Bắc Ninh",B,N-1,Hợp nhất toàn bộ,09187,OSM_Diff+vietnam-sap-nhap-phuong-xa.csv
node:4210723204,"73, Mã Mây, Hang Buồm, Hoan Kiem, Hà Nội","73, Mã Mây, Phường Hoàn Kiếm, Thành phố Hà Nội",B,N-1,Hợp nhất toàn bộ,00070,OSM_Diff+vietnam-sap-nhap-phuong-xa.csv
way:1301587168,"31, Phố Lê Hồng Phong, Phường Điện Biên, Quận Ba Đình, Hà Nội","31, Phố Lê Hồng Phong, Phường Ba Đình, Thành phố Hà Nội",M,M-N,Tách — nhập chủ yếu,00004,OSM_Diff+vietnam-sap-nhap-phuong-xa.csv
node:11675985428,"18, Phố Hàng Cót, Phường Hàng Mã, Quận Hoàn Kiếm, Hà Nội","18, Phố Hàng Cót, Phường Hoàn Kiếm, Thành phố Hà Nội",B,N-1,Hợp nhất toàn bộ,00070,OSM_Diff+vietnam-sap-nhap-phuong-xa.csv
node:11683982774,"15, Phố Hàng Cót, Phường Hàng Mã, Quận Hoàn Kiếm, Hà Nội","15, Phố Hàng Cót, Phường Hoàn Kiếm, Thành phố Hà Nội",B,N-1,Hợp nhất toàn bộ,00070,OSM_Diff+vietnam-sap-nhap-phuong-xa.csv
way:964422018,"117, Đường Ngô Gia Tự, Phường Vũ Ninh, Thành phố Bắc Ninh, Bắc Ninh","117, Đường Ngô Gia Tự, Phường Vũ Ninh, Tỉnh Bắc Ninh",B,N-1,Hợp nhất toàn bộ,09169,OSM_Diff+vietnam-sap-nhap-phuong-xa.csv
way:1301808698,"107, Phố Lê Hồng Phong, Phường Điện Biên, Quận Ba Đình, Hà Nội","107, Phố Lê Hồng Phong, Phường Ba Đình, Thành phố Hà Nội",M,M-N,Tách — nhập chủ yếu,00004,OSM_Diff+vietnam-sap-nhap-phuong-xa.csv
way:1301707680,"46, Phố Sơn Tây, Phường Điện Biên, Quận Ba Đình, Hà Nội","46, Phố Sơn Tây, Phường Ba Đình, Thành phố Hà Nội",M,M-N,Tách — nhập chủ yếu,00004,OSM_Diff+vietnam-sap-nhap-phuong-xa.csv
way:1301794148,"30, Phố Sơn Tây, Phường Điện Biên, Quận Ba Đình, Hà Nội","30, Phố Sơn Tây, Phường Ba Đình, Thành phố Hà Nội",M,M-N,Tách — nhập chủ yếu,00004,OSM_Diff+vietnam-sap-nhap-phuong-xa.csv
node:12061176103,"8, Phố Lê Hồng Phong, Phường Điện Biên, Quận Ba Đình, Hà Nội","8, Phố Lê Hồng Phong, Phường Ba Đình, Thành phố Hà Nội",M,M-N,Tách — nhập chủ yếu,00004,OSM_Diff+vietnam-sap-nhap-phuong-xa.csv
node:11675985419,"12A, Phố Hàng Cót, Phường Hàng Mã, Quận Hoàn Kiếm, Hà Nội","12A, Phố Hàng Cót, Phường Hoàn Kiếm, Thành phố Hà Nội",B,N-1,Hợp nhất toàn bộ,00070,OSM_Diff+vietnam-sap-nhap-phuong-xa.csv
node:5618701921,"16, Phố Hàng Cót, Phường Hàng Mã, Quận Hoàn Kiếm, Hà Nội","16, Phố Hàng Cót, Phường Hoàn Kiếm, Thành phố Hà Nội",B,N-1,Hợp nhất toàn bộ,00070,OSM_Diff+vietnam-sap-nhap-phuong-xa.csv
way:1335368232,"Đường Ba Huyện, Phường Khắc Niệm, Thành phố Bắc Ninh, Bắc Ninh","Đường Ba Huyện, Phường Hạp Lĩnh, Tỉnh Bắc Ninh",B,N-1,Hợp nhất toàn bộ,09325,OSM_Diff+vietnam-sap-nhap-phuong-xa.csv
way:1024881840,"6, Đường Phù Đổng Thiên Vương, Phường Suối Hoa, Thành phố Bắc Ninh, Bắc Ninh","6, Đường Phù Đổng Thiên Vương, Phường Kinh Bắc, Tỉnh Bắc Ninh",B,N-1,Hợp nhất toàn bộ,09187,OSM_Diff+vietnam-sap-nhap-phuong-xa.csv
way:1050444664,"Phố Yên Mẫn, Phường Kinh Bắc, Thành phố Bắc Ninh, Bắc Ninh","Phố Yên Mẫn, Phường Kinh Bắc, Tỉnh Bắc Ninh",B,N-1,Hợp nhất toàn bộ,09187,OSM_Diff+vietnam-sap-nhap-phuong-xa.csv
node:12073581254,"29, Đường Hùng Vương, Phường Điện Biên, Quận Ba Đình, Hà Nội","29, Đường Hùng Vương, Phường Ba Đình, Thành phố Hà Nội",M,M-N,Tách — nhập chủ yếu,00004,OSM_Diff+vietnam-sap-nhap-phuong-xa.csv
node:12091537996,"59, Phố Trần Phú, Phường Điện Biên, Quận Ba Đình, Hà Nội","59, Phố Trần Phú, Phường Ba Đình, Thành phố Hà Nội",M,M-N,Tách — nhập chủ yếu,00004,OSM_Diff+vietnam-sap-nhap-phuong-xa.csv
way:1166026479,"36, Đường Hoàng Diệu, Phường Điện Biên, Quận Ba Đình, Hà Nội","36, Đường Hoàng Diệu, Phường Ba Đình, Thành phố Hà Nội",M,M-N,Tách — nhập chủ yếu,00004,OSM_Diff+vietnam-sap-nhap-phuong-xa.csv
node:12092826927,"10B, Phố Khúc Hạo, Phường Điện Biên, Quận Ba Đình, Hà Nội","10B, Phố Khúc Hạo, Phường Ba Đình, Thành phố Hà Nội",M,M-N,Tách — nhập chủ yếu,00004,OSM_Diff+vietnam-sap-nhap-phuong-xa.csv
node:12084476979,"4, Phố Sơn Tây, Phường Điện Biên, Quận Ba Đình, Hà Nội","4, Phố Sơn Tây, Phường Ba Đình, Thành phố Hà Nội",M,M-N,Tách — nhập chủ yếu,00004,OSM_Diff+vietnam-sap-nhap-phuong-xa.csv
node:12076519906,"36D, Phố Đội Cấn, Phường Đội Cấn, Quận Ba Đình, Hà Nội","36D, Phố Đội Cấn, Phường Ba Đình, Thành phố Hà Nội",M,M-N,Tách — một phần,00004,OSM_Diff+vietnam-sap-nhap-phuong-xa.csv
way:1301587187,"75, Phố Lê Hồng Phong, Phường Điện Biên, Quận Ba Đình, Hà Nội","75, Phố Lê Hồng Phong, Phường Ba Đình, Thành phố Hà Nội",M,M-N,Tách — nhập chủ yếu,00004,OSM_Diff+vietnam-sap-nhap-phuong-xa.csv
node:3752331075,"32, Phố Đức Chính, Phường Trúc Bạch, Quận Ba Đình, Hanoi","32, Phố Đức Chính, Phường Ba Đình, Thành phố Hà Nội",B,N-1,Hợp nhất toàn bộ,00004,OSM_Diff+vietnam-sap-nhap-phuong-xa.csv
way:1327203200,"Đường Quang Trung, Xã Mộ Đạo, Thị xã Quế Võ, Bắc Ninh","Đường Quang Trung, Phường Bồng Lai, Tỉnh Bắc Ninh",B,N-1,Hợp nhất toàn bộ,09295,OSM_Diff+vietnam-sap-nhap-phuong-xa.csv
way:1301707636,"5, Phố Ngọc Hà, Phường Đội Cấn, Quận Ba Đình, Hà Nội","5, Phố Ngọc Hà, Phường Ba Đình, Thành phố Hà Nội",M,M-N,Tách — một phần,00004,OSM_Diff+vietnam-sap-nhap-phuong-xa.csv
way:1035930664,"6, Đường Nguyễn Tri Phương, Phường Quán Thánh, Quận Ba Đình, Hà Nội","6, Đường Nguyễn Tri Phương, Phường Ba Đình, Thành phố Hà Nội",B,N-1,Hợp nhất toàn bộ,00004,OSM_Diff+vietnam-sap-nhap-phuong-xa.csv
way:1369887132,"46, Phố Lãn Ông, Phường Hàng Bồ, Hoàn Kiếm, Hà Nội","46, Phố Lãn Ông, Phường Hoàn Kiếm, Thành phố Hà Nội",B,N-1,Hợp nhất toàn bộ,00070,OSM_Diff+vietnam-sap-nhap-phuong-xa.csv
way:698018237,"3, Phố Chùa Một Cột, Phường Điện Biên, Quận Ba Đình, Hà Nội","3, Phố Chùa Một Cột, Phường Ba Đình, Thành phố Hà Nội",M,M-N,Tách — nhập chủ yếu,00004,OSM_Diff+vietnam-sap-nhap-phuong-xa.csv
node:11683961266,"3, Phố Hàng Cót, Phường Hàng Mã, Quận Hoàn Kiếm, Hà Nội","3, Phố Hàng Cót, Phường Hoàn Kiếm, Thành phố Hà Nội",B,N-1,Hợp nhất toàn bộ,00070,OSM_Diff+vietnam-sap-nhap-phuong-xa.csv
node:12875581732,"24, Đường Lý Thái Tổ, Phường Đại Phúc, Thành phố Bắc Ninh, Bắc Ninh","24, Đường Lý Thái Tổ, Phường Võ Cường, Tỉnh Bắc Ninh",B,N-1,Hợp nhất toàn bộ,09190,OSM_Diff+vietnam-sap-nhap-phuong-xa.csv
node:12934281716,"203, Đường Bà Chúa Kho, Phường Vũ Ninh, Thành phố Bác Ninh, Bắc Ninh","203, Đường Bà Chúa Kho, Phường Vũ Ninh, Tỉnh Bắc Ninh",B,N-1,Hợp nhất toàn bộ,09169,OSM_Diff+vietnam-sap-nhap-phuong-xa.csv
way:185540948,"28D, Đường Điện Biên Phủ, Phường Điện Biên, Quận Ba Đình, Hà Nội","28D, Đường Điện Biên Phủ, Phường Ba Đình, Thành phố Hà Nội",M,M-N,Tách — nhập chủ yếu,00004,OSM_Diff+vietnam-sap-nhap-phuong-xa.csv
way:1301684934,"85, Phố Lê Hồng Phong, Phường Điện Biên, Quận Ba Đình, Hà Nội","85, Phố Lê Hồng Phong, Phường Ba Đình, Thành phố Hà Nội",M,M-N,Tách — nhập chủ yếu,00004,OSM_Diff+vietnam-sap-nhap-phuong-xa.csv
way:1301694284,"16-18, Phố Sơn Tây, Phường Điện Biên, Quận Ba Đình, Hà Nội","16-18, Phố Sơn Tây, Phường Ba Đình, Thành phố Hà Nội",M,M-N,Tách — nhập chủ yếu,00004,OSM_Diff+vietnam-sap-nhap-phuong-xa.csv
node:12306243935,"1, Đường Ngô Sĩ Liên, Phường Kinh Bắc, Thành phố Bắc Ninh, Bắc Ninh","1, Đường Ngô Sĩ Liên, Phường Kinh Bắc, Tỉnh Bắc Ninh",B,N-1,Hợp nhất toàn bộ,09187,OSM_Diff+vietnam-sap-nhap-phuong-xa.csv
node:11675985412,"25, Phố Phùng Hưng, Phường Hàng Mã, Quận Hoàn Kiếm, Hà Nội","25, Phố Phùng Hưng, Phường Hoàn Kiếm, Thành phố Hà Nội",B,N-1,Hợp nhất toàn bộ,00070,OSM_Diff+vietnam-sap-nhap-phuong-xa.csv
node:11683982776,"10, Phố Hàng Giấy, Phường Đồng Xuân, Quận Hoàn Kiếm, Hà Nội","10, Phố Hàng Giấy, Phường Hoàn Kiếm, Thành phố Hà Nội",M,M-N,Tách — nhập chủ yếu,00070,OSM_Diff+vietnam-sap-nhap-phuong-xa.csv
way:1031077421,"Đường Chu Huân, Phường Kim Chân, Thành phố Bắc Ninh, Bắc Ninh","Đường Chu Huân, Phường Vũ Ninh, Tỉnh Bắc Ninh",B,N-1,Hợp nhất toàn bộ,09169,OSM_Diff+vietnam-sap-nhap-phuong-xa.csv
node:11675985402,"5, Phố Phùng Hưng, Phường Hàng Mã, Quận Hoàn Kiếm, Hà Nội","5, Phố Phùng Hưng, Phường Hoàn Kiếm, Thành phố Hà Nội",B,N-1,Hợp nhất toàn bộ,00070,OSM_Diff+vietnam-sap-nhap-phuong-xa.csv
node:4481407690,"26, Phố Châu Long, Trúc Bạch, Ba Đình, Hà Nội","26, Phố Châu Long, Phường Ba Đình, Thành phố Hà Nội",B,N-1,Hợp nhất toàn bộ,00004,OSM_Diff+vietnam-sap-nhap-phuong-xa.csv
way:1330184370,"Lô CC1, Đường Nguyễn Thị Minh Khai, Phường Kinh Bắc, Thành phố Bắc Ninh, Bắc Ninh","Lô CC1, Đường Nguyễn Thị Minh Khai, Phường Kinh Bắc, Tỉnh Bắc Ninh",B,N-1,Hợp nhất toàn bộ,09187,OSM_Diff+vietnam-sap-nhap-phuong-xa.csv
way:1343819067,"Phố Thân Nhân Trung, Phường Phương Liễu, Thị xã Quế Võ, Bắc Ninh","Phố Thân Nhân Trung, Phường Phương Liễu, Tỉnh Bắc Ninh",B,N-1,Hợp nhất toàn bộ,09265,OSM_Diff+vietnam-sap-nhap-phuong-xa.csv
node:11683982771,"11, Phố Hàng Cót, Phường Hàng Mã, Quận Hoàn Kiếm, Hà Nội","11, Phố Hàng Cót, Phường Hoàn Kiếm, Thành phố Hà Nội",B,N-1,Hợp nhất toàn bộ,00070,OSM_Diff+vietnam-sap-nhap-phuong-xa.csv
way:1301707669,"1D, Phố Ngọc Hà, Phường Đội Cấn, Quận Ba Đình, Hà Nội","1D, Phố Ngọc Hà, Phường Ba Đình, Thành phố Hà Nội",M,M-N,Tách — một phần,00004,OSM_Diff+vietnam-sap-nhap-phuong-xa.csv
node:12061176102,"10, Phố Lê Hồng Phong, Phường Điện Biên, Quận Ba Đình, Hà Nội","10, Phố Lê Hồng Phong, Phường Ba Đình, Thành phố Hà Nội",M,M-N,Tách — nhập chủ yếu,00004,OSM_Diff+vietnam-sap-nhap-phuong-xa.csv
way:1301587182,"69, Phố Lê Hồng Phong, Phường Điện Biên, Quận Ba Đình, Hà Nội","69, Phố Lê Hồng Phong, Phường Ba Đình, Thành phố Hà Nội",M,M-N,Tách — nhập chủ yếu,00004,OSM_Diff+vietnam-sap-nhap-phuong-xa.csv
way:1301591107,"14, Ngách 28/2 Ông Ích Khiêm, Phường Điện Biên, Quận Ba Đình, Hà Nội","14, Ngách 28/2 Ông Ích Khiêm, Phường Ba Đình, Thành phố Hà Nội",M,M-N,Tách — nhập chủ yếu,00004,OSM_Diff+vietnam-sap-nhap-phuong-xa.csv
node:6947229585,"393, Đường Trần Hưng Đạo, Phường Đại Phúc, Thành phố Bắc Ninh, Bắc Ninh","393, Đường Trần Hưng Đạo, Phường Võ Cường, Tỉnh Bắc Ninh",B,N-1,Hợp nhất toàn bộ,09190,OSM_Diff+vietnam-sap-nhap-phuong-xa.csv
node:723795544,"32, Mã Mây, Hang Buồm, Hoàn Kiếm, Hà Nội","32, Mã Mây, Phường Hoàn Kiếm, Thành phố Hà Nội",B,N-1,Hợp nhất toàn bộ,00070,OSM_Diff+vietnam-sap-nhap-phuong-xa.csv
way:1378470062,"124, Đường Ngô Gia Tự, Phường Suối Hoa, Thành phố Bắc Ninh, Bắc Ninh","124, Đường Ngô Gia Tự, Phường Kinh Bắc, Tỉnh Bắc Ninh",B,N-1,Hợp nhất toàn bộ,09187,OSM_Diff+vietnam-sap-nhap-phuong-xa.csv
way:1376511118,"Ngõ 59 Đường Lý Quốc Sư, Phường Võ Cường, Thành phố Bắc Ninh, Bắc Ninh","Ngõ 59 Đường Lý Quốc Sư, Phường Võ Cường, Tỉnh Bắc Ninh",B,N-1,Hợp nhất toàn bộ,09190,OSM_Diff+vietnam-sap-nhap-phuong-xa.csv
way:1218445987,"10C, Phố Khúc Hạo, Phường Điện Biên, Quận Ba Đình, Hà Nội","10C, Phố Khúc Hạo, Phường Ba Đình, Thành phố Hà Nội",M,M-N,Tách — nhập chủ yếu,00004,OSM_Diff+vietnam-sap-nhap-phuong-xa.csv
way:1178052602,"331, Đường Ngô Gia Tự, Phường Suối Hoa, Thành phố Bắc Ninh, Bắc Ninh","331, Đường Ngô Gia Tự, Phường Kinh Bắc, Tỉnh Bắc Ninh",B,N-1,Hợp nhất toàn bộ,09187,OSM_Diff+vietnam-sap-nhap-phuong-xa.csv
way:698683280,"5, Phố Chùa Một Cột, Phường Điện Biên, Quận Ba Đình, Hà Nội","5, Phố Chùa Một Cột, Phường Ba Đình, Thành phố Hà Nội",M,M-N,Tách — nhập chủ yếu,00004,OSM_Diff+vietnam-sap-nhap-phuong-xa.csv
way:703386674,"5, Đường Lê Duẩn, Phường Điện Biên, Quận Ba Đình, Hà Nội","5, Đường Lê Duẩn, Phường Ba Đình, Thành phố Hà Nội",M,M-N,Tách — nhập chủ yếu,00004,OSM_Diff+vietnam-sap-nhap-phuong-xa.csv
node:5419667022,"34, Đường Trần Nhật Duật, Đồng Xuân, Hoàn Kiếm, Hà Nội","34, Đường Trần Nhật Duật, Phường Hoàn Kiếm, Thành phố Hà Nội",M,M-N,Tách — nhập chủ yếu,00070,OSM_Diff+vietnam-sap-nhap-phuong-xa.csv
way:1301678541,"23, Ngõ 28 Ông Ích Khiêm, Phường Điện Biên, Quận Ba Đình, Hà Nội","23, Ngõ 28 Ông Ích Khiêm, Phường Ba Đình, Thành phố Hà Nội",M,M-N,Tách — nhập chủ yếu,00004,OSM_Diff+vietnam-sap-nhap-phuong-xa.csv
node:12061176096,"7, Phố Bà Huyện Thanh Quan, Phường Điện Biên, Quận Ba Đình, Hà Nội","7, Phố Bà Huyện Thanh Quan, Phường Ba Đình, Thành phố Hà Nội",M,M-N,Tách — nhập chủ yếu,00004,OSM_Diff+vietnam-sap-nhap-phuong-xa.csv
node:11683982772,"13, Phố Hàng Cót, Phường Hàng Mã, Quận Hoàn Kiếm, Hà Nội","13, Phố Hàng Cót, Phường Hoàn Kiếm, Thành phố Hà Nội",B,N-1,Hợp nhất toàn bộ,00070,OSM_Diff+vietnam-sap-nhap-phuong-xa.csv
way:1301591110,"20, Ngách 28/2 Ông Ích Khiêm, Phường Điện Biên, Quận Ba Đình, Hà Nội","20, Ngách 28/2 Ông Ích Khiêm, Phường Ba Đình, Thành phố Hà Nội",M,M-N,Tách — nhập chủ yếu,00004,OSM_Diff+vietnam-sap-nhap-phuong-xa.csv
way:1031048326,"11, Đường Hai Bà Trưng, Phường Suối Hoa, Thành phố Bắc Ninh, Bắc Ninh","11, Đường Hai Bà Trưng, Phường Kinh Bắc, Tỉnh Bắc Ninh",B,N-1,Hợp nhất toàn bộ,09187,OSM_Diff+vietnam-sap-nhap-phuong-xa.csv
node:5285261121,"Đường Nguyễn Quyền, Phường Võ Cường, Thành phố Bắc Ninh, Bắc Ninh","Đường Nguyễn Quyền, Phường Võ Cường, Tỉnh Bắc Ninh",B,N-1,Hợp nhất toàn bộ,09190,OSM_Diff+vietnam-sap-nhap-phuong-xa.csv
way:323367738,"1, Phố Phan Đình Phùng, Phường Hàng Mã, Quận Hoàn Kiếm, Hà Nội","1, Phố Phan Đình Phùng, Phường Hoàn Kiếm, Thành phố Hà Nội",B,N-1,Hợp nhất toàn bộ,00070,OSM_Diff+vietnam-sap-nhap-phuong-xa.csv
way:1063218201,"27, Đường Thiên Đức, Phường Tiền Ninh Vệ, Thành phố Bắc Ninh, Bắc Ninh","27, Đường Thiên Đức, Phường Kinh Bắc, Tỉnh Bắc Ninh",B,N-1,Hợp nhất toàn bộ,09187,OSM_Diff+vietnam-sap-nhap-phuong-xa.csv
node:12076855387,"41, Đường Điện Biên Phủ, Phường Điện Biên, Quận Ba Đình, Hà Nội","41, Đường Điện Biên Phủ, Phường Ba Đình, Thành phố Hà Nội",M,M-N,Tách — nhập chủ yếu,00004,OSM_Diff+vietnam-sap-nhap-phuong-xa.csv
way:1037115091,"Phố Nguyễn Lượng, Phường Phố Mới, Thị xã Quế Võ, Bắc Ninh","Phố Nguyễn Lượng, Phường Quế Võ, Tỉnh Bắc Ninh",B,N-1,Hợp nhất toàn bộ,09247,OSM_Diff+vietnam-sap-nhap-phuong-xa.csv
way:964421781,"161, Đường Hoàng Quốc Việt, Phường Thị Cầu, Thành phố Bắc Ninh, Bắc Ninh","161, Đường Hoàng Quốc Việt, Phường Vũ Ninh, Tỉnh Bắc Ninh",B,N-1,Hợp nhất toàn bộ,09169,OSM_Diff+vietnam-sap-nhap-phuong-xa.csv
way:1303292972,"24, Ngõ 77 Lê Hồng Phong, Phường Điện Biên, Quận Ba Đình, Hà Nội","24, Ngõ 77 Lê Hồng Phong, Phường Ba Đình, Thành phố Hà Nội",M,M-N,Tách — nhập chủ yếu,00004,OSM_Diff+vietnam-sap-nhap-phuong-xa.csv
way:1255921547,"11A, Phố Phùng Hưng, Phường Hàng Mã, Quận Hoàn Kiếm, Hà Nội","11A, Phố Phùng Hưng, Phường Hoàn Kiếm, Thành phố Hà Nội",B,N-1,Hợp nhất toàn bộ,00070,OSM_Diff+vietnam-sap-nhap-phuong-xa.csv
way:703386682,"20, Ngõ Trạm, Hàng Bông, Hoàn Kiếm, Hà Nội","20, Ngõ Trạm, Phường Hoàn Kiếm, Thành phố Hà Nội",M,M-N,Tách — nhập chủ yếu,00070,OSM_Diff+vietnam-sap-nhap-phuong-xa.csv
way:1031063714,"Đường Đỗ Nhân, Phường Vạn An, Thành phố Bắc Ninh, Bắc Ninh","Đường Đỗ Nhân, Phường Kinh Bắc, Tỉnh Bắc Ninh",B,N-1,Hợp nhất toàn bộ,09187,OSM_Diff+vietnam-sap-nhap-phuong-xa.csv
way:647397111,"Đường Nguyễn Quán Quang, Phường Tam Sơn, Thành phố Từ Sơn, Bắc Ninh","Đường Nguyễn Quán Quang, Phường Tam Sơn, Tỉnh Bắc Ninh",B,N-1,Hợp nhất toàn bộ,09370,OSM_Diff+vietnam-sap-nhap-phuong-xa.csv
way:1301591102,"4, Ngách 28/2 Ông Ích Khiêm, Phường Điện Biên, Quận Ba Đình, Hà Nội","4, Ngách 28/2 Ông Ích Khiêm, Phường Ba Đình, Thành phố Hà Nội",M,M-N,Tách — nhập chủ yếu,00004,OSM_Diff+vietnam-sap-nhap-phuong-xa.csv
node:12090398173,"44, Phố Nguyễn Thái Học, Phường Điện Biên, Quận Ba Đình, Hà Nội","44, Phố Nguyễn Thái Học, Phường Ba Đình, Thành phố Hà Nội",M,M-N,Tách — nhập chủ yếu,00004,OSM_Diff+vietnam-sap-nhap-phuong-xa.csv
node:11288366368,"6, Phố Chu Văn An, Phường Điện Biên, Quận Ba Đình, Hà Nội","6, Phố Chu Văn An, Phường Ba Đình, Thành phố Hà Nội",M,M-N,Tách — nhập chủ yếu,00004,OSM_Diff+vietnam-sap-nhap-phuong-xa.csv
way:1324675755,"634, Đường Quang Trung, Phường Phố Mới, Thị xã Quế Võ, Bắc Ninh","634, Đường Quang Trung, Phường Quế Võ, Tỉnh Bắc Ninh",B,N-1,Hợp nhất toàn bộ,09247,OSM_Diff+vietnam-sap-nhap-phuong-xa.csv
node:10298693326,"5p, Phố Lương Ngọc Quyến, Hang Buồm, Hoàn Kiếm, Hà Nội","5p, Phố Lương Ngọc Quyến, Phường Hoàn Kiếm, Thành phố Hà Nội",B,N-1,Hợp nhất toàn bộ,00070,OSM_Diff+vietnam-sap-nhap-phuong-xa.csv
node:11683982778,"4A, Phố Hàng Giấy, Phường Đồng Xuân, Quận Hoàn Kiếm, Hà Nội","4A, Phố Hàng Giấy, Phường Hoàn Kiếm, Thành phố Hà Nội",M,M-N,Tách — nhập chủ yếu,00070,OSM_Diff+vietnam-sap-nhap-phuong-xa.csv
way:1301914087,"56-58-60, Phố Trần Phú, Phường Điện Biên, Quận Ba Đình, Hà Nội","56-58-60, Phố Trần Phú, Phường Ba Đình, Thành phố Hà Nội",M,M-N,Tách — nhập chủ yếu,00004,OSM_Diff+vietnam-sap-nhap-phuong-xa.csv
node:11766373873,"18 Ngõ 135 Đội Cấn, Phường Ngọc Hà, Quận Ba Đình, Thành phố Hà Nội","18 Ngõ 135 Đội Cấn, Phường Ba Đình, Thành phố Hà Nội",M,M-N,Tách — nhập chủ yếu,00004,OSM_Diff+vietnam-sap-nhap-phuong-xa.csv
way:964421034,"Đường Trần Hưng Đạo, Phường Suối Hoa, Thành phố Bắc Ninh, Bắc Ninh","Đường Trần Hưng Đạo, Phường Kinh Bắc, Tỉnh Bắc Ninh",B,N-1,Hợp nhất toàn bộ,09187,OSM_Diff+vietnam-sap-nhap-phuong-xa.csv
way:1410516612,"64, Đường Hoàng Quốc Việt, Phường Thị Cầu, Thành phố Bắc Ninh, Bắc Ninh","64, Đường Hoàng Quốc Việt, Phường Vũ Ninh, Tỉnh Bắc Ninh",B,N-1,Hợp nhất toàn bộ,09169,OSM_Diff+vietnam-sap-nhap-phuong-xa.csv
way:1301806136,"57, Phố Lê Hồng Phong, Phường Điện Biên, Quận Ba Đình, Hà Nội","57, Phố Lê Hồng Phong, Phường Ba Đình, Thành phố Hà Nội",M,M-N,Tách — nhập chủ yếu,00004,OSM_Diff+vietnam-sap-nhap-phuong-xa.csv
way:1301702174,"24, Phố Sơn Tây, Phường Điện Biên, Quận Ba Đình, Hà Nội","24, Phố Sơn Tây, Phường Ba Đình, Thành phố Hà Nội",M,M-N,Tách — nhập chủ yếu,00004,OSM_Diff+vietnam-sap-nhap-phuong-xa.csv
way:1301684938,"79, Phố Lê Hồng Phong, Phường Điện Biên, Quận Ba Đình, Hà Nội","79, Phố Lê Hồng Phong, Phường Ba Đình, Thành phố Hà Nội",M,M-N,Tách — nhập chủ yếu,00004,OSM_Diff+vietnam-sap-nhap-phuong-xa.csv
way:1301707706,"42, Phố Sơn Tây, Phường Điện Biên, Quận Ba Đình, Hà Nội","42, Phố Sơn Tây, Phường Ba Đình, Thành phố Hà Nội",M,M-N,Tách — nhập chủ yếu,00004,OSM_Diff+vietnam-sap-nhap-phuong-xa.csv
way:1031048334,"12, Đường Lý Thái Tổ, Phường Suối Hoa, Thành phố Bắc Ninh, Bắc Ninh","12, Đường Lý Thái Tổ, Phường Kinh Bắc, Tỉnh Bắc Ninh",B,N-1,Hợp nhất toàn bộ,09187,OSM_Diff+vietnam-sap-nhap-phuong-xa.csv
way:1301684948,"95, Phố Lê Hồng Phong, Phường Điện Biên, Quận Ba Đình, Hà Nội","95, Phố Lê Hồng Phong, Phường Ba Đình, Thành phố Hà Nội",M,M-N,Tách — nhập chủ yếu,00004,OSM_Diff+vietnam-sap-nhap-phuong-xa.csv
way:964409327,"Đường Đấu Mã, Phường Thị Cầu, Thành phố Bắc Ninh, Bắc Ninh","Đường Đấu Mã, Phường Vũ Ninh, Tỉnh Bắc Ninh",B,N-1,Hợp nhất toàn bộ,09169,OSM_Diff+vietnam-sap-nhap-phuong-xa.csv
way:1216036381,"17, Phố Khúc Hạo, Phường Điện Biên, Quận Ba Đình, Hà Nội","17, Phố Khúc Hạo, Phường Ba Đình, Thành phố Hà Nội",M,M-N,Tách — nhập chủ yếu,00004,OSM_Diff+vietnam-sap-nhap-phuong-xa.csv
way:1329107954,"437, Đường Nguyễn Văn Cừ, Phường Võ Cường, Thành phố Bắc Ninh, Bắc Ninh","437, Đường Nguyễn Văn Cừ, Phường Võ Cường, Tỉnh Bắc Ninh",B,N-1,Hợp nhất toàn bộ,09190,OSM_Diff+vietnam-sap-nhap-phuong-xa.csv
node:11675985403,"7, Phố Phùng Hưng, Phường Hàng Mã, Quận Hoàn Kiếm, Hà Nội","7, Phố Phùng Hưng, Phường Hoàn Kiếm, Thành phố Hà Nội",B,N-1,Hợp nhất toàn bộ,00070,OSM_Diff+vietnam-sap-nhap-phuong-xa.csv
way:1330085635,"182, Đường Lê Hồng Phong, Phường Kinh Bắc, Thành phố Bắc Ninh, Bắc Ninh","182, Đường Lê Hồng Phong, Phường Kinh Bắc, Tỉnh Bắc Ninh",B,N-1,Hợp nhất toàn bộ,09187,OSM_Diff+vietnam-sap-nhap-phuong-xa.csv
way:1301591105,"10, Ngách 28/2 Ông Ích Khiêm, Phường Điện Biên, Quận Ba Đình, Hà Nội","10, Ngách 28/2 Ông Ích Khiêm, Phường Ba Đình, Thành phố Hà Nội",M,M-N,Tách — nhập chủ yếu,00004,OSM_Diff+vietnam-sap-nhap-phuong-xa.csv
way:974596745,"101, Phố Quán Thánh, Phường Quán Thánh, Quận Ba Đình, Hà Nội","101, Phố Quán Thánh, Phường Ba Đình, Thành phố Hà Nội",B,N-1,Hợp nhất toàn bộ,00004,OSM_Diff+vietnam-sap-nhap-phuong-xa.csv
way:1301808695,"101, Phố Lê Hồng Phong, Phường Điện Biên, Quận Ba Đình, Hà Nội","101, Phố Lê Hồng Phong, Phường Ba Đình, Thành phố Hà Nội",M,M-N,Tách — nhập chủ yếu,00004,OSM_Diff+vietnam-sap-nhap-phuong-xa.csv
way:37629143,"19, Phố Ngọc Hà, Phường Ngọc Hà, Quận Ba Đình, Hà Nội","19, Phố Ngọc Hà, Phường Ba Đình, Thành phố Hà Nội",M,M-N,Tách — nhập chủ yếu,00004,OSM_Diff+vietnam-sap-nhap-phuong-xa.csv
way:703386693,"7, Đường Nguyễn Trí Phương, Phường Điện Biên, Quận Ba Đình, Hà Nội","7, Đường Nguyễn Trí Phương, Phường Ba Đình, Thành phố Hà Nội",M,M-N,Tách — nhập chủ yếu,00004,OSM_Diff+vietnam-sap-nhap-phuong-xa.csv
node:12084456818,"11, Phố Chu Văn An, Phường Điện Biên, Quận Ba Đình, Hà Nội","11, Phố Chu Văn An, Phường Ba Đình, Thành phố Hà Nội",M,M-N,Tách — nhập chủ yếu,00004,OSM_Diff+vietnam-sap-nhap-phuong-xa.csv
node:12062369096,"18B, Phố Lê Hồng Phong, Phường Điện Biên, Quận Ba Đình, Hà Nội","18B, Phố Lê Hồng Phong, Phường Ba Đình, Thành phố Hà Nội",M,M-N,Tách — nhập chủ yếu,00004,OSM_Diff+vietnam-sap-nhap-phuong-xa.csv
way:1301678526,"12, Ngõ 77 Lê Hồng Phong, Phường Điện Biên, Quận Ba Đình, Hà Nội","12, Ngõ 77 Lê Hồng Phong, Phường Ba Đình, Thành phố Hà Nội",M,M-N,Tách — nhập chủ yếu,00004,OSM_Diff+vietnam-sap-nhap-phuong-xa.csv
way:1301694251,"6A, Phố Sơn Tây, Phường Điện Biên, Quận Ba Đình, Hà Nội","6A, Phố Sơn Tây, Phường Ba Đình, Thành phố Hà Nội",M,M-N,Tách — nhập chủ yếu,00004,OSM_Diff+vietnam-sap-nhap-phuong-xa.csv
node:12475675890,"11, Đường Nguyễn Đăng Đạo, Phường Đại Phúc, Thành phố Bắc Ninh, Bắc Ninh","11, Đường Nguyễn Đăng Đạo, Phường Võ Cường, Tỉnh Bắc Ninh",B,N-1,Hợp nhất toàn bộ,09190,OSM_Diff+vietnam-sap-nhap-phuong-xa.csv
way:1256029303,"1, Phố Hàng Cót, Phường Hàng Mã, Quận Hoàn Kiếm, Hà Nội","1, Phố Hàng Cót, Phường Hoàn Kiếm, Thành phố Hà Nội",B,N-1,Hợp nhất toàn bộ,00070,OSM_Diff+vietnam-sap-nhap-phuong-xa.csv
way:1230610854,"43, Phố Trần Phú, Phường Điện Biên, Quận Ba Đình, Hà Nội","43, Phố Trần Phú, Phường Ba Đình, Thành phố Hà Nội",M,M-N,Tách — nhập chủ yếu,00004,OSM_Diff+vietnam-sap-nhap-phuong-xa.csv
way:1371643774,"Phố Hoà Đình, Phường Võ Cường, Thành phố Bắc Ninh, Bắc Ninh","Phố Hoà Đình, Phường Võ Cường, Tỉnh Bắc Ninh",B,N-1,Hợp nhất toàn bộ,09190,OSM_Diff+vietnam-sap-nhap-phuong-xa.csv
way:1302250723,"28, Đường Điện Biên Phủ, Phường Điện Biên, Quận Ba Đình, Hà Nội","28, Đường Điện Biên Phủ, Phường Ba Đình, Thành phố Hà Nội",M,M-N,Tách — nhập chủ yếu,00004,OSM_Diff+vietnam-sap-nhap-phuong-xa.csv
way:1301587186,"73, Phố Lê Hồng Phong, Phường Điện Biên, Quận Ba Đình, Hà Nội","73, Phố Lê Hồng Phong, Phường Ba Đình, Thành phố Hà Nội",M,M-N,Tách — nhập chủ yếu,00004,OSM_Diff+vietnam-sap-nhap-phuong-xa.csv
node:6924951786,"152, Phố Đức Chính, Phường Trúc Bạch, Quận Ba Đình, Hà Nội","152, Phố Đức Chính, Phường Ba Đình, Thành phố Hà Nội",B,N-1,Hợp nhất toàn bộ,00004,OSM_Diff+vietnam-sap-nhap-phuong-xa.csv
way:1301678545,"19, Ngõ 28 Ông Ích Khiêm, Phường Điện Biên, Quận Ba Đình, Hà Nội","19, Ngõ 28 Ông Ích Khiêm, Phường Ba Đình, Thành phố Hà Nội",M,M-N,Tách — nhập chủ yếu,00004,OSM_Diff+vietnam-sap-nhap-phuong-xa.csv
way:1301591156,"10, Ngõ 28 Ông Ích Khiêm, Phường Điện Biên, Quận Ba Đình, Hà Nội","10, Ngõ 28 Ông Ích Khiêm, Phường Ba Đình, Thành phố Hà Nội",M,M-N,Tách — nhập chủ yếu,00004,OSM_Diff+vietnam-sap-nhap-phuong-xa.csv
way:1324009743,"Phố Phan Kế Bính, Phường Phương Liễu, Thị xã Quế Võ, Bắc Ninh","Phố Phan Kế Bính, Phường Phương Liễu, Tỉnh Bắc Ninh",B,N-1,Hợp nhất toàn bộ,09265,OSM_Diff+vietnam-sap-nhap-phuong-xa.csv
way:1301684937,"81, Phố Lê Hồng Phong, Phường Điện Biên, Quận Ba Đình, Hà Nội","81, Phố Lê Hồng Phong, Phường Ba Đình, Thành phố Hà Nội",M,M-N,Tách — nhập chủ yếu,00004,OSM_Diff+vietnam-sap-nhap-phuong-xa.csv
way:1376145100,"Đường Khả Lễ, Phường Võ Cường, Thành phố Bắc Ninh, Bắc Ninh","Đường Khả Lễ, Phường Võ Cường, Tỉnh Bắc Ninh",B,N-1,Hợp nhất toàn bộ,09190,OSM_Diff+vietnam-sap-nhap-phuong-xa.csv
node:12059021453,"10, Đường Hùng Vương, Phường Điện Biên, Quận Ba Đình, Hà Nội","10, Đường Hùng Vương, Phường Ba Đình, Thành phố Hà Nội",M,M-N,Tách — nhập chủ yếu,00004,OSM_Diff+vietnam-sap-nhap-phuong-xa.csv
node:12934281720,"211, Đường Bà Chúa Kho, Phường Vũ Ninh, Thành phố Bác Ninh, Bắc Ninh","211, Đường Bà Chúa Kho, Phường Vũ Ninh, Tỉnh Bắc Ninh",B,N-1,Hợp nhất toàn bộ,09169,OSM_Diff+vietnam-sap-nhap-phuong-xa.csv
node:12076855384,"6A, Phố Lê Hồng Phong, Phường Điện Biên, Quận Ba Đình, Hà Nội","6A, Phố Lê Hồng Phong, Phường Ba Đình, Thành phố Hà Nội",M,M-N,Tách — nhập chủ yếu,00004,OSM_Diff+vietnam-sap-nhap-phuong-xa.csv
way:1301678503,"25, Ngõ 28 Ông Ích Khiêm, Phường Điện Biên, Quận Ba Đình, Hà Nội","25, Ngõ 28 Ông Ích Khiêm, Phường Ba Đình, Thành phố Hà Nội",M,M-N,Tách — nhập chủ yếu,00004,OSM_Diff+vietnam-sap-nhap-phuong-xa.csv
node:3370369424,"7, Phố Trúc Bạch, Phường Trúc Bạch, Quận Ba Đình, Hanoi","7, Phố Trúc Bạch, Phường Ba Đình, Thành phố Hà Nội",B,N-1,Hợp nhất toàn bộ,00004,OSM_Diff+vietnam-sap-nhap-phuong-xa.csv
way:1301794151,"34C, Phố Sơn Tây, Phường Điện Biên, Quận Ba Đình, Hà Nội","34C, Phố Sơn Tây, Phường Ba Đình, Thành phố Hà Nội",M,M-N,Tách — nhập chủ yếu,00004,OSM_Diff+vietnam-sap-nhap-phuong-xa.csv
node:5349533163,"851/2, Hẻm 851 Cách mạng tháng 8, Phường 7, Quận Tân Bình, Thành phố Hồ Chí Minh","851/2, Hẻm 851 Cách mạng tháng 8, Phường Tân Sơn Nhất, Thành phố Hồ Chí Minh",B,N-1,Hợp nhất toàn bộ,26968,OSM_Diff+vietnam-sap-nhap-phuong-xa.csv
node:12091378685,"53, Phố Trần Phú, Phường Điện Biên, Quận Ba Đình, Hà Nội","53, Phố Trần Phú, Phường Ba Đình, Thành phố Hà Nội",M,M-N,Tách — nhập chủ yếu,00004,OSM_Diff+vietnam-sap-nhap-phuong-xa.csv
way:1301684933,"87, Phố Lê Hồng Phong, Phường Điện Biên, Quận Ba Đình, Hà Nội","87, Phố Lê Hồng Phong, Phường Ba Đình, Thành phố Hà Nội",M,M-N,Tách — nhập chủ yếu,00004,OSM_Diff+vietnam-sap-nhap-phuong-xa.csv
node:11299418971,"19B, Phố Ngọc Hà, Phường Ngọc Hà, Quận Ba Đình, Hà Nội","19B, Phố Ngọc Hà, Phường Ba Đình, Thành phố Hà Nội",M,M-N,Tách — nhập chủ yếu,00004,OSM_Diff+vietnam-sap-nhap-phuong-xa.csv
way:1301591139,"Ngõ 71 Lê Hồng Phong, Phường Điện Biên, Quận Ba Đình, Hà Nội","Ngõ 71 Lê Hồng Phong, Phường Ba Đình, Thành phố Hà Nội",M,M-N,Tách — nhập chủ yếu,00004,OSM_Diff+vietnam-sap-nhap-phuong-xa.csv
way:1216036374,"3, Phố Khúc Hạo, Phường Điện Biên, Quận Ba Đình, Hà Nội","3, Phố Khúc Hạo, Phường Ba Đình, Thành phố Hà Nội",M,M-N,Tách — nhập chủ yếu,00004,OSM_Diff+vietnam-sap-nhap-phuong-xa.csv
way:1301678559,"34, Phố Ông Ích Khiêm, Phường Điện Biên, Quận Ba Đình, Hà Nội","34, Phố Ông Ích Khiêm, Phường Ba Đình, Thành phố Hà Nội",M,M-N,Tách — nhập chủ yếu,00004,OSM_Diff+vietnam-sap-nhap-phuong-xa.csv
way:1301678516,"3, Ngõ 77 Lê Hồng Phong, Phường Điện Biên, Quận Ba Đình, Hà Nội","3, Ngõ 77 Lê Hồng Phong, Phường Ba Đình, Thành phố Hà Nội",M,M-N,Tách — nhập chủ yếu,00004,OSM_Diff+vietnam-sap-nhap-phuong-xa.csv
way:1040487989,"60, Phố Nguyễn Thái Học, Phường Điện Biên, Quận Ba Đình, Hà Nội","60, Phố Nguyễn Thái Học, Phường Ba Đình, Thành phố Hà Nội",M,M-N,Tách — nhập chủ yếu,00004,OSM_Diff+vietnam-sap-nhap-phuong-xa.csv
node:10899908665,"5 P. Nguyễn Siêu, Hàng Buồm, Hoàn Kiếm, Hà Nội, Vietnam, Nguyễn Siêu, Hang Buom, Hoàn Kiếm, Hà Nội","5 P. Nguyễn Siêu, Hàng Buồm, Hoàn Kiếm, Hà Nội, Vietnam, Nguyễn Siêu, Phường Hoàn Kiếm, Thành phố Hà Nội",B,N-1,Hợp nhất toàn bộ,00070,OSM_Diff+vietnam-sap-nhap-phuong-xa.csv
way:964412098,"Đường Ngô Gia Tự, Phường Thị Cầu, Thành phố Bắc Ninh, Bắc Ninh","Đường Ngô Gia Tự, Phường Vũ Ninh, Tỉnh Bắc Ninh",B,N-1,Hợp nhất toàn bộ,09169,OSM_Diff+vietnam-sap-nhap-phuong-xa.csv
node:5745702575,"37, Đường Thành, Cửa Đông, Hoàn Kiếm, Hà Nội","37, Đường Thành, Phường Hoàn Kiếm, Thành phố Hà Nội",M,M-N,Tách — nhập chủ yếu,00070,OSM_Diff+vietnam-sap-nhap-phuong-xa.csv
way:1301815032,"8, Ngõ 71 Lê Hồng Phong, Phường Điện Biên, Quận Ba Đình, Hà Nội","8, Ngõ 71 Lê Hồng Phong, Phường Ba Đình, Thành phố Hà Nội",M,M-N,Tách — nhập chủ yếu,00004,OSM_Diff+vietnam-sap-nhap-phuong-xa.csv
way:565804952,"13, Phố Chu Văn An, Phường Điện Biên, Quận Ba Đình, Hà Nội","13, Phố Chu Văn An, Phường Ba Đình, Thành phố Hà Nội",M,M-N,Tách — nhập chủ yếu,00004,OSM_Diff+vietnam-sap-nhap-phuong-xa.csv
way:1218497914,"36A, Đường Hoàng Diệu, Phường Điện Biên, Quận Ba Đình, Hà Nội","36A, Đường Hoàng Diệu, Phường Ba Đình, Thành phố Hà Nội",M,M-N,Tách — nhập chủ yếu,00004,OSM_Diff+vietnam-sap-nhap-phuong-xa.csv
way:1369882829,"20A, Phố Chả Cá, Phường Hàng Bồ, Hoàn Kiếm, Hà Nội","20A, Phố Chả Cá, Phường Hoàn Kiếm, Thành phố Hà Nội",B,N-1,Hợp nhất toàn bộ,00070,OSM_Diff+vietnam-sap-nhap-phuong-xa.csv
way:697572009,"11, Phố Lê Hồng Phong, Phường Điện Biên, Quận Ba Đình, Hà Nội","11, Phố Lê Hồng Phong, Phường Ba Đình, Thành phố Hà Nội",M,M-N,Tách — nhập chủ yếu,00004,OSM_Diff+vietnam-sap-nhap-phuong-xa.csv
node:9765890584,"37, Phố Đức Chính, Phường Trúc Bạch, Quận Ba Đình, Hà Nội","37, Phố Đức Chính, Phường Ba Đình, Thành phố Hà Nội",B,N-1,Hợp nhất toàn bộ,00004,OSM_Diff+vietnam-sap-nhap-phuong-xa.csv
way:1301591136,"14, Ngõ 71 Lê Hồng Phong, Phường Điện Biên, Quận Ba Đình, Hà Nội","14, Ngõ 71 Lê Hồng Phong, Phường Ba Đình, Thành phố Hà Nội",M,M-N,Tách — nhập chủ yếu,00004,OSM_Diff+vietnam-sap-nhap-phuong-xa.csv
way:1301591101,"2, Ngách 28/2 Ông Ích Khiêm, Phường Điện Biên, Quận Ba Đình, Hà Nội","2, Ngách 28/2 Ông Ích Khiêm, Phường Ba Đình, Thành phố Hà Nội",M,M-N,Tách — nhập chủ yếu,00004,OSM_Diff+vietnam-sap-nhap-phuong-xa.csv
way:1301591099,"2, Ngõ 28 Ông Ích Khiêm, Phường Điện Biên, Quận Ba Đình, Hà Nội","2, Ngõ 28 Ông Ích Khiêm, Phường Ba Đình, Thành phố Hà Nội",M,M-N,Tách — nhập chủ yếu,00004,OSM_Diff+vietnam-sap-nhap-phuong-xa.csv
way:1024881852,"46, Đường Nguyễn Gia Thiều, Phường Suối Hoa, Thành phố Bắc Ninh, Bắc Ninh","46, Đường Nguyễn Gia Thiều, Phường Kinh Bắc, Tỉnh Bắc Ninh",B,N-1,Hợp nhất toàn bộ,09187,OSM_Diff+vietnam-sap-nhap-phuong-xa.csv
way:1304386629,"18, Đường Hoàng Diệu, Phường Quán Thánh, Quận Ba Đình, Hà Nội","18, Đường Hoàng Diệu, Phường Ba Đình, Thành phố Hà Nội",B,N-1,Hợp nhất toàn bộ,00004,OSM_Diff+vietnam-sap-nhap-phuong-xa.csv
way:1301694310,"20, Phố Sơn Tây, Phường Điện Biên, Quận Ba Đình, Hà Nội","20, Phố Sơn Tây, Phường Ba Đình, Thành phố Hà Nội",M,M-N,Tách — nhập chủ yếu,00004,OSM_Diff+vietnam-sap-nhap-phuong-xa.csv
way:1301591115,"20, Ngõ 28 Ông Ích Khiêm, Phường Điện Biên, Quận Ba Đình, Hà Nội","20, Ngõ 28 Ông Ích Khiêm, Phường Ba Đình, Thành phố Hà Nội",M,M-N,Tách — nhập chủ yếu,00004,OSM_Diff+vietnam-sap-nhap-phuong-xa.csv
node:12084456835,"5, Phố Lê Hồng Phong, Phường Điện Biên, Quận Ba Đình, Hà Nội","5, Phố Lê Hồng Phong, Phường Ba Đình, Thành phố Hà Nội",M,M-N,Tách — nhập chủ yếu,00004,OSM_Diff+vietnam-sap-nhap-phuong-xa.csv
node:12065821554,"2, Đường Hoàng Diệu, Phường Quán Thánh, Quận Ba Đình, Hà Nội","2, Đường Hoàng Diệu, Phường Ba Đình, Thành phố Hà Nội",B,N-1,Hợp nhất toàn bộ,00004,OSM_Diff+vietnam-sap-nhap-phuong-xa.csv
way:1218337324,"Phố Tôn Thất Đàm, Phường Điện Biên, Quận Ba Đình, Hà Nội","Phố Tôn Thất Đàm, Phường Ba Đình, Thành phố Hà Nội",M,M-N,Tách — nhập chủ yếu,00004,OSM_Diff+vietnam-sap-nhap-phuong-xa.csv
node:12059021452,"23B, Phố Lê Hồng Phong, Phường Điện Biên, Quận Ba Đình, Hà Nội","23B, Phố Lê Hồng Phong, Phường Ba Đình, Thành phố Hà Nội",M,M-N,Tách — nhập chủ yếu,00004,OSM_Diff+vietnam-sap-nhap-phuong-xa.csv
node:12091378705,"56, Đường Hoàng Diệu, Phường Điện Biên, Quận Ba Đình, Hà Nội","56, Đường Hoàng Diệu, Phường Ba Đình, Thành phố Hà Nội",M,M-N,Tách — nhập chủ yếu,00004,OSM_Diff+vietnam-sap-nhap-phuong-xa.csv
node:11299418983,"19C, Phố Ngọc Hà, Phường Ngọc Hà, Quận Ba Đình, Hà Nội","19C, Phố Ngọc Hà, Phường Ba Đình, Thành phố Hà Nội",M,M-N,Tách — nhập chủ yếu,00004,OSM_Diff+vietnam-sap-nhap-phuong-xa.csv
way:1079732707,"Đường Lý Huệ Tông, Phường Đình Bảng, Thành phố Từ Sơn, Bắc Ninh","Đường Lý Huệ Tông, Phường Từ Sơn, Tỉnh Bắc Ninh",B,N-1,Hợp nhất toàn bộ,09367,OSM_Diff+vietnam-sap-nhap-phuong-xa.csv
way:576742594,"24, Phố Vạn Hạnh, Phường Đình Bảng, Thành phố Từ Sơn, Bắc Ninh","24, Phố Vạn Hạnh, Phường Từ Sơn, Tỉnh Bắc Ninh",B,N-1,Hợp nhất toàn bộ,09367,OSM_Diff+vietnam-sap-nhap-phuong-xa.csv
node:4772225421,"98, Hàng Bạc, Hàng Bạc, Hoàn Kiếm, Hà Nội","98, Hàng Bạc, Phường Hoàn Kiếm, Thành phố Hà Nội",B,N-1,Hợp nhất toàn bộ,00070,OSM_Diff+vietnam-sap-nhap-phuong-xa.csv
way:1036443737,"11A, Đường Lý Thái Tổ, Phường Suối Hoa, Thành phố Bắc Ninh, Bắc Ninh","11A, Đường Lý Thái Tổ, Phường Kinh Bắc, Tỉnh Bắc Ninh",B,N-1,Hợp nhất toàn bộ,09187,OSM_Diff+vietnam-sap-nhap-phuong-xa.csv
way:702790709,"37, Đường Hùng Vương, Phường Điện Biên, Quận Ba Đình, Hà Nội","37, Đường Hùng Vương, Phường Ba Đình, Thành phố Hà Nội",M,M-N,Tách — nhập chủ yếu,00004,OSM_Diff+vietnam-sap-nhap-phuong-xa.csv
way:1037268072,"618, Đường Quang Trung, Phường Phố Mới, Thị xã Quế Võ, Bắc Ninh","618, Đường Quang Trung, Phường Quế Võ, Tỉnh Bắc Ninh",B,N-1,Hợp nhất toàn bộ,09247,OSM_Diff+vietnam-sap-nhap-phuong-xa.csv
way:1337759917,"127, Đường Lý Thường Kiệt, Phường Châu Khê, Thành phố Từ Sơn, Bắc Ninh","127, Đường Lý Thường Kiệt, Phường Phù Khê, Tỉnh Bắc Ninh",B,N-1,Hợp nhất toàn bộ,09379,OSM_Diff+vietnam-sap-nhap-phuong-xa.csv
node:12875629094,"353, Đường Trần Hưng Đạo, Phường Đại Phúc, Thành phố Bắc Ninh, Bắc Ninh","353, Đường Trần Hưng Đạo, Phường Võ Cường, Tỉnh Bắc Ninh",B,N-1,Hợp nhất toàn bộ,09190,OSM_Diff+vietnam-sap-nhap-phuong-xa.csv
way:1301699237,"111, Phố Lê Hồng Phong, Phường Đội Cấn, Quận Ba Đình, Hà Nội","111, Phố Lê Hồng Phong, Phường Ba Đình, Thành phố Hà Nội",M,M-N,Tách — một phần,00004,OSM_Diff+vietnam-sap-nhap-phuong-xa.csv
way:1301806140,"93, Phố Lê Hồng Phong, Phường Điện Biên, Quận Ba Đình, Hà Nội","93, Phố Lê Hồng Phong, Phường Ba Đình, Thành phố Hà Nội",M,M-N,Tách — nhập chủ yếu,00004,OSM_Diff+vietnam-sap-nhap-phuong-xa.csv
way:964417884,"85, Đường Lê Văn Thịnh, Phường Suối Hoa, Thành phố Bắc Ninh, Bắc Ninh","85, Đường Lê Văn Thịnh, Phường Kinh Bắc, Tỉnh Bắc Ninh",B,N-1,Hợp nhất toàn bộ,09187,OSM_Diff+vietnam-sap-nhap-phuong-xa.csv
node:11683982779,"4, Phố Hàng Giấy, Phường Đồng Xuân, Quận Hoàn Kiếm, Hà Nội","4, Phố Hàng Giấy, Phường Hoàn Kiếm, Thành phố Hà Nội",M,M-N,Tách — nhập chủ yếu,00070,OSM_Diff+vietnam-sap-nhap-phuong-xa.csv
node:12230059534,"86, Phố Cửa Bắc, Quán Thánh, Ba Đình, Hà Nội","86, Phố Cửa Bắc, Phường Ba Đình, Thành phố Hà Nội",B,N-1,Hợp nhất toàn bộ,00004,OSM_Diff+vietnam-sap-nhap-phuong-xa.csv
way:1301678518,"1A, Ngõ 77 Lê Hồng Phong, Phường Điện Biên, Quận Ba Đình, Hà Nội","1A, Ngõ 77 Lê Hồng Phong, Phường Ba Đình, Thành phố Hà Nội",M,M-N,Tách — nhập chủ yếu,00004,OSM_Diff+vietnam-sap-nhap-phuong-xa.csv
way:1119809327,"Đường Hoàng Diệu, Phường Quán Thánh, Quận Ba Đình, Hà Nội","Đường Hoàng Diệu, Phường Ba Đình, Thành phố Hà Nội",B,N-1,Hợp nhất toàn bộ,00004,OSM_Diff+vietnam-sap-nhap-phuong-xa.csv
way:1040496853,"42, Phố Trần Phú, Phường Điện Biên, Quận Ba Đình, Hà Nội","42, Phố Trần Phú, Phường Ba Đình, Thành phố Hà Nội",M,M-N,Tách — nhập chủ yếu,00004,OSM_Diff+vietnam-sap-nhap-phuong-xa.csv
node:3178449963,"6, Phố Nguyễn Quang Bích, Cửa Đông, Hoàn Kiếm, Hà Nội","6, Phố Nguyễn Quang Bích, Phường Hoàn Kiếm, Thành phố Hà Nội",M,M-N,Tách — nhập chủ yếu,00070,OSM_Diff+vietnam-sap-nhap-phuong-xa.csv
node:10259377067,"14E, Đường Quốc Hương, Thảo Điền, 2, Ho Chi Minh CIty","14E, Đường Quốc Hương, Phường An Khánh, Thành phố Hồ Chí Minh",B,N-1,Hợp nhất toàn bộ,27094,OSM_Diff+vietnam-sap-nhap-phuong-xa.csv
way:1031048350,"7, Đường Lý Thái Tổ, Phường Suối Hoa, Thành phố Bắc Ninh, Bắc Ninh","7, Đường Lý Thái Tổ, Phường Kinh Bắc, Tỉnh Bắc Ninh",B,N-1,Hợp nhất toàn bộ,09187,OSM_Diff+vietnam-sap-nhap-phuong-xa.csv
way:1301591085,"6, Phố Ông Ích Khiêm, Phường Điện Biên, Quận Ba Đình, Hà Nội","6, Phố Ông Ích Khiêm, Phường Ba Đình, Thành phố Hà Nội",M,M-N,Tách — nhập chủ yếu,00004,OSM_Diff+vietnam-sap-nhap-phuong-xa.csv
way:1301587179,"61, Phố Lê Hồng Phong, Phường Điện Biên, Quận Ba Đình, Hà Nội","61, Phố Lê Hồng Phong, Phường Ba Đình, Thành phố Hà Nội",M,M-N,Tách — nhập chủ yếu,00004,OSM_Diff+vietnam-sap-nhap-phuong-xa.csv
node:4759687343,"2, Phố Hàng Bông, hang gai, Hoàn Kiếm, Hà Nội","2, Phố Hàng Bông, Phường Hoàn Kiếm, Thành phố Hà Nội",B,N-1,Hợp nhất toàn bộ,00070,OSM_Diff+vietnam-sap-nhap-phuong-xa.csv
node:10860208391,"77, Phố Phùng Hưng, Hàng Mã, Hoàn Kiếm, Hà Nội","77, Phố Phùng Hưng, Phường Hoàn Kiếm, Thành phố Hà Nội",B,N-1,Hợp nhất toàn bộ,00070,OSM_Diff+vietnam-sap-nhap-phuong-xa.csv
way:1351852307,"Phố Nguyễn Phúc Xuyên, Phường Đại Phúc, Thành phố Bắc Ninh, Bắc Ninh","Phố Nguyễn Phúc Xuyên, Phường Võ Cường, Tỉnh Bắc Ninh",B,N-1,Hợp nhất toàn bộ,09190,OSM_Diff+vietnam-sap-nhap-phuong-xa.csv
way:1301702179,"28, Phố Sơn Tây, Phường Điện Biên, Quận Ba Đình, Hà Nội","28, Phố Sơn Tây, Phường Ba Đình, Thành phố Hà Nội",M,M-N,Tách — nhập chủ yếu,00004,OSM_Diff+vietnam-sap-nhap-phuong-xa.csv
node:2256217986,"108, Phố Hàng Bạc, Hàng Bạc, Hoàn Kiếm, Hà Nội","108, Phố Hàng Bạc, Phường Hoàn Kiếm, Thành phố Hà Nội",B,N-1,Hợp nhất toàn bộ,00070,OSM_Diff+vietnam-sap-nhap-phuong-xa.csv
way:1114996973,"30, Đường Hoàng Diệu, Phường Điện Biên, Quận Ba Đình, Hà Nội","30, Đường Hoàng Diệu, Phường Ba Đình, Thành phố Hà Nội",M,M-N,Tách — nhập chủ yếu,00004,OSM_Diff+vietnam-sap-nhap-phuong-xa.csv
way:1301678523,"16, Ngõ 77 Lê Hồng Phong, Phường Điện Biên, Quận Ba Đình, Hà Nội","16, Ngõ 77 Lê Hồng Phong, Phường Ba Đình, Thành phố Hà Nội",M,M-N,Tách — nhập chủ yếu,00004,OSM_Diff+vietnam-sap-nhap-phuong-xa.csv
way:1370501878,"39, Đường Nguyễn Đăng Đạo, Phường Suối Hoa, Thành phố Bắc Ninh, Bắc Ninh","39, Đường Nguyễn Đăng Đạo, Phường Kinh Bắc, Tỉnh Bắc Ninh",B,N-1,Hợp nhất toàn bộ,09187,OSM_Diff+vietnam-sap-nhap-phuong-xa.csv
way:1301678517,"1, Ngõ 77 Lê Hồng Phong, Phường Điện Biên, Quận Ba Đình, Hà Nội","1, Ngõ 77 Lê Hồng Phong, Phường Ba Đình, Thành phố Hà Nội",M,M-N,Tách — nhập chủ yếu,00004,OSM_Diff+vietnam-sap-nhap-phuong-xa.csv
way:1040487985,"47, Phố Trần Phú, Phường Điện Biên, Quận Ba Đình, Hà Nội","47, Phố Trần Phú, Phường Ba Đình, Thành phố Hà Nội",M,M-N,Tách — nhập chủ yếu,00004,OSM_Diff+vietnam-sap-nhap-phuong-xa.csv
way:579331960,"21, Đường Lý Thái Tổ, Đại Phúc, Thành phố Bắc Ninh, Thành phố Bắc Ninh","21, Đường Lý Thái Tổ, Phường Võ Cường, Tỉnh Bắc Ninh",B,N-1,Hợp nhất toàn bộ,09190,OSM_Diff+vietnam-sap-nhap-phuong-xa.csv
node:5845633629,"Đường Lý Thái Tổ, Phường Đại Phúc, Thành phố Bắc Ninh, Bắc Ninh","Đường Lý Thái Tổ, Phường Võ Cường, Tỉnh Bắc Ninh",B,N-1,Hợp nhất toàn bộ,09190,OSM_Diff+vietnam-sap-nhap-phuong-xa.csv
way:1301591155,"8, Ngõ 28 Ông Ích Khiêm, Phường Điện Biên, Quận Ba Đình, Hà Nội","8, Ngõ 28 Ông Ích Khiêm, Phường Ba Đình, Thành phố Hà Nội",M,M-N,Tách — nhập chủ yếu,00004,OSM_Diff+vietnam-sap-nhap-phuong-xa.csv
way:703386732,"41-43, Phố Trần Phú, Phường Điện Biên, Quận Ba Đình, Hà Nội","41-43, Phố Trần Phú, Phường Ba Đình, Thành phố Hà Nội",M,M-N,Tách — nhập chủ yếu,00004,OSM_Diff+vietnam-sap-nhap-phuong-xa.csv
node:11051227828,"154, Phố Nguyễn Thái Học, Kim Mã, Q.Ba Đình, Hà Nội","154, Phố Nguyễn Thái Học, Phường Ba Đình, Thành phố Hà Nội",M,M-N,Tách — một phần,00004,OSM_Diff+vietnam-sap-nhap-phuong-xa.csv
way:648461435,"Phố Trang Hạ, Phường Trang Hạ, Thành phố Từ Sơn, Bắc Ninh","Phố Trang Hạ, Phường Đồng Nguyên, Tỉnh Bắc Ninh",B,N-1,Hợp nhất toàn bộ,09385,OSM_Diff+vietnam-sap-nhap-phuong-xa.csv
node:7735419280,"3, Phố Tạ Hiện, Hang Buồm, Hoàn Kiếm, Hà Nội","3, Phố Tạ Hiện, Phường Hoàn Kiếm, Thành phố Hà Nội",B,N-1,Hợp nhất toàn bộ,00070,OSM_Diff+vietnam-sap-nhap-phuong-xa.csv
node:12084476977,"44-46, Phố Trần Phú, Phường Điện Biên, Quận Ba Đình, Hà Nội","44-46, Phố Trần Phú, Phường Ba Đình, Thành phố Hà Nội",M,M-N,Tách — nhập chủ yếu,00004,OSM_Diff+vietnam-sap-nhap-phuong-xa.csv
way:697005490,"Đường Nguyễn Văn Cừ, Phường Võ Cường, Thành phố Bắc Ninh, Bắc Ninh","Đường Nguyễn Văn Cừ, Phường Võ Cường, Tỉnh Bắc Ninh",B,N-1,Hợp nhất toàn bộ,09190,OSM_Diff+vietnam-sap-nhap-phuong-xa.csv
way:1339010955,"108, Đường Nguyễn Cao, Phường Tiền Ninh Vệ, Thành phố Bắc Ninh, Bắc Ninh","108, Đường Nguyễn Cao, Phường Kinh Bắc, Tỉnh Bắc Ninh",B,N-1,Hợp nhất toàn bộ,09187,OSM_Diff+vietnam-sap-nhap-phuong-xa.csv
node:12091537997,"12, Phố Chu Văn An, Phường Điện Biên, Quận Ba Đình, Hà Nội","12, Phố Chu Văn An, Phường Ba Đình, Thành phố Hà Nội",M,M-N,Tách — nhập chủ yếu,00004,OSM_Diff+vietnam-sap-nhap-phuong-xa.csv
way:1301707672,"50, Phố Sơn Tây, Phường Điện Biên, Quận Ba Đình, Hà Nội","50, Phố Sơn Tây, Phường Ba Đình, Thành phố Hà Nội",M,M-N,Tách — nhập chủ yếu,00004,OSM_Diff+vietnam-sap-nhap-phuong-xa.csv
way:1219283149,"2A, Phố Ông Ích Khiêm, Phường Điện Biên, Quận Ba Đình, Hà Nội","2A, Phố Ông Ích Khiêm, Phường Ba Đình, Thành phố Hà Nội",M,M-N,Tách — nhập chủ yếu,00004,OSM_Diff+vietnam-sap-nhap-phuong-xa.csv
node:12934281711,"163, Đường Bà Chúa Kho, Phường Vũ Ninh, Thành phố Bác Ninh, Bắc Ninh","163, Đường Bà Chúa Kho, Phường Vũ Ninh, Tỉnh Bắc Ninh",B,N-1,Hợp nhất toàn bộ,09169,OSM_Diff+vietnam-sap-nhap-phuong-xa.csv
way:1301707674,"1B, Phố Ngọc Hà, Phường Đội Cấn, Quận Ba Đình, Hà Nội","1B, Phố Ngọc Hà, Phường Ba Đình, Thành phố Hà Nội",M,M-N,Tách — một phần,00004,OSM_Diff+vietnam-sap-nhap-phuong-xa.csv
way:1114996971,"34, Đường Hoàng Diệu, Phường Điện Biên, Quận Ba Đình, Hà Nội","34, Đường Hoàng Diệu, Phường Ba Đình, Thành phố Hà Nội",M,M-N,Tách — nhập chủ yếu,00004,OSM_Diff+vietnam-sap-nhap-phuong-xa.csv
way:1351844044,"Đường Lê Thái Tổ, Phường Võ Cường, Thành phố Bắc Ninh, Bắc Ninh","Đường Lê Thái Tổ, Phường Võ Cường, Tỉnh Bắc Ninh",B,N-1,Hợp nhất toàn bộ,09190,OSM_Diff+vietnam-sap-nhap-phuong-xa.csv
way:1301794150,"34, Phố Sơn Tây, Phường Điện Biên, Quận Ba Đình, Hà Nội","34, Phố Sơn Tây, Phường Ba Đình, Thành phố Hà Nội",M,M-N,Tách — nhập chủ yếu,00004,OSM_Diff+vietnam-sap-nhap-phuong-xa.csv
node:11675985401,"3, Phố Phùng Hưng, Phường Hàng Mã, Quận Hoàn Kiếm, Hà Nội","3, Phố Phùng Hưng, Phường Hoàn Kiếm, Thành phố Hà Nội",B,N-1,Hợp nhất toàn bộ,00070,OSM_Diff+vietnam-sap-nhap-phuong-xa.csv
way:1063218195,"23, Đường Thiên Đức, Phường Tiền Ninh Vệ, Thành phố Bắc Ninh, Bắc Ninh","23, Đường Thiên Đức, Phường Kinh Bắc, Tỉnh Bắc Ninh",B,N-1,Hợp nhất toàn bộ,09187,OSM_Diff+vietnam-sap-nhap-phuong-xa.csv
node:12090398174,"23, Phố Cao Bá Quát, Phường Điện Biên, Quận Ba Đình, Hà Nội","23, Phố Cao Bá Quát, Phường Ba Đình, Thành phố Hà Nội",M,M-N,Tách — nhập chủ yếu,00004,OSM_Diff+vietnam-sap-nhap-phuong-xa.csv
way:1114717095,"12, Đường Hùng Vương, Phường Điện Biên, Quận Ba Đình, Hà Nội","12, Đường Hùng Vương, Phường Ba Đình, Thành phố Hà Nội",M,M-N,Tách — nhập chủ yếu,00004,OSM_Diff+vietnam-sap-nhap-phuong-xa.csv
node:12088692397,"20, Phố Lê Hồng Phong, Phường Điện Biên, Quận Ba Đình, Hà Nội","20, Phố Lê Hồng Phong, Phường Ba Đình, Thành phố Hà Nội",M,M-N,Tách — nhập chủ yếu,00004,OSM_Diff+vietnam-sap-nhap-phuong-xa.csv
way:1036443752,"80, Đường Lê Văn Thịnh, Phường Suối Hoa, Thành phố Bắc Ninh, Bắc Ninh","80, Đường Lê Văn Thịnh, Phường Kinh Bắc, Tỉnh Bắc Ninh",B,N-1,Hợp nhất toàn bộ,09187,OSM_Diff+vietnam-sap-nhap-phuong-xa.csv
node:12934281710,"161, Đường Bà Chúa Kho, Phường Vũ Ninh, Thành phố Bác Ninh, Bắc Ninh","161, Đường Bà Chúa Kho, Phường Vũ Ninh, Tỉnh Bắc Ninh",B,N-1,Hợp nhất toàn bộ,09169,OSM_Diff+vietnam-sap-nhap-phuong-xa.csv
node:12084456821,"6, Phố Khúc Hạo, Phường Điện Biên, Quận Ba Đình, Hà Nội","6, Phố Khúc Hạo, Phường Ba Đình, Thành phố Hà Nội",M,M-N,Tách — nhập chủ yếu,00004,OSM_Diff+vietnam-sap-nhap-phuong-xa.csv
way:1118795803,"56, Phố Nguyễn Thái Học, Phường Điện Biên, Quận Ba Đình, Hà Nội","56, Phố Nguyễn Thái Học, Phường Ba Đình, Thành phố Hà Nội",M,M-N,Tách — nhập chủ yếu,00004,OSM_Diff+vietnam-sap-nhap-phuong-xa.csv
way:1216036377,"9, Phố Khúc Hạo, Phường Điện Biên, Quận Ba Đình, Hà Nội","9, Phố Khúc Hạo, Phường Ba Đình, Thành phố Hà Nội",M,M-N,Tách — nhập chủ yếu,00004,OSM_Diff+vietnam-sap-nhap-phuong-xa.csv
way:1301709914,"22, Đường Hùng Vương, Phường Điện Biên, Quận Ba Đình, Hà Nội","22, Đường Hùng Vương, Phường Ba Đình, Thành phố Hà Nội",M,M-N,Tách — nhập chủ yếu,00004,OSM_Diff+vietnam-sap-nhap-phuong-xa.csv
way:1216036350,"37, Đường Điện Biên Phủ, Phường Điện Biên, Quận Ba Đình, Hà Nội","37, Đường Điện Biên Phủ, Phường Ba Đình, Thành phố Hà Nội",M,M-N,Tách — nhập chủ yếu,00004,OSM_Diff+vietnam-sap-nhap-phuong-xa.csv
node:11683982791,"24, Phố Hàng Giấy, Phường Đồng Xuân, Quận Hoàn Kiếm, Hà Nội","24, Phố Hàng Giấy, Phường Hoàn Kiếm, Thành phố Hà Nội",M,M-N,Tách — nhập chủ yếu,00070,OSM_Diff+vietnam-sap-nhap-phuong-xa.csv
way:1301591091,"12, Phố Ông Ích Khiêm, Phường Điện Biên, Quận Ba Đình, Hà Nội","12, Phố Ông Ích Khiêm, Phường Ba Đình, Thành phố Hà Nội",M,M-N,Tách — nhập chủ yếu,00004,OSM_Diff+vietnam-sap-nhap-phuong-xa.csv
node:11675985411,"23, Phố Phùng Hưng, Phường Hàng Mã, Quận Hoàn Kiếm, Hà Nội","23, Phố Phùng Hưng, Phường Hoàn Kiếm, Thành phố Hà Nội",B,N-1,Hợp nhất toàn bộ,00070,OSM_Diff+vietnam-sap-nhap-phuong-xa.csv
way:1301591153,"26, Ngõ 28 Ông Ích Khiêm, Phường Điện Biên, Quận Ba Đình, Hà Nội","26, Ngõ 28 Ông Ích Khiêm, Phường Ba Đình, Thành phố Hà Nội",M,M-N,Tách — nhập chủ yếu,00004,OSM_Diff+vietnam-sap-nhap-phuong-xa.csv
way:1350645039,"63, Phố Hoàng Cầu, Phường Ô Chợ Dừa, Quận Đống Đa, Hà Nội","63, Phố Hoàng Cầu, Phường Ô Chợ Dừa, Thành phố Hà Nội",M,M-N,Tách — nhập chủ yếu,00190,OSM_Diff+vietnam-sap-nhap-phuong-xa.csv
node:12061176120,"1, Phố Chùa Một Cột, Phường Điện Biên, Quận Ba Đình, Hà Nội","1, Phố Chùa Một Cột, Phường Ba Đình, Thành phố Hà Nội",M,M-N,Tách — nhập chủ yếu,00004,OSM_Diff+vietnam-sap-nhap-phuong-xa.csv
way:1301591082,"4, Ngõ 71 Lê Hồng Phong, Phường Điện Biên, Quận Ba Đình, Hà Nội","4, Ngõ 71 Lê Hồng Phong, Phường Ba Đình, Thành phố Hà Nội",M,M-N,Tách — nhập chủ yếu,00004,OSM_Diff+vietnam-sap-nhap-phuong-xa.csv
way:1301591112,"22, Ngách 28/2 Ông Ích Khiêm, Phường Điện Biên, Quận Ba Đình, Hà Nội","22, Ngách 28/2 Ông Ích Khiêm, Phường Ba Đình, Thành phố Hà Nội",M,M-N,Tách — nhập chủ yếu,00004,OSM_Diff+vietnam-sap-nhap-phuong-xa.csv
way:1301699236,"13, Phố Ngọc Hà, Phường Đội Cấn, Quận Ba Đình, Hà Nội","13, Phố Ngọc Hà, Phường Ba Đình, Thành phố Hà Nội",M,M-N,Tách — một phần,00004,OSM_Diff+vietnam-sap-nhap-phuong-xa.csv
way:37625751,"1, Đường Hùng Vương, Phường Điện Biên, Quận Ba Đình, Hà Nội","1, Đường Hùng Vương, Phường Ba Đình, Thành phố Hà Nội",M,M-N,Tách — nhập chủ yếu,00004,OSM_Diff+vietnam-sap-nhap-phuong-xa.csv
way:1301707679,"46B, Phố Sơn Tây, Phường Điện Biên, Quận Ba Đình, Hà Nội","46B, Phố Sơn Tây, Phường Ba Đình, Thành phố Hà Nội",M,M-N,Tách — nhập chủ yếu,00004,OSM_Diff+vietnam-sap-nhap-phuong-xa.csv
way:1230813936,"56-58-60, Phố Nguyễn Thái Học, Phường Điện Biên, Quận Ba Đình, Hà Nội","56-58-60, Phố Nguyễn Thái Học, Phường Ba Đình, Thành phố Hà Nội",M,M-N,Tách — nhập chủ yếu,00004,OSM_Diff+vietnam-sap-nhap-phuong-xa.csv
way:1216054928,"8, Phố Chu Văn An, Phường Điện Biên, Quận Ba Đình, Hà Nội","8, Phố Chu Văn An, Phường Ba Đình, Thành phố Hà Nội",M,M-N,Tách — nhập chủ yếu,00004,OSM_Diff+vietnam-sap-nhap-phuong-xa.csv
way:1301591106,"12, Ngách 28/2 Ông Ích Khiêm, Phường Điện Biên, Quận Ba Đình, Hà Nội","12, Ngách 28/2 Ông Ích Khiêm, Phường Ba Đình, Thành phố Hà Nội",M,M-N,Tách — nhập chủ yếu,00004,OSM_Diff+vietnam-sap-nhap-phuong-xa.csv
node:3496464405,"37, Phố Nam Tràng, Phường Trúc Bạch, Quận Ba Đình, Hà Nội","37, Phố Nam Tràng, Phường Ba Đình, Thành phố Hà Nội",B,N-1,Hợp nhất toàn bộ,00004,OSM_Diff+vietnam-sap-nhap-phuong-xa.csv
way:1301587175,"51, Phố Lê Hồng Phong, Phường Điện Biên, Quận Ba Đình, Hà Nội","51, Phố Lê Hồng Phong, Phường Ba Đình, Thành phố Hà Nội",M,M-N,Tách — nhập chủ yếu,00004,OSM_Diff+vietnam-sap-nhap-phuong-xa.csv
node:7178787481,"18, Phố Đồng Xuân, Đồng Xuân, Hoàn Kiếm, Hà Nội","18, Phố Đồng Xuân, Phường Hoàn Kiếm, Thành phố Hà Nội",M,M-N,Tách — nhập chủ yếu,00070,OSM_Diff+vietnam-sap-nhap-phuong-xa.csv
node:12076855382,"47, Đường Điện Biên Phủ, Phường Điện Biên, Quận Ba Đình, Hà Nội","47, Đường Điện Biên Phủ, Phường Ba Đình, Thành phố Hà Nội",M,M-N,Tách — nhập chủ yếu,00004,OSM_Diff+vietnam-sap-nhap-phuong-xa.csv
way:700627456,"17, Phố Nguyễn Thiện Thuật, Hang Buom, Hoàn Kiếm, Hà Nội","17, Phố Nguyễn Thiện Thuật, Phường Hoàn Kiếm, Thành phố Hà Nội",B,N-1,Hợp nhất toàn bộ,00070,OSM_Diff+vietnam-sap-nhap-phuong-xa.csv
way:1031077422,"Đường Nguyễn Thủ Tiệp, Phường Khắc Niệm, Thành phố Bắc Ninh, Bắc Ninh","Đường Nguyễn Thủ Tiệp, Phường Hạp Lĩnh, Tỉnh Bắc Ninh",B,N-1,Hợp nhất toàn bộ,09325,OSM_Diff+vietnam-sap-nhap-phuong-xa.csv
way:1303292969,"10, Ngõ 77 Lê Hồng Phong, Phường Điện Biên, Quận Ba Đình, Hà Nội","10, Ngõ 77 Lê Hồng Phong, Phường Ba Đình, Thành phố Hà Nội",M,M-N,Tách — nhập chủ yếu,00004,OSM_Diff+vietnam-sap-nhap-phuong-xa.csv
node:11415163412,"29, Phố Trần Phú, Phường Điện Biên, Quận Ba Đình, Hà Nội","29, Phố Trần Phú, Phường Ba Đình, Thành phố Hà Nội",M,M-N,Tách — nhập chủ yếu,00004,OSM_Diff+vietnam-sap-nhap-phuong-xa.csv
node:12057568399,"26B, Phố Sơn Tây, Phường Điện Biên, Quận Ba Đình, Hà Nội","26B, Phố Sơn Tây, Phường Ba Đình, Thành phố Hà Nội",M,M-N,Tách — nhập chủ yếu,00004,OSM_Diff+vietnam-sap-nhap-phuong-xa.csv
way:1230887042,"27-29, Phố Trần Phú, Phường Điện Biên, Quận Ba Đình, Hà Nội","27-29, Phố Trần Phú, Phường Ba Đình, Thành phố Hà Nội",M,M-N,Tách — nhập chủ yếu,00004,OSM_Diff+vietnam-sap-nhap-phuong-xa.csv
way:1301591109,"18, Ngách 28/2 Ông Ích Khiêm, Phường Điện Biên, Quận Ba Đình, Hà Nội","18, Ngách 28/2 Ông Ích Khiêm, Phường Ba Đình, Thành phố Hà Nội",M,M-N,Tách — nhập chủ yếu,00004,OSM_Diff+vietnam-sap-nhap-phuong-xa.csv
way:1232317533,"4, Đường Hoàng Diệu, Phường Quán Thánh, Quận Ba Đình, Hà Nội","4, Đường Hoàng Diệu, Phường Ba Đình, Thành phố Hà Nội",B,N-1,Hợp nhất toàn bộ,00004,OSM_Diff+vietnam-sap-nhap-phuong-xa.csv
way:703386728,"46, Phố Trần Phú, Phường Điện Biên, Quận Ba Đình, Hà Nội","46, Phố Trần Phú, Phường Ba Đình, Thành phố Hà Nội",M,M-N,Tách — nhập chủ yếu,00004,OSM_Diff+vietnam-sap-nhap-phuong-xa.csv
way:1301707646,"Ngõ 32B Sơn Tây, Phường Điện Biên, Quận Ba Đình, Hà Nội","Ngõ 32B Sơn Tây, Phường Ba Đình, Thành phố Hà Nội",M,M-N,Tách — nhập chủ yếu,00004,OSM_Diff+vietnam-sap-nhap-phuong-xa.csv
way:1031048333,"10, Đường Lý Thái Tổ, Phường Suối Hoa, Thành phố Bắc Ninh, Bắc Ninh","10, Đường Lý Thái Tổ, Phường Kinh Bắc, Tỉnh Bắc Ninh",B,N-1,Hợp nhất toàn bộ,09187,OSM_Diff+vietnam-sap-nhap-phuong-xa.csv
node:12084456819,"13-15, Phố Chu Văn An, Phường Điện Biên, Quận Ba Đình, Hà Nội","13-15, Phố Chu Văn An, Phường Ba Đình, Thành phố Hà Nội",M,M-N,Tách — nhập chủ yếu,00004,OSM_Diff+vietnam-sap-nhap-phuong-xa.csv
way:914593362,"67, Phố Trần Phú, Phường Điện Biên, Quận Ba Đình, Hà Nội","67, Phố Trần Phú, Phường Ba Đình, Thành phố Hà Nội",M,M-N,Tách — nhập chủ yếu,00004,OSM_Diff+vietnam-sap-nhap-phuong-xa.csv
way:1301794140,"26A, Phố Sơn Tây, Phường Điện Biên, Quận Ba Đình, Hà Nội","26A, Phố Sơn Tây, Phường Ba Đình, Thành phố Hà Nội",M,M-N,Tách — nhập chủ yếu,00004,OSM_Diff+vietnam-sap-nhap-phuong-xa.csv
way:1301808697,"105, Phố Lê Hồng Phong, Phường Điện Biên, Quận Ba Đình, Hà Nội","105, Phố Lê Hồng Phong, Phường Ba Đình, Thành phố Hà Nội",M,M-N,Tách — nhập chủ yếu,00004,OSM_Diff+vietnam-sap-nhap-phuong-xa.csv
node:8631526113,"26, Phố Hàng Buồm, Hang Buồm, Hoàn Kiếm, Hà Nội","26, Phố Hàng Buồm, Phường Hoàn Kiếm, Thành phố Hà Nội",B,N-1,Hợp nhất toàn bộ,00070,OSM_Diff+vietnam-sap-nhap-phuong-xa.csv
way:1301678511,"26A, Ngõ 77 Lê Hồng Phong, Phường Điện Biên, Quận Ba Đình, Hà Nội","26A, Ngõ 77 Lê Hồng Phong, Phường Ba Đình, Thành phố Hà Nội",M,M-N,Tách — nhập chủ yếu,00004,OSM_Diff+vietnam-sap-nhap-phuong-xa.csv
way:1036443745,"8, Đường Lý Thái Tông, Phường Suối Hoa, Thành phố Bắc Ninh, Bắc Ninh","8, Đường Lý Thái Tông, Phường Kinh Bắc, Tỉnh Bắc Ninh",B,N-1,Hợp nhất toàn bộ,09187,OSM_Diff+vietnam-sap-nhap-phuong-xa.csv
node:12934281715,"201, Đường Bà Chúa Kho, Phường Vũ Ninh, Thành phố Bác Ninh, Bắc Ninh","201, Đường Bà Chúa Kho, Phường Vũ Ninh, Tỉnh Bắc Ninh",B,N-1,Hợp nhất toàn bộ,09169,OSM_Diff+vietnam-sap-nhap-phuong-xa.csv
way:1301689554,"6, Ngõ 77 Lê Hồng Phong, Phường Điện Biên, Quận Ba Đình, Hà Nội","6, Ngõ 77 Lê Hồng Phong, Phường Ba Đình, Thành phố Hà Nội",M,M-N,Tách — nhập chủ yếu,00004,OSM_Diff+vietnam-sap-nhap-phuong-xa.csv
way:1233782893,"450, Trường Chinh, Phường 13, Tân Bình, TP. Hồ Chí Minh","450, Trường Chinh, Phường Tân Bình, Thành phố Hồ Chí Minh",B,N-1,Hợp nhất toàn bộ,27004,OSM_Diff+vietnam-sap-nhap-phuong-xa.csv
node:12079678868,"45, Đường Điện Biên Phủ, Phường Điện Biên, Quận Ba Đình, Hà Nội","45, Đường Điện Biên Phủ, Phường Ba Đình, Thành phố Hà Nội",M,M-N,Tách — nhập chủ yếu,00004,OSM_Diff+vietnam-sap-nhap-phuong-xa.csv
way:1301694260,"12, Phố Sơn Tây, Phường Điện Biên, Quận Ba Đình, Hà Nội","12, Phố Sơn Tây, Phường Ba Đình, Thành phố Hà Nội",M,M-N,Tách — nhập chủ yếu,00004,OSM_Diff+vietnam-sap-nhap-phuong-xa.csv
way:1301808699,"117, Phố Lê Hồng Phong, Phường Đội Cấn, Quận Ba Đình, Hà Nội","117, Phố Lê Hồng Phong, Phường Ba Đình, Thành phố Hà Nội",M,M-N,Tách — một phần,00004,OSM_Diff+vietnam-sap-nhap-phuong-xa.csv
node:12082718342,"5, Phố Ông Ích Khiêm, Phường Điện Biên, Quận Ba Đình, Hà Nội","5, Phố Ông Ích Khiêm, Phường Ba Đình, Thành phố Hà Nội",M,M-N,Tách — nhập chủ yếu,00004,OSM_Diff+vietnam-sap-nhap-phuong-xa.csv
way:1301591140,"20, Ngõ 71 Lê Hồng Phong, Phường Điện Biên, Quận Ba Đình, Hà Nội","20, Ngõ 71 Lê Hồng Phong, Phường Ba Đình, Thành phố Hà Nội",M,M-N,Tách — nhập chủ yếu,00004,OSM_Diff+vietnam-sap-nhap-phuong-xa.csv
way:1216036380,"15, Phố Khúc Hạo, Phường Điện Biên, Quận Ba Đình, Hà Nội","15, Phố Khúc Hạo, Phường Ba Đình, Thành phố Hà Nội",M,M-N,Tách — nhập chủ yếu,00004,OSM_Diff+vietnam-sap-nhap-phuong-xa.csv
way:1056368107,"188, Đường Nguyễn Đăng Đạo, Phường Đại Phúc, Thành phố Bắc Ninh, Bắc Ninh","188, Đường Nguyễn Đăng Đạo, Phường Võ Cường, Tỉnh Bắc Ninh",B,N-1,Hợp nhất toàn bộ,09190,OSM_Diff+vietnam-sap-nhap-phuong-xa.csv
way:1301591092,"14, Phố Ông Ích Khiêm, Phường Điện Biên, Quận Ba Đình, Hà Nội","14, Phố Ông Ích Khiêm, Phường Ba Đình, Thành phố Hà Nội",M,M-N,Tách — nhập chủ yếu,00004,OSM_Diff+vietnam-sap-nhap-phuong-xa.csv
node:12062350406,"8, Phố Bà Huyện Thanh Quan, Phường Điện Biên, Quận Ba Đình, Hà Nội","8, Phố Bà Huyện Thanh Quan, Phường Ba Đình, Thành phố Hà Nội",M,M-N,Tách — nhập chủ yếu,00004,OSM_Diff+vietnam-sap-nhap-phuong-xa.csv
way:1301707673,"1C, Phố Ngọc Hà, Phường Đội Cấn, Quận Ba Đình, Hà Nội","1C, Phố Ngọc Hà, Phường Ba Đình, Thành phố Hà Nội",M,M-N,Tách — một phần,00004,OSM_Diff+vietnam-sap-nhap-phuong-xa.csv
node:11683982781,"8, Phố Hàng Giấy, Phường Đồng Xuân, Quận Hoàn Kiếm, Hà Nội","8, Phố Hàng Giấy, Phường Hoàn Kiếm, Thành phố Hà Nội",M,M-N,Tách — nhập chủ yếu,00070,OSM_Diff+vietnam-sap-nhap-phuong-xa.csv
node:12076855386,"4, Phố Lê Hồng Phong, Phường Điện Biên, Quận Ba Đình, Hà Nội","4, Phố Lê Hồng Phong, Phường Ba Đình, Thành phố Hà Nội",M,M-N,Tách — nhập chủ yếu,00004,OSM_Diff+vietnam-sap-nhap-phuong-xa.csv
way:697056212,"Đường Rạp Hát, Phường Tiền Ninh Vệ, Thành phố Bắc Ninh, Bắc Ninh","Đường Rạp Hát, Phường Kinh Bắc, Tỉnh Bắc Ninh",B,N-1,Hợp nhất toàn bộ,09187,OSM_Diff+vietnam-sap-nhap-phuong-xa.csv
way:1301684950,"99, Phố Lê Hồng Phong, Phường Điện Biên, Quận Ba Đình, Hà Nội","99, Phố Lê Hồng Phong, Phường Ba Đình, Thành phố Hà Nội",M,M-N,Tách — nhập chủ yếu,00004,OSM_Diff+vietnam-sap-nhap-phuong-xa.csv
node:11683982785,"12, Phố Hàng Giấy, Phường Đồng Xuân, Quận Hoàn Kiếm, Hà Nội","12, Phố Hàng Giấy, Phường Hoàn Kiếm, Thành phố Hà Nội",M,M-N,Tách — nhập chủ yếu,00070,OSM_Diff+vietnam-sap-nhap-phuong-xa.csv
way:1255921548,"11B, Phố Phùng Hưng, Phường Hàng Mã, Quận Hoàn Kiếm, Hà Nội","11B, Phố Phùng Hưng, Phường Hoàn Kiếm, Thành phố Hà Nội",B,N-1,Hợp nhất toàn bộ,00070,OSM_Diff+vietnam-sap-nhap-phuong-xa.csv
way:1050476160,"Đường Hàm Long, Phường Nam Sơn, Thành phố Bắc Ninh, Bắc Ninh","Đường Hàm Long, Phường Nam Sơn, Tỉnh Bắc Ninh",B,N-1,Hợp nhất toàn bộ,09286,OSM_Diff+vietnam-sap-nhap-phuong-xa.csv
way:964421097,"Đường Ngô Gia Tự, Phường Suối Hoa, Thành phố Bắc Ninh, Bắc Ninh","Đường Ngô Gia Tự, Phường Kinh Bắc, Tỉnh Bắc Ninh",B,N-1,Hợp nhất toàn bộ,09187,OSM_Diff+vietnam-sap-nhap-phuong-xa.csv
way:1030833891,"4, Đường Lý Thái Tổ, Phường Suối Hoa, Thành phố Bắc Ninh, Bắc Ninh","4, Đường Lý Thái Tổ, Phường Kinh Bắc, Tỉnh Bắc Ninh",B,N-1,Hợp nhất toàn bộ,09187,OSM_Diff+vietnam-sap-nhap-phuong-xa.csv
way:1301699232,"9, Phố Ngọc Hà, Phường Đội Cấn, Quận Ba Đình, Hà Nội","9, Phố Ngọc Hà, Phường Ba Đình, Thành phố Hà Nội",M,M-N,Tách — một phần,00004,OSM_Diff+vietnam-sap-nhap-phuong-xa.csv
node:12062350372,"12, Phố Bà Huyện Thanh Quan, Phường Điện Biên, Quận Ba Đình, Hà Nội","12, Phố Bà Huyện Thanh Quan, Phường Ba Đình, Thành phố Hà Nội",M,M-N,Tách — nhập chủ yếu,00004,OSM_Diff+vietnam-sap-nhap-phuong-xa.csv
node:12334721791,"188, Đường Nguyễn Gia Thiều, Phường Suối Hoa, Thành phố Bắc Ninh, Bac Ninh","188, Đường Nguyễn Gia Thiều, Phường Kinh Bắc, Tỉnh Bắc Ninh",B,N-1,Hợp nhất toàn bộ,09187,OSM_Diff+vietnam-sap-nhap-phuong-xa.csv
node:12934281719,"209, Đường Bà Chúa Kho, Phường Vũ Ninh, Thành phố Bác Ninh, Bắc Ninh","209, Đường Bà Chúa Kho, Phường Vũ Ninh, Tỉnh Bắc Ninh",B,N-1,Hợp nhất toàn bộ,09169,OSM_Diff+vietnam-sap-nhap-phuong-xa.csv
way:1050476154,"Ngõ 274 Đường Đàm Văn Tiết, Phường Nam Sơn, Thành phố Bắc Ninh, Bắc Ninh","Ngõ 274 Đường Đàm Văn Tiết, Phường Nam Sơn, Tỉnh Bắc Ninh",B,N-1,Hợp nhất toàn bộ,09286,OSM_Diff+vietnam-sap-nhap-phuong-xa.csv
way:697791111,"2, Phố Ngọc Hà, Ngọc Hà, Ba Đình, Hà Nội","2, Phố Ngọc Hà, Phường Ba Đình, Thành phố Hà Nội",M,M-N,Tách — nhập chủ yếu,00004,OSM_Diff+vietnam-sap-nhap-phuong-xa.csv
way:1301699238,"113, Phố Lê Hồng Phong, Phường Đội Cấn, Quận Ba Đình, Hà Nội","113, Phố Lê Hồng Phong, Phường Ba Đình, Thành phố Hà Nội",M,M-N,Tách — một phần,00004,OSM_Diff+vietnam-sap-nhap-phuong-xa.csv
way:1301707704,"40, Phố Sơn Tây, Phường Điện Biên, Quận Ba Đình, Hà Nội","40, Phố Sơn Tây, Phường Ba Đình, Thành phố Hà Nội",M,M-N,Tách — nhập chủ yếu,00004,OSM_Diff+vietnam-sap-nhap-phuong-xa.csv
way:1365782460,"Quốc lộ 17, Phường Thanh Khương, Thị xã Thuận Thành, Bắc Ninh","Quốc lộ 17, Phường Trí Quả, Tỉnh Bắc Ninh",B,N-1,Hợp nhất toàn bộ,09427,OSM_Diff+vietnam-sap-nhap-phuong-xa.csv
way:1301591114,"22, Ngõ 28 Ông Ích Khiêm, Phường Điện Biên, Quận Ba Đình, Hà Nội","22, Ngõ 28 Ông Ích Khiêm, Phường Ba Đình, Thành phố Hà Nội",M,M-N,Tách — nhập chủ yếu,00004,OSM_Diff+vietnam-sap-nhap-phuong-xa.csv
way:1301808696,"103, Phố Lê Hồng Phong, Phường Điện Biên, Quận Ba Đình, Hà Nội","103, Phố Lê Hồng Phong, Phường Ba Đình, Thành phố Hà Nội",M,M-N,Tách — nhập chủ yếu,00004,OSM_Diff+vietnam-sap-nhap-phuong-xa.csv
way:1301591087,"8, Phố Ông Ích Khiêm, Phường Điện Biên, Quận Ba Đình, Hà Nội","8, Phố Ông Ích Khiêm, Phường Ba Đình, Thành phố Hà Nội",M,M-N,Tách — nhập chủ yếu,00004,OSM_Diff+vietnam-sap-nhap-phuong-xa.csv
node:12063757631,"107, Phố Mã Mây, Hang Buồm, Hoàn Kiếm, Hà Nội","107, Phố Mã Mây, Phường Hoàn Kiếm, Thành phố Hà Nội",B,N-1,Hợp nhất toàn bộ,00070,OSM_Diff+vietnam-sap-nhap-phuong-xa.csv
way:1301591157,"12, Ngõ 28 Ông Ích Khiêm, Phường Điện Biên, Quận Ba Đình, Hà Nội","12, Ngõ 28 Ông Ích Khiêm, Phường Ba Đình, Thành phố Hà Nội",M,M-N,Tách — nhập chủ yếu,00004,OSM_Diff+vietnam-sap-nhap-phuong-xa.csv
way:1301591120,"10, Ngõ 71 Lê Hồng Phong, Phường Điện Biên, Quận Ba Đình, Hà Nội","10, Ngõ 71 Lê Hồng Phong, Phường Ba Đình, Thành phố Hà Nội",M,M-N,Tách — nhập chủ yếu,00004,OSM_Diff+vietnam-sap-nhap-phuong-xa.csv
way:576742601,"26, Phố Vạn Hạnh, Phường Đình Bảng, Thành phố Từ Sơn, Bắc Ninh","26, Phố Vạn Hạnh, Phường Từ Sơn, Tỉnh Bắc Ninh",B,N-1,Hợp nhất toàn bộ,09367,OSM_Diff+vietnam-sap-nhap-phuong-xa.csv
way:1216036363,"1B, Phố Lê Hồng Phong, Phường Điện Biên, Quận Ba Đình, Hà Nội","1B, Phố Lê Hồng Phong, Phường Ba Đình, Thành phố Hà Nội",M,M-N,Tách — nhập chủ yếu,00004,OSM_Diff+vietnam-sap-nhap-phuong-xa.csv
node:11288366361,"19A, Phố Ngọc Hà, Phường Ngọc Hà, Quận Ba Đình, Hà Nội","19A, Phố Ngọc Hà, Phường Ba Đình, Thành phố Hà Nội",M,M-N,Tách — nhập chủ yếu,00004,OSM_Diff+vietnam-sap-nhap-phuong-xa.csv
way:565803563,"4, Phố Khúc Hạo, Phường Điện Biên, Quận Ba Đình, Hà Nội","4, Phố Khúc Hạo, Phường Ba Đình, Thành phố Hà Nội",M,M-N,Tách — nhập chủ yếu,00004,OSM_Diff+vietnam-sap-nhap-phuong-xa.csv
node:12069918127,"28, Phố Ông Ích Khiêm, Phường Điện Biên, Quận Ba Đình, Hà Nội","28, Phố Ông Ích Khiêm, Phường Ba Đình, Thành phố Hà Nội",M,M-N,Tách — nhập chủ yếu,00004,OSM_Diff+vietnam-sap-nhap-phuong-xa.csv
way:1305275402,"16, Phố Cao Bá Quát, Phường Điện Biên, Quận Ba Đình, Hà Nội","16, Phố Cao Bá Quát, Phường Ba Đình, Thành phố Hà Nội",M,M-N,Tách — nhập chủ yếu,00004,OSM_Diff+vietnam-sap-nhap-phuong-xa.csv
way:1301591094,"20, Phố Ông Ích Khiêm, Phường Điện Biên, Quận Ba Đình, Hà Nội","20, Phố Ông Ích Khiêm, Phường Ba Đình, Thành phố Hà Nội",M,M-N,Tách — nhập chủ yếu,00004,OSM_Diff+vietnam-sap-nhap-phuong-xa.csv
way:1301694253,"8, Phố Sơn Tây, Phường Điện Biên, Quận Ba Đình, Hà Nội","8, Phố Sơn Tây, Phường Ba Đình, Thành phố Hà Nội",M,M-N,Tách — nhập chủ yếu,00004,OSM_Diff+vietnam-sap-nhap-phuong-xa.csv
way:1305947890,"100, Phố Nguyễn Thái Học, Phường Điện Biên, Quận Ba Đình, Hà Nội","100, Phố Nguyễn Thái Học, Phường Ba Đình, Thành phố Hà Nội",M,M-N,Tách — nhập chủ yếu,00004,OSM_Diff+vietnam-sap-nhap-phuong-xa.csv
way:1301591096,"24, Phố Ông Ích Khiêm, Phường Điện Biên, Quận Ba Đình, Hà Nội","24, Phố Ông Ích Khiêm, Phường Ba Đình, Thành phố Hà Nội",M,M-N,Tách — nhập chủ yếu,00004,OSM_Diff+vietnam-sap-nhap-phuong-xa.csv
way:1301699239,"115, Phố Lê Hồng Phong, Phường Đội Cấn, Quận Ba Đình, Hà Nội","115, Phố Lê Hồng Phong, Phường Ba Đình, Thành phố Hà Nội",M,M-N,Tách — một phần,00004,OSM_Diff+vietnam-sap-nhap-phuong-xa.csv
way:1301591104,"8, Ngách 28/2 Ông Ích Khiêm, Phường Điện Biên, Quận Ba Đình, Hà Nội","8, Ngách 28/2 Ông Ích Khiêm, Phường Ba Đình, Thành phố Hà Nội",M,M-N,Tách — nhập chủ yếu,00004,OSM_Diff+vietnam-sap-nhap-phuong-xa.csv
way:1301587173,"47, Phố Lê Hồng Phong, Phường Điện Biên, Quận Ba Đình, Hà Nội","47, Phố Lê Hồng Phong, Phường Ba Đình, Thành phố Hà Nội",M,M-N,Tách — nhập chủ yếu,00004,OSM_Diff+vietnam-sap-nhap-phuong-xa.csv
way:1363129369,"52, Phố Bát Sứ, Hang Bo, Hoàn Kiếm, Hà Nội","52, Phố Bát Sứ, Phường Hoàn Kiếm, Thành phố Hà Nội",B,N-1,Hợp nhất toàn bộ,00070,OSM_Diff+vietnam-sap-nhap-phuong-xa.csv
way:1030833898,"81, Đường Lê Văn Thịnh, Phường Suối Hoa, Thành phố Bắc Ninh, Bắc Ninh","81, Đường Lê Văn Thịnh, Phường Kinh Bắc, Tỉnh Bắc Ninh",B,N-1,Hợp nhất toàn bộ,09187,OSM_Diff+vietnam-sap-nhap-phuong-xa.csv
way:914593366,"40-42, Phố Nguyễn Thái Học, Phường Điện Biên, Quận Ba Đình, Hà Nội","40-42, Phố Nguyễn Thái Học, Phường Ba Đình, Thành phố Hà Nội",M,M-N,Tách — nhập chủ yếu,00004,OSM_Diff+vietnam-sap-nhap-phuong-xa.csv
way:1301702189,"22, Phố Sơn Tây, Phường Điện Biên, Quận Ba Đình, Hà Nội","22, Phố Sơn Tây, Phường Ba Đình, Thành phố Hà Nội",M,M-N,Tách — nhập chủ yếu,00004,OSM_Diff+vietnam-sap-nhap-phuong-xa.csv
way:1324009705,"Đường Trương Định, Phường Phượng Mao, Thị xã Quế Võ, Bắc Ninh","Đường Trương Định, Phường Phương Liễu, Tỉnh Bắc Ninh",B,N-1,Hợp nhất toàn bộ,09265,OSM_Diff+vietnam-sap-nhap-phuong-xa.csv
node:12059021451,"23A, Phố Lê Hồng Phong, Phường Điện Biên, Quận Ba Đình, Hà Nội","23A, Phố Lê Hồng Phong, Phường Ba Đình, Thành phố Hà Nội",M,M-N,Tách — nhập chủ yếu,00004,OSM_Diff+vietnam-sap-nhap-phuong-xa.csv
node:12094888487,"36, Đường Điện Biên Phủ, Phường Điện Biên, Quận Ba Đình, Hà Nội","36, Đường Điện Biên Phủ, Phường Ba Đình, Thành phố Hà Nội",M,M-N,Tách — nhập chủ yếu,00004,OSM_Diff+vietnam-sap-nhap-phuong-xa.csv
way:1301591141,"22, Ngõ 71 Lê Hồng Phong, Phường Điện Biên, Quận Ba Đình, Hà Nội","22, Ngõ 71 Lê Hồng Phong, Phường Ba Đình, Thành phố Hà Nội",M,M-N,Tách — nhập chủ yếu,00004,OSM_Diff+vietnam-sap-nhap-phuong-xa.csv
way:1301684972,"2, Ngõ 77 Lê Hồng Phong, Phường Điện Biên, Quận Ba Đình, Hà Nội","2, Ngõ 77 Lê Hồng Phong, Phường Ba Đình, Thành phố Hà Nội",M,M-N,Tách — nhập chủ yếu,00004,OSM_Diff+vietnam-sap-nhap-phuong-xa.csv
way:1301678556,"1, Ngõ 28 Ông Ích Khiêm, Phường Điện Biên, Quận Ba Đình, Hà Nội","1, Ngõ 28 Ông Ích Khiêm, Phường Ba Đình, Thành phố Hà Nội",M,M-N,Tách — nhập chủ yếu,00004,OSM_Diff+vietnam-sap-nhap-phuong-xa.csv
way:1255921554,"17B, Phố Phùng Hưng, Phường Hàng Mã, Quận Hoàn Kiếm, Hà Nội","17B, Phố Phùng Hưng, Phường Hoàn Kiếm, Thành phố Hà Nội",B,N-1,Hợp nhất toàn bộ,00070,OSM_Diff+vietnam-sap-nhap-phuong-xa.csv
way:1040487980,"37, Phố Trần Phú, Phường Điện Biên, Quận Ba Đình, Hà Nội","37, Phố Trần Phú, Phường Ba Đình, Thành phố Hà Nội",M,M-N,Tách — nhập chủ yếu,00004,OSM_Diff+vietnam-sap-nhap-phuong-xa.csv
node:12084456820,"7, Phố Chu Văn An, Phường Điện Biên, Quận Ba Đình, Hà Nội","7, Phố Chu Văn An, Phường Ba Đình, Thành phố Hà Nội",M,M-N,Tách — nhập chủ yếu,00004,OSM_Diff+vietnam-sap-nhap-phuong-xa.csv
way:1329954054,"1, Đường Hoàng Hoa Thám, Phường Võ Cường, Thành phố Bắc Ninh, Bắc Ninh","1, Đường Hoàng Hoa Thám, Phường Võ Cường, Tỉnh Bắc Ninh",B,N-1,Hợp nhất toàn bộ,09190,OSM_Diff+vietnam-sap-nhap-phuong-xa.csv
way:675775507,"46, Nguyễn Trường Tộ, Phường Trúc Bạch, Quận Ba Đình, Hà Nội","46, Nguyễn Trường Tộ, Phường Ba Đình, Thành phố Hà Nội",B,N-1,Hợp nhất toàn bộ,00004,OSM_Diff+vietnam-sap-nhap-phuong-xa.csv
way:1036443740,"10, Đường Lý Thái Tông, Phường Suối Hoa, Thành phố Bắc Ninh, Bắc Ninh","10, Đường Lý Thái Tông, Phường Kinh Bắc, Tỉnh Bắc Ninh",B,N-1,Hợp nhất toàn bộ,09187,OSM_Diff+vietnam-sap-nhap-phuong-xa.csv
way:1301591158,"14, Ngõ 28 Ông Ích Khiêm, Phường Điện Biên, Quận Ba Đình, Hà Nội","14, Ngõ 28 Ông Ích Khiêm, Phường Ba Đình, Thành phố Hà Nội",M,M-N,Tách — nhập chủ yếu,00004,OSM_Diff+vietnam-sap-nhap-phuong-xa.csv
node:12089194916,"33, Phố Trần Phú, Phường Điện Biên, Quận Ba Đình, Hà Nội","33, Phố Trần Phú, Phường Ba Đình, Thành phố Hà Nội",M,M-N,Tách — nhập chủ yếu,00004,OSM_Diff+vietnam-sap-nhap-phuong-xa.csv
way:1040487988,"58, Phố Nguyễn Thái Học, Phường Điện Biên, Quận Ba Đình, Hà Nội","58, Phố Nguyễn Thái Học, Phường Ba Đình, Thành phố Hà Nội",M,M-N,Tách — nhập chủ yếu,00004,OSM_Diff+vietnam-sap-nhap-phuong-xa.csv
node:12073581260,"9, Đường Hùng Vương, Phường Điện Biên, Quận Ba Đình, Hà Nội","9, Đường Hùng Vương, Phường Ba Đình, Thành phố Hà Nội",M,M-N,Tách — nhập chủ yếu,00004,OSM_Diff+vietnam-sap-nhap-phuong-xa.csv
way:1301591100,"4, Ngõ 28 Ông Ích Khiêm, Phường Điện Biên, Quận Ba Đình, Hà Nội","4, Ngõ 28 Ông Ích Khiêm, Phường Ba Đình, Thành phố Hà Nội",M,M-N,Tách — nhập chủ yếu,00004,OSM_Diff+vietnam-sap-nhap-phuong-xa.csv
node:12934281714,"199, Đường Bà Chúa Kho, Phường Vũ Ninh, Thành phố Bác Ninh, Bắc Ninh","199, Đường Bà Chúa Kho, Phường Vũ Ninh, Tỉnh Bắc Ninh",B,N-1,Hợp nhất toàn bộ,09169,OSM_Diff+vietnam-sap-nhap-phuong-xa.csv
way:1301699230,"7, Phố Ngọc Hà, Phường Đội Cấn, Quận Ba Đình, Hà Nội","7, Phố Ngọc Hà, Phường Ba Đình, Thành phố Hà Nội",M,M-N,Tách — một phần,00004,OSM_Diff+vietnam-sap-nhap-phuong-xa.csv
way:703386675,"5, Đường Điện Biên Phủ, Phường Điện Biên, Quận Ba Đình, Hà Nội","5, Đường Điện Biên Phủ, Phường Ba Đình, Thành phố Hà Nội",M,M-N,Tách — nhập chủ yếu,00004,OSM_Diff+vietnam-sap-nhap-phuong-xa.csv
way:653161623,"Đường Nguyễn Thì Phùng, Phường Phù Chẩn, Thành phố Từ Sơn, Bắc Ninh","Đường Nguyễn Thì Phùng, Phường Từ Sơn, Tỉnh Bắc Ninh",B,N-1,Hợp nhất toàn bộ,09367,OSM_Diff+vietnam-sap-nhap-phuong-xa.csv
node:12061176095,"2A, Phố Chu Văn An, Phường Điện Biên, Quận Ba Đình, Hà Nội","2A, Phố Chu Văn An, Phường Ba Đình, Thành phố Hà Nội",M,M-N,Tách — nhập chủ yếu,00004,OSM_Diff+vietnam-sap-nhap-phuong-xa.csv
node:12061919262,"12, Phố Lê Hồng Phong, Phường Điện Biên, Quận Ba Đình, Hà Nội","12, Phố Lê Hồng Phong, Phường Ba Đình, Thành phố Hà Nội",M,M-N,Tách — nhập chủ yếu,00004,OSM_Diff+vietnam-sap-nhap-phuong-xa.csv
way:1301699229,"109, Phố Lê Hồng Phong, Phường Điện Biên, Quận Ba Đình, Hà Nội","109, Phố Lê Hồng Phong, Phường Ba Đình, Thành phố Hà Nội",M,M-N,Tách — nhập chủ yếu,00004,OSM_Diff+vietnam-sap-nhap-phuong-xa.csv
way:1289842481,"19C, Phố Ngọc Hà, Ngọc Hà, Ba Đình, Hà Nội","19C, Phố Ngọc Hà, Phường Ba Đình, Thành phố Hà Nội",M,M-N,Tách — nhập chủ yếu,00004,OSM_Diff+vietnam-sap-nhap-phuong-xa.csv
way:1301587171,"4, Phố Ông Ích Khiêm, Phường Điện Biên, Quận Ba Đình, Hà Nội","4, Phố Ông Ích Khiêm, Phường Ba Đình, Thành phố Hà Nội",M,M-N,Tách — nhập chủ yếu,00004,OSM_Diff+vietnam-sap-nhap-phuong-xa.csv
way:576742798,"Phố Yên Lã, Phường Tân Hồng, Thành phố Từ Sơn, Bắc Ninh","Phố Yên Lã, Phường Từ Sơn, Tỉnh Bắc Ninh",B,N-1,Hợp nhất toàn bộ,09367,OSM_Diff+vietnam-sap-nhap-phuong-xa.csv
way:1333228950,"42, Đường Nguyễn Gia Thiều, Phường Suối Hoa, Thành phố Bắc Ninh, Bắc Ninh","42, Đường Nguyễn Gia Thiều, Phường Kinh Bắc, Tỉnh Bắc Ninh",B,N-1,Hợp nhất toàn bộ,09187,OSM_Diff+vietnam-sap-nhap-phuong-xa.csv
way:1301684940,"89, Phố Lê Hồng Phong, Phường Điện Biên, Quận Ba Đình, Hà Nội","89, Phố Lê Hồng Phong, Phường Ba Đình, Thành phố Hà Nội",M,M-N,Tách — nhập chủ yếu,00004,OSM_Diff+vietnam-sap-nhap-phuong-xa.csv
way:1216036379,"13, Phố Khúc Hạo, Phường Điện Biên, Quận Ba Đình, Hà Nội","13, Phố Khúc Hạo, Phường Ba Đình, Thành phố Hà Nội",M,M-N,Tách — nhập chủ yếu,00004,OSM_Diff+vietnam-sap-nhap-phuong-xa.csv
node:12069707506,"24, Ngõ 71 Lê Hồng Phong, Phường Điện Biên, Quận Ba Đình, Hà Nội","24, Ngõ 71 Lê Hồng Phong, Phường Ba Đình, Thành phố Hà Nội",M,M-N,Tách — nhập chủ yếu,00004,OSM_Diff+vietnam-sap-nhap-phuong-xa.csv
way:1376145093,"Phố Tạ Thuần, Phường Đại Phúc, Thành phố Bắc Ninh, Bắc Ninh","Phố Tạ Thuần, Phường Võ Cường, Tỉnh Bắc Ninh",B,N-1,Hợp nhất toàn bộ,09190,OSM_Diff+vietnam-sap-nhap-phuong-xa.csv
way:986605054,"Đường Vũ Ninh, Phường Vũ Ninh, Thành phố Bắc Ninh, Bắc Ninh","Đường Vũ Ninh, Phường Vũ Ninh, Tỉnh Bắc Ninh",B,N-1,Hợp nhất toàn bộ,09169,OSM_Diff+vietnam-sap-nhap-phuong-xa.csv
way:1333228918,"Phố Vũ Tuấn Chiêu, Phường Vũ Ninh, Thành phố Bắc Ninh, Bắc Ninh","Phố Vũ Tuấn Chiêu, Phường Vũ Ninh, Tỉnh Bắc Ninh",B,N-1,Hợp nhất toàn bộ,09169,OSM_Diff+vietnam-sap-nhap-phuong-xa.csv
node:10089382778,"55, Xuân Thuỷ, Thảo Điền, 2, Ho Chi Minh CIty","55, Xuân Thuỷ, Phường An Khánh, Thành phố Hồ Chí Minh",B,N-1,Hợp nhất toàn bộ,27094,OSM_Diff+vietnam-sap-nhap-phuong-xa.csv
node:11683982795,"32, Phố Hàng Giấy, Phường Đồng Xuân, Quận Hoàn Kiếm, Hà Nội","32, Phố Hàng Giấy, Phường Hoàn Kiếm, Thành phố Hà Nội",M,M-N,Tách — nhập chủ yếu,00070,OSM_Diff+vietnam-sap-nhap-phuong-xa.csv
way:1301707675,"1A, Phố Ngọc Hà, Phường Đội Cấn, Quận Ba Đình, Hà Nội","1A, Phố Ngọc Hà, Phường Ba Đình, Thành phố Hà Nội",M,M-N,Tách — một phần,00004,OSM_Diff+vietnam-sap-nhap-phuong-xa.csv
way:1301678546,"17, Ngõ 28 Ông Ích Khiêm, Phường Điện Biên, Quận Ba Đình, Hà Nội","17, Ngõ 28 Ông Ích Khiêm, Phường Ba Đình, Thành phố Hà Nội",M,M-N,Tách — nhập chủ yếu,00004,OSM_Diff+vietnam-sap-nhap-phuong-xa.csv
node:12073581255,"16, Phố Lê Hồng Phong, Phường Điện Biên, Quận Ba Đình, Hà Nội","16, Phố Lê Hồng Phong, Phường Ba Đình, Thành phố Hà Nội",M,M-N,Tách — nhập chủ yếu,00004,OSM_Diff+vietnam-sap-nhap-phuong-xa.csv
way:1301678480,"29, Ngõ 28 Ông Ích Khiêm, Phường Điện Biên, Quận Ba Đình, Hà Nội","29, Ngõ 28 Ông Ích Khiêm, Phường Ba Đình, Thành phố Hà Nội",M,M-N,Tách — nhập chủ yếu,00004,OSM_Diff+vietnam-sap-nhap-phuong-xa.csv
way:1324009702,"210, Phố Lương Định Của, Phường Phương Liễu, Thị xã Quế Võ, Bắc Ninh","210, Phố Lương Định Của, Phường Phương Liễu, Tỉnh Bắc Ninh",B,N-1,Hợp nhất toàn bộ,09265,OSM_Diff+vietnam-sap-nhap-phuong-xa.csv
node:10245738609,"82, Phố Hàng Gai, hang gai, Hoàn Kiếm, Hà Nội","82, Phố Hàng Gai, Phường Hoàn Kiếm, Thành phố Hà Nội",B,N-1,Hợp nhất toàn bộ,00070,OSM_Diff+vietnam-sap-nhap-phuong-xa.csv
node:12090398186,"63-65, Đường Hoàng Diệu, Phường Điện Biên, Quận Ba Đình, Hà Nội","63-65, Đường Hoàng Diệu, Phường Ba Đình, Thành phố Hà Nội",M,M-N,Tách — nhập chủ yếu,00004,OSM_Diff+vietnam-sap-nhap-phuong-xa.csv
node:11675042757,"2, Phố Hàng Cót, Phường Hàng Mã, Quận Hoàn Kiếm, Hà Nội","2, Phố Hàng Cót, Phường Hoàn Kiếm, Thành phố Hà Nội",B,N-1,Hợp nhất toàn bộ,00070,OSM_Diff+vietnam-sap-nhap-phuong-xa.csv
way:969298463,"Đường Huyền Quang, Phường Đại Phúc, Thành phố Bắc Ninh, Bắc Ninh","Đường Huyền Quang, Phường Võ Cường, Tỉnh Bắc Ninh",B,N-1,Hợp nhất toàn bộ,09190,OSM_Diff+vietnam-sap-nhap-phuong-xa.csv
node:11683961267,"5, Phố Hàng Cót, Phường Hàng Mã, Quận Hoàn Kiếm, Hà Nội","5, Phố Hàng Cót, Phường Hoàn Kiếm, Thành phố Hà Nội",B,N-1,Hợp nhất toàn bộ,00070,OSM_Diff+vietnam-sap-nhap-phuong-xa.csv
way:697571986,"46, Đường Hoàng Diệu, Phường Điện Biên, Quận Ba Đình, Hà Nội","46, Đường Hoàng Diệu, Phường Ba Đình, Thành phố Hà Nội",M,M-N,Tách — nhập chủ yếu,00004,OSM_Diff+vietnam-sap-nhap-phuong-xa.csv
node:12513700782,"112, Hẻm 270 Phan Đình Phùng, Phường 1, Phú Nhuận, Ho Chi Minh City","112, Hẻm 270 Phan Đình Phùng, Phường Cầu Kiệu, Thành phố Hồ Chí Minh",B,N-1,Hợp nhất toàn bộ,27058,OSM_Diff+vietnam-sap-nhap-phuong-xa.csv
way:1063218194,"25, Đường Thiên Đức, Phường Tiền Ninh Vệ, Thành phố Bắc Ninh, Bắc Ninh","25, Đường Thiên Đức, Phường Kinh Bắc, Tỉnh Bắc Ninh",B,N-1,Hợp nhất toàn bộ,09187,OSM_Diff+vietnam-sap-nhap-phuong-xa.csv
node:12084476980,"40, Phố Trần Phú, Phường Điện Biên, Quận Ba Đình, Hà Nội","40, Phố Trần Phú, Phường Ba Đình, Thành phố Hà Nội",M,M-N,Tách — nhập chủ yếu,00004,OSM_Diff+vietnam-sap-nhap-phuong-xa.csv
node:4295590991,"1A, Phố Mã Mây, Hang Buồm, Hoàn Kiếm, Hà Nội","1A, Phố Mã Mây, Phường Hoàn Kiếm, Thành phố Hà Nội",B,N-1,Hợp nhất toàn bộ,00070,OSM_Diff+vietnam-sap-nhap-phuong-xa.csv
node:7130142719,"1A, Phố Tạ Hiện, Hang Buồm, Hoàn Kiếm, Hà Nội","1A, Phố Tạ Hiện, Phường Hoàn Kiếm, Thành phố Hà Nội",B,N-1,Hợp nhất toàn bộ,00070,OSM_Diff+vietnam-sap-nhap-phuong-xa.csv
node:6547816598,"2A, Phố Hoàng Văn Thụ, Phường Quán Thánh, Quận Ba Đình, Hà Nội","2A, Phố Hoàng Văn Thụ, Phường Ba Đình, Thành phố Hà Nội",B,N-1,Hợp nhất toàn bộ,00004,OSM_Diff+vietnam-sap-nhap-phuong-xa.csv
node:12091378683,"55A, Phố Trần Phú, Phường Điện Biên, Quận Ba Đình, Hà Nội","55A, Phố Trần Phú, Phường Ba Đình, Thành phố Hà Nội",M,M-N,Tách — nhập chủ yếu,00004,OSM_Diff+vietnam-sap-nhap-phuong-xa.csv
node:12076855385,"43-45, Đường Điện Biên Phủ, Phường Điện Biên, Quận Ba Đình, Hà Nội","43-45, Đường Điện Biên Phủ, Phường Ba Đình, Thành phố Hà Nội",M,M-N,Tách — nhập chủ yếu,00004,OSM_Diff+vietnam-sap-nhap-phuong-xa.csv
way:696991609,"110, Đường Nguyễn Cao, Phường Tiền Ninh Vệ, Thành phố Bắc Ninh, Bắc Ninh","110, Đường Nguyễn Cao, Phường Kinh Bắc, Tỉnh Bắc Ninh",B,N-1,Hợp nhất toàn bộ,09187,OSM_Diff+vietnam-sap-nhap-phuong-xa.csv
way:1303292971,"22, Ngõ 77 Lê Hồng Phong, Phường Điện Biên, Quận Ba Đình, Hà Nội","22, Ngõ 77 Lê Hồng Phong, Phường Ba Đình, Thành phố Hà Nội",M,M-N,Tách — nhập chủ yếu,00004,OSM_Diff+vietnam-sap-nhap-phuong-xa.csv
way:1301707657,"34B, Phố Sơn Tây, Phường Điện Biên, Quận Ba Đình, Hà Nội","34B, Phố Sơn Tây, Phường Ba Đình, Thành phố Hà Nội",M,M-N,Tách — nhập chủ yếu,00004,OSM_Diff+vietnam-sap-nhap-phuong-xa.csv
way:576742591,"37, Phố Nguyễn Văn Trỗi, Phường Đình Bảng, Thành phố Từ Sơn, Bắc Ninh","37, Phố Nguyễn Văn Trỗi, Phường Từ Sơn, Tỉnh Bắc Ninh",B,N-1,Hợp nhất toàn bộ,09367,OSM_Diff+vietnam-sap-nhap-phuong-xa.csv
way:1305666189,"44, Phố Trần Phú, Phường Điện Biên, Quận Ba Đình, Hà Nội","44, Phố Trần Phú, Phường Ba Đình, Thành phố Hà Nội",M,M-N,Tách — nhập chủ yếu,00004,OSM_Diff+vietnam-sap-nhap-phuong-xa.csv
node:11683982780,"6, Phố Hàng Giấy, Phường Đồng Xuân, Quận Hoàn Kiếm, Hà Nội","6, Phố Hàng Giấy, Phường Hoàn Kiếm, Thành phố Hà Nội",M,M-N,Tách — nhập chủ yếu,00070,OSM_Diff+vietnam-sap-nhap-phuong-xa.csv
node:11260029394,"1, Phố Gầm Cầu, Phường Đồng Xuân, Quận Hoàn Kiếm, Hà Nội","1, Phố Gầm Cầu, Phường Hoàn Kiếm, Thành phố Hà Nội",M,M-N,Tách — nhập chủ yếu,00070,OSM_Diff+vietnam-sap-nhap-phuong-xa.csv
way:697058153,"Đường Lê Hồng Phong, Phường Kinh Bắc, Thành phố Bắc Ninh, Bắc Ninh","Đường Lê Hồng Phong, Phường Kinh Bắc, Tỉnh Bắc Ninh",B,N-1,Hợp nhất toàn bộ,09187,OSM_Diff+vietnam-sap-nhap-phuong-xa.csv
way:1301707678,"46A, Phố Sơn Tây, Phường Điện Biên, Quận Ba Đình, Hà Nội","46A, Phố Sơn Tây, Phường Ba Đình, Thành phố Hà Nội",M,M-N,Tách — nhập chủ yếu,00004,OSM_Diff+vietnam-sap-nhap-phuong-xa.csv
way:1218308222,"9, Phố Chùa Một Cột, Phường Điện Biên, Quận Ba Đình, Hà Nội","9, Phố Chùa Một Cột, Phường Ba Đình, Thành phố Hà Nội",M,M-N,Tách — nhập chủ yếu,00004,OSM_Diff+vietnam-sap-nhap-phuong-xa.csv
way:1301794137,"32, Phố Ông Ích Khiêm, Phường Điện Biên, Quận Ba Đình, Hà Nội","32, Phố Ông Ích Khiêm, Phường Ba Đình, Thành phố Hà Nội",M,M-N,Tách — nhập chủ yếu,00004,OSM_Diff+vietnam-sap-nhap-phuong-xa.csv
node:12092826929,"10A, Phố Khúc Hạo, Phường Điện Biên, Quận Ba Đình, Hà Nội","10A, Phố Khúc Hạo, Phường Ba Đình, Thành phố Hà Nội",M,M-N,Tách — nhập chủ yếu,00004,OSM_Diff+vietnam-sap-nhap-phuong-xa.csv
way:1301678553,"9, Ngõ 28 Ông Ích Khiêm, Phường Điện Biên, Quận Ba Đình, Hà Nội","9, Ngõ 28 Ông Ích Khiêm, Phường Ba Đình, Thành phố Hà Nội",M,M-N,Tách — nhập chủ yếu,00004,OSM_Diff+vietnam-sap-nhap-phuong-xa.csv
way:1301806139,"91, Phố Lê Hồng Phong, Phường Điện Biên, Quận Ba Đình, Hà Nội","91, Phố Lê Hồng Phong, Phường Ba Đình, Thành phố Hà Nội",M,M-N,Tách — nhập chủ yếu,00004,OSM_Diff+vietnam-sap-nhap-phuong-xa.csv
node:9673349123,"26, Phố Hàng Da, Cửa Đông, Hoàn Kiếm, Hà Nội","26, Phố Hàng Da, Phường Hoàn Kiếm, Thành phố Hà Nội",M,M-N,Tách — nhập chủ yếu,00070,OSM_Diff+vietnam-sap-nhap-phuong-xa.csv
way:1324663892,"Đường Tam Giang, Phường Vân Dương, Thành phố Bắc Ninh, Bắc Ninh","Đường Tam Giang, Phường Nam Sơn, Tỉnh Bắc Ninh",B,N-1,Hợp nhất toàn bộ,09286,OSM_Diff+vietnam-sap-nhap-phuong-xa.csv
way:1301794153,"36, Phố Sơn Tây, Phường Điện Biên, Quận Ba Đình, Hà Nội","36, Phố Sơn Tây, Phường Ba Đình, Thành phố Hà Nội",M,M-N,Tách — nhập chủ yếu,00004,OSM_Diff+vietnam-sap-nhap-phuong-xa.csv
node:12956796193,"11, Ngõ 299 Đường Nguyễn Văn Cừ, Phường Võ Cường, Thành phố Bắc Ninh, Bắc Ninh","11, Ngõ 299 Đường Nguyễn Văn Cừ, Phường Võ Cường, Tỉnh Bắc Ninh",B,N-1,Hợp nhất toàn bộ,09190,OSM_Diff+vietnam-sap-nhap-phuong-xa.csv
way:1301587181,"65, Phố Lê Hồng Phong, Phường Điện Biên, Quận Ba Đình, Hà Nội","65, Phố Lê Hồng Phong, Phường Ba Đình, Thành phố Hà Nội",M,M-N,Tách — nhập chủ yếu,00004,OSM_Diff+vietnam-sap-nhap-phuong-xa.csv
way:964422489,"85, Đường Âu Cơ, Phường Kinh Bắc, Thành phố Bắc Ninh, Bắc Ninh","85, Đường Âu Cơ, Phường Kinh Bắc, Tỉnh Bắc Ninh",B,N-1,Hợp nhất toàn bộ,09187,OSM_Diff+vietnam-sap-nhap-phuong-xa.csv
way:1230610833,"51, Phố Trần Phú, Phường Điện Biên, Quận Ba Đình, Hà Nội","51, Phố Trần Phú, Phường Ba Đình, Thành phố Hà Nội",M,M-N,Tách — nhập chủ yếu,00004,OSM_Diff+vietnam-sap-nhap-phuong-xa.csv
way:1301591081,"2, Ngõ 71 Lê Hồng Phong, Phường Điện Biên, Quận Ba Đình, Hà Nội","2, Ngõ 71 Lê Hồng Phong, Phường Ba Đình, Thành phố Hà Nội",M,M-N,Tách — nhập chủ yếu,00004,OSM_Diff+vietnam-sap-nhap-phuong-xa.csv
way:700840694,"2, Phố Chợ Gạo, Hàng Buồm, Hoàn Kiếm, Hà Nội","2, Phố Chợ Gạo, Phường Hoàn Kiếm, Thành phố Hà Nội",B,N-1,Hợp nhất toàn bộ,00070,OSM_Diff+vietnam-sap-nhap-phuong-xa.csv
way:565803554,"50, Phố Trần Phú, Phường Điện Biên, Quận Ba Đình, Hà Nội","50, Phố Trần Phú, Phường Ba Đình, Thành phố Hà Nội",M,M-N,Tách — nhập chủ yếu,00004,OSM_Diff+vietnam-sap-nhap-phuong-xa.csv
node:2256217990,"69, Mã Mây, Hang Buồm, Hoan Kiem, Hà Nội","69, Mã Mây, Phường Hoàn Kiếm, Thành phố Hà Nội",B,N-1,Hợp nhất toàn bộ,00070,OSM_Diff+vietnam-sap-nhap-phuong-xa.csv
way:702790716,"37A, Đường Hùng Vương, Phường Điện Biên, Quận Ba Đình, Hà Nội","37A, Đường Hùng Vương, Phường Ba Đình, Thành phố Hà Nội",M,M-N,Tách — nhập chủ yếu,00004,OSM_Diff+vietnam-sap-nhap-phuong-xa.csv
way:1329107955,"435, Đường Nguyễn Văn Cừ, Phường Võ Cường, Thành phố Bắc Ninh, Bắc Ninh","435, Đường Nguyễn Văn Cừ, Phường Võ Cường, Tỉnh Bắc Ninh",B,N-1,Hợp nhất toàn bộ,09190,OSM_Diff+vietnam-sap-nhap-phuong-xa.csv
way:1301815031,"6, Ngõ 71 Lê Hồng Phong, Phường Điện Biên, Quận Ba Đình, Hà Nội","6, Ngõ 71 Lê Hồng Phong, Phường Ba Đình, Thành phố Hà Nội",M,M-N,Tách — nhập chủ yếu,00004,OSM_Diff+vietnam-sap-nhap-phuong-xa.csv
way:1301591138,"18, Ngõ 71 Lê Hồng Phong, Phường Điện Biên, Quận Ba Đình, Hà Nội","18, Ngõ 71 Lê Hồng Phong, Phường Ba Đình, Thành phố Hà Nội",M,M-N,Tách — nhập chủ yếu,00004,OSM_Diff+vietnam-sap-nhap-phuong-xa.csv
node:11683982788,"18, Phố Hàng Giấy, Phường Đồng Xuân, Quận Hoàn Kiếm, Hà Nội","18, Phố Hàng Giấy, Phường Hoàn Kiếm, Thành phố Hà Nội",M,M-N,Tách — nhập chủ yếu,00070,OSM_Diff+vietnam-sap-nhap-phuong-xa.csv
way:579345020,"12A, Đường Bình Than, Phường Đại Phúc, Thành phố Bắc Ninh, Bắc Ninh","12A, Đường Bình Than, Phường Võ Cường, Tỉnh Bắc Ninh",B,N-1,Hợp nhất toàn bộ,09190,OSM_Diff+vietnam-sap-nhap-phuong-xa.csv
way:1301678521,"20, Ngõ 77 Lê Hồng Phong, Phường Điện Biên, Quận Ba Đình, Hà Nội","20, Ngõ 77 Lê Hồng Phong, Phường Ba Đình, Thành phố Hà Nội",M,M-N,Tách — nhập chủ yếu,00004,OSM_Diff+vietnam-sap-nhap-phuong-xa.csv
way:1323884328,"Phố Nguyễn Bỉnh Trục, Phường Phương Liễu, Thị xã Quế Võ, Bắc Ninh","Phố Nguyễn Bỉnh Trục, Phường Phương Liễu, Tỉnh Bắc Ninh",B,N-1,Hợp nhất toàn bộ,09265,OSM_Diff+vietnam-sap-nhap-phuong-xa.csv
way:1335368230,"90, Đường Ngô Gia Tự, Phường Suối Hoa, Thành phố Bắc Ninh, Bắc Ninh","90, Đường Ngô Gia Tự, Phường Kinh Bắc, Tỉnh Bắc Ninh",B,N-1,Hợp nhất toàn bộ,09187,OSM_Diff+vietnam-sap-nhap-phuong-xa.csv
way:416920111,"Đường Trần Hưng Đạo, Phường Phố Mới, Thị xã Quế Võ, Bắc Ninh","Đường Trần Hưng Đạo, Phường Quế Võ, Tỉnh Bắc Ninh",B,N-1,Hợp nhất toàn bộ,09247,OSM_Diff+vietnam-sap-nhap-phuong-xa.csv
way:1230610851,"57, Phố Trần Phú, Phường Điện Biên, Quận Ba Đình, Hà Nội","57, Phố Trần Phú, Phường Ba Đình, Thành phố Hà Nội",M,M-N,Tách — nhập chủ yếu,00004,OSM_Diff+vietnam-sap-nhap-phuong-xa.csv
node:12091378684,"55B, Phố Trần Phú, Phường Điện Biên, Quận Ba Đình, Hà Nội","55B, Phố Trần Phú, Phường Ba Đình, Thành phố Hà Nội",M,M-N,Tách — nhập chủ yếu,00004,OSM_Diff+vietnam-sap-nhap-phuong-xa.csv
node:11683982786,"14, Phố Hàng Giấy, Phường Đồng Xuân, Quận Hoàn Kiếm, Hà Nội","14, Phố Hàng Giấy, Phường Hoàn Kiếm, Thành phố Hà Nội",M,M-N,Tách — nhập chủ yếu,00070,OSM_Diff+vietnam-sap-nhap-phuong-xa.csv
way:1030833876,"2, Đường Lý Thái Tông, Phường Suối Hoa, Thành phố Bắc Ninh, Bắc Ninh","2, Đường Lý Thái Tông, Phường Kinh Bắc, Tỉnh Bắc Ninh",B,N-1,Hợp nhất toàn bộ,09187,OSM_Diff+vietnam-sap-nhap-phuong-xa.csv
way:480700931,"Đường Lý Thái Tổ, Phường Tiền Ninh Vệ, Thành phố Bắc Ninh, Bắc Ninh","Đường Lý Thái Tổ, Phường Kinh Bắc, Tỉnh Bắc Ninh",B,N-1,Hợp nhất toàn bộ,09187,OSM_Diff+vietnam-sap-nhap-phuong-xa.csv
node:11422108874,"2, Phố Chu Văn An, Phường Điện Biên, Quận Ba Đình, Hà Nội","2, Phố Chu Văn An, Phường Ba Đình, Thành phố Hà Nội",M,M-N,Tách — nhập chủ yếu,00004,OSM_Diff+vietnam-sap-nhap-phuong-xa.csv
way:1301591095,"22, Phố Ông Ích Khiêm, Phường Điện Biên, Quận Ba Đình, Hà Nội","22, Phố Ông Ích Khiêm, Phường Ba Đình, Thành phố Hà Nội",M,M-N,Tách — nhập chủ yếu,00004,OSM_Diff+vietnam-sap-nhap-phuong-xa.csv
way:1301702190,"32A, Phố Sơn Tây, Phường Điện Biên, Quận Ba Đình, Hà Nội","32A, Phố Sơn Tây, Phường Ba Đình, Thành phố Hà Nội",M,M-N,Tách — nhập chủ yếu,00004,OSM_Diff+vietnam-sap-nhap-phuong-xa.csv
node:10298693327,"36, Nguyễn Siêu, Hang Buồm, Hoàn Kiếm, Hà Nội","36, Nguyễn Siêu, Phường Hoàn Kiếm, Thành phố Hà Nội",B,N-1,Hợp nhất toàn bộ,00070,OSM_Diff+vietnam-sap-nhap-phuong-xa.csv
node:6926049546,"67, Phố Đức Chính, Phường Trúc Bạch, Quận Ba Đình, Hà Nội","67, Phố Đức Chính, Phường Ba Đình, Thành phố Hà Nội",B,N-1,Hợp nhất toàn bộ,00004,OSM_Diff+vietnam-sap-nhap-phuong-xa.csv
node:12934281717,"205, Đường Bà Chúa Kho, Phường Vũ Ninh, Thành phố Bác Ninh, Bắc Ninh","205, Đường Bà Chúa Kho, Phường Vũ Ninh, Tỉnh Bắc Ninh",B,N-1,Hợp nhất toàn bộ,09169,OSM_Diff+vietnam-sap-nhap-phuong-xa.csv
node:12073581256,"39, Đường Hùng Vương, Phường Điện Biên, Quận Ba Đình, Hà Nội","39, Đường Hùng Vương, Phường Ba Đình, Thành phố Hà Nội",M,M-N,Tách — nhập chủ yếu,00004,OSM_Diff+vietnam-sap-nhap-phuong-xa.csv
node:6448043685,"59, Phố Hà Trung, Hàng Bông, Hoàn Kiếm, Hà Nội","59, Phố Hà Trung, Phường Hoàn Kiếm, Thành phố Hà Nội",M,M-N,Tách — nhập chủ yếu,00070,OSM_Diff+vietnam-sap-nhap-phuong-xa.csv
way:1301806135,"53, Phố Lê Hồng Phong, Phường Điện Biên, Quận Ba Đình, Hà Nội","53, Phố Lê Hồng Phong, Phường Ba Đình, Thành phố Hà Nội",M,M-N,Tách — nhập chủ yếu,00004,OSM_Diff+vietnam-sap-nhap-phuong-xa.csv
way:648728968,"15, Đường Lý Thái Tổ, Phường Đông Ngàn, Thành phố Từ Sơn, Bắc Ninh","15, Đường Lý Thái Tổ, Phường Từ Sơn, Tỉnh Bắc Ninh",B,N-1,Hợp nhất toàn bộ,09367,OSM_Diff+vietnam-sap-nhap-phuong-xa.csv
way:1301699231,"7A, Phố Ngọc Hà, Phường Đội Cấn, Quận Ba Đình, Hà Nội","7A, Phố Ngọc Hà, Phường Ba Đình, Thành phố Hà Nội",M,M-N,Tách — một phần,00004,OSM_Diff+vietnam-sap-nhap-phuong-xa.csv
way:1301587157,"37, Phố Lê Hồng Phong, Phường Điện Biên, Quận Ba Đình, Hà Nội","37, Phố Lê Hồng Phong, Phường Ba Đình, Thành phố Hà Nội",M,M-N,Tách — nhập chủ yếu,00004,OSM_Diff+vietnam-sap-nhap-phuong-xa.csv
way:1024881844,"4, Đường Phù Đổng Thiên Vương, Phường Suối Hoa, Thành phố Bắc Ninh, Bắc Ninh","4, Đường Phù Đổng Thiên Vương, Phường Kinh Bắc, Tỉnh Bắc Ninh",B,N-1,Hợp nhất toàn bộ,09187,OSM_Diff+vietnam-sap-nhap-phuong-xa.csv
way:1301591108,"16, Ngách 28/2 Ông Ích Khiêm, Phường Điện Biên, Quận Ba Đình, Hà Nội","16, Ngách 28/2 Ông Ích Khiêm, Phường Ba Đình, Thành phố Hà Nội",M,M-N,Tách — nhập chủ yếu,00004,OSM_Diff+vietnam-sap-nhap-phuong-xa.csv
way:1301587180,"63, Phố Lê Hồng Phong, Phường Điện Biên, Quận Ba Đình, Hà Nội","63, Phố Lê Hồng Phong, Phường Ba Đình, Thành phố Hà Nội",M,M-N,Tách — nhập chủ yếu,00004,OSM_Diff+vietnam-sap-nhap-phuong-xa.csv
way:1301699240,"15A, Phố Ngọc Hà, Phường Đội Cấn, Quận Ba Đình, Hà Nội","15A, Phố Ngọc Hà, Phường Ba Đình, Thành phố Hà Nội",M,M-N,Tách — một phần,00004,OSM_Diff+vietnam-sap-nhap-phuong-xa.csv
node:12076855381,"49, Đường Điện Biên Phủ, Phường Điện Biên, Quận Ba Đình, Hà Nội","49, Đường Điện Biên Phủ, Phường Ba Đình, Thành phố Hà Nội",M,M-N,Tách — nhập chủ yếu,00004,OSM_Diff+vietnam-sap-nhap-phuong-xa.csv
node:11430341576,"7, Phố Chùa Một Cột, Phường Điện Biên, Quận Ba Đình, Hà Nội","7, Phố Chùa Một Cột, Phường Ba Đình, Thành phố Hà Nội",M,M-N,Tách — nhập chủ yếu,00004,OSM_Diff+vietnam-sap-nhap-phuong-xa.csv
way:1301684949,"97, Phố Lê Hồng Phong, Phường Điện Biên, Quận Ba Đình, Hà Nội","97, Phố Lê Hồng Phong, Phường Ba Đình, Thành phố Hà Nội",M,M-N,Tách — nhập chủ yếu,00004,OSM_Diff+vietnam-sap-nhap-phuong-xa.csv
node:12069707507,"33, Ngõ 28 Ông Ích Khiêm, Phường Điện Biên, Quận Ba Đình, Hà Nội","33, Ngõ 28 Ông Ích Khiêm, Phường Ba Đình, Thành phố Hà Nội",M,M-N,Tách — nhập chủ yếu,00004,OSM_Diff+vietnam-sap-nhap-phuong-xa.csv
way:1368114773,"119A, Đường Âu Cơ, Phường Kinh Bắc, Thành phố Bắc Ninh, Bắc Ninh","119A, Đường Âu Cơ, Phường Kinh Bắc, Tỉnh Bắc Ninh",B,N-1,Hợp nhất toàn bộ,09187,OSM_Diff+vietnam-sap-nhap-phuong-xa.csv
way:1301707701,"38, Phố Sơn Tây, Phường Điện Biên, Quận Ba Đình, Hà Nội","38, Phố Sơn Tây, Phường Ba Đình, Thành phố Hà Nội",M,M-N,Tách — nhập chủ yếu,00004,OSM_Diff+vietnam-sap-nhap-phuong-xa.csv
node:11663033697,"35, Đường Hùng Vương, Phường Điện Biên, Quận Ba Đình, Hà Nội","35, Đường Hùng Vương, Phường Ba Đình, Thành phố Hà Nội",M,M-N,Tách — nhập chủ yếu,00004,OSM_Diff+vietnam-sap-nhap-phuong-xa.csv
node:4355761091,"48, Hàng Buồm, Hàng Buồm, Hoàn Kiếm, Hà Nội","48, Hàng Buồm, Phường Hoàn Kiếm, Thành phố Hà Nội",B,N-1,Hợp nhất toàn bộ,00070,OSM_Diff+vietnam-sap-nhap-phuong-xa.csv
node:12084476971,"48B, Phố Trần Phú, Phường Điện Biên, Quận Ba Đình, Hà Nội","48B, Phố Trần Phú, Phường Ba Đình, Thành phố Hà Nội",M,M-N,Tách — nhập chủ yếu,00004,OSM_Diff+vietnam-sap-nhap-phuong-xa.csv
node:9653134346,"Đường Phúc Sơn, Phường Vũ Ninh, Thành phố Bắc Ninh, Bắc Ninh","Đường Phúc Sơn, Phường Vũ Ninh, Tỉnh Bắc Ninh",B,N-1,Hợp nhất toàn bộ,09169,OSM_Diff+vietnam-sap-nhap-phuong-xa.csv
way:1301699234,"11A, Phố Ngọc Hà, Phường Đội Cấn, Quận Ba Đình, Hà Nội","11A, Phố Ngọc Hà, Phường Ba Đình, Thành phố Hà Nội",M,M-N,Tách — một phần,00004,OSM_Diff+vietnam-sap-nhap-phuong-xa.csv
way:1301587158,"39, Phố Lê Hồng Phong, Phường Điện Biên, Quận Ba Đình, Hà Nội","39, Phố Lê Hồng Phong, Phường Ba Đình, Thành phố Hà Nội",M,M-N,Tách — nhập chủ yếu,00004,OSM_Diff+vietnam-sap-nhap-phuong-xa.csv
node:12667086408,"2C, Đường Phù Đổng Thiên Vương, Phường Suối Hoa, Thành phố Bắc Ninh, Bắc Ninh","2C, Đường Phù Đổng Thiên Vương, Phường Kinh Bắc, Tỉnh Bắc Ninh",B,N-1,Hợp nhất toàn bộ,09187,OSM_Diff+vietnam-sap-nhap-phuong-xa.csv
way:565803537,"15, Phố Chu Văn An, Phường Điện Biên, Quận Ba Đình, Hà Nội","15, Phố Chu Văn An, Phường Ba Đình, Thành phố Hà Nội",M,M-N,Tách — nhập chủ yếu,00004,OSM_Diff+vietnam-sap-nhap-phuong-xa.csv
node:11267071108,"5, Phố Khúc Hạo, Phường Điện Biên, Quận Ba Đình, Hà Nội","5, Phố Khúc Hạo, Phường Ba Đình, Thành phố Hà Nội",M,M-N,Tách — nhập chủ yếu,00004,OSM_Diff+vietnam-sap-nhap-phuong-xa.csv
way:1162589283,"6, Đường Hoàng Diệu, Phường Quán Thánh, Quận Ba Đình, Hà Nội","6, Đường Hoàng Diệu, Phường Ba Đình, Thành phố Hà Nội",B,N-1,Hợp nhất toàn bộ,00004,OSM_Diff+vietnam-sap-nhap-phuong-xa.csv
way:1030834536,"12, Đường Nguyên Phi Ỷ Lan, Phường Suối Hoa, Thành phố Bắc Ninh, Bắc Ninh","12, Đường Nguyên Phi Ỷ Lan, Phường Kinh Bắc, Tỉnh Bắc Ninh",B,N-1,Hợp nhất toàn bộ,09187,OSM_Diff+vietnam-sap-nhap-phuong-xa.csv
way:700145152,"66, Phố Nguyễn Thái Học, Phường Điện Biên, Quận Ba Đình, Hà Nội","66, Phố Nguyễn Thái Học, Phường Ba Đình, Thành phố Hà Nội",M,M-N,Tách — nhập chủ yếu,00004,OSM_Diff+vietnam-sap-nhap-phuong-xa.csv
way:1301678555,"5, Ngõ 28 Ông Ích Khiêm, Phường Điện Biên, Quận Ba Đình, Hà Nội","5, Ngõ 28 Ông Ích Khiêm, Phường Ba Đình, Thành phố Hà Nội",M,M-N,Tách — nhập chủ yếu,00004,OSM_Diff+vietnam-sap-nhap-phuong-xa.csv
way:1301678543,"21, Ngõ 28 Ông Ích Khiêm, Phường Điện Biên, Quận Ba Đình, Hà Nội","21, Ngõ 28 Ông Ích Khiêm, Phường Ba Đình, Thành phố Hà Nội",M,M-N,Tách — nhập chủ yếu,00004,OSM_Diff+vietnam-sap-nhap-phuong-xa.csv
way:1408484896,"Đường Chu Mẫu, Phường Vân Dương, Thành phố Bắc Ninh, Bắc Ninh","Đường Chu Mẫu, Phường Nam Sơn, Tỉnh Bắc Ninh",B,N-1,Hợp nhất toàn bộ,09286,OSM_Diff+vietnam-sap-nhap-phuong-xa.csv
way:962677797,"57, Đường Thanh Sơn, Phường Đáp Cầu, Thành phố Bắc Ninh, Bắc Ninh","57, Đường Thanh Sơn, Phường Vũ Ninh, Tỉnh Bắc Ninh",B,N-1,Hợp nhất toàn bộ,09169,OSM_Diff+vietnam-sap-nhap-phuong-xa.csv
node:12934281718,"207, Đường Bà Chúa Kho, Phường Vũ Ninh, Thành phố Bác Ninh, Bắc Ninh","207, Đường Bà Chúa Kho, Phường Vũ Ninh, Tỉnh Bắc Ninh",B,N-1,Hợp nhất toàn bộ,09169,OSM_Diff+vietnam-sap-nhap-phuong-xa.csv
node:12088692396,"2, Phố Ông Ích Khiêm, Phường Điện Biên, Quận Ba Đình, Hà Nội","2, Phố Ông Ích Khiêm, Phường Ba Đình, Thành phố Hà Nội",M,M-N,Tách — nhập chủ yếu,00004,OSM_Diff+vietnam-sap-nhap-phuong-xa.csv
way:1301591090,"10, Phố Ông Ích Khiêm, Phường Điện Biên, Quận Ba Đình, Hà Nội","10, Phố Ông Ích Khiêm, Phường Ba Đình, Thành phố Hà Nội",M,M-N,Tách — nhập chủ yếu,00004,OSM_Diff+vietnam-sap-nhap-phuong-xa.csv
way:1301689553,"8, Ngõ 77 Lê Hồng Phong, Phường Điện Biên, Quận Ba Đình, Hà Nội","8, Ngõ 77 Lê Hồng Phong, Phường Ba Đình, Thành phố Hà Nội",M,M-N,Tách — nhập chủ yếu,00004,OSM_Diff+vietnam-sap-nhap-phuong-xa.csv
node:11683982793,"28, Phố Hàng Giấy, Phường Đồng Xuân, Quận Hoàn Kiếm, Hà Nội","28, Phố Hàng Giấy, Phường Hoàn Kiếm, Thành phố Hà Nội",M,M-N,Tách — nhập chủ yếu,00070,OSM_Diff+vietnam-sap-nhap-phuong-xa.csv
way:1301587178,"59, Phố Lê Hồng Phong, Phường Điện Biên, Quận Ba Đình, Hà Nội","59, Phố Lê Hồng Phong, Phường Ba Đình, Thành phố Hà Nội",M,M-N,Tách — nhập chủ yếu,00004,OSM_Diff+vietnam-sap-nhap-phuong-xa.csv
node:738814670,"115, P Phùng Hưng, Phố Phùng Hưng, Phường Hàng Bồ, Quận Hoàn Kiếm, Hà Nội","115, P Phùng Hưng, Phố Phùng Hưng, Phường Hoàn Kiếm, Thành phố Hà Nội",B,N-1,Hợp nhất toàn bộ,00070,OSM_Diff+vietnam-sap-nhap-phuong-xa.csv
way:1326287155,"Phố Nguyễn Đạo Diễn, Phường Phượng Mao, Thị xã Quế Võ, Bắc Ninh","Phố Nguyễn Đạo Diễn, Phường Phương Liễu, Tỉnh Bắc Ninh",B,N-1,Hợp nhất toàn bộ,09265,OSM_Diff+vietnam-sap-nhap-phuong-xa.csv
node:11675985422,"12D, Phố Hàng Cót, Phường Hàng Mã, Quận Hoàn Kiếm, Hà Nội","12D, Phố Hàng Cót, Phường Hoàn Kiếm, Thành phố Hà Nội",B,N-1,Hợp nhất toàn bộ,00070,OSM_Diff+vietnam-sap-nhap-phuong-xa.csv
node:12934281778,"269, Đường Bà Chúa Kho, Phường Vũ Ninh, Thành phố Bác Ninh, Bắc Ninh","269, Đường Bà Chúa Kho, Phường Vũ Ninh, Tỉnh Bắc Ninh",B,N-1,Hợp nhất toàn bộ,09169,OSM_Diff+vietnam-sap-nhap-phuong-xa.csv
node:7130142718,"1, Phố Tạ Hiện, Hang Buồm, Hoàn Kiếm, Hà Nội","1, Phố Tạ Hiện, Phường Hoàn Kiếm, Thành phố Hà Nội",B,N-1,Hợp nhất toàn bộ,00070,OSM_Diff+vietnam-sap-nhap-phuong-xa.csv
way:1301707655,"32D, Phố Sơn Tây, Phường Điện Biên, Quận Ba Đình, Hà Nội","32D, Phố Sơn Tây, Phường Ba Đình, Thành phố Hà Nội",M,M-N,Tách — nhập chủ yếu,00004,OSM_Diff+vietnam-sap-nhap-phuong-xa.csv
way:1301591135,"12, Ngõ 71 Lê Hồng Phong, Phường Điện Biên, Quận Ba Đình, Hà Nội","12, Ngõ 71 Lê Hồng Phong, Phường Ba Đình, Thành phố Hà Nội",M,M-N,Tách — nhập chủ yếu,00004,OSM_Diff+vietnam-sap-nhap-phuong-xa.csv
way:1301678542,"21A, Ngõ 28 Ông Ích Khiêm, Phường Điện Biên, Quận Ba Đình, Hà Nội","21A, Ngõ 28 Ông Ích Khiêm, Phường Ba Đình, Thành phố Hà Nội",M,M-N,Tách — nhập chủ yếu,00004,OSM_Diff+vietnam-sap-nhap-phuong-xa.csv
way:1250177228,"8, Phố Lê Trực, Phường Điện Biên, Quận Ba Đình, Hà Nội","8, Phố Lê Trực, Phường Ba Đình, Thành phố Hà Nội",M,M-N,Tách — nhập chủ yếu,00004,OSM_Diff+vietnam-sap-nhap-phuong-xa.csv
node:11683982775,"15A, Phố Hàng Cót, Phường Hàng Mã, Quận Hoàn Kiếm, Hà Nội","15A, Phố Hàng Cót, Phường Hoàn Kiếm, Thành phố Hà Nội",B,N-1,Hợp nhất toàn bộ,00070,OSM_Diff+vietnam-sap-nhap-phuong-xa.csv
way:1166026483,"49, Phố Trần Phú, Phường Điện Biên, Quận Ba Đình, Hà Nội","49, Phố Trần Phú, Phường Ba Đình, Thành phố Hà Nội",M,M-N,Tách — nhập chủ yếu,00004,OSM_Diff+vietnam-sap-nhap-phuong-xa.csv
way:1216036376,"7, Phố Khúc Hạo, Phường Điện Biên, Quận Ba Đình, Hà Nội","7, Phố Khúc Hạo, Phường Ba Đình, Thành phố Hà Nội",M,M-N,Tách — nhập chủ yếu,00004,OSM_Diff+vietnam-sap-nhap-phuong-xa.csv
way:697326496,"Phố Ông Ích Khiêm, Phường Ngọc Hà, Quận Ba Đình, Hà Nội","Phố Ông Ích Khiêm, Phường Ba Đình, Thành phố Hà Nội",M,M-N,Tách — nhập chủ yếu,00004,OSM_Diff+vietnam-sap-nhap-phuong-xa.csv
node:4353589005,"9, Đường Lê Thái Tổ, Phường Võ Cường, Thành phố Bắc Ninh, Bắc Ninh","9, Đường Lê Thái Tổ, Phường Võ Cường, Tỉnh Bắc Ninh",B,N-1,Hợp nhất toàn bộ,09190,OSM_Diff+vietnam-sap-nhap-phuong-xa.csv
way:1040487981,"39, Phố Trần Phú, Phường Điện Biên, Quận Ba Đình, Hà Nội","39, Phố Trần Phú, Phường Ba Đình, Thành phố Hà Nội",M,M-N,Tách — nhập chủ yếu,00004,OSM_Diff+vietnam-sap-nhap-phuong-xa.csv
way:1301587174,"49, Phố Lê Hồng Phong, Phường Điện Biên, Quận Ba Đình, Hà Nội","49, Phố Lê Hồng Phong, Phường Ba Đình, Thành phố Hà Nội",M,M-N,Tách — nhập chủ yếu,00004,OSM_Diff+vietnam-sap-nhap-phuong-xa.csv
way:964416087,"16, Đường Lý Thái Tổ, Phường Suối Hoa, Thành phố Bắc Ninh, Bắc Ninh","16, Đường Lý Thái Tổ, Phường Kinh Bắc, Tỉnh Bắc Ninh",B,N-1,Hợp nhất toàn bộ,09187,OSM_Diff+vietnam-sap-nhap-phuong-xa.csv
node:12090398172,"25, Phố Cao Bá Quát, Phường Điện Biên, Quận Ba Đình, Hà Nội","25, Phố Cao Bá Quát, Phường Ba Đình, Thành phố Hà Nội",M,M-N,Tách — nhập chủ yếu,00004,OSM_Diff+vietnam-sap-nhap-phuong-xa.csv
way:1381432205,"Đường Trần Hưng Đạo, Phường Vân Dương, Thành phố Bắc Ninh, Bắc Ninh","Đường Trần Hưng Đạo, Phường Nam Sơn, Tỉnh Bắc Ninh",B,N-1,Hợp nhất toàn bộ,09286,OSM_Diff+vietnam-sap-nhap-phuong-xa.csv
way:1301694264,"14, Phố Sơn Tây, Phường Điện Biên, Quận Ba Đình, Hà Nội","14, Phố Sơn Tây, Phường Ba Đình, Thành phố Hà Nội",M,M-N,Tách — nhập chủ yếu,00004,OSM_Diff+vietnam-sap-nhap-phuong-xa.csv
way:1369882834,"08A, Phố Chả Cá, Hang Bo, Hoàn Kiếm, Hà Nội","08A, Phố Chả Cá, Phường Hoàn Kiếm, Thành phố Hà Nội",B,N-1,Hợp nhất toàn bộ,00070,OSM_Diff+vietnam-sap-nhap-phuong-xa.csv
way:1301707641,"32-A1, Phố Sơn Tây, Phường Điện Biên, Quận Ba Đình, Hà Nội","32-A1, Phố Sơn Tây, Phường Ba Đình, Thành phố Hà Nội",M,M-N,Tách — nhập chủ yếu,00004,OSM_Diff+vietnam-sap-nhap-phuong-xa.csv
way:697572004,"1, Phố Tôn Thất Đàm, Phường Điện Biên, Quận Ba Đình, Hà Nội","1, Phố Tôn Thất Đàm, Phường Ba Đình, Thành phố Hà Nội",M,M-N,Tách — nhập chủ yếu,00004,OSM_Diff+vietnam-sap-nhap-phuong-xa.csv
way:1324941387,"193, Phố Lương Định Của, Phường Phương Liễu, Thị xã Quế Võ, Bắc Ninh","193, Phố Lương Định Của, Phường Phương Liễu, Tỉnh Bắc Ninh",B,N-1,Hợp nhất toàn bộ,09265,OSM_Diff+vietnam-sap-nhap-phuong-xa.csv
way:1324377922,"Phố Trần Hữu Tước, Phường Phượng Mao, Thị xã Quế Võ, Bắc Ninh","Phố Trần Hữu Tước, Phường Phương Liễu, Tỉnh Bắc Ninh",B,N-1,Hợp nhất toàn bộ,09265,OSM_Diff+vietnam-sap-nhap-phuong-xa.csv
node:12875629084,"22, Đường Lý Thái Tổ, Phường Đại Phúc, Thành phố Bắc Ninh, Bắc Ninh","22, Đường Lý Thái Tổ, Phường Võ Cường, Tỉnh Bắc Ninh",B,N-1,Hợp nhất toàn bộ,09190,OSM_Diff+vietnam-sap-nhap-phuong-xa.csv
way:1301689532,"2, Ngách 77/6 Lê Hồng Phong, Phường Điện Biên, Quận Ba Đình, Hà Nội","2, Ngách 77/6 Lê Hồng Phong, Phường Ba Đình, Thành phố Hà Nội",M,M-N,Tách — nhập chủ yếu,00004,OSM_Diff+vietnam-sap-nhap-phuong-xa.csv
way:1301707662,"3, Phố Ngọc Hà, Phường Đội Cấn, Quận Ba Đình, Hà Nội","3, Phố Ngọc Hà, Phường Ba Đình, Thành phố Hà Nội",M,M-N,Tách — một phần,00004,OSM_Diff+vietnam-sap-nhap-phuong-xa.csv
node:11415163411,"27, Phố Trần Phú, Phường Điện Biên, Quận Ba Đình, Hà Nội","27, Phố Trần Phú, Phường Ba Đình, Thành phố Hà Nội",M,M-N,Tách — nhập chủ yếu,00004,OSM_Diff+vietnam-sap-nhap-phuong-xa.csv
way:1301689528,"4, Ngõ 77 Lê Hồng Phong, Phường Điện Biên, Quận Ba Đình, Hà Nội","4, Ngõ 77 Lê Hồng Phong, Phường Ba Đình, Thành phố Hà Nội",M,M-N,Tách — nhập chủ yếu,00004,OSM_Diff+vietnam-sap-nhap-phuong-xa.csv
way:1324009707,"1, Ngõ 94 Phố Mai Công, Phường Phố Mới, Thị xã Quế Võ, Bắc Ninh","1, Ngõ 94 Phố Mai Công, Phường Quế Võ, Tỉnh Bắc Ninh",B,N-1,Hợp nhất toàn bộ,09247,OSM_Diff+vietnam-sap-nhap-phuong-xa.csv
way:700620997,"12, Phố Hàng Lược, Phường Hàng Mã, Quận Hoàn Kiếm, Hà Nội","12, Phố Hàng Lược, Phường Hoàn Kiếm, Thành phố Hà Nội",B,N-1,Hợp nhất toàn bộ,00070,OSM_Diff+vietnam-sap-nhap-phuong-xa.csv
node:5400515221,"66, Phố Hà Trung, Phường Hàng Bông, Quận Hoàn Kiếm, Thành phố Hà Nội","66, Phố Hà Trung, Phường Hoàn Kiếm, Thành phố Hà Nội",M,M-N,Tách — nhập chủ yếu,00070,OSM_Diff+vietnam-sap-nhap-phuong-xa.csv
way:1040487972,"20, Phố Cao Bá Quát, Phường Điện Biên, Quận Ba Đình, Hà Nội","20, Phố Cao Bá Quát, Phường Ba Đình, Thành phố Hà Nội",M,M-N,Tách — nhập chủ yếu,00004,OSM_Diff+vietnam-sap-nhap-phuong-xa.csv
way:1301678552,"11, Ngõ 28 Ông Ích Khiêm, Phường Điện Biên, Quận Ba Đình, Hà Nội","11, Ngõ 28 Ông Ích Khiêm, Phường Ba Đình, Thành phố Hà Nội",M,M-N,Tách — nhập chủ yếu,00004,OSM_Diff+vietnam-sap-nhap-phuong-xa.csv
node:12084554886,"1, Phố Lê Hồng Phong, Phường Điện Biên, Quận Ba Đình, Hà Nội","1, Phố Lê Hồng Phong, Phường Ba Đình, Thành phố Hà Nội",M,M-N,Tách — nhập chủ yếu,00004,OSM_Diff+vietnam-sap-nhap-phuong-xa.csv
way:964417803,"Đường Hàn Thuyên, Phường Suối Hoa, Thành phố Bắc Ninh, Bắc Ninh","Đường Hàn Thuyên, Phường Kinh Bắc, Tỉnh Bắc Ninh",B,N-1,Hợp nhất toàn bộ,09187,OSM_Diff+vietnam-sap-nhap-phuong-xa.csv
node:12875651401,"Đường Đại Phúc 5, Phường Đại Phúc, Thành phố Bắc Ninh, Bắc Ninh","Đường Đại Phúc 5, Phường Võ Cường, Tỉnh Bắc Ninh",B,N-1,Hợp nhất toàn bộ,09190,OSM_Diff+vietnam-sap-nhap-phuong-xa.csv
way:1301587172,"45, Phố Lê Hồng Phong, Phường Điện Biên, Quận Ba Đình, Hà Nội","45, Phố Lê Hồng Phong, Phường Ba Đình, Thành phố Hà Nội",M,M-N,Tách — nhập chủ yếu,00004,OSM_Diff+vietnam-sap-nhap-phuong-xa.csv
way:1301591103,"6, Ngách 28/2 Ông Ích Khiêm, Phường Điện Biên, Quận Ba Đình, Hà Nội","6, Ngách 28/2 Ông Ích Khiêm, Phường Ba Đình, Thành phố Hà Nội",M,M-N,Tách — nhập chủ yếu,00004,OSM_Diff+vietnam-sap-nhap-phuong-xa.csv
way:1301699233,"9A, Phố Ngọc Hà, Phường Đội Cấn, Quận Ba Đình, Hà Nội","9A, Phố Ngọc Hà, Phường Ba Đình, Thành phố Hà Nội",M,M-N,Tách — một phần,00004,OSM_Diff+vietnam-sap-nhap-phuong-xa.csv
way:1216036373,"1, Phố Khúc Hạo, Phường Điện Biên, Quận Ba Đình, Hà Nội","1, Phố Khúc Hạo, Phường Ba Đình, Thành phố Hà Nội",M,M-N,Tách — nhập chủ yếu,00004,OSM_Diff+vietnam-sap-nhap-phuong-xa.csv
way:1036443749,"6, Đường Lý Thái Tông, Phường Suối Hoa, Thành phố Bắc Ninh, Bắc Ninh","6, Đường Lý Thái Tông, Phường Kinh Bắc, Tỉnh Bắc Ninh",B,N-1,Hợp nhất toàn bộ,09187,OSM_Diff+vietnam-sap-nhap-phuong-xa.csv
node:12073581252,"21, Phố Lê Hồng Phong, Phường Điện Biên, Quận Ba Đình, Hà Nội","21, Phố Lê Hồng Phong, Phường Ba Đình, Thành phố Hà Nội",M,M-N,Tách — nhập chủ yếu,00004,OSM_Diff+vietnam-sap-nhap-phuong-xa.csv
node:11683982787,"16, Phố Hàng Giấy, Phường Đồng Xuân, Quận Hoàn Kiếm, Hà Nội","16, Phố Hàng Giấy, Phường Hoàn Kiếm, Thành phố Hà Nội",M,M-N,Tách — nhập chủ yếu,00070,OSM_Diff+vietnam-sap-nhap-phuong-xa.csv
way:1255921553,"17A, Phố Phùng Hưng, Phường Hàng Mã, Quận Hoàn Kiếm, Hà Nội","17A, Phố Phùng Hưng, Phường Hoàn Kiếm, Thành phố Hà Nội",B,N-1,Hợp nhất toàn bộ,00070,OSM_Diff+vietnam-sap-nhap-phuong-xa.csv
